fio,faculty,title,degree
Лебедева Д.С.,ФМиМ,,
Егоров Л.О.,ФИТ,,к.н.
Лебедев М.Ю.,ФЭТ,,
Смирнов К.М.,ФИТ,ассистент,д.н.
Волков Г.Н.,ФУПМ,ассистент,
Петров Е.П.,ФРТ,профессор,к.н.
Лебедев Б.В.,ФЭТ,доцент,
Семенов А.А.,ФМиЕН,профессор,
Егоров К.М.,ФПМИ,доцент,к.н.
Соколов Д.С.,ФЭТ,ассистент,к.н.
Козлов Ж.Р.,ИТМО,,к.н.
Морозов В.И.,ФМиМ,ассистент,д.н.
Иванов В.И.,ФМиМ,,д.н.
Петров И.К.,ФМиЕН,доцент,
Соколов Г.Н.,ИТМО,профессор,
Морозов Б.В.,ФИВТ,доцент,д.н.
Волков М.Ю.,ФМиМ,ассистент,к.н.
Егоров Ж.Р.,ФМиМ,доцент,
Петров К.М.,ФРТ,,к.н.
Волков Г.Н.,ФФ,доцент,к.н.
Кузнецов И.К.,ФФ,,
Алексеев В.И.,ФМиМ,,к.н.
Смирнов З.Т.,ФРТ,доцент,к.н.
Козлов Ж.Р.,ФМиМ,ассистент,к.н.
Егоров А.А.,ФЭТ,,
Егоров З.Т.,ФМиЕН,доцент,
Новиков Ж.Р.,ФРТ,доцент,к.н.
Егоров М.Ю.,ФУПМ,профессор,д.н.
Лебедева Б.В.,ФМиЕН,,д.н.
Алексеев М.Ю.,ФИТ,ассистент,д.н.
Морозов Л.О.,ФИТ,ассистент,к.н.
Морозов З.Т.,ФЭТ,доцент,
Лебедев Б.В.,ФПМИ,доцент,д.н.
Козлов З.Т.,ФМиМ,профессор,
Морозов Г.Н.,ИТМО,доцент,
Козлов Л.О.,ФИТ,ассистент,
Морозов Б.В.,ФПМИ,,
Соколов Ж.Р.,ФПМИ,доцент,д.н.
Лебедева М.Ю.,ФИВТ,ассистент,д.н.
Смирнов Д.С.,ФУПМ,доцент,к.н.
Попов И.К.,ФПМИ,,д.н.
Кузнецов Ж.Р.,ФМиМ,профессор,к.н.
Попов З.Т.,ФРТ,профессор,
Петров Е.П.,ФМиМ,профессор,к.н.
Лебедева А.А.,ФРТ,,д.н.
Новиков З.Т.,ФЭТ,ассистент,к.н.
Алексеев А.А.,ФМиМ,доцент,
Козлов Ж.Р.,ФУПМ,профессор,
Морозов Б.В.,ФУПМ,доцент,д.н.
Кузнецов Е.П.,ФМиЕН,,
Морозов З.Т.,ФРТ,,к.н.
Лебедев Ж.Р.,ФУПМ,ассистент,д.н.
Семенов Б.В.,ИТМО,,
Кузнецов Ж.Р.,ФМиЕН,,
Козлов Б.В.,ФРТ,доцент,д.н.
Смирнов Ж.Р.,ИТМО,профессор,
Лебедев Д.С.,ИТМО,профессор,д.н.
Новиков Д.С.,ФИВТ,доцент,
Лебедева А.А.,ФМиЕН,доцент,
Попов М.Ю.,ФИВТ,профессор,к.н.
Алексеев З.Т.,ФИТ,,д.н.
Лебедев Ж.Р.,ФРТ,,д.н.
Попов И.К.,ФМиЕН,,
Смирнов И.К.,ФПМИ,ассистент,к.н.
Иванов А.А.,ФРТ,профессор,
Алексеев Г.Н.,ФПМИ,профессор,д.н.
Кузнецов З.Т.,ФМиЕН,,
Семенов З.Т.,ФМиМ,ассистент,
Петров А.А.,ФЭТ,профессор,
Новиков Ж.Р.,ФРТ,,д.н.
Козлов И.К.,ФУПМ,доцент,д.н.
Лебедев Ж.Р.,ФМиЕН,,к.н.
Волков Е.П.,ФМиМ,,д.н.
Лебедев И.К.,ФРТ,,
Алексеев З.Т.,ФМиЕН,доцент,д.н.
Попов Е.П.,ФЭТ,доцент,к.н.
Новиков З.Т.,ФФ,доцент,
Алексеев Г.Н.,ФИТ,ассистент,д.н.
Петров А.А.,ФРТ,ассистент,д.н.
Смирнов З.Т.,ФМиМ,ассистент,
Петров З.Т.,ФЭТ,профессор,
Петров М.Ю.,ФЭТ,доцент,
Лебедева Л.О.,ФИВТ,ассистент,
Петров К.М.,ИТМО,,к.н.
Лебедева Д.С.,ФЭТ,доцент,д.н.
Смирнов З.Т.,ФЭТ,ассистент,д.н.
Егоров И.К.,ФФ,доцент,
Морозов Д.С.,ФПМИ,,к.н.
Козлов Л.О.,ФРТ,профессор,к.н.
Лебедева З.Т.,ФПМИ,,
Попов Ж.Р.,ФИТ,,
Алексеев Б.В.,ФМиМ,ассистент,к.н.
Лебедева К.М.,ФМиМ,доцент,к.н.
Морозов В.И.,ФМиЕН,доцент,
Семенов Б.В.,ФПМИ,ассистент,д.н.
Волков Д.С.,ФМиЕН,,к.н.
Кузнецов Б.В.,ФПМИ,доцент,д.н.
Соколов Б.В.,ФФ,ассистент,
Петров Б.В.,ФПМИ,профессор,к.н.
Иванов Л.О.,ФРТ,профессор,к.н.
Лебедев Ж.Р.,ФУПМ,ассистент,д.н.
Лебедева Д.С.,ФФ,,д.н.
Семенов Е.П.,ФМиЕН,ассистент,к.н.
Егоров З.Т.,ИТМО,ассистент,
Соколов Е.П.,ФМиМ,,к.н.
Соколов Д.С.,ФИВТ,ассистент,к.н.
Иванов Д.С.,ФФ,ассистент,
Новиков З.Т.,ФМиЕН,доцент,
Попов Ж.Р.,ФРТ,,
Лебедева А.А.,ФМиЕН,профессор,д.н.
Волков Ж.Р.,ФЭТ,,
Новиков Г.Н.,ФФ,доцент,к.н.
Попов Ж.Р.,ФМиЕН,профессор,к.н.
Кузнецов К.М.,ФЭТ,профессор,д.н.
Егоров М.Ю.,ФМиМ,ассистент,к.н.
Егоров З.Т.,ФФ,,
Попов И.К.,ФИВТ,доцент,д.н.
Семенов Л.О.,ФМиЕН,ассистент,д.н.
Сидоров Б.В.,ФМиЕН,ассистент,д.н.
Смирнов В.И.,ФМиМ,доцент,д.н.
Иванов Д.С.,ФИТ,ассистент,д.н.
Петров А.А.,ФУПМ,ассистент,д.н.
Волков И.К.,ФУПМ,профессор,к.н.
Волков Ж.Р.,ФЭТ,доцент,
Сидоров М.Ю.,ИТМО,,
Семенов И.К.,ФФ,профессор,д.н.
Волков Л.О.,ФПМИ,профессор,
Соколов З.Т.,ИТМО,ассистент,
Соколов Г.Н.,ФФ,,
Морозов И.К.,ФУПМ,ассистент,д.н.
Новиков Д.С.,ФМиЕН,ассистент,к.н.
Кузнецов И.К.,ФЭТ,ассистент,
Козлов Д.С.,ФФ,ассистент,к.н.
Попов Л.О.,ФУПМ,,д.н.
Попов Д.С.,ФФ,доцент,к.н.
Волков Б.В.,ФУПМ,ассистент,
Кузнецов Е.П.,ФМиЕН,ассистент,д.н.
Смирнов Л.О.,ФУПМ,,д.н.
Кузнецов В.И.,ФРТ,,д.н.
Лебедева Д.С.,ФУПМ,,к.н.
Новиков А.А.,ФИВТ,доцент,
Новиков В.И.,ФИТ,ассистент,д.н.
Волков Л.О.,ФМиМ,ассистент,
Сидоров К.М.,ФМиМ,,
Лебедева Д.С.,ФМиМ,доцент,к.н.
Попов И.К.,ФПМИ,профессор,д.н.
Смирнов В.И.,ФПМИ,ассистент,к.н.
Попов З.Т.,ФИВТ,доцент,к.н.
Петров И.К.,ФРТ,доцент,
Сидоров Л.О.,ИТМО,,д.н.
Волков В.И.,ФУПМ,профессор,к.н.
Лебедева Е.П.,ФИВТ,профессор,к.н.
Лебедев К.М.,ФФ,,к.н.
Соколов Б.В.,ФМиЕН,,д.н.
Волков К.М.,ФЭТ,доцент,д.н.
Семенов А.А.,ФФ,,д.н.
Алексеев В.И.,ИТМО,доцент,
Петров И.К.,ФМиЕН,профессор,д.н.
Семенов Ж.Р.,ФМиМ,профессор,д.н.
Семенов Е.П.,ФИВТ,ассистент,
Сидоров Б.В.,ФПМИ,,к.н.
Петров К.М.,ФИТ,доцент,
Кузнецов В.И.,ФИВТ,,к.н.
Кузнецов И.К.,ФИТ,,к.н.
Соколов Б.В.,ФИТ,ассистент,д.н.
Лебедев Б.В.,ФИВТ,профессор,к.н.
Новиков Е.П.,ФИВТ,профессор,д.н.
Морозов К.М.,ФПМИ,профессор,
Новиков Д.С.,ИТМО,,д.н.
Петров А.А.,ФМиМ,профессор,к.н.
Попов Е.П.,ФИТ,доцент,к.н.
Петров Г.Н.,ФУПМ,профессор,к.н.
Соколов А.А.,ФПМИ,ассистент,к.н.
Алексеев М.Ю.,ФЭТ,ассистент,
Иванов И.К.,ИТМО,,д.н.
Петров Д.С.,ФПМИ,доцент,д.н.
Алексеев И.К.,ИТМО,ассистент,д.н.
Петров З.Т.,ФУПМ,профессор,д.н.
Смирнов Е.П.,ФРТ,,к.н.
Алексеев В.И.,ФУПМ,доцент,к.н.
Соколов Б.В.,ФМиМ,доцент,
Соколов И.К.,ФИВТ,профессор,д.н.
Иванов А.А.,ФУПМ,ассистент,к.н.
Попов Б.В.,ФЭТ,ассистент,д.н.
Егоров А.А.,ФМиЕН,доцент,к.н.
Семенов М.Ю.,ФМиЕН,профессор,к.н.
Козлов Г.Н.,ФУПМ,ассистент,д.н.
Петров К.М.,ФФ,доцент,
Иванов И.К.,ФЭТ,профессор,к.н.
Козлов Б.В.,ФУПМ,,
Волков И.К.,ФИВТ,доцент,к.н.
Семенов К.М.,ФУПМ,доцент,д.н.
Алексеев Б.В.,ФРТ,ассистент,
Алексеев З.Т.,ФУПМ,профессор,к.н.
Сидоров И.К.,ФМиЕН,ассистент,к.н.
Семенов Л.О.,ФУПМ,,д.н.
Лебедева З.Т.,ФМиЕН,,к.н.
Лебедева Д.С.,ФУПМ,ассистент,д.н.
Соколов Л.О.,ФМиЕН,ассистент,к.н.
Лебедев Д.С.,ФЭТ,доцент,д.н.
Алексеев З.Т.,ФМиМ,доцент,к.н.
Егоров З.Т.,ФУПМ,профессор,д.н.
Петров З.Т.,ФФ,профессор,д.н.
Егоров Г.Н.,ФМиЕН,профессор,к.н.
Кузнецов И.К.,ИТМО,доцент,к.н.
Соколов А.А.,ФПМИ,доцент,д.н.
Волков Д.С.,ФМиЕН,,
Иванов Л.О.,ФФ,ассистент,к.н.
Смирнов Л.О.,ФФ,,д.н.
Смирнов В.И.,ФУПМ,профессор,д.н.
Смирнов К.М.,ИТМО,доцент,к.н.
Смирнов И.К.,ФПМИ,ассистент,д.н.
Иванов К.М.,ФИВТ,доцент,
Алексеев К.М.,ФИТ,доцент,
Новиков Д.С.,ФИТ,доцент,к.н.
Кузнецов Л.О.,ИТМО,ассистент,д.н.
Волков З.Т.,ФРТ,профессор,д.н.
Петров К.М.,ФЭТ,ассистент,д.н.
Семенов Г.Н.,ФЭТ,,к.н.
Алексеев К.М.,ФМиЕН,доцент,к.н.
Сидоров З.Т.,ФРТ,,к.н.
Волков К.М.,ФИВТ,профессор,к.н.
Иванов М.Ю.,ФПМИ,ассистент,д.н.
Сидоров М.Ю.,ИТМО,доцент,к.н.
Егоров Д.С.,ФФ,доцент,д.н.
Волков З.Т.,ФИВТ,профессор,к.н.
Лебедев Л.О.,ФЭТ,,
Иванов Л.О.,ФИТ,профессор,д.н.
Волков М.Ю.,ФРТ,,
Иванов Д.С.,ФУПМ,,к.н.
Алексеев Ж.Р.,ФМиМ,профессор,к.н.
Соколов В.И.,ФИВТ,,д.н.
Егоров К.М.,ФМиЕН,доцент,д.н.
Морозов Б.В.,ФМиЕН,ассистент,д.н.
Егоров Е.П.,ФЭТ,доцент,
Новиков И.К.,ФМиЕН,доцент,
Лебедева К.М.,ФМиМ,ассистент,д.н.
Петров Г.Н.,ФМиМ,,
Новиков Г.Н.,ФМиМ,доцент,к.н.
Смирнов В.И.,ФМиЕН,профессор,к.н.
Лебедева З.Т.,ФУПМ,,д.н.
Козлов Б.В.,ИТМО,ассистент,к.н.
Морозов З.Т.,ФУПМ,доцент,
Смирнов А.А.,ФИВТ,профессор,д.н.
Лебедев З.Т.,ФФ,,
Семенов В.И.,ФПМИ,ассистент,д.н.
Сидоров Л.О.,ФПМИ,профессор,к.н.
Новиков Г.Н.,ФИВТ,доцент,д.н.
Волков Ж.Р.,ФМиЕН,доцент,д.н.
Лебедева Д.С.,ФПМИ,,д.н.
Иванов Г.Н.,ФФ,,д.н.
Кузнецов Д.С.,ФМиМ,профессор,
Лебедев Д.С.,ФИТ,ассистент,
Новиков А.А.,ФРТ,,к.н.
Лебедев А.А.,ФУПМ,профессор,д.н.
Сидоров Е.П.,ФЭТ,профессор,д.н.
Лебедев Е.П.,ФПМИ,,к.н.
Морозов Б.В.,ИТМО,ассистент,
Егоров Г.Н.,ФМиЕН,доцент,к.н.
Сидоров Е.П.,ФМиМ,профессор,
Петров Д.С.,ФЭТ,доцент,д.н.
Лебедев Б.В.,ФФ,ассистент,д.н.
Смирнов Ж.Р.,ФИВТ,,д.н.
Морозов М.Ю.,ФПМИ,ассистент,д.н.
Кузнецов А.А.,ФИВТ,профессор,к.н.
Соколов И.К.,ФМиМ,доцент,
Кузнецов Б.В.,ФРТ,,к.н.
Петров Л.О.,ФМиМ,ассистент,
Лебедева Е.П.,ФУПМ,доцент,д.н.
Сидоров Б.В.,ФМиМ,профессор,
Козлов Г.Н.,ФМиЕН,,к.н.
Смирнов В.И.,ФПМИ,ассистент,
Иванов Ж.Р.,ФПМИ,доцент,д.н.
Попов В.И.,ФИВТ,доцент,д.н.
Соколов А.А.,ФИВТ,ассистент,
Лебедев К.М.,ФРТ,ассистент,д.н.
Егоров Е.П.,ФИВТ,профессор,
Соколов А.А.,ФИТ,профессор,к.н.
Кузнецов А.А.,ФПМИ,ассистент,д.н.
Козлов Д.С.,ФФ,профессор,д.н.
Кузнецов З.Т.,ФМиМ,,
Кузнецов Е.П.,ФИВТ,профессор,
Морозов В.И.,ФМиМ,,к.н.
Лебедева А.А.,ФМиЕН,,д.н.
Попов Б.В.,ФИВТ,ассистент,д.н.
Смирнов Е.П.,ФРТ,доцент,к.н.
Егоров Е.П.,ФУПМ,доцент,к.н.
Сидоров Г.Н.,ФПМИ,доцент,к.н.
Егоров В.И.,ФПМИ,ассистент,д.н.
Волков И.К.,ФРТ,ассистент,к.н.
Егоров И.К.,ФУПМ,профессор,д.н.
Соколов Ж.Р.,ФФ,,д.н.
Иванов Б.В.,ФИВТ,доцент,д.н.
Егоров Л.О.,ФПМИ,ассистент,д.н.
Морозов З.Т.,ФРТ,,к.н.
Лебедев Д.С.,ФРТ,,к.н.
Иванов Б.В.,ФРТ,,
Новиков Е.П.,ФИТ,,
Козлов М.Ю.,ИТМО,,к.н.
Морозов К.М.,ФРТ,профессор,
Сидоров Ж.Р.,ФРТ,профессор,к.н.
Иванов Ж.Р.,ФМиЕН,,
Волков Л.О.,ФРТ,профессор,
Морозов Л.О.,ИТМО,профессор,к.н.
Петров В.И.,ФМиМ,доцент,
Попов К.М.,ФИВТ,доцент,д.н.
Соколов Д.С.,ФМиМ,ассистент,к.н.
Петров З.Т.,ФФ,,к.н.
Попов И.К.,ФФ,,д.н.
Алексеев Ж.Р.,ФПМИ,профессор,к.н.
Попов К.М.,ФФ,доцент,д.н.
Алексеев И.К.,ФЭТ,ассистент,к.н.
Семенов М.Ю.,ФФ,доцент,
Козлов Д.С.,ФПМИ,доцент,
Смирнов Е.П.,ФМиМ,доцент,д.н.
Сидоров Ж.Р.,ИТМО,профессор,
Лебедев Д.С.,ФМиМ,доцент,д.н.
Семенов Ж.Р.,ФЭТ,,
Лебедев И.К.,ФУПМ,доцент,
Морозов Г.Н.,ФУПМ,ассистент,
Кузнецов В.И.,ФМиЕН,ассистент,
Смирнов Б.В.,ФРТ,профессор,д.н.
Новиков Г.Н.,ФМиЕН,доцент,д.н.
Соколов Е.П.,ИТМО,,
Егоров Б.В.,ФПМИ,профессор,д.н.
Егоров И.К.,ФРТ,профессор,д.н.
Волков Г.Н.,ФЭТ,доцент,к.н.
Сидоров А.А.,ФУПМ,профессор,
Смирнов Г.Н.,ФИТ,доцент,к.н.
Петров Л.О.,ФФ,доцент,
Кузнецов Е.П.,ФПМИ,профессор,
Сидоров З.Т.,ФУПМ,,к.н.
Морозов К.М.,ФМиЕН,доцент,
Сидоров Е.П.,ФРТ,профессор,д.н.
Соколов Е.П.,ФПМИ,профессор,
Алексеев З.Т.,ФУПМ,доцент,д.н.
Волков К.М.,ИТМО,ассистент,к.н.
Соколов Г.Н.,ФИВТ,профессор,д.н.
Лебедева Б.В.,ФУПМ,доцент,к.н.
Новиков М.Ю.,ФМиМ,,д.н.
Кузнецов М.Ю.,ИТМО,ассистент,к.н.
Волков К.М.,ФУПМ,профессор,к.н.
Козлов Б.В.,ФЭТ,,
Иванов Л.О.,ФМиЕН,доцент,
Лебедев Ж.Р.,ФЭТ,ассистент,
Лебедев Е.П.,ФПМИ,доцент,
Лебедева Е.П.,ФФ,,д.н.
Козлов Ж.Р.,ФЭТ,ассистент,к.н.
Семенов Л.О.,ФПМИ,доцент,д.н.
Егоров М.Ю.,ФИВТ,,д.н.
Козлов Б.В.,ИТМО,профессор,д.н.
Попов Г.Н.,ФИВТ,профессор,
Новиков И.К.,ФПМИ,ассистент,д.н.
Кузнецов З.Т.,ФУПМ,,д.н.
Лебедева Е.П.,ФУПМ,ассистент,д.н.
Семенов К.М.,ФМиЕН,доцент,д.н.
Лебедев И.К.,ФИВТ,профессор,к.н.
Лебедев З.Т.,ФПМИ,,
Петров З.Т.,ФИТ,профессор,д.н.
Иванов Л.О.,ФФ,профессор,д.н.
Алексеев Б.В.,ИТМО,профессор,д.н.
Попов Ж.Р.,ФПМИ,,д.н.
Морозов З.Т.,ФИТ,доцент,д.н.
Попов В.И.,ФИТ,,д.н.
Соколов Д.С.,ФФ,ассистент,к.н.
Соколов Б.В.,ФФ,профессор,к.н.
Морозов Е.П.,ФМиМ,ассистент,д.н.
Иванов З.Т.,ФМиЕН,доцент,
Иванов Л.О.,ФФ,доцент,к.н.
Кузнецов К.М.,ИТМО,,д.н.
Алексеев Ж.Р.,ФИТ,доцент,д.н.
Егоров Л.О.,ФМиМ,доцент,д.н.
Новиков А.А.,ФМиМ,ассистент,
Лебедев Е.П.,ФРТ,ассистент,к.н.
Лебедев Ж.Р.,ФЭТ,профессор,д.н.
Алексеев З.Т.,ФФ,профессор,к.н.
Егоров В.И.,ФМиЕН,профессор,д.н.
Лебедева В.И.,ФИТ,профессор,
Петров Л.О.,ФМиЕН,профессор,д.н.
Волков З.Т.,ФИВТ,,д.н.
Морозов В.И.,ФПМИ,ассистент,д.н.
Семенов З.Т.,ФУПМ,профессор,д.н.
Иванов В.И.,ФУПМ,доцент,
Петров И.К.,ФИВТ,,
Морозов Г.Н.,ИТМО,ассистент,д.н.
Алексеев М.Ю.,ФМиЕН,профессор,
Морозов Е.П.,ФИВТ,профессор,д.н.
Иванов Г.Н.,ФРТ,доцент,
Петров Е.П.,ФМиЕН,ассистент,
Волков Г.Н.,ФРТ,доцент,к.н.
Егоров М.Ю.,ФРТ,,
Алексеев М.Ю.,ФПМИ,профессор,
Семенов Е.П.,ФФ,,к.н.
Егоров Г.Н.,ФУПМ,,д.н.
Смирнов З.Т.,ИТМО,профессор,
Сидоров Л.О.,ИТМО,,д.н.
Морозов В.И.,ФИТ,ассистент,
Алексеев Д.С.,ФПМИ,,к.н.
Иванов Д.С.,ИТМО,ассистент,к.н.
Волков М.Ю.,ФЭТ,профессор,к.н.
Лебедев И.К.,ФФ,,к.н.
Морозов В.И.,ФФ,ассистент,д.н.
Петров К.М.,ФЭТ,ассистент,д.н.
Кузнецов Ж.Р.,ФЭТ,доцент,д.н.
Смирнов З.Т.,ФИВТ,ассистент,
Лебедев Д.С.,ФИТ,ассистент,к.н.
Сидоров З.Т.,ФФ,доцент,д.н.
Морозов А.А.,ФМиМ,профессор,к.н.
Лебедев М.Ю.,ФИВТ,доцент,
Алексеев Б.В.,ФУПМ,,к.н.
Петров Л.О.,ФИТ,ассистент,к.н.
Морозов Б.В.,ФИВТ,профессор,д.н.
Попов К.М.,ФУПМ,доцент,д.н.
Егоров Ж.Р.,ФЭТ,,к.н.
Иванов А.А.,ФЭТ,доцент,к.н.
Морозов Ж.Р.,ФИВТ,доцент,д.н.
Иванов Д.С.,ФФ,,
Егоров Е.П.,ФИВТ,доцент,д.н.
Морозов Е.П.,ФФ,доцент,к.н.
Соколов Г.Н.,ФРТ,,к.н.
Морозов М.Ю.,ИТМО,ассистент,к.н.
Петров В.И.,ИТМО,ассистент,
Кузнецов Д.С.,ФЭТ,доцент,
Смирнов Г.Н.,ФПМИ,профессор,
Козлов М.Ю.,ФИВТ,доцент,
Егоров Б.В.,ФИТ,доцент,д.н.
Волков В.И.,ФИВТ,,д.н.
Волков К.М.,ФЭТ,доцент,к.н.
Семенов Е.П.,ФМиЕН,доцент,д.н.
Иванов З.Т.,ФМиЕН,профессор,
Морозов Г.Н.,ФМиЕН,,д.н.
Семенов А.А.,ФФ,ассистент,к.н.
Смирнов Л.О.,ФПМИ,,
Лебедев Л.О.,ИТМО,,д.н.
Кузнецов Д.С.,ФЭТ,,д.н.
Соколов В.И.,ФПМИ,,к.н.
Кузнецов М.Ю.,ФИВТ,доцент,к.н.
Петров Д.С.,ФМиЕН,доцент,д.н.
Алексеев З.Т.,ФПМИ,,
Лебедев Д.С.,ИТМО,,
Кузнецов Е.П.,ФИВТ,доцент,к.н.
Петров Д.С.,ФЭТ,профессор,д.н.
Лебедева Ж.Р.,ФУПМ,профессор,д.н.
Петров Г.Н.,ФФ,доцент,
Козлов В.И.,ФМиЕН,доцент,к.н.
Сидоров И.К.,ФФ,профессор,к.н.
Кузнецов В.И.,ФМиМ,,к.н.
Попов М.Ю.,ИТМО,доцент,к.н.
Попов Л.О.,ФФ,,к.н.
Семенов В.И.,ФПМИ,профессор,д.н.
Попов З.Т.,ФРТ,ассистент,
Петров И.К.,ФИВТ,доцент,к.н.
Соколов Ж.Р.,ФРТ,профессор,
Попов А.А.,ФИТ,,
Иванов Д.С.,ИТМО,доцент,
Козлов Д.С.,ФПМИ,,д.н.
Волков М.Ю.,ФПМИ,ассистент,
Егоров И.К.,ФРТ,профессор,
Волков В.И.,ФМиЕН,ассистент,к.н.
Лебедева М.Ю.,ФИТ,доцент,д.н.
Морозов В.И.,ФРТ,ассистент,
Кузнецов М.Ю.,ФЭТ,доцент,
Козлов И.К.,ФУПМ,доцент,
Лебедев Е.П.,ФУПМ,профессор,к.н.
Алексеев Д.С.,ФИТ,,д.н.
Козлов Ж.Р.,ФМиЕН,профессор,д.н.
Лебедев Б.В.,ФЭТ,доцент,к.н.
Смирнов Е.П.,ФИТ,,
Лебедева Ж.Р.,ФИВТ,ассистент,
Козлов Е.П.,ФМиЕН,ассистент,к.н.
Кузнецов З.Т.,ФФ,,к.н.
Соколов Г.Н.,ФМиМ,доцент,д.н.
Лебедев Б.В.,ФФ,ассистент,д.н.
Сидоров К.М.,ФРТ,ассистент,к.н.
Алексеев Е.П.,ФМиМ,профессор,
Смирнов Е.П.,ИТМО,,д.н.
Иванов Ж.Р.,ФИВТ,доцент,к.н.
Алексеев Л.О.,ФМиЕН,ассистент,
Алексеев Д.С.,ФИТ,профессор,
Смирнов Г.Н.,ФМиМ,профессор,
Соколов К.М.,ФМиМ,профессор,
Соколов Д.С.,ИТМО,доцент,д.н.
Попов Д.С.,ФФ,,д.н.
Лебедева Л.О.,ФМиЕН,ассистент,к.н.
Кузнецов В.И.,ФМиЕН,доцент,д.н.
Лебедев З.Т.,ИТМО,профессор,
Новиков К.М.,ФФ,профессор,д.н.
Петров Б.В.,ФМиМ,,к.н.
Петров Д.С.,ФЭТ,,д.н.
Иванов Д.С.,ФМиЕН,,д.н.
Алексеев М.Ю.,ФУПМ,,д.н.
Попов М.Ю.,ФИВТ,доцент,
Кузнецов И.К.,ИТМО,,д.н.
Алексеев А.А.,ИТМО,доцент,к.н.
Новиков Б.В.,ФИТ,,к.н.
Смирнов А.А.,ФИТ,профессор,к.н.
Иванов К.М.,ФРТ,,д.н.
Лебедев Г.Н.,ФФ,профессор,к.н.
Волков Г.Н.,ФРТ,профессор,
Волков З.Т.,ФМиМ,доцент,
Кузнецов З.Т.,ФФ,,
Лебедев А.А.,ФУПМ,,
Смирнов А.А.,ФМиМ,доцент,
Козлов Б.В.,ФРТ,,д.н.
Петров Л.О.,ИТМО,,к.н.
Смирнов М.Ю.,ФПМИ,доцент,д.н.
Егоров Б.В.,ФФ,,
Петров М.Ю.,ФМиЕН,профессор,
Сидоров Л.О.,ФИВТ,профессор,к.н.
Волков В.И.,ФЭТ,доцент,
Сидоров Б.В.,ФЭТ,доцент,к.н.
Новиков Г.Н.,ФПМИ,доцент,д.н.
Семенов М.Ю.,ФРТ,ассистент,к.н.
Козлов К.М.,ФЭТ,профессор,д.н.
Попов В.И.,ФРТ,ассистент,
Волков Д.С.,ФИВТ,,к.н.
Сидоров З.Т.,ФИВТ,доцент,
Петров Л.О.,ФРТ,,д.н.
Морозов В.И.,ФРТ,,к.н.
Лебедев К.М.,ФИВТ,,
Новиков А.А.,ФИВТ,профессор,д.н.
Кузнецов В.И.,ФМиЕН,доцент,
Соколов Ж.Р.,ФУПМ,ассистент,
Морозов Л.О.,ФФ,профессор,к.н.
Иванов М.Ю.,ФИВТ,ассистент,
Соколов Д.С.,ФПМИ,ассистент,
Алексеев Л.О.,ФПМИ,,к.н.
Морозов Е.П.,ФИТ,доцент,
Лебедева Ж.Р.,ИТМО,профессор,д.н.
Волков Д.С.,ФУПМ,профессор,
Козлов М.Ю.,ФИВТ,доцент,д.н.
Алексеев Л.О.,ФРТ,ассистент,д.н.
Егоров М.Ю.,ФПМИ,,к.н.
Петров И.К.,ФРТ,ассистент,д.н.
Сидоров В.И.,ФРТ,ассистент,
Лебедев Л.О.,ФРТ,профессор,к.н.
Соколов Е.П.,ФИТ,доцент,к.н.
Попов В.И.,ФПМИ,профессор,
Смирнов А.А.,ФУПМ,доцент,д.н.
Алексеев Д.С.,ИТМО,,к.н.
Волков Ж.Р.,ФИВТ,ассистент,д.н.
Сидоров Ж.Р.,ИТМО,доцент,к.н.
Волков И.К.,ФЭТ,,
Морозов К.М.,ФЭТ,ассистент,д.н.
Смирнов Б.В.,ФЭТ,,д.н.
Егоров Е.П.,ФРТ,доцент,к.н.
Егоров Д.С.,ФИТ,ассистент,д.н.
Морозов Ж.Р.,ФМиМ,,д.н.
Лебедева Д.С.,ФЭТ,профессор,д.н.
Козлов К.М.,ФМиЕН,,к.н.
Алексеев З.Т.,ФМиМ,профессор,
Смирнов А.А.,ФФ,,
Новиков В.И.,ФПМИ,доцент,д.н.
Алексеев И.К.,ФПМИ,доцент,
Морозов М.Ю.,ФМиМ,ассистент,к.н.
Егоров Л.О.,ФМиМ,профессор,к.н.
Козлов Ж.Р.,ФФ,,к.н.
Новиков Д.С.,ФМиМ,доцент,
Смирнов Е.П.,ФИВТ,,
Соколов Б.В.,ФИТ,ассистент,
Петров З.Т.,ФЭТ,,д.н.
Смирнов З.Т.,ФФ,,к.н.
Морозов З.Т.,ФИТ,доцент,
Морозов Л.О.,ИТМО,профессор,
Сидоров И.К.,ФПМИ,ассистент,к.н.
Егоров Л.О.,ФМиЕН,ассистент,
Соколов З.Т.,ФМиЕН,ассистент,к.н.
Соколов З.Т.,ФФ,профессор,
Сидоров М.Ю.,ФМиЕН,доцент,д.н.
Лебедева Ж.Р.,ФУПМ,,к.н.
Алексеев А.А.,ФРТ,ассистент,к.н.
Лебедев Г.Н.,ФМиЕН,профессор,к.н.
Семенов Е.П.,ФИТ,профессор,д.н.
Кузнецов Д.С.,ФИТ,ассистент,к.н.
Соколов Д.С.,ИТМО,доцент,д.н.
Лебедева Ж.Р.,ФПМИ,доцент,д.н.
Новиков Б.В.,ФФ,ассистент,к.н.
Новиков Ж.Р.,ФМиЕН,ассистент,к.н.
Сидоров В.И.,ФРТ,ассистент,
Смирнов Г.Н.,ФЭТ,профессор,
Петров Д.С.,ФИВТ,,
Соколов А.А.,ФФ,,к.н.
Лебедев Д.С.,ФИВТ,ассистент,
Алексеев Л.О.,ФИТ,доцент,к.н.
Иванов В.И.,ФИТ,профессор,д.н.
Алексеев Д.С.,ФИТ,профессор,д.н.
Кузнецов Д.С.,ФИТ,доцент,к.н.
Петров К.М.,ФИВТ,доцент,
Кузнецов Е.П.,ФМиМ,профессор,к.н.
Лебедев М.Ю.,ФУПМ,ассистент,к.н.
Лебедева Л.О.,ФУПМ,,д.н.
Морозов Д.С.,ФФ,профессор,д.н.
Сидоров З.Т.,ФУПМ,ассистент,
Сидоров А.А.,ФИТ,доцент,д.н.
Семенов Г.Н.,ФМиМ,профессор,к.н.
Волков Е.П.,ФУПМ,профессор,д.н.
Лебедев В.И.,ФРТ,доцент,д.н.
Сидоров А.А.,ФИВТ,доцент,
Смирнов Л.О.,ФЭТ,доцент,д.н.
Попов А.А.,ФПМИ,профессор,к.н.
Козлов Г.Н.,ФЭТ,профессор,
Лебедев Б.В.,ФМиЕН,доцент,д.н.
Попов К.М.,ФИТ,,к.н.
Сидоров Г.Н.,ФМиЕН,профессор,д.н.
Кузнецов Б.В.,ИТМО,ассистент,д.н.
Петров З.Т.,ФУПМ,ассистент,
Лебедев И.К.,ФФ,,д.н.
Петров К.М.,ФФ,доцент,
Иванов Ж.Р.,ИТМО,,д.н.
Иванов Д.С.,ФУПМ,доцент,д.н.
Лебедев Б.В.,ФМиМ,профессор,к.н.
Соколов Ж.Р.,ФИТ,профессор,к.н.
Иванов З.Т.,ФМиЕН,,д.н.
Попов Б.В.,ФМиМ,профессор,к.н.
Соколов Ж.Р.,ФФ,ассистент,д.н.
Попов Ж.Р.,ФФ,доцент,
Петров Б.В.,ФЭТ,,
Кузнецов Е.П.,ФРТ,,д.н.
Семенов Е.П.,ФЭТ,доцент,к.н.
Сидоров К.М.,ФФ,доцент,
Попов И.К.,ФИТ,профессор,д.н.
Сидоров Д.С.,ФИТ,,д.н.
Егоров Ж.Р.,ФИТ,доцент,д.н.
Соколов И.К.,ФПМИ,доцент,
Смирнов Б.В.,ФМиЕН,профессор,
Морозов Ж.Р.,ФРТ,доцент,к.н.
Егоров К.М.,ФИВТ,ассистент,
Волков Д.С.,ФРТ,ассистент,
Лебедев Б.В.,ФМиЕН,профессор,к.н.
Соколов Л.О.,ФМиЕН,профессор,д.н.
Иванов Б.В.,ФМиМ,доцент,
Лебедев Б.В.,ФМиЕН,ассистент,к.н.
Смирнов А.А.,ИТМО,профессор,
Семенов З.Т.,ФПМИ,профессор,
Иванов Л.О.,ФФ,ассистент,
Лебедева М.Ю.,ФМиМ,,к.н.
Новиков З.Т.,ФЭТ,ассистент,к.н.
Иванов А.А.,ФМиЕН,ассистент,д.н.
Егоров Л.О.,ФУПМ,профессор,д.н.
Козлов Ж.Р.,ФИТ,доцент,
Попов Г.Н.,ФМиЕН,,
Егоров К.М.,ФМиМ,ассистент,
Морозов Е.П.,ИТМО,профессор,
Сидоров Л.О.,ФУПМ,доцент,к.н.
Петров Ж.Р.,ФМиЕН,ассистент,д.н.
Соколов З.Т.,ФУПМ,ассистент,д.н.
Кузнецов Л.О.,ФМиЕН,профессор,
Сидоров К.М.,ФИТ,профессор,
Алексеев А.А.,ФМиМ,,к.н.
Волков Ж.Р.,ФЭТ,доцент,
Сидоров З.Т.,ФПМИ,ассистент,
Волков Б.В.,ФМиЕН,,к.н.
Семенов А.А.,ФУПМ,доцент,д.н.
Волков А.А.,ФФ,,к.н.
Алексеев А.А.,ФМиМ,ассистент,
Семенов Ж.Р.,ФМиМ,,
Кузнецов К.М.,ФМиЕН,ассистент,
Смирнов Д.С.,ФИВТ,ассистент,
Волков И.К.,ФРТ,ассистент,к.н.
Лебедев А.А.,ФИТ,ассистент,
Егоров Л.О.,ФИТ,ассистент,д.н.
Попов Е.П.,ФМиЕН,ассистент,к.н.
Новиков Ж.Р.,ФМиЕН,,д.н.
Кузнецов Б.В.,ФИТ,доцент,
Семенов Д.С.,ФИТ,доцент,
Семенов А.А.,ФМиЕН,ассистент,к.н.
Лебедев Е.П.,ФФ,ассистент,к.н.
Лебедев М.Ю.,ФУПМ,профессор,
Иванов К.М.,ФПМИ,доцент,д.н.
Сидоров И.К.,ФПМИ,ассистент,д.н.
Попов К.М.,ФЭТ,доцент,к.н.
Смирнов Е.П.,ФУПМ,,к.н.
Сидоров А.А.,ФУПМ,ассистент,д.н.
Сидоров Б.В.,ФМиМ,доцент,д.н.
Соколов Г.Н.,ФИВТ,ассистент,к.н.
Попов Ж.Р.,ФРТ,профессор,к.н.
Соколов И.К.,ФМиМ,,к.н.
Смирнов Б.В.,ФЭТ,профессор,д.н.
Соколов Д.С.,ФПМИ,ассистент,д.н.
Алексеев Е.П.,ФИТ,ассистент,к.н.
Соколов А.А.,ФИВТ,профессор,к.н.
Лебедев Е.П.,ФУПМ,профессор,к.н.
Егоров Г.Н.,ФПМИ,ассистент,к.н.
Сидоров М.Ю.,ФУПМ,профессор,д.н.
Кузнецов И.К.,ФМиЕН,ассистент,д.н.
Иванов Г.Н.,ФЭТ,профессор,
Соколов Б.В.,ФРТ,доцент,
Лебедева Б.В.,ФУПМ,ассистент,д.н.
Морозов М.Ю.,ФРТ,,к.н.
Новиков З.Т.,ФИТ,ассистент,к.н.
Попов М.Ю.,ФФ,доцент,к.н.
Сидоров Л.О.,ФЭТ,,к.н.
Сидоров З.Т.,ФИТ,доцент,
Лебедев Б.В.,ФЭТ,профессор,д.н.
Иванов И.К.,ИТМО,,д.н.
Волков Е.П.,ФМиЕН,доцент,
Лебедев М.Ю.,ФУПМ,ассистент,д.н.
Сидоров Е.П.,ФУПМ,,к.н.
Кузнецов Е.П.,ИТМО,профессор,д.н.
Смирнов А.А.,ФФ,ассистент,д.н.
Семенов К.М.,ФМиЕН,профессор,к.н.
Попов М.Ю.,ФПМИ,,д.н.
Семенов Д.С.,ФПМИ,ассистент,д.н.
Козлов Л.О.,ФПМИ,,д.н.
Егоров Л.О.,ФМиМ,ассистент,к.н.
Иванов М.Ю.,ФПМИ,ассистент,д.н.
Морозов Л.О.,ФЭТ,профессор,к.н.
Волков Д.С.,ФРТ,,к.н.
Смирнов К.М.,ФИТ,ассистент,д.н.
Лебедев Б.В.,ФПМИ,,
Сидоров И.К.,ФИТ,профессор,д.н.
Новиков А.А.,ФЭТ,ассистент,д.н.
Волков И.К.,ФИВТ,доцент,
Смирнов А.А.,ФМиМ,профессор,
Волков Е.П.,ФФ,профессор,к.н.
Соколов Е.П.,ФМиМ,доцент,к.н.
Кузнецов З.Т.,ФФ,ассистент,к.н.
Алексеев Ж.Р.,ФИТ,,
Попов Б.В.,ФРТ,профессор,д.н.
Егоров Е.П.,ИТМО,доцент,д.н.
Кузнецов Д.С.,ФРТ,доцент,к.н.
Волков М.Ю.,ФИТ,,д.н.
Новиков Л.О.,ИТМО,,к.н.
Новиков З.Т.,ФРТ,,к.н.
Егоров А.А.,ФИТ,профессор,д.н.
Сидоров Г.Н.,ФРТ,доцент,д.н.
Морозов К.М.,ФПМИ,,к.н.
Иванов А.А.,ФИТ,ассистент,
Попов К.М.,ФПМИ,профессор,д.н.
Смирнов Б.В.,ФРТ,профессор,д.н.
Алексеев В.И.,ФРТ,ассистент,к.н.
Алексеев И.К.,ФИВТ,ассистент,
Иванов И.К.,ФФ,профессор,к.н.
Сидоров Е.П.,ФУПМ,профессор,к.н.
Козлов И.К.,ФИВТ,доцент,д.н.
Морозов Б.В.,ФПМИ,профессор,к.н.
Егоров Ж.Р.,ФРТ,доцент,
Лебедев Г.Н.,ФЭТ,доцент,д.н.
Смирнов Л.О.,ИТМО,,к.н.
Смирнов Е.П.,ФЭТ,профессор,к.н.
Козлов Ж.Р.,ФМиМ,ассистент,к.н.
Лебедев Ж.Р.,ФФ,профессор,к.н.
Волков Б.В.,ФМиМ,профессор,к.н.
Егоров Г.Н.,ФИТ,ассистент,к.н.
Новиков М.Ю.,ФФ,ассистент,к.н.
Попов Д.С.,ФМиЕН,доцент,д.н.
Егоров К.М.,ФМиЕН,доцент,
Смирнов Д.С.,ФИВТ,ассистент,к.н.
Морозов З.Т.,ФУПМ,,к.н.
Морозов Л.О.,ФИТ,ассистент,д.н.
Егоров Г.Н.,ФМиМ,профессор,
Козлов З.Т.,ФРТ,профессор,к.н.
Сидоров В.И.,ФЭТ,,д.н.
Новиков И.К.,ФПМИ,,д.н.
Сидоров З.Т.,ФФ,,
Смирнов М.Ю.,ФУПМ,профессор,д.н.
Попов Д.С.,ФИТ,,к.н.
Морозов И.К.,ИТМО,ассистент,к.н.
Смирнов К.М.,ФЭТ,,
Лебедева Е.П.,ФМиМ,ассистент,д.н.
Новиков Б.В.,ФМиЕН,ассистент,к.н.
Алексеев М.Ю.,ФФ,ассистент,к.н.
Кузнецов Ж.Р.,ФМиМ,доцент,
Петров Л.О.,ФФ,доцент,к.н.
Попов И.К.,ФИВТ,,к.н.
Попов Д.С.,ФМиМ,профессор,д.н.
Алексеев В.И.,ФМиЕН,,к.н.
Новиков Ж.Р.,ФУПМ,,к.н.
Петров Г.Н.,ФПМИ,профессор,д.н.
Волков А.А.,ФМиЕН,профессор,д.н.
Алексеев М.Ю.,ФМиЕН,профессор,к.н.
Козлов М.Ю.,ФИВТ,,
Лебедева Б.В.,ФИТ,ассистент,
Морозов Л.О.,ФФ,профессор,д.н.
Морозов Ж.Р.,ФИВТ,профессор,к.н.
Петров М.Ю.,ФИТ,профессор,
Козлов Л.О.,ФУПМ,доцент,д.н.
Алексеев Е.П.,ФМиЕН,,к.н.
Лебедева Г.Н.,ФУПМ,ассистент,д.н.
Егоров К.М.,ФМиМ,доцент,к.н.
Попов Л.О.,ФПМИ,доцент,
Лебедев Д.С.,ФИТ,ассистент,
Семенов М.Ю.,ФМиЕН,доцент,д.н.
Кузнецов Л.О.,ФЭТ,доцент,к.н.
Петров А.А.,ФМиЕН,профессор,д.н.
Соколов М.Ю.,ФИТ,профессор,к.н.
Кузнецов Б.В.,ФЭТ,ассистент,д.н.
Егоров М.Ю.,ФПМИ,,
Петров Г.Н.,ФИТ,ассистент,д.н.
Иванов Д.С.,ФМиМ,ассистент,к.н.
Козлов В.И.,ФМиМ,профессор,
Семенов Ж.Р.,ФИВТ,,д.н.
Петров З.Т.,ФЭТ,,
Волков И.К.,ИТМО,доцент,д.н.
Семенов Б.В.,ФЭТ,,к.н.
Алексеев Г.Н.,ИТМО,,д.н.
Соколов А.А.,ФМиМ,доцент,
Сидоров М.Ю.,ИТМО,ассистент,д.н.
Кузнецов Л.О.,ФИВТ,доцент,д.н.
Иванов М.Ю.,ФЭТ,доцент,д.н.
Морозов М.Ю.,ФИТ,ассистент,
Алексеев Л.О.,ФУПМ,профессор,к.н.
Морозов И.К.,ФИВТ,ассистент,к.н.
Лебедев Д.С.,ФРТ,ассистент,д.н.
Смирнов Л.О.,ФПМИ,доцент,д.н.
Козлов А.А.,ФРТ,профессор,д.н.
Морозов Г.Н.,ИТМО,ассистент,к.н.
Попов Ж.Р.,ФМиМ,ассистент,д.н.
Морозов Ж.Р.,ФИТ,профессор,к.н.
Лебедев Г.Н.,ФРТ,,
Козлов Д.С.,ФИТ,,д.н.
Попов К.М.,ФРТ,,д.н.
Семенов И.К.,ФМиМ,профессор,к.н.
Егоров М.Ю.,ФФ,профессор,
Волков М.Ю.,ФЭТ,доцент,
Алексеев А.А.,ФМиЕН,профессор,д.н.
Кузнецов Д.С.,ФИТ,доцент,к.н.
Семенов И.К.,ФМиЕН,,д.н.
Петров Е.П.,ФИТ,,д.н.
Соколов З.Т.,ФМиЕН,,
Егоров М.Ю.,ФУПМ,профессор,д.н.
Козлов И.К.,ИТМО,доцент,к.н.
Лебедев Б.В.,ФРТ,,
Кузнецов И.К.,ФЭТ,доцент,к.н.
Новиков А.А.,ФПМИ,ассистент,к.н.
Петров В.И.,ФФ,профессор,
Лебедев Г.Н.,ФУПМ,,к.н.
Лебедева Е.П.,ФМиЕН,профессор,д.н.
Сидоров З.Т.,ФМиМ,доцент,к.н.
Смирнов Л.О.,ФИТ,,к.н.
Сидоров К.М.,ФФ,,д.н.
Кузнецов Г.Н.,ФФ,доцент,к.н.
Алексеев Д.С.,ФУПМ,профессор,
Морозов К.М.,ФИВТ,профессор,д.н.
Морозов Д.С.,ФРТ,доцент,
Лебедев М.Ю.,ФМиМ,профессор,
Кузнецов К.М.,ФЭТ,ассистент,к.н.
Лебедева К.М.,ФМиМ,ассистент,к.н.
Волков Ж.Р.,ФУПМ,,
Морозов Е.П.,ФМиЕН,,д.н.
Кузнецов Е.П.,ФФ,ассистент,к.н.
Лебедев А.А.,ФРТ,ассистент,
Лебедева И.К.,ФУПМ,доцент,д.н.
Козлов К.М.,ФЭТ,доцент,д.н.
Егоров Б.В.,ФМиЕН,ассистент,
Новиков М.Ю.,ФУПМ,профессор,д.н.
Лебедева В.И.,ФПМИ,ассистент,д.н.
Алексеев Г.Н.,ФФ,ассистент,к.н.
Козлов Д.С.,ИТМО,доцент,к.н.
Кузнецов И.К.,ФПМИ,ассистент,д.н.
Волков Л.О.,ФПМИ,доцент,д.н.
Волков К.М.,ФМиМ,,д.н.
Смирнов Б.В.,ФПМИ,,к.н.
Соколов Е.П.,ФУПМ,доцент,д.н.
Семенов К.М.,ФПМИ,профессор,д.н.
Лебедев И.К.,ФРТ,доцент,д.н.
Алексеев З.Т.,ФУПМ,ассистент,
Петров М.Ю.,ФМиЕН,доцент,к.н.
Волков Л.О.,ФРТ,доцент,д.н.
Попов Е.П.,ФИВТ,ассистент,
Кузнецов И.К.,ФМиМ,,к.н.
Лебедев И.К.,ФМиМ,доцент,
Волков Ж.Р.,ФИВТ,доцент,д.н.
Иванов К.М.,ФПМИ,профессор,
Смирнов И.К.,ФЭТ,ассистент,
Кузнецов З.Т.,ФФ,профессор,к.н.
Лебедева Е.П.,ФМиМ,профессор,к.н.
Кузнецов Г.Н.,ФПМИ,ассистент,к.н.
Новиков З.Т.,ФЭТ,доцент,д.н.
Егоров А.А.,ФИТ,,
Лебедев З.Т.,ФИВТ,доцент,д.н.
Волков Д.С.,ФУПМ,профессор,к.н.
Сидоров З.Т.,ФРТ,профессор,д.н.
Соколов И.К.,ФИВТ,доцент,д.н.
Волков В.И.,ФИВТ,,к.н.
Новиков Б.В.,ФИВТ,ассистент,к.н.
Егоров Г.Н.,ФУПМ,профессор,д.н.
Сидоров Л.О.,ФМиМ,профессор,
Морозов З.Т.,ФМиМ,ассистент,
Алексеев Ж.Р.,ФУПМ,,д.н.
Морозов Б.В.,ФИВТ,доцент,к.н.
Новиков К.М.,ФФ,доцент,
Кузнецов Д.С.,ФМиЕН,ассистент,
Козлов Г.Н.,ФРТ,,
Смирнов А.А.,ФУПМ,,д.н.
Смирнов Е.П.,ФИВТ,доцент,к.н.
Алексеев К.М.,ФРТ,доцент,
Иванов Д.С.,ФМиМ,ассистент,к.н.
Кузнецов К.М.,ФМиЕН,профессор,к.н.
Соколов Б.В.,ФФ,доцент,
Соколов А.А.,ИТМО,,
Козлов Е.П.,ФУПМ,доцент,д.н.
Соколов А.А.,ФМиМ,,
Морозов М.Ю.,ФЭТ,ассистент,д.н.
Козлов З.Т.,ФМиЕН,профессор,к.н.
Лебедев Д.С.,ФЭТ,,д.н.
Козлов Е.П.,ФЭТ,,к.н.
Лебедев Д.С.,ФФ,профессор,к.н.
Лебедева З.Т.,ИТМО,профессор,к.н.
Попов М.Ю.,ФИТ,,к.н.
Лебедева И.К.,ФФ,профессор,д.н.
Лебедева Е.П.,ФПМИ,профессор,
Новиков М.Ю.,ИТМО,,к.н.
Петров Л.О.,ФИТ,,к.н.
Семенов И.К.,ФЭТ,профессор,
Козлов Ж.Р.,ФПМИ,,д.н.
Егоров И.К.,ФУПМ,профессор,к.н.
Кузнецов М.Ю.,ФЭТ,профессор,
Алексеев Б.В.,ФПМИ,ассистент,к.н.
Иванов Л.О.,ФРТ,доцент,д.н.
Лебедева К.М.,ФРТ,,д.н.
Смирнов З.Т.,ФМиМ,профессор,к.н.
Петров Е.П.,ФМиЕН,доцент,к.н.
Морозов В.И.,ИТМО,ассистент,д.н.
Козлов Л.О.,ФРТ,доцент,
Смирнов А.А.,ФПМИ,доцент,к.н.
Смирнов З.Т.,ФРТ,профессор,
Алексеев И.К.,ИТМО,доцент,
Морозов Д.С.,ФИВТ,ассистент,к.н.
Алексеев Д.С.,ФИТ,ассистент,к.н.
Лебедев Ж.Р.,ФУПМ,доцент,
Кузнецов И.К.,ФИТ,ассистент,к.н.
Егоров И.К.,ФПМИ,профессор,
Алексеев Д.С.,ФЭТ,,д.н.
Морозов Г.Н.,ФПМИ,ассистент,к.н.
Попов Е.П.,ФИВТ,профессор,
Соколов Б.В.,ФУПМ,доцент,
Егоров В.И.,ИТМО,ассистент,к.н.
Егоров Л.О.,ФУПМ,профессор,к.н.
Лебедев З.Т.,ФФ,,
Волков Л.О.,ФИТ,,д.н.
Новиков К.М.,ФЭТ,профессор,
Попов Г.Н.,ФМиМ,профессор,к.н.
Алексеев И.К.,ФЭТ,доцент,
Семенов В.И.,ФМиЕН,,д.н.
Попов Г.Н.,ФУПМ,,
Морозов Д.С.,ФПМИ,,д.н.
Сидоров М.Ю.,ФМиЕН,доцент,д.н.
Алексеев А.А.,ФРТ,ассистент,
Волков Д.С.,ФРТ,доцент,
Новиков Д.С.,ФПМИ,,к.н.
Козлов З.Т.,ФФ,доцент,к.н.
Попов Г.Н.,ИТМО,профессор,
Смирнов З.Т.,ФПМИ,ассистент,д.н.
Лебедева Л.О.,ФУПМ,,д.н.
Соколов З.Т.,ИТМО,,
Смирнов А.А.,ФМиМ,доцент,
Петров Е.П.,ФМиЕН,профессор,д.н.
Семенов М.Ю.,ФИТ,профессор,
Сидоров В.И.,ФФ,профессор,
Егоров К.М.,ИТМО,,
Волков И.К.,ФРТ,ассистент,
Морозов М.Ю.,ФФ,доцент,к.н.
Петров И.К.,ФМиЕН,доцент,
Лебедев Д.С.,ФФ,доцент,д.н.
Лебедев Д.С.,ФИТ,,к.н.
Попов Е.П.,ИТМО,доцент,д.н.
Волков Е.П.,ФУПМ,ассистент,
Новиков З.Т.,ИТМО,,д.н.
Волков М.Ю.,ФИВТ,ассистент,д.н.
Попов Г.Н.,ФМиМ,ассистент,
Смирнов И.К.,ФРТ,доцент,к.н.
Смирнов В.И.,ФМиЕН,,
Кузнецов Г.Н.,ФИВТ,профессор,к.н.
Лебедева З.Т.,ФПМИ,,д.н.
Кузнецов А.А.,ИТМО,ассистент,д.н.
Петров Д.С.,ФМиЕН,профессор,к.н.
Егоров И.К.,ФМиЕН,ассистент,к.н.
Лебедев И.К.,ФИВТ,профессор,д.н.
Козлов З.Т.,ФИВТ,профессор,к.н.
Новиков Д.С.,ФУПМ,,
Попов Д.С.,ФИТ,профессор,д.н.
Кузнецов Б.В.,ФУПМ,ассистент,д.н.
Лебедев Ж.Р.,ФМиМ,,д.н.
Попов Л.О.,ФИВТ,ассистент,д.н.
Алексеев В.И.,ФИТ,ассистент,к.н.
Смирнов К.М.,ИТМО,,к.н.
Семенов Е.П.,ФФ,профессор,
Новиков Л.О.,ФИТ,доцент,к.н.
Иванов Д.С.,ФМиЕН,профессор,
Иванов А.А.,ФЭТ,ассистент,к.н.
Сидоров К.М.,ИТМО,ассистент,к.н.
Петров А.А.,ФМиЕН,профессор,к.н.
Петров З.Т.,ФИВТ,профессор,д.н.
Алексеев Л.О.,ФИТ,ассистент,
Козлов И.К.,ФФ,доцент,
Новиков Г.Н.,ФМиЕН,доцент,к.н.
Алексеев В.И.,ФПМИ,доцент,д.н.
Семенов М.Ю.,ФУПМ,доцент,к.н.
Иванов И.К.,ФМиЕН,доцент,д.н.
Козлов Б.В.,ФУПМ,,д.н.
Морозов К.М.,ФЭТ,профессор,к.н.
Иванов А.А.,ФМиЕН,ассистент,
Алексеев И.К.,ФИТ,,к.н.
Лебедева Г.Н.,ФМиМ,доцент,д.н.
Лебедева Б.В.,ФРТ,ассистент,к.н.
Смирнов Л.О.,ФРТ,доцент,к.н.
Иванов Е.П.,ФПМИ,профессор,
Козлов М.Ю.,ФМиЕН,профессор,к.н.
Сидоров Е.П.,ФИТ,ассистент,к.н.
Семенов И.К.,ФМиМ,профессор,д.н.
Семенов Д.С.,ИТМО,профессор,к.н.
Лебедева Е.П.,ФФ,,к.н.
Морозов Д.С.,ФИВТ,ассистент,
Козлов Ж.Р.,ФМиЕН,доцент,д.н.
Сидоров Е.П.,ФМиМ,,к.н.
Соколов З.Т.,ФУПМ,,д.н.
Соколов Е.П.,ФМиЕН,доцент,д.н.
Лебедев Л.О.,ФМиМ,профессор,
Новиков З.Т.,ФМиМ,,
Петров Б.В.,ФУПМ,,д.н.
Лебедев З.Т.,ФМиЕН,,
Кузнецов Е.П.,ИТМО,,к.н.
Лебедев И.К.,ФФ,,
Новиков В.И.,ИТМО,,к.н.
Козлов Е.П.,ФМиЕН,доцент,к.н.
Лебедева М.Ю.,ФУПМ,доцент,
Попов А.А.,ФЭТ,ассистент,
Петров З.Т.,ФУПМ,профессор,к.н.
Кузнецов К.М.,ФПМИ,ассистент,к.н.
Новиков Д.С.,ИТМО,ассистент,д.н.
Петров А.А.,ИТМО,профессор,
Кузнецов А.А.,ФИТ,профессор,
Волков К.М.,ФЭТ,,
Лебедев И.К.,ИТМО,профессор,
Козлов Л.О.,ФФ,доцент,
Новиков Е.П.,ФФ,доцент,
Новиков Л.О.,ИТМО,доцент,к.н.
Смирнов Ж.Р.,ФПМИ,,д.н.
Смирнов И.К.,ФМиЕН,ассистент,д.н.
Смирнов А.А.,ФИТ,доцент,
Козлов Г.Н.,ФМиМ,,д.н.
Попов Е.П.,ФФ,профессор,д.н.
Алексеев А.А.,ФМиМ,,к.н.
Соколов И.К.,ФФ,,
Сидоров Л.О.,ФИТ,доцент,к.н.
Новиков В.И.,ФФ,,д.н.
Егоров И.К.,ИТМО,профессор,к.н.
Петров Д.С.,ФЭТ,доцент,д.н.
Семенов Д.С.,ФМиЕН,ассистент,
Кузнецов В.И.,ФУПМ,доцент,к.н.
Иванов Ж.Р.,ФЭТ,доцент,к.н.
Сидоров Г.Н.,ФПМИ,,к.н.
Смирнов И.К.,ФРТ,профессор,д.н.
Иванов Б.В.,ФИТ,профессор,д.н.
Смирнов А.А.,ФМиМ,ассистент,к.н.
Смирнов Б.В.,ИТМО,ассистент,к.н.
Семенов Ж.Р.,ФПМИ,ассистент,
Петров В.И.,ФМиЕН,профессор,
Алексеев В.И.,ФМиМ,профессор,к.н.
Сидоров З.Т.,ФМиЕН,ассистент,
Новиков М.Ю.,ФПМИ,профессор,
Петров З.Т.,ФИТ,профессор,д.н.
Алексеев Б.В.,ФМиЕН,ассистент,
Сидоров А.А.,ИТМО,ассистент,к.н.
Попов Л.О.,ИТМО,профессор,к.н.
Козлов Г.Н.,ФПМИ,доцент,
Сидоров А.А.,ФПМИ,ассистент,к.н.
Козлов Д.С.,ФМиМ,доцент,
Смирнов М.Ю.,ФУПМ,профессор,к.н.
Козлов А.А.,ФМиМ,ассистент,д.н.
Соколов А.А.,ФФ,профессор,д.н.
Морозов Г.Н.,ФПМИ,профессор,
Алексеев З.Т.,ФЭТ,доцент,д.н.
Попов Е.П.,ФИТ,профессор,
Кузнецов К.М.,ФИТ,ассистент,д.н.
Лебедева Л.О.,ФРТ,ассистент,
Волков Е.П.,ФМиМ,,
Новиков Ж.Р.,ФПМИ,профессор,
Сидоров М.Ю.,ФФ,,д.н.
Алексеев Л.О.,ФУПМ,доцент,к.н.
Семенов А.А.,ФРТ,доцент,к.н.
Морозов К.М.,ФМиЕН,профессор,к.н.
Соколов Д.С.,ФЭТ,,д.н.
Иванов Д.С.,ФУПМ,профессор,
Новиков И.К.,ФИТ,,к.н.
Морозов Л.О.,ФИТ,ассистент,
Лебедев И.К.,ФРТ,доцент,д.н.
Смирнов М.Ю.,ФИТ,профессор,к.н.
Егоров А.А.,ФУПМ,профессор,к.н.
Егоров Л.О.,ФФ,доцент,к.н.
Сидоров Г.Н.,ИТМО,,к.н.
Егоров А.А.,ФФ,ассистент,д.н.
Семенов Л.О.,ФПМИ,ассистент,д.н.
Семенов А.А.,ИТМО,профессор,д.н.
Алексеев К.М.,ФМиМ,профессор,
Семенов А.А.,ИТМО,,
Иванов Л.О.,ФПМИ,ассистент,к.н.
Алексеев В.И.,ФМиМ,ассистент,д.н.
Волков М.Ю.,ФЭТ,,
Смирнов В.И.,ФИТ,,к.н.
Попов Ж.Р.,ФМиЕН,ассистент,к.н.
Иванов В.И.,ФРТ,доцент,к.н.
Лебедева Л.О.,ИТМО,ассистент,к.н.
Попов Б.В.,ИТМО,профессор,к.н.
Лебедев В.И.,ФИТ,доцент,д.н.
Попов К.М.,ФФ,доцент,к.н.
Алексеев Б.В.,ФМиМ,доцент,д.н.
Лебедева В.И.,ФМиЕН,,к.н.
Иванов Г.Н.,ФМиЕН,ассистент,д.н.
Семенов Г.Н.,ФРТ,профессор,
Новиков К.М.,ФУПМ,профессор,к.н.
Лебедев Б.В.,ФИВТ,профессор,д.н.
Лебедева Ж.Р.,ФПМИ,профессор,к.н.
Смирнов Е.П.,ФПМИ,профессор,
Егоров И.К.,ФИТ,ассистент,
Егоров Ж.Р.,ФРТ,ассистент,д.н.
Смирнов Е.П.,ФУПМ,,
Лебедев З.Т.,ФМиМ,ассистент,к.н.
Смирнов Е.П.,ФФ,профессор,к.н.
Петров Б.В.,ФРТ,ассистент,д.н.
Морозов Ж.Р.,ФМиМ,ассистент,
Смирнов В.И.,ФПМИ,ассистент,
Иванов Б.В.,ФУПМ,,д.н.
Иванов А.А.,ФИВТ,ассистент,д.н.
Сидоров Е.П.,ФПМИ,доцент,д.н.
Морозов А.А.,ФРТ,доцент,д.н.
Новиков А.А.,ФЭТ,доцент,
Лебедев Л.О.,ФМиМ,профессор,д.н.
Попов К.М.,ФЭТ,доцент,к.н.
Сидоров Г.Н.,ФУПМ,доцент,к.н.
Волков И.К.,ФПМИ,ассистент,д.н.
Смирнов Г.Н.,ФРТ,профессор,д.н.
Иванов Е.П.,ИТМО,,д.н.
Морозов Л.О.,ФУПМ,,к.н.
Волков Е.П.,ФРТ,профессор,
Егоров Д.С.,ФМиМ,профессор,
Лебедева М.Ю.,ФИВТ,,к.н.
Петров З.Т.,ФУПМ,доцент,
Волков Ж.Р.,ФМиМ,профессор,к.н.
Морозов К.М.,ФМиЕН,профессор,
Козлов М.Ю.,ФУПМ,,д.н.
Морозов М.Ю.,ИТМО,ассистент,
Соколов Б.В.,ФМиЕН,доцент,д.н.
Лебедева Б.В.,ФУПМ,доцент,д.н.
Кузнецов А.А.,ФРТ,ассистент,
Алексеев Е.П.,ФФ,,к.н.
Новиков З.Т.,ФИТ,,д.н.
Волков Л.О.,ФМиЕН,доцент,
Егоров Ж.Р.,ФМиМ,доцент,
Попов И.К.,ФМиМ,ассистент,к.н.
Козлов В.И.,ФРТ,ассистент,д.н.
Семенов К.М.,ФМиМ,доцент,
Волков З.Т.,ФРТ,профессор,
Егоров Л.О.,ФУПМ,профессор,д.н.
Егоров И.К.,ФМиЕН,доцент,д.н.
Сидоров Г.Н.,ИТМО,профессор,
Кузнецов К.М.,ФПМИ,доцент,к.н.
Сидоров З.Т.,ФУПМ,ассистент,к.н.
Лебедев Ж.Р.,ФФ,,к.н.
Морозов М.Ю.,ФМиМ,профессор,
Егоров М.Ю.,ФИТ,профессор,д.н.
Попов Ж.Р.,ФУПМ,профессор,д.н.
Семенов З.Т.,ИТМО,,
Сидоров В.И.,ФИВТ,,к.н.
Алексеев М.Ю.,ФМиЕН,доцент,
Смирнов Л.О.,ИТМО,ассистент,д.н.
Козлов А.А.,ФРТ,профессор,д.н.
Сидоров И.К.,ФЭТ,ассистент,д.н.
Семенов Б.В.,ФРТ,доцент,к.н.
Сидоров И.К.,ФМиМ,ассистент,д.н.
Иванов М.Ю.,ИТМО,ассистент,д.н.
Петров Д.С.,ИТМО,доцент,
Лебедева Л.О.,ФЭТ,доцент,д.н.
Козлов Г.Н.,ФУПМ,доцент,
Попов Д.С.,ФМиЕН,доцент,
Смирнов Д.С.,ФРТ,,д.н.
Лебедева И.К.,ФИТ,ассистент,д.н.
Козлов М.Ю.,ФЭТ,профессор,к.н.
Соколов К.М.,ФРТ,профессор,
Семенов И.К.,ФЭТ,ассистент,д.н.
Семенов Е.П.,ИТМО,ассистент,к.н.
Смирнов К.М.,ФИВТ,,к.н.
Попов Б.В.,ФМиМ,профессор,д.н.
Кузнецов Е.П.,ФУПМ,ассистент,д.н.
Волков Г.Н.,ФПМИ,доцент,
Кузнецов И.К.,ФРТ,,к.н.
Козлов Д.С.,ФМиЕН,профессор,
Лебедев К.М.,ИТМО,,к.н.
Волков Ж.Р.,ФРТ,доцент,д.н.
Сидоров Л.О.,ФФ,профессор,
Смирнов Л.О.,ФИТ,ассистент,д.н.
Егоров Б.В.,ФМиЕН,ассистент,д.н.
Попов А.А.,ФИВТ,,д.н.
Егоров К.М.,ФЭТ,ассистент,д.н.
Лебедев Ж.Р.,ФПМИ,профессор,д.н.
Козлов Ж.Р.,ИТМО,доцент,
Иванов Е.П.,ФПМИ,профессор,д.н.
Морозов Ж.Р.,ФЭТ,профессор,к.н.
Соколов В.И.,ФЭТ,профессор,
Алексеев Г.Н.,ИТМО,,д.н.
Иванов М.Ю.,ФМиЕН,,д.н.
Козлов Ж.Р.,ФУПМ,доцент,
Кузнецов В.И.,ИТМО,доцент,д.н.
Егоров Е.П.,ФУПМ,профессор,к.н.
Лебедев З.Т.,ФФ,ассистент,к.н.
Лебедева Л.О.,ФФ,,
Соколов А.А.,ФПМИ,профессор,д.н.
Алексеев Л.О.,ФМиЕН,доцент,к.н.
Попов Д.С.,ФРТ,,д.н.
Алексеев К.М.,ФПМИ,ассистент,
Алексеев Д.С.,ФМиЕН,ассистент,
Алексеев Ж.Р.,ФИВТ,доцент,д.н.
Семенов И.К.,ФМиМ,,к.н.
Иванов Ж.Р.,ФФ,профессор,к.н.
Семенов Б.В.,ФПМИ,,
Попов Б.В.,ФПМИ,профессор,д.н.
Смирнов Л.О.,ФЭТ,профессор,к.н.
Волков Ж.Р.,ФПМИ,ассистент,
Лебедева Е.П.,ФПМИ,доцент,
Лебедев В.И.,ФФ,профессор,к.н.
Лебедев И.К.,ФИВТ,доцент,д.н.
Смирнов З.Т.,ФПМИ,,
Кузнецов З.Т.,ФЭТ,,к.н.
Соколов Д.С.,ФИТ,ассистент,
Волков И.К.,ФРТ,доцент,д.н.
Попов Е.П.,ИТМО,,д.н.
Лебедева В.И.,ФПМИ,,
Сидоров Г.Н.,ФУПМ,,
Морозов Г.Н.,ФМиЕН,профессор,к.н.
Смирнов Д.С.,ИТМО,профессор,
Алексеев Б.В.,ФМиМ,,
Семенов Ж.Р.,ФПМИ,,
Лебедева К.М.,ФИТ,доцент,
Волков И.К.,ФЭТ,доцент,
Смирнов Б.В.,ИТМО,профессор,
Кузнецов К.М.,ФФ,,
Иванов Ж.Р.,ФЭТ,ассистент,к.н.
Попов Е.П.,ФУПМ,ассистент,д.н.
Новиков К.М.,ФИТ,ассистент,д.н.
Лебедев З.Т.,ФМиМ,доцент,к.н.
Лебедев Ж.Р.,ФРТ,профессор,
Попов Г.Н.,ФЭТ,ассистент,д.н.
Морозов Б.В.,ИТМО,доцент,д.н.
Кузнецов Е.П.,ФИТ,,
Волков И.К.,ФРТ,ассистент,к.н.
Козлов Ж.Р.,ФМиМ,ассистент,
Волков Б.В.,ФУПМ,профессор,к.н.
Лебедева И.К.,ФПМИ,профессор,д.н.
Смирнов Л.О.,ФУПМ,ассистент,к.н.
Петров Б.В.,ИТМО,профессор,д.н.
Лебедев И.К.,ФФ,профессор,
Кузнецов Д.С.,ФМиМ,профессор,к.н.
Новиков М.Ю.,ФЭТ,профессор,
Волков Б.В.,ФПМИ,,д.н.
Кузнецов И.К.,ФФ,,
Новиков Д.С.,ФУПМ,ассистент,д.н.
Алексеев И.К.,ФУПМ,,д.н.
Лебедева В.И.,ФМиМ,,
Егоров Е.П.,ФПМИ,,
Соколов А.А.,ФПМИ,,д.н.
Сидоров В.И.,ФУПМ,,д.н.
Петров К.М.,ИТМО,доцент,
Петров Г.Н.,ФМиЕН,ассистент,
Алексеев Ж.Р.,ФИТ,профессор,д.н.
Иванов Е.П.,ФЭТ,профессор,к.н.
Лебедева М.Ю.,ФУПМ,доцент,к.н.
Семенов З.Т.,ФРТ,ассистент,к.н.
Лебедев Д.С.,ФМиМ,доцент,к.н.
Сидоров З.Т.,ФЭТ,профессор,
Иванов И.К.,ФПМИ,доцент,
Иванов И.К.,ФФ,,к.н.
Лебедев Г.Н.,ФРТ,доцент,д.н.
Егоров Д.С.,ФМиЕН,ассистент,к.н.
Лебедев З.Т.,ФМиЕН,,к.н.
Морозов Л.О.,ФФ,доцент,к.н.
Егоров Ж.Р.,ФУПМ,,д.н.
Кузнецов В.И.,ФЭТ,доцент,д.н.
Алексеев З.Т.,ФИВТ,профессор,
Алексеев Е.П.,ФУПМ,,д.н.
Иванов З.Т.,ФРТ,ассистент,
Егоров И.К.,ФУПМ,профессор,д.н.
Волков А.А.,ФМиМ,доцент,д.н.
Семенов Л.О.,ИТМО,,к.н.
Волков И.К.,ФМиМ,профессор,к.н.
Лебедев К.М.,ФЭТ,доцент,д.н.
Лебедева Ж.Р.,ФПМИ,ассистент,д.н.
Лебедева Ж.Р.,ФИТ,профессор,
Сидоров Ж.Р.,ФИТ,доцент,к.н.
Попов В.И.,ФИТ,доцент,к.н.
Лебедева Б.В.,ФУПМ,профессор,
Егоров А.А.,ФМиМ,ассистент,д.н.
Сидоров Ж.Р.,ФРТ,профессор,к.н.
Лебедева И.К.,ФУПМ,,к.н.
Кузнецов Б.В.,ФРТ,ассистент,д.н.
Семенов К.М.,ФИВТ,ассистент,к.н.
Смирнов Л.О.,ФПМИ,ассистент,
Морозов Е.П.,ИТМО,доцент,к.н.
Новиков З.Т.,ИТМО,,к.н.
Семенов Л.О.,ФРТ,,д.н.
Петров М.Ю.,ФФ,ассистент,д.н.
Соколов З.Т.,ФПМИ,ассистент,д.н.
Смирнов В.И.,ФУПМ,ассистент,
Алексеев И.К.,ФИВТ,профессор,к.н.
Морозов Ж.Р.,ФРТ,ассистент,д.н.
Волков Ж.Р.,ФМиМ,,д.н.
Новиков М.Ю.,ФЭТ,,к.н.
Сидоров Л.О.,ФМиЕН,ассистент,
Иванов З.Т.,ИТМО,ассистент,
Соколов В.И.,ФМиМ,,к.н.
Егоров Д.С.,ИТМО,профессор,
Иванов Б.В.,ФПМИ,профессор,
Иванов М.Ю.,ФМиЕН,доцент,д.н.
Попов В.И.,ФЭТ,доцент,д.н.
Козлов Ж.Р.,ФИТ,,к.н.
Соколов Б.В.,ФИТ,доцент,
Морозов Г.Н.,ФПМИ,доцент,д.н.
Семенов К.М.,ФРТ,,д.н.
Волков Е.П.,ФУПМ,,
Новиков М.Ю.,ФРТ,ассистент,
Смирнов З.Т.,ФЭТ,ассистент,к.н.
Смирнов И.К.,ФФ,профессор,к.н.
Иванов М.Ю.,ИТМО,,д.н.
Кузнецов В.И.,ФРТ,профессор,к.н.
Сидоров Л.О.,ФУПМ,доцент,
Соколов А.А.,ФИТ,,
Волков З.Т.,ФРТ,,к.н.
Лебедева Б.В.,ФИТ,ассистент,д.н.
Попов Л.О.,ФМиЕН,ассистент,к.н.
Иванов И.К.,ФМиЕН,доцент,д.н.
Новиков З.Т.,ФИТ,доцент,к.н.
Морозов А.А.,ФРТ,ассистент,к.н.
Волков З.Т.,ФПМИ,,д.н.
Иванов З.Т.,ФУПМ,,к.н.
Кузнецов М.Ю.,ФМиМ,,
Петров Е.П.,ФМиМ,,к.н.
Соколов З.Т.,ФМиМ,профессор,к.н.
Попов В.И.,ФПМИ,доцент,д.н.
Алексеев М.Ю.,ФРТ,ассистент,к.н.
Кузнецов Д.С.,ФМиЕН,,д.н.
Егоров К.М.,ИТМО,ассистент,д.н.
Семенов К.М.,ФМиЕН,доцент,к.н.
Егоров Г.Н.,ФИТ,доцент,
Егоров Л.О.,ФМиМ,,д.н.
Соколов Ж.Р.,ФУПМ,профессор,к.н.
Смирнов Б.В.,ФРТ,доцент,к.н.
Лебедев К.М.,ФИТ,профессор,д.н.
Алексеев И.К.,ИТМО,,к.н.
Лебедев В.И.,ИТМО,профессор,д.н.
Лебедев Д.С.,ФИВТ,профессор,д.н.
Козлов Д.С.,ФИТ,,д.н.
Лебедева М.Ю.,ФМиМ,профессор,
Алексеев М.Ю.,ФИТ,профессор,д.н.
Петров Б.В.,ФМиМ,ассистент,
Лебедев Г.Н.,ФЭТ,доцент,д.н.
Лебедев В.И.,ФМиЕН,профессор,
Лебедев Ж.Р.,ФФ,доцент,к.н.
Соколов Е.П.,ФУПМ,доцент,
Козлов Ж.Р.,ФМиМ,,
Морозов В.И.,ФМиЕН,доцент,
Смирнов Е.П.,ФМиМ,доцент,
Попов А.А.,ФЭТ,ассистент,к.н.
Иванов Б.В.,ИТМО,профессор,д.н.
Попов Л.О.,ФМиЕН,,д.н.
Егоров В.И.,ФРТ,профессор,
Сидоров А.А.,ИТМО,профессор,д.н.
Алексеев И.К.,ФУПМ,доцент,к.н.
Лебедев В.И.,ФРТ,доцент,к.н.
Алексеев З.Т.,ФФ,доцент,к.н.
Иванов В.И.,ФМиЕН,профессор,
Козлов Ж.Р.,ФУПМ,ассистент,
Сидоров Е.П.,ИТМО,ассистент,
Лебедев Ж.Р.,ФФ,ассистент,к.н.
Смирнов Ж.Р.,ФПМИ,доцент,к.н.
Иванов Г.Н.,ФИТ,,
Петров Е.П.,ФФ,,к.н.
Алексеев В.И.,ФИВТ,профессор,к.н.
Козлов В.И.,ФРТ,доцент,д.н.
Лебедева Г.Н.,ИТМО,ассистент,
Соколов К.М.,ФМиМ,профессор,к.н.
Егоров Г.Н.,ФИТ,ассистент,д.н.
Козлов М.Ю.,ИТМО,доцент,
Семенов З.Т.,ФМиЕН,профессор,
Козлов Д.С.,ФРТ,,
Лебедева И.К.,ФПМИ,,
Егоров М.Ю.,ФФ,профессор,к.н.
Сидоров Ж.Р.,ФФ,,
Новиков В.И.,ФМиМ,,к.н.
Иванов В.И.,ФФ,доцент,
Морозов Г.Н.,ФУПМ,профессор,к.н.
Иванов Л.О.,ФМиЕН,ассистент,к.н.
Попов Л.О.,ФИТ,,
Морозов И.К.,ФМиЕН,,
Смирнов В.И.,ФУПМ,доцент,д.н.
Семенов А.А.,ФИВТ,,
Козлов А.А.,ФИТ,,
Егоров З.Т.,ФИТ,профессор,д.н.
Лебедев З.Т.,ФФ,,д.н.
Попов И.К.,ФИВТ,доцент,
Кузнецов И.К.,ФРТ,профессор,д.н.
Лебедева Ж.Р.,ФИВТ,доцент,д.н.
Егоров Б.В.,ФПМИ,ассистент,
Смирнов Е.П.,ФМиМ,,к.н.
Алексеев А.А.,ФМиЕН,профессор,к.н.
Сидоров А.А.,ФИВТ,ассистент,
Морозов М.Ю.,ФПМИ,,д.н.
Волков Ж.Р.,ФПМИ,доцент,д.н.
Козлов В.И.,ФЭТ,,к.н.
Волков Е.П.,ФИВТ,доцент,
Егоров И.К.,ИТМО,профессор,
Петров Б.В.,ИТМО,,к.н.
Морозов К.М.,ФЭТ,ассистент,д.н.
Кузнецов А.А.,ФМиМ,ассистент,
Смирнов Б.В.,ФМиЕН,профессор,
Лебедев Б.В.,ФПМИ,ассистент,к.н.
Волков К.М.,ФЭТ,ассистент,д.н.
Егоров К.М.,ФИВТ,профессор,к.н.
Волков Ж.Р.,ФЭТ,,к.н.
Лебедев В.И.,ФУПМ,доцент,
Соколов К.М.,ФМиМ,,д.н.
Морозов З.Т.,ФЭТ,доцент,д.н.
Смирнов Ж.Р.,ИТМО,доцент,
Петров Г.Н.,ФИТ,,
Семенов М.Ю.,ФМиМ,ассистент,к.н.
Сидоров Г.Н.,ФУПМ,доцент,к.н.
Семенов З.Т.,ФФ,профессор,к.н.
Соколов А.А.,ФМиЕН,ассистент,к.н.
Кузнецов З.Т.,ФМиМ,доцент,д.н.
Петров Д.С.,ФРТ,ассистент,д.н.
Смирнов Л.О.,ФИТ,доцент,к.н.
Новиков В.И.,ФЭТ,,к.н.
Кузнецов Б.В.,ФФ,ассистент,д.н.
Морозов Л.О.,ФРТ,доцент,д.н.
Козлов Ж.Р.,ФФ,,к.н.
Алексеев Ж.Р.,ФРТ,профессор,
Семенов М.Ю.,ФМиМ,ассистент,д.н.
Лебедева К.М.,ФРТ,ассистент,д.н.
Семенов Ж.Р.,ФФ,ассистент,д.н.
Иванов Л.О.,ФИВТ,,
Петров А.А.,ФУПМ,профессор,
Козлов Ж.Р.,ФИТ,,д.н.
Лебедев Д.С.,ИТМО,,к.н.
Лебедева Г.Н.,ИТМО,доцент,
Егоров Е.П.,ФЭТ,ассистент,к.н.
Алексеев Е.П.,ФЭТ,,к.н.
Попов И.К.,ФМиМ,профессор,к.н.
Семенов З.Т.,ФЭТ,доцент,
Алексеев Д.С.,ФМиЕН,профессор,к.н.
Новиков Д.С.,ФИТ,ассистент,д.н.
Новиков К.М.,ФФ,,д.н.
Егоров З.Т.,ФИТ,доцент,к.н.
Новиков Д.С.,ИТМО,,д.н.
Лебедева Г.Н.,ИТМО,,
Алексеев В.И.,ФУПМ,ассистент,к.н.
Сидоров Е.П.,ФРТ,ассистент,д.н.
Морозов И.К.,ФЭТ,профессор,д.н.
Попов К.М.,ФМиМ,профессор,к.н.
Кузнецов Е.П.,ФМиМ,,д.н.
Егоров Л.О.,ФЭТ,доцент,
Кузнецов Б.В.,ФИВТ,профессор,
Лебедева И.К.,ФМиМ,профессор,
Петров Е.П.,ФМиЕН,ассистент,д.н.
Волков З.Т.,ФПМИ,профессор,д.н.
Новиков Ж.Р.,ФУПМ,профессор,
Кузнецов А.А.,ИТМО,,к.н.
Егоров Б.В.,ФИВТ,доцент,д.н.
Смирнов З.Т.,ФЭТ,профессор,
Попов В.И.,ФЭТ,профессор,д.н.
Петров Ж.Р.,ИТМО,профессор,д.н.
Кузнецов Г.Н.,ФПМИ,ассистент,
Морозов И.К.,ФМиМ,,к.н.
Смирнов К.М.,ФФ,ассистент,к.н.
Морозов Л.О.,ФУПМ,,
Попов В.И.,ФИТ,профессор,
Лебедев Е.П.,ФЭТ,профессор,д.н.
Егоров М.Ю.,ФУПМ,профессор,
Сидоров М.Ю.,ФМиЕН,доцент,к.н.
Новиков Б.В.,ФУПМ,профессор,
Соколов М.Ю.,ФМиЕН,профессор,д.н.
Смирнов Е.П.,ФИТ,профессор,д.н.
Смирнов А.А.,ФПМИ,ассистент,
Сидоров Б.В.,ФПМИ,,д.н.
Попов Е.П.,ФМиЕН,профессор,д.н.
Лебедев И.К.,ФЭТ,ассистент,к.н.
Лебедев Б.В.,ФЭТ,доцент,д.н.
Сидоров К.М.,ФПМИ,,к.н.
Егоров Л.О.,ФФ,,к.н.
Петров Д.С.,ФЭТ,профессор,к.н.
Петров Л.О.,ФФ,доцент,д.н.
Кузнецов А.А.,ФРТ,профессор,
Егоров Г.Н.,ФМиЕН,доцент,к.н.
Лебедева З.Т.,ФЭТ,,
Смирнов Е.П.,ИТМО,доцент,д.н.
Попов И.К.,ФРТ,ассистент,
Сидоров А.А.,ФПМИ,ассистент,
Сидоров А.А.,ФРТ,,
Петров Л.О.,ФПМИ,профессор,д.н.
Лебедев В.И.,ФИВТ,профессор,д.н.
Егоров Е.П.,ФМиЕН,доцент,д.н.
Соколов И.К.,ФЭТ,профессор,д.н.
Иванов В.И.,ФЭТ,профессор,
Иванов Л.О.,ФУПМ,ассистент,д.н.
Попов А.А.,ФУПМ,ассистент,к.н.
Попов К.М.,ФЭТ,,д.н.
Петров Ж.Р.,ИТМО,ассистент,
Сидоров И.К.,ФРТ,,к.н.
Иванов З.Т.,ФИВТ,доцент,к.н.
Кузнецов А.А.,ФМиМ,ассистент,к.н.
Смирнов Л.О.,ФМиЕН,ассистент,
Козлов Д.С.,ФИВТ,доцент,к.н.
Волков Е.П.,ФФ,доцент,к.н.
Егоров М.Ю.,ФУПМ,,
Егоров Г.Н.,ФИТ,доцент,д.н.
Петров Е.П.,ФФ,ассистент,к.н.
Попов Б.В.,ИТМО,ассистент,
Сидоров Ж.Р.,ФИТ,профессор,д.н.
Иванов И.К.,ФФ,,д.н.
Новиков Е.П.,ФМиМ,,д.н.
Соколов К.М.,ФРТ,,к.н.
Иванов Ж.Р.,ФИТ,ассистент,д.н.
Семенов Д.С.,ФМиЕН,ассистент,к.н.
Лебедев И.К.,ФПМИ,доцент,д.н.
Морозов Г.Н.,ФМиМ,ассистент,к.н.
Петров Г.Н.,ФИВТ,доцент,к.н.
Попов Б.В.,ФИВТ,доцент,
Попов Б.В.,ФМиМ,доцент,к.н.
Волков Б.В.,ИТМО,,
Козлов Г.Н.,ФМиЕН,доцент,д.н.
Соколов Ж.Р.,ФПМИ,профессор,
Егоров К.М.,ФФ,профессор,д.н.
Лебедева З.Т.,ФФ,ассистент,к.н.
Волков М.Ю.,ФРТ,доцент,к.н.
Новиков Б.В.,ФЭТ,профессор,к.н.
Лебедева И.К.,ФПМИ,профессор,
Алексеев Ж.Р.,ФРТ,профессор,к.н.
Иванов В.И.,ФПМИ,доцент,д.н.
Иванов И.К.,ФМиЕН,,к.н.
Смирнов Г.Н.,ФРТ,ассистент,
Кузнецов В.И.,ФЭТ,ассистент,к.н.
Новиков Г.Н.,ФЭТ,доцент,д.н.
Козлов Д.С.,ФЭТ,ассистент,
Петров Е.П.,ИТМО,профессор,
Егоров М.Ю.,ФПМИ,ассистент,д.н.
Попов К.М.,ФЭТ,профессор,к.н.
Сидоров Д.С.,ФМиМ,,
Петров В.И.,ФРТ,,к.н.
Смирнов Е.П.,ФМиЕН,доцент,к.н.
Петров Б.В.,ФИТ,ассистент,д.н.
Егоров Д.С.,ФУПМ,,
Волков И.К.,ФМиМ,профессор,д.н.
Лебедев М.Ю.,ФЭТ,,к.н.
Лебедев А.А.,ФРТ,доцент,
Егоров З.Т.,ФУПМ,,
Волков Е.П.,ФУПМ,профессор,
Сидоров Б.В.,ФУПМ,доцент,к.н.
Смирнов В.И.,ФРТ,доцент,
Новиков И.К.,ФМиЕН,ассистент,д.н.
Морозов Е.П.,ФПМИ,,к.н.
Соколов З.Т.,ИТМО,доцент,д.н.
Семенов Б.В.,ФПМИ,профессор,
Сидоров В.И.,ФМиЕН,ассистент,к.н.
Сидоров Е.П.,ФПМИ,доцент,
Соколов Л.О.,ФУПМ,доцент,к.н.
Лебедева А.А.,ИТМО,ассистент,д.н.
Егоров З.Т.,ФИВТ,профессор,к.н.
Козлов К.М.,ФФ,доцент,д.н.
Сидоров Г.Н.,ФМиМ,доцент,
Смирнов Ж.Р.,ФМиМ,,
Новиков Е.П.,ФМиЕН,,к.н.
Петров В.И.,ФПМИ,ассистент,д.н.
Семенов Е.П.,ФМиМ,ассистент,к.н.
Сидоров Л.О.,ФУПМ,,к.н.
Семенов А.А.,ФФ,профессор,к.н.
Волков Г.Н.,ФПМИ,ассистент,д.н.
Морозов В.И.,ФМиМ,,д.н.
Егоров Б.В.,ФЭТ,доцент,к.н.
Соколов В.И.,ИТМО,ассистент,к.н.
Егоров Л.О.,ФПМИ,профессор,
Волков И.К.,ФФ,профессор,к.н.
Петров К.М.,ФРТ,,
Лебедев И.К.,ФЭТ,доцент,
Петров З.Т.,ФУПМ,,к.н.
Лебедева Д.С.,ФПМИ,профессор,
Волков А.А.,ФИВТ,доцент,к.н.
Кузнецов И.К.,ФУПМ,,д.н.
Кузнецов Л.О.,ФМиМ,ассистент,д.н.
Семенов Д.С.,ФМиЕН,ассистент,к.н.
Семенов Л.О.,ФПМИ,ассистент,
Кузнецов Ж.Р.,ФИТ,профессор,к.н.
Козлов З.Т.,ФПМИ,доцент,д.н.
Попов К.М.,ФЭТ,доцент,
Алексеев В.И.,ФПМИ,профессор,
Петров И.К.,ФФ,,к.н.
Соколов З.Т.,ФИТ,профессор,
Петров А.А.,ФУПМ,ассистент,д.н.
Семенов Е.П.,ФМиМ,профессор,
Морозов Г.Н.,ИТМО,доцент,к.н.
Семенов И.К.,ФМиЕН,ассистент,к.н.
Сидоров Г.Н.,ФМиМ,,
Новиков Е.П.,ИТМО,профессор,д.н.
Семенов Е.П.,ФЭТ,ассистент,к.н.
Сидоров Г.Н.,ФМиМ,доцент,д.н.
Сидоров И.К.,ФИВТ,доцент,д.н.
Соколов Г.Н.,ИТМО,ассистент,
Попов Б.В.,ФУПМ,ассистент,
Козлов В.И.,ФРТ,доцент,
Лебедев В.И.,ФУПМ,профессор,
Смирнов В.И.,ФИВТ,ассистент,
Алексеев Г.Н.,ФРТ,профессор,
Лебедев В.И.,ФИВТ,ассистент,
Петров Е.П.,ФРТ,,д.н.
Смирнов З.Т.,ФИВТ,доцент,д.н.
Сидоров И.К.,ИТМО,ассистент,к.н.
Петров А.А.,ИТМО,доцент,к.н.
Лебедева З.Т.,ФЭТ,,д.н.
Соколов Г.Н.,ФМиМ,доцент,
Соколов К.М.,ФМиМ,ассистент,
Попов А.А.,ФУПМ,доцент,
Лебедев А.А.,ФМиМ,ассистент,д.н.
Лебедева В.И.,ФМиЕН,,
Алексеев К.М.,ФИВТ,ассистент,д.н.
Морозов Л.О.,ФИТ,доцент,д.н.
Иванов Д.С.,ФИВТ,профессор,
Семенов З.Т.,ФИВТ,профессор,д.н.
Лебедев И.К.,ФПМИ,доцент,д.н.
Новиков М.Ю.,ФФ,,
Соколов Б.В.,ФУПМ,доцент,к.н.
Козлов И.К.,ФПМИ,ассистент,д.н.
Алексеев А.А.,ФЭТ,ассистент,
Сидоров Ж.Р.,ФФ,доцент,д.н.
Соколов М.Ю.,ФМиМ,профессор,
Петров Д.С.,ФФ,,д.н.
Новиков Б.В.,ФУПМ,,
Иванов Г.Н.,ИТМО,ассистент,д.н.
Петров И.К.,ФПМИ,профессор,
Петров В.И.,ФФ,ассистент,д.н.
Новиков З.Т.,ФУПМ,ассистент,к.н.
Егоров Е.П.,ФЭТ,профессор,д.н.
Лебедев Е.П.,ФМиМ,,
Петров Г.Н.,ФРТ,,д.н.
Морозов Л.О.,ФУПМ,доцент,д.н.
Попов Е.П.,ФПМИ,ассистент,к.н.
Сидоров З.Т.,ФЭТ,,к.н.
Семенов Б.В.,ФПМИ,профессор,к.н.
Новиков А.А.,ФИВТ,доцент,
Лебедев Ж.Р.,ФРТ,ассистент,д.н.
Егоров Ж.Р.,ФИВТ,профессор,
Кузнецов А.А.,ФЭТ,,к.н.
Петров В.И.,ФРТ,профессор,д.н.
Егоров Е.П.,ФЭТ,профессор,к.н.
Волков Е.П.,ФИТ,,
Семенов Ж.Р.,ИТМО,,к.н.
Волков В.И.,ФМиЕН,профессор,к.н.
Семенов Е.П.,ФИТ,доцент,
Смирнов К.М.,ФЭТ,доцент,д.н.
Козлов В.И.,ФРТ,,д.н.
Семенов З.Т.,ФМиЕН,,к.н.
Смирнов А.А.,ФУПМ,,
Лебедева А.А.,ФПМИ,,
Лебедев Е.П.,ИТМО,доцент,к.н.
Лебедева К.М.,ФРТ,доцент,к.н.
Попов В.И.,ФМиЕН,профессор,
Попов А.А.,ФМиЕН,профессор,д.н.
Попов Д.С.,ФИТ,профессор,к.н.
Смирнов Ж.Р.,ФМиЕН,профессор,д.н.
Алексеев З.Т.,ФРТ,ассистент,
Лебедев И.К.,ФРТ,профессор,д.н.
Кузнецов Д.С.,ФИТ,профессор,к.н.
Алексеев К.М.,ФПМИ,профессор,
Морозов И.К.,ФИТ,ассистент,
Кузнецов И.К.,ФМиМ,доцент,д.н.
Соколов Г.Н.,ФУПМ,ассистент,д.н.
Волков К.М.,ФМиМ,ассистент,д.н.
Козлов М.Ю.,ФИТ,ассистент,к.н.
Алексеев Е.П.,ФРТ,,
Лебедева Л.О.,ФУПМ,,
Козлов А.А.,ФУПМ,доцент,к.н.
Семенов Ж.Р.,ФУПМ,доцент,
Егоров А.А.,ФИВТ,ассистент,к.н.
Волков М.Ю.,ИТМО,профессор,к.н.
Новиков Л.О.,ФУПМ,доцент,
Попов Д.С.,ФЭТ,,к.н.
Волков Е.П.,ФМиЕН,профессор,д.н.
Егоров Ж.Р.,ИТМО,профессор,к.н.
Семенов Б.В.,ФЭТ,доцент,к.н.
Иванов К.М.,ФМиМ,,к.н.
Соколов К.М.,ФПМИ,профессор,к.н.
Алексеев Б.В.,ФМиЕН,профессор,д.н.
Попов З.Т.,ФМиМ,,
Смирнов Л.О.,ФМиМ,,к.н.
Волков Б.В.,ФЭТ,доцент,
Новиков Б.В.,ФЭТ,,
Петров Д.С.,ФЭТ,,к.н.
Алексеев М.Ю.,ФПМИ,профессор,к.н.
Алексеев Е.П.,ФРТ,доцент,д.н.
Козлов А.А.,ФИВТ,профессор,к.н.
Попов К.М.,ФМиМ,,
Лебедева Д.С.,ФМиЕН,ассистент,к.н.
Волков Л.О.,ФУПМ,,д.н.
Лебедев И.К.,ФИВТ,ассистент,к.н.
Лебедев А.А.,ФПМИ,доцент,к.н.
Сидоров В.И.,ФИТ,ассистент,к.н.
Соколов К.М.,ФИТ,доцент,д.н.
Попов Е.П.,ФРТ,доцент,д.н.
Петров Д.С.,ФПМИ,доцент,д.н.
Морозов И.К.,ФИВТ,,д.н.
Кузнецов К.М.,ФМиЕН,доцент,к.н.
Алексеев Б.В.,ФМиЕН,ассистент,к.н.
Иванов З.Т.,ФИТ,ассистент,к.н.
Новиков Д.С.,ФМиЕН,ассистент,к.н.
Лебедев З.Т.,ФУПМ,профессор,д.н.
Егоров В.И.,ФМиЕН,ассистент,д.н.
Морозов Г.Н.,ФФ,ассистент,к.н.
Егоров Е.П.,ФМиЕН,,
Лебедева З.Т.,ФПМИ,доцент,к.н.
Алексеев Л.О.,ФМиЕН,профессор,д.н.
Соколов Ж.Р.,ФПМИ,ассистент,
Сидоров М.Ю.,ИТМО,,
Соколов Д.С.,ФРТ,доцент,
Семенов Ж.Р.,ФЭТ,профессор,д.н.
Иванов М.Ю.,ФУПМ,,к.н.
Лебедева Л.О.,ФФ,доцент,д.н.
Козлов И.К.,ФМиМ,ассистент,к.н.
Смирнов З.Т.,ИТМО,,
Смирнов И.К.,ФИТ,доцент,д.н.
Сидоров А.А.,ФМиЕН,доцент,к.н.
Новиков Е.П.,ФУПМ,доцент,д.н.
Лебедев К.М.,ФИВТ,доцент,к.н.
Кузнецов Г.Н.,ФИВТ,профессор,
Алексеев И.К.,ФУПМ,доцент,д.н.
Козлов Ж.Р.,ФРТ,профессор,д.н.
Петров В.И.,ФМиМ,профессор,д.н.
Волков Г.Н.,ФИВТ,профессор,д.н.
Сидоров А.А.,ФИВТ,,к.н.
Иванов Л.О.,ФРТ,ассистент,
Смирнов Д.С.,ФРТ,доцент,д.н.
Соколов Д.С.,ФПМИ,,
Лебедева Г.Н.,ФМиЕН,профессор,к.н.
Иванов З.Т.,ФМиМ,ассистент,д.н.
Иванов Г.Н.,ФРТ,ассистент,д.н.
Попов А.А.,ФМиМ,,д.н.
Семенов Ж.Р.,ФЭТ,доцент,к.н.
Попов Б.В.,ФЭТ,,
Петров В.И.,ФФ,профессор,
Новиков А.А.,ФРТ,ассистент,д.н.
Кузнецов К.М.,ИТМО,доцент,к.н.
Иванов А.А.,ФЭТ,ассистент,к.н.
Алексеев З.Т.,ФУПМ,,
Новиков А.А.,ФРТ,ассистент,
Петров М.Ю.,ФРТ,профессор,
Козлов М.Ю.,ФЭТ,доцент,д.н.
Алексеев А.А.,ФФ,доцент,д.н.
Кузнецов Г.Н.,ФУПМ,профессор,
Новиков В.И.,ФЭТ,профессор,к.н.
Новиков А.А.,ФФ,ассистент,д.н.
Лебедев Д.С.,ФИТ,ассистент,к.н.
Смирнов Б.В.,ФИТ,доцент,
Кузнецов Б.В.,ФПМИ,доцент,
Козлов М.Ю.,ФФ,профессор,
Петров Л.О.,ИТМО,,
Лебедев Ж.Р.,ФИТ,профессор,
Морозов Б.В.,ФИТ,доцент,д.н.
Козлов Е.П.,ФМиЕН,,
Волков И.К.,ФУПМ,профессор,к.н.
Иванов И.К.,ФМиМ,доцент,к.н.
Алексеев М.Ю.,ФИВТ,профессор,
Новиков Ж.Р.,ФИВТ,доцент,
Морозов А.А.,ФУПМ,,к.н.
Кузнецов Б.В.,ФПМИ,,д.н.
Смирнов В.И.,ФМиЕН,,к.н.
Егоров Ж.Р.,ФИТ,,к.н.
Смирнов Д.С.,ФФ,доцент,к.н.
Алексеев Д.С.,ФМиЕН,профессор,д.н.
Сидоров Л.О.,ФМиМ,доцент,к.н.
Алексеев Л.О.,ИТМО,доцент,д.н.
Козлов А.А.,ФПМИ,профессор,к.н.
Морозов Д.С.,ФФ,,
Егоров Б.В.,ИТМО,доцент,к.н.
Волков И.К.,ФПМИ,профессор,
Смирнов И.К.,ФМиМ,,к.н.
Новиков К.М.,ФИВТ,,к.н.
Морозов Б.В.,ФРТ,профессор,д.н.
Петров Ж.Р.,ИТМО,ассистент,к.н.
Морозов Ж.Р.,ФЭТ,профессор,к.н.
Петров К.М.,ФИВТ,профессор,к.н.
Лебедев З.Т.,ФИТ,,д.н.
Кузнецов И.К.,ФМиЕН,ассистент,к.н.
Попов Б.В.,ФРТ,,к.н.
Козлов З.Т.,ФИТ,ассистент,
Семенов Д.С.,ФРТ,профессор,
Егоров Д.С.,ФМиЕН,профессор,
Петров А.А.,ФМиЕН,,
Морозов Л.О.,ФМиМ,,к.н.
Волков М.Ю.,ФМиЕН,доцент,д.н.
Новиков В.И.,ФМиЕН,профессор,
Новиков М.Ю.,ФУПМ,профессор,д.н.
Кузнецов Ж.Р.,ФПМИ,профессор,к.н.
Волков М.Ю.,ФЭТ,,д.н.
Кузнецов Г.Н.,ФИВТ,профессор,д.н.
Сидоров Д.С.,ФФ,доцент,
Морозов А.А.,ИТМО,,д.н.
Козлов З.Т.,ФУПМ,профессор,
Смирнов К.М.,ФИВТ,доцент,
Лебедев Ж.Р.,ФПМИ,профессор,к.н.
Соколов В.И.,ФЭТ,ассистент,д.н.
Алексеев В.И.,ФЭТ,профессор,
Морозов Е.П.,ИТМО,ассистент,д.н.
Иванов Б.В.,ФИТ,доцент,к.н.
Новиков А.А.,ФИВТ,профессор,д.н.
Новиков З.Т.,ФИВТ,доцент,к.н.
Козлов А.А.,ИТМО,ассистент,к.н.
Лебедев Б.В.,ФФ,профессор,к.н.
Соколов Л.О.,ФИТ,,д.н.
Сидоров Б.В.,ФРТ,,
Алексеев Л.О.,ФФ,профессор,к.н.
Кузнецов Ж.Р.,ФЭТ,,д.н.
Попов Ж.Р.,ФИТ,,д.н.
Козлов В.И.,ФМиЕН,,к.н.
Морозов А.А.,ФРТ,ассистент,к.н.
Козлов З.Т.,ФЭТ,доцент,д.н.
Алексеев М.Ю.,ФМиМ,ассистент,
Кузнецов Г.Н.,ФИТ,,д.н.
Алексеев В.И.,ФМиЕН,профессор,к.н.
Попов З.Т.,ФФ,ассистент,
Кузнецов А.А.,ФМиЕН,доцент,д.н.
Кузнецов Г.Н.,ФРТ,профессор,
Кузнецов Б.В.,ФМиЕН,,д.н.
Новиков Г.Н.,ФИВТ,,д.н.
Волков З.Т.,ФМиМ,профессор,
Попов М.Ю.,ФРТ,ассистент,
Морозов М.Ю.,ФИТ,доцент,д.н.
Петров Л.О.,ФИТ,ассистент,
Петров К.М.,ФПМИ,,д.н.
Егоров К.М.,ФЭТ,доцент,
Соколов К.М.,ФРТ,,д.н.
Новиков М.Ю.,ФУПМ,ассистент,
Попов И.К.,ФИТ,профессор,
Петров Г.Н.,ФМиЕН,,
Лебедева Л.О.,ФМиМ,,д.н.
Морозов Г.Н.,ФПМИ,доцент,д.н.
Морозов К.М.,ФИВТ,профессор,к.н.
Алексеев И.К.,ФУПМ,профессор,к.н.
Смирнов И.К.,ФИТ,профессор,д.н.
Иванов А.А.,ФРТ,,к.н.
Смирнов И.К.,ФИТ,,
Новиков И.К.,ФФ,доцент,
Алексеев М.Ю.,ФИТ,ассистент,д.н.
Петров М.Ю.,ФЭТ,профессор,
Иванов Б.В.,ФМиМ,профессор,д.н.
Иванов М.Ю.,ИТМО,доцент,д.н.
Иванов Г.Н.,ФРТ,доцент,
Новиков В.И.,ФРТ,,д.н.
Смирнов З.Т.,ФМиМ,доцент,д.н.
Попов А.А.,ИТМО,профессор,
Новиков Е.П.,ФУПМ,профессор,к.н.
Лебедева Г.Н.,ФЭТ,,к.н.
Морозов Г.Н.,ИТМО,доцент,
Егоров Е.П.,ФМиЕН,ассистент,
Алексеев Б.В.,ФФ,ассистент,
Козлов Г.Н.,ФМиЕН,профессор,
Кузнецов А.А.,ФМиМ,доцент,д.н.
Иванов А.А.,ФФ,доцент,д.н.
Сидоров З.Т.,ФЭТ,профессор,
Лебедев Д.С.,ФЭТ,профессор,к.н.
Морозов Л.О.,ФФ,ассистент,д.н.
Волков В.И.,ФРТ,ассистент,д.н.
Лебедева Г.Н.,ФМиЕН,доцент,
Новиков А.А.,ИТМО,ассистент,
Соколов З.Т.,ФПМИ,профессор,
Смирнов Е.П.,ИТМО,ассистент,д.н.
Иванов В.И.,ФРТ,,
Кузнецов Е.П.,ФИТ,доцент,
Попов З.Т.,ФМиЕН,профессор,д.н.
Морозов Е.П.,ФУПМ,профессор,д.н.
Сидоров Б.В.,ФРТ,,д.н.
Петров К.М.,ФУПМ,,к.н.
Лебедев К.М.,ИТМО,,д.н.
Соколов Ж.Р.,ФИТ,профессор,
Семенов Д.С.,ФЭТ,ассистент,
Морозов И.К.,ФФ,профессор,д.н.
Семенов Б.В.,ФЭТ,,к.н.
Петров М.Ю.,ФУПМ,доцент,д.н.
Козлов Д.С.,ФМиМ,ассистент,
Смирнов М.Ю.,ИТМО,доцент,д.н.
Смирнов Л.О.,ФМиЕН,ассистент,д.н.
Петров Л.О.,ФИТ,профессор,к.н.
Алексеев И.К.,ФМиЕН,доцент,
Новиков Г.Н.,ФИТ,ассистент,
Петров Д.С.,ИТМО,ассистент,
Алексеев Л.О.,ФУПМ,ассистент,
Козлов М.Ю.,ФЭТ,профессор,д.н.
Петров Д.С.,ФИТ,,к.н.
Смирнов К.М.,ФИВТ,,к.н.
Егоров Л.О.,ФУПМ,,
Сидоров Г.Н.,ФУПМ,ассистент,к.н.
Новиков И.К.,ФПМИ,ассистент,д.н.
Козлов Ж.Р.,ИТМО,,д.н.
Лебедев Г.Н.,ФФ,доцент,д.н.
Иванов Б.В.,ФУПМ,,д.н.
Петров Ж.Р.,ФМиЕН,профессор,д.н.
Лебедева В.И.,ИТМО,доцент,д.н.
Соколов А.А.,ФМиМ,,
Алексеев И.К.,ФМиМ,доцент,д.н.
Смирнов Ж.Р.,ФПМИ,профессор,д.н.
Соколов З.Т.,ФПМИ,ассистент,д.н.
Алексеев Ж.Р.,ФУПМ,доцент,
Волков Б.В.,ФУПМ,доцент,
Егоров К.М.,ФРТ,профессор,
Соколов Л.О.,ИТМО,,
Козлов Ж.Р.,ФПМИ,доцент,к.н.
Алексеев В.И.,ФУПМ,доцент,
Смирнов А.А.,ФИТ,ассистент,к.н.
Иванов И.К.,ФПМИ,ассистент,к.н.
Козлов И.К.,ФИВТ,ассистент,
Семенов И.К.,ИТМО,ассистент,к.н.
Волков Б.В.,ФФ,доцент,д.н.
Лебедева Г.Н.,ФЭТ,профессор,к.н.
Алексеев Г.Н.,ФУПМ,ассистент,к.н.
Петров Е.П.,ФРТ,ассистент,
Кузнецов Г.Н.,ФУПМ,профессор,
Лебедева И.К.,ФМиМ,,
Семенов М.Ю.,ФФ,доцент,
Лебедев И.К.,ФПМИ,,
Иванов К.М.,ФИТ,доцент,к.н.
Морозов Е.П.,ФИВТ,,к.н.
Сидоров А.А.,ФМиЕН,доцент,
Кузнецов М.Ю.,ФПМИ,ассистент,к.н.
Новиков З.Т.,ФИТ,ассистент,
Кузнецов Е.П.,ФМиМ,,к.н.
Кузнецов Л.О.,ФЭТ,ассистент,к.н.
Попов К.М.,ФРТ,ассистент,
Сидоров К.М.,ФМиЕН,профессор,д.н.
Иванов Ж.Р.,ИТМО,доцент,
Волков Г.Н.,ФИВТ,профессор,к.н.
Попов З.Т.,ФПМИ,доцент,д.н.
Новиков К.М.,ФУПМ,доцент,к.н.
Смирнов Л.О.,ФМиЕН,ассистент,к.н.
Семенов Б.В.,ФФ,доцент,д.н.
Лебедева Д.С.,ФИВТ,ассистент,к.н.
Лебедев Е.П.,ФПМИ,доцент,
Волков А.А.,ФПМИ,профессор,д.н.
Смирнов Е.П.,ФПМИ,ассистент,д.н.
Новиков Ж.Р.,ФИВТ,доцент,
Алексеев Г.Н.,ИТМО,ассистент,
Соколов В.И.,ФМиМ,ассистент,д.н.
Кузнецов Д.С.,ФПМИ,ассистент,д.н.
Лебедева Г.Н.,ФИВТ,,
Соколов К.М.,ФУПМ,ассистент,к.н.
Попов Е.П.,ФПМИ,,
Семенов К.М.,ФПМИ,ассистент,к.н.
Лебедева К.М.,ФИВТ,доцент,
Егоров Г.Н.,ФИТ,профессор,к.н.
Козлов Д.С.,ФМиЕН,доцент,д.н.
Попов Б.В.,ФУПМ,доцент,
Сидоров Е.П.,ФМиМ,профессор,д.н.
Лебедев Ж.Р.,ФФ,,к.н.
Попов А.А.,ФУПМ,,к.н.
Смирнов Е.П.,ФЭТ,ассистент,
Лебедева Л.О.,ФИТ,профессор,
Новиков К.М.,ФПМИ,ассистент,
Лебедев Г.Н.,ФМиМ,,д.н.
Семенов А.А.,ФМиЕН,,д.н.
Сидоров З.Т.,ФФ,,к.н.
Петров Г.Н.,ФИТ,доцент,д.н.
Петров Б.В.,ФИВТ,профессор,к.н.
Морозов М.Ю.,ФРТ,ассистент,
Лебедев К.М.,ФИВТ,профессор,д.н.
Егоров Г.Н.,ФРТ,ассистент,к.н.
Новиков Ж.Р.,ФЭТ,,
Семенов К.М.,ФФ,,
Соколов З.Т.,ФМиЕН,,
Морозов З.Т.,ФПМИ,профессор,к.н.
Сидоров З.Т.,ФФ,профессор,к.н.
Петров Д.С.,ФМиМ,доцент,
Лебедев Г.Н.,ФИВТ,,к.н.
Лебедева З.Т.,ИТМО,доцент,к.н.
Лебедев Е.П.,ФУПМ,ассистент,к.н.
Петров Г.Н.,ФРТ,доцент,д.н.
Новиков Г.Н.,ФИТ,ассистент,д.н.
Петров Е.П.,ФИВТ,,
Кузнецов Г.Н.,ФРТ,доцент,к.н.
Сидоров В.И.,ФФ,профессор,д.н.
Кузнецов М.Ю.,ФМиМ,профессор,д.н.
Сидоров Г.Н.,ФУПМ,,к.н.
Козлов Ж.Р.,ФИТ,ассистент,
Волков И.К.,ФПМИ,,
Новиков Ж.Р.,ФИВТ,доцент,
Лебедев Д.С.,ФМиЕН,ассистент,д.н.
Попов Л.О.,ФПМИ,ассистент,
Егоров Л.О.,ИТМО,профессор,д.н.
Сидоров З.Т.,ФМиЕН,доцент,
Морозов Д.С.,ФУПМ,профессор,д.н.
Козлов З.Т.,ФИВТ,ассистент,к.н.
Новиков Д.С.,ФМиМ,,
Егоров З.Т.,ФМиМ,профессор,д.н.
Кузнецов Д.С.,ФИТ,профессор,
Алексеев В.И.,ФРТ,доцент,д.н.
Смирнов Г.Н.,ФЭТ,доцент,к.н.
Волков З.Т.,ФМиЕН,профессор,к.н.
Семенов И.К.,ФИВТ,профессор,к.н.
Егоров А.А.,ФФ,,д.н.
Соколов М.Ю.,ФУПМ,доцент,д.н.
Морозов Д.С.,ФРТ,,д.н.
Кузнецов А.А.,ФМиМ,ассистент,
Соколов Ж.Р.,ФРТ,,
Волков К.М.,ИТМО,,
Петров Б.В.,ФФ,профессор,
Семенов Ж.Р.,ФМиЕН,доцент,д.н.
Смирнов Д.С.,ФУПМ,доцент,к.н.
Смирнов Е.П.,ФРТ,ассистент,к.н.
Петров Г.Н.,ФУПМ,профессор,к.н.
Смирнов М.Ю.,ФМиМ,ассистент,к.н.
Петров К.М.,ФРТ,,
Морозов Г.Н.,ФИВТ,ассистент,к.н.
Лебедев М.Ю.,ФРТ,ассистент,д.н.
Морозов Ж.Р.,ФИВТ,,д.н.
Иванов А.А.,ФУПМ,доцент,
Кузнецов Ж.Р.,ИТМО,ассистент,д.н.
Лебедев З.Т.,ФЭТ,профессор,к.н.
Морозов В.И.,ФИТ,доцент,к.н.
Алексеев М.Ю.,ФИТ,,к.н.
Егоров Д.С.,ИТМО,профессор,д.н.
Соколов К.М.,ФУПМ,профессор,к.н.
Семенов Ж.Р.,ФМиМ,доцент,
Алексеев Г.Н.,ФИВТ,доцент,д.н.
Сидоров И.К.,ФПМИ,,д.н.
Козлов И.К.,ФЭТ,доцент,к.н.
Смирнов А.А.,ФЭТ,ассистент,д.н.
Егоров К.М.,ФРТ,доцент,
Смирнов Б.В.,ФМиЕН,доцент,к.н.
Лебедев З.Т.,ФРТ,профессор,к.н.
Сидоров К.М.,ФУПМ,,
Козлов Г.Н.,ФМиЕН,ассистент,д.н.
Соколов Е.П.,ФПМИ,,д.н.
Смирнов К.М.,ФМиМ,доцент,к.н.
Сидоров М.Ю.,ФМиЕН,профессор,
Смирнов Л.О.,ФМиМ,профессор,д.н.
Соколов А.А.,ФУПМ,,к.н.
Соколов В.И.,ФМиЕН,ассистент,к.н.
Волков Б.В.,ИТМО,,
Алексеев В.И.,ФРТ,доцент,
Соколов З.Т.,ФРТ,доцент,к.н.
Сидоров Ж.Р.,ФИТ,ассистент,к.н.
Попов З.Т.,ФИВТ,,
Волков Д.С.,ФИТ,доцент,
Лебедева И.К.,ФПМИ,доцент,
Кузнецов М.Ю.,ФПМИ,доцент,к.н.
Попов А.А.,ФУПМ,,д.н.
Кузнецов И.К.,ФМиЕН,профессор,к.н.
Лебедева М.Ю.,ИТМО,ассистент,
Смирнов Л.О.,ФМиМ,профессор,
Морозов Ж.Р.,ФФ,профессор,
Новиков А.А.,ФМиМ,профессор,к.н.
Лебедева Б.В.,ФИВТ,профессор,
Иванов Е.П.,ФЭТ,,к.н.
Лебедева Б.В.,ФМиЕН,ассистент,д.н.
Козлов М.Ю.,ФИТ,ассистент,д.н.
Волков К.М.,ФМиМ,ассистент,д.н.
Козлов И.К.,ФМиМ,профессор,
Соколов Ж.Р.,ФМиМ,,к.н.
Иванов В.И.,ФМиМ,,к.н.
Морозов Д.С.,ФМиЕН,доцент,д.н.
Петров З.Т.,ФРТ,доцент,
Волков В.И.,ФМиМ,профессор,
Сидоров Д.С.,ФЭТ,профессор,
Новиков А.А.,ФЭТ,доцент,д.н.
Кузнецов Д.С.,ФФ,профессор,
Егоров К.М.,ИТМО,ассистент,
Соколов Ж.Р.,ФПМИ,ассистент,к.н.
Семенов Е.П.,ИТМО,доцент,к.н.
Лебедев З.Т.,ФИВТ,ассистент,д.н.
Семенов К.М.,ФМиМ,ассистент,к.н.
Семенов К.М.,ФЭТ,,д.н.
Волков Е.П.,ФИТ,профессор,
Иванов К.М.,ФЭТ,профессор,
Морозов Ж.Р.,ФЭТ,,
Семенов Л.О.,ФМиМ,,к.н.
Козлов З.Т.,ФМиМ,профессор,
Сидоров А.А.,ФПМИ,,к.н.
Морозов А.А.,ФИТ,доцент,
Козлов К.М.,ФУПМ,профессор,д.н.
Лебедева А.А.,ФУПМ,,д.н.
Морозов З.Т.,ФИТ,,к.н.
Попов Б.В.,ФИТ,,д.н.
Смирнов З.Т.,ФМиМ,,к.н.
Новиков З.Т.,ФФ,ассистент,д.н.
Попов Г.Н.,ФЭТ,,д.н.
Лебедев Д.С.,ФУПМ,,к.н.
Лебедев Л.О.,ИТМО,,к.н.
Смирнов И.К.,ФМиЕН,,к.н.
Алексеев Л.О.,ФИТ,профессор,к.н.
Козлов Д.С.,ФЭТ,профессор,
Семенов Г.Н.,ФМиЕН,профессор,д.н.
Иванов Е.П.,ФУПМ,доцент,
Алексеев Д.С.,ФМиМ,ассистент,
Попов Д.С.,ФИТ,доцент,к.н.
Кузнецов Г.Н.,ФИВТ,,к.н.
Семенов Б.В.,ФИВТ,,к.н.
Лебедева Л.О.,ФИВТ,доцент,к.н.
Алексеев И.К.,ФУПМ,,
Сидоров К.М.,ФИВТ,ассистент,
Смирнов М.Ю.,ФМиМ,профессор,д.н.
Лебедева А.А.,ФЭТ,ассистент,д.н.
Новиков Г.Н.,ФМиМ,профессор,к.н.
Лебедева И.К.,ФУПМ,доцент,к.н.
Кузнецов К.М.,ФМиМ,профессор,к.н.
Новиков И.К.,ФМиЕН,доцент,д.н.
Соколов Е.П.,ФИВТ,доцент,
Лебедева Б.В.,ФФ,,д.н.
Семенов З.Т.,ФИВТ,ассистент,д.н.
Лебедев В.И.,ФЭТ,профессор,д.н.
Лебедев З.Т.,ИТМО,,д.н.
Егоров Ж.Р.,ФИВТ,ассистент,д.н.
Егоров А.А.,ИТМО,доцент,д.н.
Лебедева Е.П.,ФЭТ,ассистент,
Иванов Л.О.,ФМиМ,профессор,к.н.
Семенов М.Ю.,ФМиЕН,ассистент,д.н.
Егоров Г.Н.,ФРТ,профессор,
Лебедев Г.Н.,ФЭТ,,д.н.
Семенов Ж.Р.,ФМиЕН,ассистент,к.н.
Попов Е.П.,ФЭТ,ассистент,
Иванов Г.Н.,ФУПМ,ассистент,д.н.
Петров В.И.,ФМиМ,ассистент,к.н.
Лебедев Г.Н.,ФЭТ,профессор,д.н.
Новиков К.М.,ФИВТ,ассистент,
Лебедева А.А.,ФМиЕН,профессор,
Волков Л.О.,ФИТ,ассистент,
Попов З.Т.,ФПМИ,,к.н.
Соколов К.М.,ФРТ,ассистент,д.н.
Лебедева Л.О.,ФЭТ,доцент,к.н.
Кузнецов Ж.Р.,ФЭТ,,д.н.
Волков Д.С.,ФМиМ,,д.н.
Волков М.Ю.,ФМиЕН,,к.н.
Петров Е.П.,ФЭТ,ассистент,
Сидоров И.К.,ФРТ,,к.н.
Морозов З.Т.,ФИТ,ассистент,д.н.
Волков А.А.,ФПМИ,доцент,д.н.
Егоров Е.П.,ФРТ,,к.н.
Соколов З.Т.,ФИТ,,
Петров Л.О.,ФРТ,профессор,
Алексеев К.М.,ФФ,,д.н.
Егоров Б.В.,ФМиЕН,ассистент,
Алексеев Л.О.,ИТМО,профессор,
Кузнецов Г.Н.,ИТМО,доцент,к.н.
Лебедев Г.Н.,ФЭТ,ассистент,к.н.
Алексеев Ж.Р.,ФФ,ассистент,д.н.
Алексеев К.М.,ФПМИ,,
Кузнецов Е.П.,ФФ,профессор,
Лебедев З.Т.,ИТМО,профессор,д.н.
Лебедев М.Ю.,ФИТ,ассистент,д.н.
Сидоров А.А.,ФУПМ,,к.н.
Алексеев Б.В.,ФИВТ,доцент,к.н.
Кузнецов М.Ю.,ФПМИ,,к.н.
Алексеев Б.В.,ФМиМ,ассистент,д.н.
Егоров И.К.,ФУПМ,,
Лебедев Д.С.,ФПМИ,профессор,
Попов Л.О.,ФИТ,профессор,к.н.
Соколов И.К.,ФИВТ,ассистент,
Алексеев В.И.,ФМиЕН,профессор,д.н.
Иванов А.А.,ФИВТ,ассистент,д.н.
Соколов И.К.,ФМиЕН,ассистент,к.н.
Соколов З.Т.,ФЭТ,ассистент,к.н.
Смирнов Ж.Р.,ФФ,доцент,
Семенов Л.О.,ФМиМ,,д.н.
Алексеев З.Т.,ИТМО,доцент,к.н.
Алексеев Л.О.,ФМиМ,доцент,д.н.
Иванов А.А.,ФЭТ,профессор,к.н.
Кузнецов Е.П.,ФФ,профессор,к.н.
Иванов М.Ю.,ФЭТ,,д.н.
Волков М.Ю.,ИТМО,,к.н.
Иванов З.Т.,ИТМО,доцент,к.н.
Новиков И.К.,ФМиМ,ассистент,
Козлов И.К.,ИТМО,доцент,д.н.
Петров Е.П.,ФПМИ,доцент,
Сидоров Б.В.,ФФ,ассистент,к.н.
Кузнецов Д.С.,ФИТ,профессор,д.н.
Иванов Е.П.,ФПМИ,ассистент,к.н.
Лебедева Б.В.,ФЭТ,,д.н.
Новиков Д.С.,ФФ,доцент,к.н.
Кузнецов З.Т.,ИТМО,,д.н.
Попов Л.О.,ФРТ,,д.н.
Егоров Л.О.,ФЭТ,доцент,
Лебедев А.А.,ФЭТ,доцент,
Новиков А.А.,ФЭТ,доцент,
Петров Е.П.,ФПМИ,доцент,к.н.
Морозов И.К.,ФУПМ,профессор,к.н.
Кузнецов Б.В.,ФРТ,профессор,к.н.
Петров И.К.,ФМиЕН,,
Петров Ж.Р.,ФУПМ,доцент,д.н.
Семенов Е.П.,ФИВТ,профессор,
Сидоров Б.В.,ФПМИ,доцент,к.н.
Семенов М.Ю.,ФМиЕН,ассистент,
Новиков Л.О.,ФПМИ,профессор,к.н.
Лебедева И.К.,ФФ,ассистент,
Кузнецов И.К.,ФУПМ,доцент,к.н.
Попов К.М.,ФМиМ,профессор,д.н.
Волков К.М.,ФМиМ,доцент,к.н.
Волков В.И.,ФЭТ,,
Соколов М.Ю.,ФФ,ассистент,к.н.
Сидоров М.Ю.,ФФ,ассистент,
Егоров Л.О.,ФЭТ,ассистент,д.н.
Волков В.И.,ФФ,,
Лебедев М.Ю.,ИТМО,ассистент,д.н.
Волков М.Ю.,ФИТ,ассистент,
Сидоров Ж.Р.,ФФ,доцент,д.н.
Попов З.Т.,ФМиМ,профессор,
Новиков З.Т.,ФУПМ,,к.н.
Лебедев З.Т.,ИТМО,,д.н.
Кузнецов Е.П.,ФМиМ,ассистент,
Иванов Е.П.,ФИВТ,ассистент,д.н.
Алексеев В.И.,ФЭТ,доцент,
Сидоров Г.Н.,ФФ,доцент,
Волков Е.П.,ФМиМ,,
Новиков Е.П.,ФПМИ,профессор,д.н.
Лебедев И.К.,ФИВТ,доцент,
Иванов Е.П.,ФИВТ,доцент,
Сидоров М.Ю.,ФУПМ,профессор,д.н.
Волков Д.С.,ФИВТ,профессор,д.н.
Егоров К.М.,ФМиМ,,д.н.
Смирнов Г.Н.,ФУПМ,профессор,к.н.
Волков И.К.,ФИТ,профессор,к.н.
Алексеев В.И.,ФФ,ассистент,
Лебедева Б.В.,ФПМИ,профессор,к.н.
Семенов Ж.Р.,ИТМО,ассистент,д.н.
Сидоров Г.Н.,ФРТ,,д.н.
Попов З.Т.,ФЭТ,,д.н.
Петров И.К.,ФУПМ,профессор,
Сидоров Ж.Р.,ФИТ,ассистент,
Петров А.А.,ФМиМ,доцент,к.н.
Новиков В.И.,ФУПМ,,к.н.
Кузнецов Г.Н.,ФИВТ,ассистент,
Петров Е.П.,ФПМИ,доцент,
Лебедева Д.С.,ФУПМ,ассистент,к.н.
Новиков Е.П.,ФРТ,доцент,к.н.
Козлов Е.П.,ИТМО,профессор,к.н.
Егоров Л.О.,ФРТ,профессор,к.н.
Смирнов Б.В.,ФИТ,ассистент,
Кузнецов Б.В.,ФПМИ,,к.н.
Егоров Л.О.,ФЭТ,доцент,
Иванов А.А.,ФИВТ,доцент,к.н.
Волков Ж.Р.,ФИВТ,ассистент,
Козлов Г.Н.,ИТМО,ассистент,к.н.
Иванов И.К.,ФМиМ,,к.н.
Новиков Б.В.,ИТМО,,к.н.
Лебедев З.Т.,ФЭТ,профессор,д.н.
Петров Л.О.,ФУПМ,доцент,
Кузнецов Б.В.,ФУПМ,доцент,
Иванов Л.О.,ФМиЕН,,д.н.
Морозов И.К.,ИТМО,,д.н.
Волков Е.П.,ФФ,,
Иванов В.И.,ФМиЕН,ассистент,
Козлов М.Ю.,ФФ,профессор,д.н.
Сидоров К.М.,ИТМО,,д.н.
Лебедева И.К.,ИТМО,профессор,
Соколов А.А.,ФМиМ,доцент,к.н.
Смирнов Б.В.,ФРТ,,к.н.
Кузнецов В.И.,ФИТ,профессор,д.н.
Морозов В.И.,ИТМО,ассистент,к.н.
Егоров Г.Н.,ФМиМ,профессор,
Сидоров Л.О.,ФМиМ,ассистент,к.н.
Смирнов В.И.,ИТМО,доцент,к.н.
Смирнов Е.П.,ФМиМ,доцент,
Алексеев М.Ю.,ФЭТ,доцент,д.н.
Козлов З.Т.,ФЭТ,доцент,к.н.
Кузнецов А.А.,ФРТ,ассистент,
Лебедева Д.С.,ФПМИ,,д.н.
Волков Д.С.,ФМиМ,,к.н.
Кузнецов А.А.,ИТМО,профессор,к.н.
Сидоров З.Т.,ФИТ,,д.н.
Новиков Л.О.,ФИВТ,профессор,
Лебедев Д.С.,ФПМИ,доцент,д.н.
Егоров Е.П.,ФФ,ассистент,к.н.
Алексеев Е.П.,ФМиЕН,ассистент,д.н.
Сидоров Л.О.,ФМиМ,профессор,д.н.
Лебедев И.К.,ФФ,ассистент,к.н.
Алексеев Ж.Р.,ФЭТ,доцент,д.н.
Соколов А.А.,ФМиЕН,ассистент,д.н.
Волков Л.О.,ИТМО,,
Новиков И.К.,ФМиМ,ассистент,д.н.
Попов Б.В.,ФИВТ,профессор,к.н.
Иванов Л.О.,ИТМО,доцент,к.н.
Новиков З.Т.,ФРТ,,д.н.
Алексеев Б.В.,ФРТ,доцент,д.н.
Лебедев В.И.,ФПМИ,,д.н.
Лебедева В.И.,ФРТ,ассистент,к.н.
Новиков М.Ю.,ФПМИ,профессор,
Волков Е.П.,ИТМО,,д.н.
Лебедев И.К.,ФЭТ,,к.н.
Попов К.М.,ИТМО,,к.н.
Иванов М.Ю.,ФПМИ,профессор,д.н.
Кузнецов Б.В.,ФРТ,профессор,
Морозов М.Ю.,ФМиМ,доцент,д.н.
Лебедев Г.Н.,ИТМО,профессор,д.н.
Смирнов Г.Н.,ФМиЕН,,к.н.
Алексеев Л.О.,ФФ,доцент,к.н.
Смирнов Л.О.,ФУПМ,,д.н.
Морозов Е.П.,ФИВТ,доцент,д.н.
Егоров Б.В.,ФМиМ,доцент,д.н.
Волков Е.П.,ФИТ,,
Лебедева М.Ю.,ИТМО,ассистент,
Соколов З.Т.,ФРТ,доцент,
Семенов И.К.,ФМиЕН,ассистент,к.н.
Алексеев И.К.,ФПМИ,ассистент,к.н.
Лебедев Е.П.,ФФ,,к.н.
Кузнецов А.А.,ФУПМ,ассистент,к.н.
Петров К.М.,ФУПМ,профессор,д.н.
Алексеев И.К.,ФПМИ,доцент,д.н.
Соколов Д.С.,ФФ,доцент,к.н.
Смирнов Е.П.,ИТМО,профессор,д.н.
Сидоров К.М.,ФРТ,ассистент,д.н.
Морозов В.И.,ФФ,доцент,к.н.
Петров Л.О.,ФИТ,ассистент,к.н.
Попов И.К.,ФФ,,
Волков Д.С.,ФРТ,,д.н.
Козлов Л.О.,ФФ,доцент,
Семенов Д.С.,ФМиМ,,д.н.
Волков Ж.Р.,ИТМО,профессор,
Козлов Ж.Р.,ФФ,доцент,
Лебедев И.К.,ФМиМ,ассистент,
Смирнов В.И.,ФМиМ,,
Лебедева Д.С.,ИТМО,ассистент,
Сидоров Л.О.,ФМиЕН,ассистент,к.н.
Морозов Л.О.,ФФ,профессор,к.н.
Петров Л.О.,ФУПМ,,к.н.
Смирнов Г.Н.,ФИТ,профессор,
Сидоров Б.В.,ФМиЕН,профессор,к.н.
Козлов Б.В.,ФЭТ,ассистент,к.н.
Смирнов Л.О.,ФЭТ,ассистент,д.н.
Алексеев Г.Н.,ФЭТ,ассистент,к.н.
Алексеев И.К.,ФМиМ,профессор,
Новиков Л.О.,ФРТ,профессор,
Сидоров Д.С.,ИТМО,,
Смирнов Г.Н.,ФРТ,ассистент,
Лебедев В.И.,ИТМО,ассистент,д.н.
Морозов Ж.Р.,ФИВТ,,д.н.
Егоров В.И.,ФИТ,,
Лебедева Д.С.,ИТМО,,к.н.
Лебедева Е.П.,ФПМИ,,д.н.
Лебедева К.М.,ФУПМ,,к.н.
Кузнецов Г.Н.,ФИВТ,доцент,к.н.
Козлов И.К.,ФИТ,,д.н.
Морозов Б.В.,ФМиЕН,профессор,
Соколов Д.С.,ФИТ,профессор,
Сидоров Д.С.,ФПМИ,ассистент,к.н.
Смирнов Е.П.,ФИВТ,профессор,
Лебедева З.Т.,ФРТ,профессор,к.н.
Волков З.Т.,ФФ,,д.н.
Сидоров К.М.,ФРТ,,к.н.
Алексеев Б.В.,ФМиЕН,профессор,к.н.
Семенов К.М.,ФИТ,профессор,
Сидоров И.К.,ФПМИ,ассистент,к.н.
Волков К.М.,ФУПМ,профессор,к.н.
Лебедева В.И.,ФПМИ,доцент,к.н.
Сидоров Ж.Р.,ФМиМ,доцент,д.н.
Попов М.Ю.,ИТМО,,к.н.
Кузнецов М.Ю.,ФМиМ,,д.н.
Лебедева К.М.,ИТМО,ассистент,к.н.
Волков М.Ю.,ФИТ,профессор,к.н.
Алексеев Г.Н.,ФПМИ,доцент,к.н.
Волков Е.П.,ФФ,ассистент,к.н.
Попов Е.П.,ФМиМ,профессор,д.н.
Козлов Ж.Р.,ФИТ,профессор,д.н.
Козлов Д.С.,ФМиЕН,доцент,к.н.
Волков З.Т.,ФУПМ,доцент,
Попов В.И.,ФМиЕН,профессор,д.н.
Егоров Б.В.,ФИТ,,д.н.
Иванов И.К.,ФПМИ,доцент,д.н.
Лебедев Ж.Р.,ИТМО,профессор,
Алексеев Е.П.,ФМиМ,,
Петров М.Ю.,ФУПМ,доцент,д.н.
Волков З.Т.,ФУПМ,ассистент,к.н.
Попов Ж.Р.,ИТМО,доцент,д.н.
Лебедев В.И.,ФПМИ,профессор,д.н.
Егоров З.Т.,ФУПМ,профессор,
Козлов В.И.,ФМиМ,,д.н.
Семенов Е.П.,ФПМИ,профессор,к.н.
Лебедев Г.Н.,ФМиЕН,профессор,
Иванов Д.С.,ФИТ,профессор,д.н.
Иванов М.Ю.,ФУПМ,,
Лебедев Г.Н.,ФИТ,,к.н.
Егоров Е.П.,ФРТ,ассистент,к.н.
Иванов З.Т.,ФИТ,ассистент,к.н.
Лебедев З.Т.,ФИТ,,
Алексеев К.М.,ФПМИ,ассистент,д.н.
Попов М.Ю.,ФПМИ,профессор,к.н.
Лебедева Ж.Р.,ФПМИ,,д.н.
Алексеев В.И.,ФПМИ,,д.н.
Попов И.К.,ФУПМ,профессор,д.н.
Алексеев М.Ю.,ФУПМ,доцент,
Морозов Ж.Р.,ФПМИ,доцент,к.н.
Сидоров А.А.,ФЭТ,профессор,д.н.
Кузнецов В.И.,ФРТ,доцент,д.н.
Кузнецов Д.С.,ФРТ,ассистент,
Петров К.М.,ФРТ,,к.н.
Семенов К.М.,ФФ,профессор,
Новиков А.А.,ФФ,профессор,
Лебедева З.Т.,ФРТ,ассистент,д.н.
Смирнов В.И.,ФУПМ,,
Кузнецов Е.П.,ФПМИ,ассистент,д.н.
Козлов Е.П.,ФИВТ,профессор,
Петров К.М.,ФМиМ,профессор,
Егоров В.И.,ИТМО,доцент,к.н.
Смирнов А.А.,ФИТ,ассистент,д.н.
Смирнов З.Т.,ФМиЕН,доцент,к.н.
Волков Г.Н.,ФМиЕН,профессор,к.н.
Лебедев Е.П.,ФЭТ,доцент,д.н.
Соколов Е.П.,ФМиЕН,доцент,к.н.
Кузнецов Л.О.,ФУПМ,,к.н.
Волков К.М.,ФИВТ,профессор,
Алексеев Г.Н.,ФЭТ,,к.н.
Попов Л.О.,ИТМО,доцент,д.н.
Егоров Л.О.,ИТМО,доцент,к.н.
Егоров Д.С.,ФИТ,профессор,д.н.
Соколов В.И.,ФРТ,ассистент,
Попов К.М.,ФМиМ,профессор,д.н.
Петров А.А.,ФИВТ,доцент,д.н.
Егоров К.М.,ФРТ,ассистент,
Козлов Д.С.,ФРТ,профессор,д.н.
Алексеев А.А.,ФПМИ,доцент,
Иванов Д.С.,ИТМО,ассистент,к.н.
Соколов В.И.,ФРТ,доцент,к.н.
Морозов В.И.,ФМиЕН,,к.н.
Сидоров З.Т.,ФРТ,ассистент,к.н.
Новиков Г.Н.,ФМиЕН,ассистент,д.н.
Козлов А.А.,ФЭТ,,к.н.
Лебедева Г.Н.,ФПМИ,ассистент,д.н.
Новиков В.И.,ФЭТ,доцент,
Соколов Г.Н.,ФУПМ,профессор,к.н.
Иванов Г.Н.,ИТМО,доцент,д.н.
Морозов Е.П.,ФУПМ,доцент,
Новиков Б.В.,ФМиЕН,ассистент,д.н.
Петров Г.Н.,ИТМО,,д.н.
Лебедев Г.Н.,ФМиЕН,ассистент,д.н.
Соколов К.М.,ФРТ,доцент,д.н.
Лебедева М.Ю.,ФИВТ,профессор,
Смирнов Д.С.,ФЭТ,ассистент,д.н.
Лебедева Ж.Р.,ФМиЕН,,д.н.
Соколов Е.П.,ФФ,доцент,д.н.
Сидоров И.К.,ФФ,доцент,к.н.
Новиков Б.В.,ФПМИ,доцент,к.н.
Новиков А.А.,ФИТ,ассистент,
Козлов Л.О.,ФМиЕН,профессор,
Соколов Б.В.,ИТМО,профессор,
Иванов З.Т.,ФИТ,ассистент,к.н.
Попов Б.В.,ФМиЕН,,
Кузнецов Б.В.,ФФ,ассистент,к.н.
Алексеев Б.В.,ФУПМ,ассистент,к.н.
Морозов Е.П.,ФЭТ,,д.н.
Сидоров З.Т.,ФИТ,,д.н.
Кузнецов К.М.,ФМиЕН,ассистент,
Смирнов Е.П.,ФЭТ,доцент,к.н.
Попов Г.Н.,ФПМИ,,
Козлов И.К.,ФУПМ,ассистент,
Семенов Ж.Р.,ФИВТ,доцент,д.н.
Иванов И.К.,ФУПМ,профессор,
Лебедева Л.О.,ФПМИ,доцент,д.н.
Кузнецов Л.О.,ФМиМ,доцент,д.н.
Морозов И.К.,ИТМО,ассистент,к.н.
Иванов М.Ю.,ИТМО,ассистент,д.н.
Попов А.А.,ФРТ,,
Волков К.М.,ФИТ,профессор,д.н.
Новиков А.А.,ФФ,ассистент,
Петров Ж.Р.,ФФ,профессор,к.н.
Лебедев В.И.,ФРТ,ассистент,к.н.
Морозов Е.П.,ФРТ,,к.н.
Волков З.Т.,ФМиЕН,,
Волков В.И.,ИТМО,доцент,к.н.
Новиков Л.О.,ФЭТ,доцент,к.н.
Попов В.И.,ФУПМ,ассистент,д.н.
Новиков З.Т.,ФМиЕН,профессор,
Козлов В.И.,ФПМИ,доцент,
Алексеев К.М.,ФЭТ,доцент,д.н.
Егоров И.К.,ФЭТ,ассистент,к.н.
Иванов В.И.,ФУПМ,профессор,
Лебедева К.М.,ФРТ,доцент,д.н.
Алексеев К.М.,ФПМИ,ассистент,к.н.
Сидоров Г.Н.,ИТМО,доцент,
Егоров Г.Н.,ФРТ,,д.н.
Лебедева Л.О.,ФМиМ,ассистент,д.н.
Волков А.А.,ФМиЕН,профессор,д.н.
Алексеев В.И.,ФПМИ,профессор,д.н.
Сидоров М.Ю.,ФФ,ассистент,к.н.
Попов Д.С.,ФПМИ,,
Лебедев А.А.,ФМиМ,профессор,
Козлов Ж.Р.,ФИВТ,ассистент,к.н.
Сидоров И.К.,ФИТ,ассистент,к.н.
Попов М.Ю.,ФМиМ,ассистент,к.н.
Иванов З.Т.,ФМиЕН,профессор,
Морозов Е.П.,ФМиЕН,профессор,
Волков Ж.Р.,ФМиЕН,ассистент,д.н.
Алексеев Б.В.,ФМиМ,,
Волков З.Т.,ФМиЕН,,
Козлов Е.П.,ФФ,ассистент,
Волков З.Т.,ФИВТ,,
Попов Д.С.,ФИВТ,доцент,д.н.
Сидоров И.К.,ФФ,профессор,
Новиков В.И.,ФУПМ,профессор,
Морозов И.К.,ФПМИ,доцент,к.н.
Смирнов Б.В.,ФИВТ,доцент,д.н.
Попов Ж.Р.,ФЭТ,,к.н.
Попов М.Ю.,ФРТ,ассистент,к.н.
Семенов А.А.,ФИТ,,к.н.
Сидоров К.М.,ФФ,ассистент,д.н.
Алексеев А.А.,ФЭТ,профессор,к.н.
Егоров Б.В.,ФМиЕН,ассистент,
Новиков З.Т.,ИТМО,профессор,к.н.
Козлов Д.С.,ИТМО,,
Волков К.М.,ФФ,доцент,к.н.
Егоров Г.Н.,ФЭТ,профессор,к.н.
Морозов З.Т.,ФЭТ,ассистент,д.н.
Иванов Е.П.,ФМиМ,профессор,
Морозов Ж.Р.,ИТМО,,
Попов Е.П.,ФЭТ,доцент,д.н.
Лебедев Л.О.,ФФ,профессор,
Иванов Л.О.,ФИТ,,д.н.
Волков Д.С.,ФЭТ,ассистент,д.н.
Волков Е.П.,ФИВТ,,д.н.
Соколов Д.С.,ФПМИ,ассистент,д.н.
Петров Е.П.,ФИТ,доцент,к.н.
Алексеев Д.С.,ФИВТ,,
Новиков М.Ю.,ФМиЕН,ассистент,
Алексеев И.К.,ФУПМ,ассистент,д.н.
Смирнов М.Ю.,ФПМИ,,
Семенов А.А.,ФМиМ,профессор,к.н.
Лебедев М.Ю.,ФФ,ассистент,д.н.
Сидоров Л.О.,ФЭТ,доцент,
Козлов Д.С.,ФЭТ,профессор,
Смирнов Б.В.,ФИТ,профессор,к.н.
Лебедев А.А.,ФМиЕН,ассистент,
Морозов В.И.,ФМиМ,ассистент,
Смирнов Е.П.,ФИТ,профессор,
Смирнов З.Т.,ФПМИ,доцент,к.н.
Козлов З.Т.,ИТМО,профессор,
Смирнов В.И.,ФПМИ,профессор,д.н.
Сидоров Г.Н.,ИТМО,доцент,
Козлов А.А.,ФИВТ,доцент,д.н.
Петров Ж.Р.,ФРТ,ассистент,д.н.
Морозов А.А.,ФПМИ,доцент,д.н.
Кузнецов М.Ю.,ФПМИ,профессор,к.н.
Сидоров К.М.,ФЭТ,,к.н.
Кузнецов А.А.,ФПМИ,профессор,д.н.
Смирнов Е.П.,ФФ,ассистент,к.н.
Морозов А.А.,ФЭТ,профессор,к.н.
Лебедев Л.О.,ФИТ,,д.н.
Петров Ж.Р.,ФПМИ,ассистент,д.н.
Лебедева Л.О.,ФИТ,доцент,к.н.
Соколов Д.С.,ФРТ,профессор,д.н.
Козлов К.М.,ФРТ,,к.н.
Егоров В.И.,ФРТ,,к.н.
Лебедев И.К.,ИТМО,доцент,д.н.
Козлов Л.О.,ИТМО,профессор,
Морозов Г.Н.,ФФ,доцент,
Петров З.Т.,ФУПМ,доцент,к.н.
Лебедев М.Ю.,ИТМО,,д.н.
Кузнецов К.М.,ФЭТ,ассистент,к.н.
Козлов Е.П.,ИТМО,доцент,
Семенов В.И.,ФФ,доцент,
Лебедев И.К.,ИТМО,профессор,
Соколов Г.Н.,ФФ,ассистент,
Сидоров Е.П.,ФПМИ,ассистент,к.н.
Волков Б.В.,ФЭТ,,
Алексеев И.К.,ФФ,ассистент,к.н.
Козлов З.Т.,ФИВТ,ассистент,
Новиков К.М.,ФМиМ,доцент,к.н.
Сидоров И.К.,ФФ,доцент,д.н.
Лебедева Д.С.,ФПМИ,доцент,к.н.
Егоров З.Т.,ФМиМ,доцент,
Попов Е.П.,ФУПМ,профессор,
Петров Б.В.,ФПМИ,доцент,д.н.
Лебедев К.М.,ФИВТ,ассистент,к.н.
Егоров Д.С.,ФУПМ,ассистент,к.н.
Смирнов В.И.,ФУПМ,доцент,
Морозов Д.С.,ФМиМ,доцент,к.н.
Егоров М.Ю.,ФПМИ,,к.н.
Новиков Г.Н.,ФФ,ассистент,к.н.
Егоров А.А.,ФРТ,доцент,
Егоров К.М.,ФИВТ,доцент,д.н.
Кузнецов Г.Н.,ФМиЕН,ассистент,
Сидоров Г.Н.,ФИВТ,профессор,
Алексеев М.Ю.,ФИТ,доцент,д.н.
Егоров В.И.,ФФ,ассистент,к.н.
Волков И.К.,ФМиМ,ассистент,
Лебедев Г.Н.,ФИВТ,ассистент,
Смирнов З.Т.,ФИВТ,ассистент,д.н.
Лебедева К.М.,ФПМИ,доцент,д.н.
Смирнов Ж.Р.,ИТМО,,д.н.
Лебедев Л.О.,ФИВТ,ассистент,к.н.
Алексеев Б.В.,ФУПМ,,д.н.
Козлов Г.Н.,ИТМО,,д.н.
Попов В.И.,ФЭТ,,
Морозов Г.Н.,ФМиМ,ассистент,к.н.
Соколов Б.В.,ФРТ,ассистент,к.н.
Козлов К.М.,ФРТ,профессор,к.н.
Егоров Ж.Р.,ФФ,ассистент,
Новиков Б.В.,ИТМО,,к.н.
Новиков В.И.,ФЭТ,,д.н.
Иванов З.Т.,ФЭТ,ассистент,
Морозов Б.В.,ФПМИ,ассистент,д.н.
Козлов Ж.Р.,ФПМИ,ассистент,д.н.
Попов Б.В.,ФФ,,д.н.
Кузнецов Д.С.,ФИТ,,д.н.
Сидоров Б.В.,ФРТ,,
Смирнов А.А.,ФИТ,доцент,к.н.
Петров В.И.,ИТМО,доцент,
Лебедева К.М.,ФФ,ассистент,к.н.
Лебедев Л.О.,ИТМО,доцент,
Кузнецов И.К.,ФРТ,,к.н.
Морозов Ж.Р.,ФМиЕН,профессор,д.н.
Кузнецов Г.Н.,ФПМИ,доцент,
Козлов Г.Н.,ФМиМ,,к.н.
Иванов Л.О.,ФМиМ,профессор,к.н.
Смирнов Е.П.,ФМиМ,доцент,д.н.
Лебедева Д.С.,ФИВТ,ассистент,к.н.
Сидоров Ж.Р.,ФИВТ,,д.н.
Соколов Б.В.,ФИВТ,ассистент,
Морозов Б.В.,ФМиЕН,профессор,к.н.
Смирнов И.К.,ФИТ,,
Петров К.М.,ФУПМ,доцент,д.н.
Семенов В.И.,ФИВТ,профессор,
Новиков Е.П.,ФМиМ,,
Козлов Д.С.,ФРТ,ассистент,к.н.
Лебедев Ж.Р.,ФИТ,,к.н.
Соколов Ж.Р.,ФИВТ,профессор,д.н.
Петров К.М.,ФПМИ,профессор,д.н.
Егоров Ж.Р.,ФПМИ,,
Семенов Г.Н.,ИТМО,доцент,к.н.
Петров К.М.,ИТМО,профессор,д.н.
Волков Л.О.,ФЭТ,ассистент,
Лебедев И.К.,ФИТ,ассистент,к.н.
Попов В.И.,ФМиЕН,профессор,
Попов Б.В.,ФЭТ,ассистент,д.н.
Петров Г.Н.,ФФ,ассистент,д.н.
Кузнецов Ж.Р.,ФМиМ,доцент,
Соколов З.Т.,ФЭТ,ассистент,
Сидоров Л.О.,ФУПМ,,к.н.
Лебедев Ж.Р.,ФМиМ,доцент,
Сидоров Ж.Р.,ФЭТ,ассистент,к.н.
Козлов К.М.,ФПМИ,ассистент,
Семенов В.И.,ФРТ,,д.н.
Козлов Л.О.,ФРТ,профессор,к.н.
Новиков А.А.,ФИТ,доцент,д.н.
Петров В.И.,ИТМО,доцент,к.н.
Алексеев З.Т.,ФИТ,ассистент,д.н.
Егоров Л.О.,ФИВТ,доцент,
Егоров Ж.Р.,ФЭТ,профессор,к.н.
Лебедева В.И.,ФУПМ,профессор,к.н.
Алексеев З.Т.,ФМиМ,ассистент,к.н.
Новиков Ж.Р.,ФИТ,доцент,к.н.
Лебедев Ж.Р.,ФМиЕН,,к.н.
Волков Д.С.,ФУПМ,ассистент,д.н.
Попов К.М.,ФРТ,,к.н.
Сидоров Г.Н.,ФФ,доцент,
Соколов Ж.Р.,ФРТ,доцент,д.н.
Егоров Е.П.,ФИВТ,профессор,
Иванов И.К.,ФЭТ,,к.н.
Новиков Л.О.,ИТМО,,д.н.
Смирнов Г.Н.,ФИВТ,ассистент,к.н.
Козлов З.Т.,ФМиЕН,ассистент,к.н.
Семенов З.Т.,ФМиЕН,доцент,
Попов Е.П.,ФЭТ,ассистент,к.н.
Соколов Г.Н.,ФЭТ,,к.н.
Иванов В.И.,ФИВТ,доцент,к.н.
Морозов Б.В.,ФФ,доцент,
Кузнецов А.А.,ФФ,доцент,д.н.
Алексеев А.А.,ФЭТ,ассистент,
Кузнецов И.К.,ФЭТ,доцент,д.н.
Лебедев З.Т.,ФПМИ,профессор,д.н.
Петров А.А.,ФЭТ,ассистент,д.н.
Соколов Г.Н.,ФИВТ,профессор,д.н.
Иванов А.А.,ФЭТ,ассистент,
Сидоров В.И.,ФИВТ,ассистент,
Козлов М.Ю.,ФУПМ,ассистент,д.н.
Иванов З.Т.,ФИТ,,д.н.
Егоров Г.Н.,ФИТ,доцент,
Егоров Л.О.,ФИВТ,,д.н.
Новиков Ж.Р.,ФПМИ,,д.н.
Иванов В.И.,ФПМИ,профессор,д.н.
Лебедев Д.С.,ФУПМ,доцент,к.н.
Иванов К.М.,ФМиМ,доцент,д.н.
Семенов Д.С.,ФРТ,ассистент,
Иванов Л.О.,ФПМИ,профессор,к.н.
Лебедев И.К.,ФИВТ,ассистент,
Сидоров М.Ю.,ФМиЕН,доцент,
Лебедева В.И.,ФМиЕН,доцент,д.н.
Алексеев И.К.,ФПМИ,,д.н.
Морозов К.М.,ФПМИ,доцент,к.н.
Иванов Л.О.,ИТМО,,
Новиков Д.С.,ФИТ,профессор,
Новиков К.М.,ФПМИ,ассистент,
Кузнецов Д.С.,ФПМИ,,д.н.
Попов Г.Н.,ФУПМ,ассистент,д.н.
Егоров М.Ю.,ФМиМ,профессор,д.н.
Смирнов Г.Н.,ФИТ,ассистент,
Козлов Е.П.,ФМиМ,доцент,
Попов А.А.,ИТМО,доцент,
Кузнецов Г.Н.,ФЭТ,профессор,
Егоров Ж.Р.,ФРТ,ассистент,д.н.
Новиков М.Ю.,ФИВТ,профессор,
Попов А.А.,ФУПМ,профессор,к.н.
Попов И.К.,ФФ,доцент,
Лебедев М.Ю.,ФЭТ,доцент,д.н.
Алексеев Е.П.,ФПМИ,доцент,
Морозов В.И.,ФПМИ,доцент,д.н.
Соколов Д.С.,ФУПМ,доцент,
Лебедев Б.В.,ФИВТ,ассистент,к.н.
Семенов А.А.,ФУПМ,профессор,к.н.
Семенов В.И.,ФМиЕН,,к.н.
Алексеев Л.О.,ФМиЕН,ассистент,к.н.
Козлов Е.П.,ФЭТ,,
Морозов И.К.,ФПМИ,профессор,к.н.
Кузнецов К.М.,ФЭТ,профессор,
Иванов Е.П.,ФМиМ,доцент,д.н.
Волков Л.О.,ФФ,профессор,д.н.
Иванов Е.П.,ФИВТ,профессор,к.н.
Козлов И.К.,ИТМО,доцент,к.н.
Морозов В.И.,ФИТ,ассистент,
Лебедев К.М.,ФРТ,ассистент,
Кузнецов Ж.Р.,ФИВТ,ассистент,
Петров Д.С.,ФФ,доцент,
Егоров К.М.,ФМиЕН,профессор,
Семенов В.И.,ФРТ,,
Морозов Ж.Р.,ФПМИ,профессор,к.н.
Егоров Ж.Р.,ФМиЕН,,д.н.
Семенов Б.В.,ФМиЕН,доцент,д.н.
Петров И.К.,ФМиМ,доцент,к.н.
Петров Л.О.,ФЭТ,профессор,д.н.
Кузнецов Л.О.,ФПМИ,профессор,к.н.
Егоров З.Т.,ФМиМ,профессор,д.н.
Кузнецов Ж.Р.,ФИВТ,доцент,
Егоров А.А.,ФПМИ,ассистент,
Кузнецов Д.С.,ФЭТ,доцент,
Попов В.И.,ФИВТ,доцент,д.н.
Козлов З.Т.,ФУПМ,профессор,д.н.
Егоров Ж.Р.,ФЭТ,доцент,д.н.
Смирнов М.Ю.,ФЭТ,доцент,д.н.
Сидоров В.И.,ФМиМ,доцент,
Козлов Л.О.,ИТМО,профессор,
Кузнецов Л.О.,ФИВТ,,
Козлов З.Т.,ФПМИ,доцент,к.н.
Морозов Ж.Р.,ФМиМ,доцент,
Кузнецов Л.О.,ФМиМ,ассистент,д.н.
Егоров Б.В.,ФИТ,ассистент,д.н.
Иванов Л.О.,ФЭТ,,к.н.
Морозов К.М.,ФМиМ,профессор,д.н.
Иванов Б.В.,ФРТ,,к.н.
Попов Ж.Р.,ФЭТ,профессор,д.н.
Лебедев А.А.,ФФ,профессор,к.н.
Смирнов Ж.Р.,ФМиМ,доцент,
Новиков Л.О.,ФУПМ,доцент,д.н.
Алексеев К.М.,ФМиМ,профессор,
Лебедева К.М.,ФИВТ,профессор,д.н.
Соколов Л.О.,ФЭТ,ассистент,к.н.
Смирнов В.И.,ФЭТ,ассистент,д.н.
Егоров Б.В.,ФУПМ,ассистент,
Егоров А.А.,ФУПМ,профессор,д.н.
Алексеев А.А.,ФМиЕН,профессор,д.н.
Попов Е.П.,ФПМИ,ассистент,д.н.
Соколов З.Т.,ФУПМ,,д.н.
Попов Е.П.,ФЭТ,профессор,
Иванов И.К.,ФИВТ,доцент,д.н.
Егоров Г.Н.,ФИВТ,профессор,
Козлов К.М.,ФМиМ,,к.н.
Петров И.К.,ФУПМ,профессор,к.н.
Смирнов Л.О.,ФИТ,доцент,д.н.
Сидоров Е.П.,ФРТ,профессор,
Алексеев Д.С.,ФПМИ,профессор,к.н.
Попов М.Ю.,ИТМО,доцент,к.н.
Смирнов Ж.Р.,ИТМО,,д.н.
Морозов И.К.,ФМиМ,профессор,
Алексеев З.Т.,ФЭТ,,
Алексеев В.И.,ФПМИ,,д.н.
Волков М.Ю.,ФРТ,ассистент,
Кузнецов В.И.,ФУПМ,доцент,к.н.
Иванов Г.Н.,ФМиМ,ассистент,к.н.
Попов З.Т.,ФМиМ,доцент,к.н.
Алексеев М.Ю.,ФРТ,,д.н.
Семенов Д.С.,ФФ,профессор,к.н.
Петров Е.П.,ФУПМ,ассистент,
Лебедева Б.В.,ФИТ,ассистент,
Кузнецов В.И.,ФПМИ,доцент,к.н.
Морозов Е.П.,ФУПМ,доцент,
Смирнов К.М.,ФРТ,профессор,к.н.
Морозов Д.С.,ФИВТ,ассистент,д.н.
Кузнецов Л.О.,ФМиЕН,ассистент,к.н.
Новиков З.Т.,ФМиМ,доцент,
Волков Е.П.,ФПМИ,профессор,
Козлов К.М.,ФИВТ,,к.н.
Семенов Ж.Р.,ИТМО,,д.н.
Волков И.К.,ФРТ,доцент,
Смирнов В.И.,ФМиМ,доцент,к.н.
Соколов Л.О.,ИТМО,,д.н.
Иванов Д.С.,ФЭТ,доцент,к.н.
Смирнов Г.Н.,ФЭТ,,д.н.
Сидоров В.И.,ФРТ,ассистент,
Сидоров В.И.,ФИТ,профессор,
Сидоров Е.П.,ФИВТ,доцент,
Лебедева З.Т.,ФПМИ,доцент,к.н.
Попов Е.П.,ФИВТ,,
Семенов И.К.,ФЭТ,доцент,д.н.
Иванов Ж.Р.,ФУПМ,доцент,
Сидоров И.К.,ФЭТ,доцент,д.н.
Петров Ж.Р.,ФФ,,
Лебедева А.А.,ИТМО,доцент,к.н.
Попов А.А.,ИТМО,доцент,д.н.
Соколов Г.Н.,ФЭТ,,
Лебедева З.Т.,ФИВТ,профессор,д.н.
Попов З.Т.,ФПМИ,ассистент,д.н.
Кузнецов В.И.,ФИВТ,ассистент,
Смирнов В.И.,ФФ,,
Морозов Ж.Р.,ФУПМ,профессор,к.н.
Попов Л.О.,ФФ,ассистент,д.н.
Петров Д.С.,ФПМИ,ассистент,д.н.
Соколов Д.С.,ФИТ,доцент,
Морозов Г.Н.,ФПМИ,ассистент,
Новиков З.Т.,ФИВТ,ассистент,
Козлов Г.Н.,ИТМО,,к.н.
Морозов А.А.,ФУПМ,доцент,д.н.
Смирнов И.К.,ФУПМ,,
Алексеев Д.С.,ФМиЕН,ассистент,к.н.
Соколов Г.Н.,ФИВТ,ассистент,к.н.
Морозов М.Ю.,ФФ,,д.н.
Лебедев Ж.Р.,ФПМИ,профессор,к.н.
Волков Ж.Р.,ФПМИ,профессор,д.н.
Лебедев З.Т.,ФПМИ,,д.н.
Егоров М.Ю.,ФИВТ,профессор,д.н.
Волков И.К.,ФПМИ,профессор,д.н.
Кузнецов Г.Н.,ФИТ,,к.н.
Морозов М.Ю.,ФМиМ,,д.н.
Смирнов К.М.,ФЭТ,ассистент,
Сидоров А.А.,ФМиЕН,доцент,
Петров М.Ю.,ФФ,доцент,к.н.
Соколов М.Ю.,ФИВТ,профессор,
Кузнецов В.И.,ФЭТ,профессор,д.н.
Попов З.Т.,ФИВТ,ассистент,д.н.
Попов Б.В.,ФИТ,ассистент,к.н.
Алексеев Л.О.,ФИТ,,д.н.
Семенов К.М.,ФИТ,профессор,д.н.
Смирнов А.А.,ФУПМ,доцент,
Сидоров Б.В.,ФИТ,доцент,д.н.
Волков Е.П.,ФМиМ,ассистент,
Смирнов Ж.Р.,ФМиМ,ассистент,к.н.
Козлов И.К.,ФРТ,доцент,
Морозов Е.П.,ФМиЕН,профессор,
Волков В.И.,ФРТ,профессор,д.н.
Волков Г.Н.,ФМиМ,,к.н.
Попов Б.В.,ФУПМ,ассистент,к.н.
Семенов А.А.,ФМиМ,доцент,д.н.
Волков М.Ю.,ФИВТ,,
Лебедев В.И.,ФИВТ,профессор,д.н.
Сидоров Б.В.,ФРТ,,
Попов В.И.,ФПМИ,доцент,д.н.
Смирнов З.Т.,ИТМО,,
Смирнов В.И.,ФИТ,ассистент,
Семенов Д.С.,ФПМИ,профессор,
Егоров И.К.,ФУПМ,ассистент,к.н.
Кузнецов Л.О.,ФФ,профессор,д.н.
Козлов Л.О.,ФМиМ,доцент,к.н.
Волков А.А.,ИТМО,,
Семенов И.К.,ИТМО,ассистент,к.н.
Иванов Е.П.,ФФ,ассистент,д.н.
Морозов Ж.Р.,ФМиЕН,ассистент,
Лебедева З.Т.,ФУПМ,доцент,к.н.
Алексеев Г.Н.,ИТМО,,к.н.
Попов М.Ю.,ФУПМ,ассистент,к.н.
Сидоров З.Т.,ФПМИ,ассистент,
Волков Д.С.,ФМиЕН,профессор,к.н.
Кузнецов Ж.Р.,ФМиМ,доцент,
Волков Б.В.,ИТМО,профессор,к.н.
Соколов Д.С.,ФМиЕН,доцент,д.н.
Егоров Е.П.,ФЭТ,,д.н.
Попов Е.П.,ФУПМ,,к.н.
Алексеев Д.С.,ФМиМ,профессор,д.н.
Егоров Л.О.,ФИВТ,,
Соколов М.Ю.,ФПМИ,,
Петров К.М.,ФМиЕН,,к.н.
Алексеев А.А.,ФУПМ,профессор,д.н.
Новиков К.М.,ФИВТ,,к.н.
Иванов А.А.,ФМиЕН,ассистент,
Иванов М.Ю.,ФФ,профессор,д.н.
Волков Е.П.,ФЭТ,профессор,
Кузнецов Ж.Р.,ИТМО,доцент,к.н.
Козлов М.Ю.,ФЭТ,доцент,д.н.
Семенов И.К.,ФУПМ,доцент,
Козлов М.Ю.,ФМиМ,профессор,д.н.
Соколов Б.В.,ИТМО,профессор,
Сидоров Е.П.,ФУПМ,ассистент,к.н.
Смирнов Л.О.,ФМиЕН,доцент,д.н.
Иванов Ж.Р.,ФМиМ,профессор,д.н.
Лебедев Л.О.,ФРТ,профессор,
Сидоров И.К.,ФМиЕН,профессор,
Кузнецов М.Ю.,ФУПМ,ассистент,д.н.
Морозов З.Т.,ФЭТ,,к.н.
Егоров Л.О.,ФУПМ,ассистент,к.н.
Новиков Е.П.,ФЭТ,ассистент,
Сидоров Д.С.,ФМиЕН,доцент,
Алексеев Ж.Р.,ИТМО,ассистент,д.н.
Козлов К.М.,ФУПМ,профессор,
Петров А.А.,ФМиЕН,профессор,д.н.
Иванов Г.Н.,ИТМО,профессор,к.н.
Петров В.И.,ФИТ,ассистент,к.н.
Семенов А.А.,ИТМО,ассистент,
Смирнов К.М.,ФМиЕН,доцент,д.н.
Лебедева В.И.,ИТМО,,д.н.
Попов М.Ю.,ИТМО,профессор,д.н.
Иванов Е.П.,ФМиЕН,профессор,к.н.
Новиков В.И.,ФИТ,,к.н.
Егоров Л.О.,ФМиЕН,ассистент,к.н.
Лебедева А.А.,ФПМИ,,
Соколов Г.Н.,ФИТ,ассистент,к.н.
Алексеев З.Т.,ФЭТ,ассистент,д.н.
Смирнов М.Ю.,ФИВТ,профессор,к.н.
Егоров Е.П.,ФИВТ,,
Лебедева А.А.,ФИВТ,профессор,д.н.
Егоров А.А.,ИТМО,профессор,д.н.
Лебедев Л.О.,ФУПМ,ассистент,
Козлов Д.С.,ИТМО,ассистент,
Петров Ж.Р.,ФИТ,доцент,к.н.
Алексеев Л.О.,ФИВТ,,
Алексеев Д.С.,ФИВТ,,к.н.
Козлов Е.П.,ФУПМ,ассистент,
Сидоров Л.О.,ФИТ,ассистент,д.н.
Смирнов З.Т.,ФФ,доцент,д.н.
Попов Б.В.,ИТМО,доцент,д.н.
Семенов З.Т.,ФПМИ,профессор,к.н.
Алексеев Л.О.,ФМиМ,профессор,к.н.
Егоров А.А.,ИТМО,ассистент,д.н.
Новиков Л.О.,ФИТ,,
Смирнов А.А.,ФЭТ,,д.н.
Лебедева Ж.Р.,ФМиМ,профессор,к.н.
Кузнецов Ж.Р.,ФПМИ,,к.н.
Лебедева Б.В.,ФУПМ,профессор,
Волков Л.О.,ФМиЕН,доцент,д.н.
Лебедева И.К.,ФПМИ,ассистент,д.н.
Козлов И.К.,ФМиМ,профессор,д.н.
Лебедева Е.П.,ФМиЕН,,
Петров Б.В.,ИТМО,ассистент,
Сидоров М.Ю.,ФПМИ,,к.н.
Семенов З.Т.,ФИВТ,ассистент,д.н.
Козлов Ж.Р.,ФФ,,к.н.
Иванов И.К.,ФИТ,ассистент,
Лебедева Е.П.,ФРТ,доцент,д.н.
Соколов Д.С.,ФЭТ,,к.н.
Сидоров Ж.Р.,ИТМО,профессор,к.н.
Семенов М.Ю.,ФМиМ,ассистент,
Попов Ж.Р.,ФУПМ,доцент,д.н.
Петров Л.О.,ФФ,,к.н.
Попов Л.О.,ФЭТ,профессор,д.н.
Смирнов Л.О.,ФРТ,профессор,
Лебедев Г.Н.,ФРТ,,д.н.
Волков К.М.,ФЭТ,ассистент,к.н.
Сидоров Б.В.,ФМиМ,доцент,
Алексеев Л.О.,ФЭТ,,
Петров З.Т.,ФИТ,ассистент,
Семенов А.А.,ФФ,доцент,
Семенов Д.С.,ИТМО,ассистент,
Попов Ж.Р.,ИТМО,ассистент,д.н.
Алексеев Г.Н.,ФПМИ,,
Новиков Д.С.,ФФ,,
Егоров З.Т.,ФМиМ,доцент,к.н.
Егоров А.А.,ФФ,профессор,
Смирнов А.А.,ФУПМ,ассистент,
Егоров И.К.,ФИВТ,профессор,д.н.
Попов З.Т.,ФФ,,к.н.
Попов В.И.,ФМиЕН,профессор,к.н.
Морозов Е.П.,ФИВТ,профессор,к.н.
Петров З.Т.,ФУПМ,,д.н.
Семенов В.И.,ФИВТ,доцент,д.н.
Лебедев Е.П.,ФФ,доцент,д.н.
Волков В.И.,ФМиМ,,к.н.
Новиков В.И.,ФМиМ,профессор,
Лебедева Е.П.,ФУПМ,доцент,к.н.
Иванов А.А.,ФРТ,,
Лебедев З.Т.,ИТМО,профессор,к.н.
Лебедев Е.П.,ФМиЕН,,д.н.
Смирнов Б.В.,ФРТ,профессор,
Новиков Г.Н.,ФУПМ,доцент,
Семенов К.М.,ФУПМ,доцент,д.н.
Иванов М.Ю.,ФЭТ,,д.н.
Сидоров В.И.,ИТМО,,к.н.
Попов М.Ю.,ФУПМ,доцент,
Козлов И.К.,ФРТ,ассистент,к.н.
Лебедев Д.С.,ФМиЕН,профессор,
Лебедева В.И.,ФФ,ассистент,к.н.
Петров Е.П.,ФИТ,ассистент,к.н.
Козлов Е.П.,ФЭТ,профессор,д.н.
Петров И.К.,ФПМИ,профессор,д.н.
Семенов И.К.,ФРТ,,д.н.
Петров Г.Н.,ФУПМ,ассистент,д.н.
Иванов Л.О.,ФМиМ,доцент,
Петров Г.Н.,ИТМО,доцент,к.н.
Егоров Б.В.,ФФ,,к.н.
Сидоров А.А.,ФРТ,доцент,д.н.
Егоров З.Т.,ФМиМ,профессор,д.н.
Волков Д.С.,ФИВТ,,д.н.
Сидоров Г.Н.,ФЭТ,,д.н.
Петров Д.С.,ФИВТ,,
Волков Д.С.,ФУПМ,доцент,д.н.
Петров Б.В.,ФРТ,,
Морозов К.М.,ФИТ,ассистент,к.н.
Волков Ж.Р.,ФИВТ,ассистент,к.н.
Кузнецов Е.П.,ФУПМ,профессор,к.н.
Новиков М.Ю.,ФМиЕН,ассистент,к.н.
Алексеев З.Т.,ФУПМ,ассистент,
Лебедев Б.В.,ФИТ,профессор,к.н.
Петров И.К.,ФУПМ,,к.н.
Смирнов Е.П.,ФИТ,ассистент,
Лебедева Е.П.,ФМиЕН,доцент,
Иванов В.И.,ФПМИ,доцент,д.н.
Иванов Е.П.,ФПМИ,доцент,
Алексеев Г.Н.,ФФ,доцент,
Сидоров А.А.,ФИВТ,профессор,д.н.
Попов М.Ю.,ФРТ,ассистент,д.н.
Морозов М.Ю.,ФМиМ,профессор,к.н.
Сидоров Д.С.,ФПМИ,профессор,
Смирнов Д.С.,ФФ,,
Соколов Е.П.,ФРТ,профессор,
Лебедева В.И.,ИТМО,профессор,д.н.
Морозов М.Ю.,ИТМО,доцент,
Попов Е.П.,ФМиМ,доцент,д.н.
Петров А.А.,ФИТ,доцент,д.н.
Смирнов И.К.,ФМиЕН,профессор,
Попов Г.Н.,ФЭТ,ассистент,к.н.
Морозов Ж.Р.,ФИТ,доцент,
Лебедев Б.В.,ФФ,профессор,д.н.
Смирнов Д.С.,ФЭТ,доцент,д.н.
Соколов И.К.,ФПМИ,профессор,к.н.
Попов Б.В.,ФИТ,профессор,
Сидоров А.А.,ФМиМ,,
Козлов Л.О.,ФМиМ,,
Волков Б.В.,ФУПМ,,д.н.
Лебедев Ж.Р.,ФПМИ,ассистент,к.н.
Новиков И.К.,ФМиЕН,доцент,д.н.
Попов Б.В.,ФРТ,доцент,д.н.
Семенов Д.С.,ФУПМ,ассистент,к.н.
Алексеев Л.О.,ФМиЕН,профессор,к.н.
Смирнов А.А.,ФРТ,профессор,
Соколов И.К.,ФРТ,доцент,д.н.
Лебедев Е.П.,ФФ,ассистент,
Волков З.Т.,ФМиЕН,ассистент,
Козлов К.М.,ФИВТ,профессор,к.н.
Волков Б.В.,ФИВТ,ассистент,к.н.
Егоров З.Т.,ФИТ,доцент,
Иванов Л.О.,ФИВТ,доцент,
Иванов А.А.,ФФ,ассистент,к.н.
Волков Г.Н.,ФМиМ,,
Новиков А.А.,ФИВТ,доцент,к.н.
Смирнов Л.О.,ФЭТ,профессор,к.н.
Морозов М.Ю.,ФУПМ,доцент,к.н.
Семенов А.А.,ФФ,ассистент,д.н.
Морозов М.Ю.,ФЭТ,ассистент,д.н.
Иванов Б.В.,ФУПМ,,к.н.
Егоров Ж.Р.,ФИТ,доцент,
Смирнов В.И.,ФУПМ,доцент,д.н.
Семенов А.А.,ФМиМ,ассистент,к.н.
Новиков А.А.,ФИТ,ассистент,
Козлов Г.Н.,ФПМИ,профессор,д.н.
Сидоров З.Т.,ФУПМ,профессор,д.н.
Волков Д.С.,ФМиМ,,к.н.
Волков А.А.,ФМиМ,профессор,
Сидоров Л.О.,ФИТ,ассистент,д.н.
Егоров И.К.,ФРТ,профессор,д.н.
Иванов В.И.,ФПМИ,ассистент,
Алексеев К.М.,ФИТ,профессор,к.н.
Кузнецов В.И.,ФРТ,профессор,к.н.
Егоров Ж.Р.,ФПМИ,,
Петров К.М.,ФИВТ,ассистент,д.н.
Иванов К.М.,ФФ,доцент,к.н.
Попов К.М.,ИТМО,ассистент,к.н.
Соколов А.А.,ФИТ,,д.н.
Семенов Л.О.,ФИТ,ассистент,к.н.
Семенов Д.С.,ФМиМ,ассистент,к.н.
Новиков Л.О.,ФПМИ,доцент,
Морозов Ж.Р.,ФМиЕН,,к.н.
Кузнецов Д.С.,ФИВТ,доцент,к.н.
Морозов Б.В.,ФПМИ,профессор,д.н.
Морозов Л.О.,ФРТ,профессор,к.н.
Лебедева Е.П.,ИТМО,ассистент,к.н.
Попов Д.С.,ФИТ,,
Семенов К.М.,ИТМО,доцент,
Лебедева Г.Н.,ФМиЕН,ассистент,
Семенов И.К.,ФИТ,доцент,
Новиков Д.С.,ФФ,ассистент,д.н.
Козлов В.И.,ИТМО,доцент,к.н.
Лебедева Е.П.,ФПМИ,ассистент,
Егоров Л.О.,ФПМИ,доцент,д.н.
Кузнецов Д.С.,ФИВТ,доцент,
Петров И.К.,ФМиМ,,д.н.
Смирнов М.Ю.,ФМиМ,ассистент,
Кузнецов В.И.,ФМиЕН,профессор,к.н.
Семенов Г.Н.,ФРТ,профессор,д.н.
Алексеев З.Т.,ФМиЕН,ассистент,к.н.
Семенов Л.О.,ФИТ,ассистент,д.н.
Алексеев Е.П.,ФМиЕН,ассистент,
Кузнецов Г.Н.,ФЭТ,профессор,к.н.
Смирнов Д.С.,ФПМИ,ассистент,
Соколов М.Ю.,ФПМИ,профессор,
Волков А.А.,ФФ,профессор,
Морозов К.М.,ФУПМ,профессор,д.н.
Соколов А.А.,ФЭТ,доцент,
Егоров И.К.,ФФ,ассистент,к.н.
Соколов А.А.,ФРТ,ассистент,к.н.
Морозов В.И.,ФМиЕН,,
Лебедева Ж.Р.,ФЭТ,доцент,д.н.
Смирнов К.М.,ФРТ,профессор,
Кузнецов В.И.,ФМиЕН,профессор,к.н.
Новиков З.Т.,ФМиМ,ассистент,
Волков Д.С.,ФЭТ,доцент,д.н.
Кузнецов В.И.,ФИВТ,ассистент,
Егоров И.К.,ФФ,,
Алексеев Ж.Р.,ФЭТ,профессор,к.н.
Новиков И.К.,ФИТ,ассистент,
Сидоров М.Ю.,ФФ,доцент,к.н.
Алексеев К.М.,ИТМО,профессор,д.н.
Волков К.М.,ФИВТ,ассистент,д.н.
Козлов Б.В.,ФЭТ,ассистент,д.н.
Попов А.А.,ФРТ,,
Кузнецов З.Т.,ФМиМ,доцент,к.н.
Соколов З.Т.,ФЭТ,профессор,
Соколов Л.О.,ФЭТ,доцент,
Козлов Г.Н.,ФИВТ,,к.н.
Попов М.Ю.,ФУПМ,ассистент,к.н.
Козлов Б.В.,ФИТ,профессор,
Новиков Л.О.,ФФ,доцент,
Волков Д.С.,ФЭТ,ассистент,к.н.
Иванов М.Ю.,ФМиМ,доцент,д.н.
Семенов И.К.,ФУПМ,доцент,
Попов В.И.,ФПМИ,ассистент,
Лебедева В.И.,ФИТ,,к.н.
Кузнецов И.К.,ФУПМ,профессор,
Новиков И.К.,ФПМИ,ассистент,д.н.
Петров М.Ю.,ФУПМ,,д.н.
Петров Д.С.,ФИТ,,к.н.
Кузнецов М.Ю.,ФМиМ,,к.н.
Семенов Ж.Р.,ИТМО,доцент,к.н.
Волков Е.П.,ФМиМ,,
Попов Е.П.,ФМиЕН,профессор,д.н.
Алексеев Е.П.,ФМиМ,,д.н.
Соколов И.К.,ФУПМ,доцент,д.н.
Алексеев З.Т.,ФМиЕН,доцент,
Петров Г.Н.,ФПМИ,ассистент,
Соколов З.Т.,ФРТ,ассистент,к.н.
Соколов Г.Н.,ФИВТ,профессор,к.н.
Лебедев М.Ю.,ФИВТ,ассистент,д.н.
Смирнов А.А.,ФИТ,доцент,д.н.
Алексеев Ж.Р.,ФИВТ,профессор,д.н.
Новиков Б.В.,ФМиЕН,доцент,к.н.
Егоров И.К.,ФЭТ,профессор,к.н.
Смирнов Б.В.,ФФ,,к.н.
Кузнецов Ж.Р.,ФУПМ,ассистент,д.н.
Соколов М.Ю.,ФИТ,профессор,д.н.
Кузнецов Д.С.,ФЭТ,,
Козлов З.Т.,ФУПМ,доцент,
Лебедев М.Ю.,ИТМО,профессор,
Попов Г.Н.,ФУПМ,ассистент,к.н.
Лебедева Ж.Р.,ФЭТ,профессор,д.н.
Алексеев А.А.,ФМиЕН,ассистент,к.н.
Семенов Г.Н.,ФУПМ,доцент,д.н.
Кузнецов И.К.,ФИТ,ассистент,
Кузнецов М.Ю.,ФРТ,ассистент,д.н.
Смирнов К.М.,ФРТ,ассистент,к.н.
Козлов З.Т.,ФФ,,
Лебедев Л.О.,ФЭТ,доцент,к.н.
Новиков Д.С.,ФИВТ,профессор,к.н.
Петров В.И.,ФМиЕН,профессор,д.н.
Волков Б.В.,ФИВТ,ассистент,
Смирнов Б.В.,ИТМО,ассистент,д.н.
Попов З.Т.,ФМиЕН,,д.н.
Новиков В.И.,ФИВТ,,к.н.
Петров М.Ю.,ФРТ,ассистент,к.н.
Новиков М.Ю.,ФМиМ,,д.н.
Морозов Д.С.,ФУПМ,,д.н.
Лебедев В.И.,ФРТ,профессор,д.н.
Петров А.А.,ФМиЕН,,
Сидоров Ж.Р.,ФЭТ,ассистент,
Морозов Л.О.,ФРТ,профессор,к.н.
Петров И.К.,ФПМИ,профессор,к.н.
Соколов А.А.,ФУПМ,доцент,
Кузнецов Ж.Р.,ФУПМ,доцент,
Новиков А.А.,ИТМО,,
Петров Д.С.,ФРТ,,к.н.
Соколов К.М.,ФЭТ,доцент,
Егоров Г.Н.,ФУПМ,,д.н.
Алексеев Л.О.,ФФ,профессор,д.н.
Лебедева Ж.Р.,ФМиМ,профессор,к.н.
Новиков К.М.,ФМиЕН,доцент,
Лебедев З.Т.,ФИТ,,д.н.
Соколов Е.П.,ИТМО,,д.н.
Егоров Л.О.,ФИТ,доцент,
Алексеев В.И.,ФМиМ,доцент,
Попов М.Ю.,ФИВТ,,к.н.
Попов Е.П.,ФИТ,профессор,
Лебедева Ж.Р.,ФЭТ,ассистент,к.н.
Новиков Е.П.,ФМиМ,,
Смирнов Д.С.,ФУПМ,ассистент,к.н.
Семенов М.Ю.,ФФ,профессор,д.н.
Лебедева Е.П.,ФПМИ,доцент,к.н.
Кузнецов З.Т.,ФЭТ,профессор,д.н.
Смирнов К.М.,ФРТ,,к.н.
Алексеев З.Т.,ФМиЕН,доцент,д.н.
Кузнецов И.К.,ФРТ,ассистент,к.н.
Кузнецов Б.В.,ФРТ,,к.н.
Морозов Ж.Р.,ФФ,,к.н.
Смирнов М.Ю.,ФПМИ,доцент,д.н.
Петров Л.О.,ФУПМ,,д.н.
Смирнов К.М.,ФПМИ,ассистент,д.н.
Соколов Б.В.,ФМиМ,профессор,д.н.
Козлов Д.С.,ФУПМ,,к.н.
Козлов Д.С.,ФФ,ассистент,
Лебедев И.К.,ФМиЕН,доцент,
Морозов К.М.,ФЭТ,ассистент,
Козлов Л.О.,ФМиМ,,д.н.
Сидоров З.Т.,ФРТ,ассистент,д.н.
Сидоров А.А.,ИТМО,профессор,д.н.
Козлов Б.В.,ФУПМ,,к.н.
Петров Д.С.,ФИТ,доцент,
Егоров Г.Н.,ФИТ,доцент,д.н.
Петров Е.П.,ФИТ,ассистент,д.н.
Сидоров Д.С.,ФУПМ,,д.н.
Петров И.К.,ФИВТ,доцент,к.н.
Кузнецов Ж.Р.,ФРТ,,к.н.
Волков К.М.,ФИВТ,ассистент,к.н.
Лебедев З.Т.,ФФ,доцент,д.н.
Козлов Д.С.,ФМиЕН,ассистент,к.н.
Алексеев К.М.,ФМиЕН,ассистент,к.н.
Соколов Б.В.,ФМиМ,ассистент,д.н.
Волков Г.Н.,ФМиМ,доцент,к.н.
Лебедев Д.С.,ФУПМ,профессор,
Волков И.К.,ФИВТ,ассистент,
Иванов И.К.,ФФ,доцент,к.н.
Егоров Г.Н.,ИТМО,,
Соколов З.Т.,ФУПМ,доцент,д.н.
Волков М.Ю.,ФЭТ,профессор,д.н.
Семенов Е.П.,ФФ,ассистент,к.н.
Соколов Л.О.,ФПМИ,профессор,д.н.
Попов А.А.,ФУПМ,профессор,к.н.
Лебедев Ж.Р.,ФМиМ,профессор,
Соколов Б.В.,ФМиЕН,ассистент,
Волков Л.О.,ФИТ,,к.н.
Петров Е.П.,ФМиМ,,д.н.
Морозов Г.Н.,ИТМО,,к.н.
Соколов А.А.,ФФ,доцент,д.н.
Семенов Е.П.,ФМиЕН,доцент,к.н.
Смирнов Б.В.,ФЭТ,профессор,к.н.
Лебедева З.Т.,ФИТ,,
Морозов Д.С.,ФЭТ,доцент,
Кузнецов А.А.,ФМиМ,,д.н.
Егоров И.К.,ФЭТ,ассистент,
Волков Г.Н.,ФИВТ,,к.н.
Петров Л.О.,ИТМО,ассистент,к.н.
Лебедев Г.Н.,ФФ,доцент,
Лебедев И.К.,ФИВТ,ассистент,
Алексеев З.Т.,ФРТ,доцент,к.н.
Новиков И.К.,ФМиМ,доцент,к.н.
Семенов Ж.Р.,ФИВТ,ассистент,д.н.
Соколов К.М.,ФЭТ,,д.н.
Иванов Б.В.,ИТМО,профессор,
Волков Г.Н.,ФМиМ,профессор,к.н.
Кузнецов Ж.Р.,ФЭТ,доцент,
Смирнов А.А.,ФЭТ,доцент,к.н.
Козлов З.Т.,ФПМИ,ассистент,д.н.
Кузнецов В.И.,ФЭТ,доцент,
Морозов А.А.,ФМиМ,ассистент,к.н.
Смирнов Г.Н.,ФЭТ,профессор,к.н.
Иванов Б.В.,ФИВТ,доцент,
Волков Д.С.,ФИВТ,ассистент,к.н.
Козлов З.Т.,ФПМИ,,д.н.
Алексеев М.Ю.,ФИТ,доцент,
Морозов К.М.,ФПМИ,ассистент,д.н.
Петров Е.П.,ФПМИ,,
Новиков Л.О.,ФФ,профессор,к.н.
Смирнов К.М.,ФИВТ,ассистент,к.н.
Алексеев В.И.,ФМиЕН,,д.н.
Морозов М.Ю.,ФИВТ,доцент,д.н.
Волков З.Т.,ФРТ,профессор,к.н.
Сидоров Л.О.,ФЭТ,профессор,
Петров Д.С.,ФМиЕН,профессор,
Смирнов Б.В.,ФМиМ,доцент,д.н.
Алексеев Ж.Р.,ФИВТ,,
Семенов Б.В.,ИТМО,,
Иванов Д.С.,ФФ,,к.н.
Смирнов Е.П.,ФРТ,доцент,д.н.
Сидоров Д.С.,ФПМИ,профессор,
Семенов В.И.,ФУПМ,доцент,к.н.
Морозов Д.С.,ФИВТ,профессор,
Новиков Д.С.,ИТМО,ассистент,д.н.
Соколов Б.В.,ИТМО,доцент,к.н.
Сидоров Л.О.,ФИТ,ассистент,д.н.
Морозов И.К.,ФИТ,доцент,к.н.
Алексеев И.К.,ФФ,профессор,
Егоров Л.О.,ФИТ,доцент,
Сидоров Е.П.,ФИВТ,ассистент,д.н.
Волков Г.Н.,ФИТ,доцент,к.н.
Смирнов И.К.,ФУПМ,профессор,
Морозов А.А.,ФИВТ,ассистент,
Соколов И.К.,ИТМО,доцент,д.н.
Кузнецов Г.Н.,ФЭТ,ассистент,к.н.
Попов В.И.,ФМиМ,профессор,
Иванов Е.П.,ФФ,,д.н.
Петров Е.П.,ФЭТ,профессор,
Лебедев Г.Н.,ФЭТ,,д.н.
Егоров В.И.,ФМиМ,,к.н.
Новиков И.К.,ФМиЕН,доцент,
Козлов Д.С.,ФФ,профессор,
Волков Г.Н.,ФМиЕН,,к.н.
Сидоров Е.П.,ФИВТ,ассистент,
Козлов А.А.,ФМиМ,доцент,к.н.
Иванов Д.С.,ФРТ,,
Алексеев К.М.,ФПМИ,профессор,
Сидоров К.М.,ФИВТ,ассистент,к.н.
Новиков В.И.,ФМиМ,,к.н.
Морозов М.Ю.,ФИТ,,
Смирнов Г.Н.,ФМиЕН,,
Семенов В.И.,ФМиЕН,,д.н.
Петров Ж.Р.,ФМиЕН,ассистент,к.н.
Иванов И.К.,ФМиМ,профессор,
Лебедева А.А.,ФМиМ,доцент,д.н.
Петров А.А.,ИТМО,профессор,
Попов Ж.Р.,ФМиМ,ассистент,к.н.
Кузнецов З.Т.,ФПМИ,,к.н.
Попов К.М.,ФУПМ,,к.н.
Смирнов Б.В.,ФМиМ,ассистент,
Сидоров К.М.,ФИТ,,
Егоров К.М.,ИТМО,доцент,к.н.
Волков И.К.,ФЭТ,ассистент,д.н.
Морозов К.М.,ФМиМ,,
Петров Д.С.,ФМиМ,профессор,к.н.
Лебедева Б.В.,ФПМИ,доцент,
Соколов Л.О.,ФПМИ,профессор,
Сидоров В.И.,ФИВТ,,
Соколов З.Т.,ФИВТ,,д.н.
Алексеев Ж.Р.,ФМиЕН,,к.н.
Новиков А.А.,ФФ,,
Сидоров А.А.,ФУПМ,,д.н.
Новиков Г.Н.,ФЭТ,доцент,д.н.
Егоров М.Ю.,ФМиЕН,доцент,
Иванов Е.П.,ФМиМ,ассистент,д.н.
Новиков К.М.,ФУПМ,ассистент,
Козлов А.А.,ФИТ,профессор,д.н.
Кузнецов И.К.,ФИТ,доцент,
Смирнов Ж.Р.,ФРТ,ассистент,д.н.
Семенов И.К.,ИТМО,ассистент,к.н.
Егоров Ж.Р.,ФУПМ,профессор,к.н.
Козлов В.И.,ФФ,профессор,
Петров Д.С.,ФФ,ассистент,к.н.
Козлов З.Т.,ФИВТ,ассистент,
Морозов В.И.,ФПМИ,профессор,к.н.
Семенов В.И.,ФЭТ,доцент,к.н.
Кузнецов Е.П.,ФРТ,,д.н.
Лебедев Л.О.,ФИВТ,ассистент,д.н.
Семенов А.А.,ФФ,ассистент,к.н.
Попов Е.П.,ФФ,,
Волков В.И.,ИТМО,,к.н.
Алексеев К.М.,ФПМИ,ассистент,к.н.
Смирнов К.М.,ФМиЕН,профессор,
Семенов З.Т.,ФМиЕН,ассистент,к.н.
Семенов М.Ю.,ФИВТ,профессор,
Морозов А.А.,ФРТ,ассистент,д.н.
Егоров К.М.,ФМиМ,доцент,к.н.
Новиков Л.О.,ФМиЕН,,д.н.
Семенов М.Ю.,ФЭТ,профессор,д.н.
Алексеев Ж.Р.,ИТМО,доцент,д.н.
Смирнов К.М.,ФРТ,профессор,
Лебедева Д.С.,ФИВТ,профессор,д.н.
Волков М.Ю.,ФИТ,,
Новиков Д.С.,ФИВТ,профессор,д.н.
Сидоров З.Т.,ФИВТ,доцент,к.н.
Новиков Е.П.,ФИТ,профессор,д.н.
Лебедева З.Т.,ФПМИ,доцент,д.н.
Волков Д.С.,ФМиМ,профессор,к.н.
Иванов Д.С.,ИТМО,,к.н.
Кузнецов Е.П.,ИТМО,профессор,к.н.
Соколов Е.П.,ФПМИ,,д.н.
Петров К.М.,ФУПМ,профессор,
Сидоров З.Т.,ФУПМ,профессор,к.н.
Лебедева И.К.,ФМиМ,профессор,
Егоров Г.Н.,ФМиМ,доцент,д.н.
Новиков И.К.,ФРТ,ассистент,к.н.
Козлов А.А.,ФИТ,,д.н.
Морозов Г.Н.,ФЭТ,ассистент,
Смирнов М.Ю.,ФМиЕН,доцент,
Морозов Д.С.,ФИТ,,д.н.
Соколов Б.В.,ФЭТ,профессор,к.н.
Алексеев Е.П.,ФУПМ,ассистент,
Соколов М.Ю.,ФИВТ,профессор,к.н.
Егоров В.И.,ФМиМ,,к.н.
Петров Д.С.,ФУПМ,ассистент,к.н.
Новиков А.А.,ФПМИ,ассистент,д.н.
Семенов З.Т.,ФЭТ,ассистент,д.н.
Волков А.А.,ФИВТ,,д.н.
Егоров Е.П.,ФРТ,доцент,д.н.
Морозов К.М.,ФМиМ,доцент,
Смирнов Л.О.,ФУПМ,ассистент,д.н.
Алексеев Л.О.,ФИТ,,к.н.
Иванов И.К.,ФФ,ассистент,
Петров Б.В.,ФРТ,профессор,д.н.
Сидоров А.А.,ФИВТ,доцент,
Козлов З.Т.,ФРТ,профессор,
Новиков З.Т.,ИТМО,,
Соколов К.М.,ФМиМ,ассистент,к.н.
Лебедева А.А.,ФИТ,доцент,к.н.
Морозов Г.Н.,ФПМИ,ассистент,
Соколов З.Т.,ФМиЕН,,
Лебедев Л.О.,ФМиЕН,,к.н.
Кузнецов В.И.,ФФ,ассистент,д.н.
Иванов М.Ю.,ФМиМ,ассистент,д.н.
Петров Ж.Р.,ФРТ,ассистент,к.н.
Егоров Ж.Р.,ИТМО,,д.н.
Сидоров И.К.,ФФ,доцент,к.н.
Лебедева З.Т.,ФМиЕН,профессор,к.н.
Козлов А.А.,ФИТ,доцент,д.н.
Петров Б.В.,ФМиМ,доцент,д.н.
Волков Д.С.,ФМиЕН,доцент,д.н.
Новиков Ж.Р.,ФМиЕН,ассистент,
Морозов Д.С.,ФИТ,,д.н.
Соколов И.К.,ФИВТ,доцент,
Алексеев Б.В.,ИТМО,,д.н.
Алексеев Л.О.,ФФ,профессор,д.н.
Алексеев Б.В.,ИТМО,ассистент,
Волков Г.Н.,ФРТ,профессор,
Егоров И.К.,ФИТ,,
Алексеев Е.П.,ФФ,доцент,
Соколов К.М.,ФЭТ,доцент,
Новиков Б.В.,ФМиМ,профессор,д.н.
Попов К.М.,ФПМИ,ассистент,к.н.
Алексеев И.К.,ФИВТ,,д.н.
Новиков Д.С.,ИТМО,доцент,к.н.
Попов И.К.,ФИТ,ассистент,д.н.
Попов Л.О.,ФИТ,,д.н.
Кузнецов Д.С.,ФУПМ,доцент,
Кузнецов А.А.,ФФ,профессор,
Соколов А.А.,ФФ,профессор,
Лебедев А.А.,ФУПМ,доцент,
Соколов Ж.Р.,ФИВТ,профессор,к.н.
Кузнецов А.А.,ФЭТ,доцент,д.н.
Попов З.Т.,ФИВТ,,к.н.
Егоров А.А.,ФЭТ,доцент,
Волков И.К.,ФЭТ,,
Лебедева К.М.,ФМиЕН,,д.н.
Иванов А.А.,ФМиМ,ассистент,к.н.
Козлов В.И.,ФЭТ,,
Соколов Ж.Р.,ФМиМ,ассистент,
Егоров А.А.,ФИТ,,к.н.
Алексеев М.Ю.,ФМиМ,доцент,
Лебедева В.И.,ФФ,доцент,к.н.
Волков Д.С.,ФРТ,профессор,к.н.
Морозов Д.С.,ИТМО,доцент,к.н.
Семенов Д.С.,ФПМИ,ассистент,к.н.
Петров Г.Н.,ФИВТ,,к.н.
Алексеев Г.Н.,ИТМО,,к.н.
Лебедева Л.О.,ФМиЕН,профессор,
Петров К.М.,ФФ,доцент,д.н.
Сидоров Ж.Р.,ФРТ,доцент,д.н.
Морозов Д.С.,ФРТ,доцент,д.н.
Кузнецов Е.П.,ФЭТ,,
Кузнецов Л.О.,ФМиЕН,доцент,к.н.
Соколов А.А.,ФФ,ассистент,к.н.
Морозов М.Ю.,ФУПМ,доцент,к.н.
Сидоров Е.П.,ФРТ,доцент,к.н.
Новиков Д.С.,ФЭТ,ассистент,д.н.
Семенов В.И.,ФИТ,доцент,к.н.
Новиков М.Ю.,ИТМО,доцент,д.н.
Алексеев Г.Н.,ФМиМ,профессор,к.н.
Козлов Л.О.,ФИВТ,профессор,
Лебедева Л.О.,ФРТ,доцент,
Сидоров Е.П.,ФФ,профессор,д.н.
Егоров Б.В.,ФЭТ,ассистент,к.н.
Морозов Е.П.,ИТМО,ассистент,
Лебедев Ж.Р.,ФЭТ,профессор,д.н.
Соколов З.Т.,ФФ,профессор,
Новиков Д.С.,ФИВТ,,д.н.
Козлов К.М.,ФУПМ,,
Смирнов Д.С.,ФРТ,ассистент,к.н.
Козлов И.К.,ФЭТ,ассистент,к.н.
Алексеев И.К.,ФИТ,профессор,д.н.
Соколов М.Ю.,ФПМИ,ассистент,
Лебедева Е.П.,ФИТ,ассистент,д.н.
Морозов Д.С.,ФФ,ассистент,к.н.
Смирнов И.К.,ФУПМ,ассистент,
Попов М.Ю.,ФПМИ,профессор,к.н.
Лебедев И.К.,ФМиМ,доцент,д.н.
Петров Л.О.,ФИВТ,профессор,к.н.
Алексеев Е.П.,ФМиМ,ассистент,д.н.
Смирнов Г.Н.,ФИТ,ассистент,к.н.
Иванов К.М.,ФМиМ,ассистент,д.н.
Лебедев Е.П.,ФМиЕН,доцент,
Новиков Ж.Р.,ФМиЕН,,
Морозов Г.Н.,ФЭТ,доцент,д.н.
Кузнецов З.Т.,ФИТ,профессор,д.н.
Козлов В.И.,ФМиМ,доцент,
Лебедев Д.С.,ФЭТ,ассистент,
Егоров В.И.,ФИТ,,д.н.
Попов И.К.,ФФ,доцент,
Иванов В.И.,ФИВТ,профессор,д.н.
Волков М.Ю.,ИТМО,доцент,к.н.
Петров И.К.,ФМиЕН,ассистент,к.н.
Волков И.К.,ФМиЕН,профессор,д.н.
Волков Е.П.,ФРТ,ассистент,д.н.
Семенов Ж.Р.,ФУПМ,ассистент,
Петров К.М.,ФМиЕН,доцент,к.н.
Лебедева Л.О.,ФФ,доцент,к.н.
Соколов З.Т.,ФУПМ,ассистент,к.н.
Лебедева Г.Н.,ФФ,профессор,к.н.
Иванов Ж.Р.,ФИТ,доцент,к.н.
Сидоров Л.О.,ФЭТ,профессор,д.н.
Морозов Г.Н.,ФМиМ,,к.н.
Петров К.М.,ФМиЕН,профессор,к.н.
Морозов И.К.,ФУПМ,доцент,к.н.
Петров Г.Н.,ФИВТ,профессор,
Семенов Б.В.,ФРТ,профессор,д.н.
Смирнов В.И.,ФФ,,
Петров А.А.,ФФ,,к.н.
Морозов З.Т.,ИТМО,доцент,
Попов Л.О.,ФУПМ,профессор,
Попов В.И.,ФУПМ,профессор,к.н.
Сидоров В.И.,ФМиМ,доцент,д.н.
Лебедева К.М.,ФУПМ,ассистент,к.н.
Иванов А.А.,ФИВТ,,д.н.
Семенов А.А.,ФПМИ,доцент,
Попов Д.С.,ФИТ,профессор,д.н.
Егоров Л.О.,ФФ,доцент,д.н.
Егоров Е.П.,ФУПМ,доцент,
Сидоров Б.В.,ИТМО,профессор,к.н.
Алексеев Б.В.,ФЭТ,доцент,к.н.
Смирнов И.К.,ИТМО,доцент,
Кузнецов И.К.,ФМиМ,доцент,к.н.
Егоров Д.С.,ФПМИ,профессор,д.н.
Попов Е.П.,ФПМИ,доцент,д.н.
Попов К.М.,ФИВТ,доцент,к.н.
Смирнов З.Т.,ФМиЕН,профессор,д.н.
Волков З.Т.,ФМиМ,,к.н.
Лебедев Г.Н.,ФМиМ,ассистент,
Егоров Е.П.,ФМиМ,доцент,д.н.
Алексеев К.М.,ФФ,ассистент,
Семенов М.Ю.,ФИВТ,профессор,
Новиков Ж.Р.,ФРТ,доцент,
Новиков Л.О.,ФФ,доцент,
Соколов Е.П.,ФИТ,,к.н.
Морозов Б.В.,ФРТ,доцент,
Иванов К.М.,ФПМИ,профессор,к.н.
Лебедев Д.С.,ФИВТ,ассистент,д.н.
Морозов М.Ю.,ФФ,ассистент,
Алексеев К.М.,ФФ,доцент,
Соколов Е.П.,ФМиЕН,ассистент,к.н.
Сидоров Д.С.,ФФ,ассистент,к.н.
Кузнецов И.К.,ФРТ,профессор,
Алексеев И.К.,ФЭТ,ассистент,
Морозов Е.П.,ИТМО,доцент,д.н.
Волков В.И.,ИТМО,доцент,
Лебедев А.А.,ФРТ,доцент,д.н.
Лебедев Д.С.,ФЭТ,доцент,
Алексеев Б.В.,ФРТ,,д.н.
Козлов Ж.Р.,ФМиЕН,ассистент,
Морозов И.К.,ФМиЕН,ассистент,
Попов З.Т.,ИТМО,,
Лебедев Ж.Р.,ФРТ,,д.н.
Алексеев А.А.,ФПМИ,ассистент,к.н.
Кузнецов З.Т.,ФУПМ,ассистент,к.н.
Егоров И.К.,ФМиМ,доцент,
Попов Л.О.,ФИВТ,ассистент,д.н.
Попов Г.Н.,ИТМО,профессор,к.н.
Волков Ж.Р.,ФМиМ,доцент,к.н.
Новиков Ж.Р.,ФМиЕН,ассистент,к.н.
Егоров З.Т.,ФИВТ,доцент,
Попов В.И.,ФЭТ,ассистент,д.н.
Лебедева В.И.,ИТМО,профессор,
Семенов З.Т.,ФЭТ,ассистент,д.н.
Лебедева Д.С.,ФПМИ,профессор,к.н.
Лебедев И.К.,ФИТ,,к.н.
Егоров Л.О.,ФПМИ,,
Лебедева Е.П.,ФФ,доцент,
Алексеев Г.Н.,ФЭТ,доцент,д.н.
Лебедева И.К.,ФМиМ,ассистент,к.н.
Семенов Г.Н.,ФРТ,,к.н.
Семенов М.Ю.,ИТМО,,д.н.
Алексеев Г.Н.,ФМиМ,доцент,к.н.
Морозов Г.Н.,ФМиЕН,доцент,
Алексеев И.К.,ФФ,ассистент,
Петров К.М.,ФЭТ,профессор,
Сидоров Г.Н.,ФРТ,доцент,к.н.
Новиков К.М.,ФФ,доцент,
Смирнов Б.В.,ФФ,ассистент,к.н.
Волков Е.П.,ФПМИ,,д.н.
Лебедева М.Ю.,ФРТ,доцент,д.н.
Егоров Б.В.,ИТМО,профессор,д.н.
Егоров Е.П.,ФМиЕН,профессор,д.н.
Попов Д.С.,ФМиЕН,доцент,
Иванов М.Ю.,ФЭТ,доцент,
Егоров В.И.,ФФ,,к.н.
Лебедева З.Т.,ФМиЕН,ассистент,д.н.
Алексеев Д.С.,ФРТ,ассистент,к.н.
Егоров М.Ю.,ФПМИ,доцент,д.н.
Петров И.К.,ФИВТ,ассистент,
Сидоров Е.П.,ФПМИ,профессор,к.н.
Козлов Ж.Р.,ФИТ,ассистент,
Лебедев Л.О.,ФЭТ,профессор,
Соколов И.К.,ФФ,профессор,к.н.
Попов Д.С.,ФФ,,д.н.
Егоров М.Ю.,ФУПМ,доцент,д.н.
Егоров Б.В.,ФЭТ,ассистент,
Морозов З.Т.,ФПМИ,,
Соколов К.М.,ИТМО,ассистент,д.н.
Петров Е.П.,ФУПМ,доцент,
Соколов И.К.,ФМиЕН,профессор,д.н.
Попов И.К.,ФУПМ,профессор,д.н.
Попов В.И.,ФМиМ,доцент,к.н.
Волков М.Ю.,ФПМИ,профессор,к.н.
Попов А.А.,ФРТ,ассистент,
Попов Г.Н.,ИТМО,ассистент,
Смирнов В.И.,ФФ,профессор,
Попов Б.В.,ФРТ,ассистент,д.н.
Лебедев Е.П.,ФИВТ,профессор,к.н.
Егоров М.Ю.,ФРТ,ассистент,к.н.
Алексеев Е.П.,ФПМИ,доцент,д.н.
Сидоров Ж.Р.,ФРТ,,
Кузнецов В.И.,ФИВТ,,к.н.
Лебедева Б.В.,ФМиЕН,профессор,
Соколов К.М.,ФРТ,доцент,д.н.
Иванов З.Т.,ФПМИ,профессор,
Морозов В.И.,ФИТ,ассистент,д.н.
Петров Ж.Р.,ФУПМ,,
Лебедев Л.О.,ФУПМ,ассистент,д.н.
Волков Л.О.,ФИТ,,к.н.
Кузнецов М.Ю.,ФЭТ,ассистент,к.н.
Алексеев И.К.,ФЭТ,ассистент,д.н.
Морозов В.И.,ФЭТ,,
Козлов А.А.,ФЭТ,ассистент,
Егоров Л.О.,ФМиМ,,
Волков В.И.,ФМиЕН,доцент,д.н.
Сидоров Е.П.,ФФ,доцент,д.н.
Кузнецов З.Т.,ФИТ,ассистент,д.н.
Алексеев З.Т.,ФПМИ,доцент,д.н.
Кузнецов Л.О.,ФПМИ,ассистент,
Соколов М.Ю.,ИТМО,доцент,д.н.
Соколов Б.В.,ФИВТ,,к.н.
Попов Л.О.,ФФ,доцент,
Козлов Г.Н.,ФЭТ,профессор,к.н.
Алексеев Е.П.,ФУПМ,,
Морозов Ж.Р.,ФМиМ,доцент,
Волков Д.С.,ФРТ,ассистент,к.н.
Смирнов Л.О.,ФРТ,доцент,
Иванов В.И.,ФФ,ассистент,к.н.
Алексеев Ж.Р.,ФИТ,,к.н.
Лебедева Д.С.,ФУПМ,ассистент,д.н.
Егоров Б.В.,ФРТ,ассистент,д.н.
Лебедев Б.В.,ФЭТ,доцент,
Лебедева Б.В.,ФМиМ,профессор,к.н.
Лебедев В.И.,ФИТ,доцент,к.н.
Новиков К.М.,ФФ,профессор,
Семенов Ж.Р.,ФИВТ,доцент,к.н.
Волков А.А.,ФФ,доцент,
Кузнецов Б.В.,ФМиМ,ассистент,к.н.
Морозов Е.П.,ФИТ,доцент,к.н.
Попов К.М.,ФРТ,доцент,д.н.
Козлов Ж.Р.,ИТМО,,д.н.
Лебедева Л.О.,ФМиЕН,ассистент,к.н.
Егоров Е.П.,ФИТ,профессор,д.н.
Смирнов В.И.,ФИТ,,
Иванов Е.П.,ФИВТ,,д.н.
Семенов Г.Н.,ФМиЕН,профессор,к.н.
Лебедева Л.О.,ФУПМ,доцент,д.н.
Егоров Л.О.,ФЭТ,доцент,д.н.
Сидоров М.Ю.,ФРТ,ассистент,к.н.
Волков Л.О.,ФЭТ,,д.н.
Козлов Д.С.,ИТМО,доцент,д.н.
Лебедева Ж.Р.,ФУПМ,профессор,
Иванов Б.В.,ФРТ,,д.н.
Смирнов Д.С.,ФРТ,доцент,к.н.
Козлов М.Ю.,ФИВТ,доцент,д.н.
Егоров Л.О.,ФФ,,
Кузнецов Л.О.,ИТМО,доцент,
Смирнов Л.О.,ФУПМ,доцент,
Лебедева М.Ю.,ИТМО,,
Морозов К.М.,ФИВТ,,д.н.
Егоров Ж.Р.,ФРТ,профессор,
Новиков М.Ю.,ФФ,доцент,к.н.
Морозов А.А.,ФМиЕН,профессор,к.н.
Лебедев Е.П.,ИТМО,доцент,д.н.
Смирнов М.Ю.,ФРТ,,д.н.
Сидоров Д.С.,ФМиМ,,д.н.
Иванов Б.В.,ФИВТ,,
Лебедев Ж.Р.,ФИТ,профессор,к.н.
Новиков Е.П.,ФУПМ,ассистент,д.н.
Алексеев Г.Н.,ФРТ,,д.н.
Кузнецов А.А.,ФПМИ,ассистент,д.н.
Козлов Л.О.,ФМиЕН,,д.н.
Кузнецов К.М.,ФМиМ,,д.н.
Новиков М.Ю.,ФМиМ,доцент,д.н.
Семенов З.Т.,ФМиЕН,профессор,
Попов Б.В.,ФПМИ,доцент,д.н.
Новиков Ж.Р.,ФПМИ,профессор,
Козлов Б.В.,ФФ,ассистент,д.н.
Семенов М.Ю.,ФПМИ,профессор,
Алексеев М.Ю.,ИТМО,ассистент,д.н.
Волков Е.П.,ФУПМ,,д.н.
Иванов Г.Н.,ФИВТ,профессор,к.н.
Семенов Ж.Р.,ФИВТ,ассистент,
Егоров Г.Н.,ФЭТ,ассистент,
Иванов Д.С.,ФМиЕН,,д.н.
Смирнов Ж.Р.,ФРТ,доцент,д.н.
Кузнецов А.А.,ФУПМ,,
Лебедев Д.С.,ФРТ,профессор,д.н.
Новиков Ж.Р.,ФРТ,ассистент,к.н.
Сидоров И.К.,ФФ,,д.н.
Соколов В.И.,ФИВТ,доцент,д.н.
Смирнов Л.О.,ФИВТ,профессор,д.н.
Волков Л.О.,ФИТ,доцент,
Козлов В.И.,ФМиМ,ассистент,
Новиков Г.Н.,ФМиЕН,доцент,к.н.
Морозов М.Ю.,ФМиЕН,профессор,д.н.
Лебедева А.А.,ИТМО,доцент,д.н.
Лебедев Г.Н.,ФУПМ,профессор,
Лебедев М.Ю.,ФУПМ,профессор,
Алексеев З.Т.,ФПМИ,,к.н.
Лебедев А.А.,ФЭТ,профессор,к.н.
Морозов Е.П.,ФИВТ,,
Егоров З.Т.,ФМиМ,доцент,д.н.
Сидоров В.И.,ФИТ,ассистент,
Иванов В.И.,ФИВТ,профессор,к.н.
Попов И.К.,ФМиМ,,к.н.
Соколов В.И.,ФИВТ,,д.н.
Попов Г.Н.,ФИВТ,профессор,к.н.
Кузнецов Ж.Р.,ФМиЕН,,к.н.
Соколов Ж.Р.,ФРТ,профессор,д.н.
Иванов Д.С.,ФРТ,доцент,д.н.
Морозов З.Т.,ФРТ,,к.н.
Петров Ж.Р.,ФЭТ,,д.н.
Попов М.Ю.,ФРТ,ассистент,
Лебедев А.А.,ФУПМ,профессор,
Козлов З.Т.,ФУПМ,профессор,
Лебедева Е.П.,ИТМО,доцент,д.н.
Семенов Б.В.,ФМиМ,доцент,д.н.
Петров Е.П.,ФИТ,,к.н.
Сидоров И.К.,ФПМИ,доцент,
Волков Л.О.,ИТМО,,
Морозов М.Ю.,ФМиЕН,ассистент,д.н.
Алексеев Л.О.,ФИВТ,,к.н.
Новиков З.Т.,ИТМО,доцент,к.н.
Волков З.Т.,ФИВТ,профессор,к.н.
Лебедев В.И.,ФЭТ,,д.н.
Волков Е.П.,ФМиМ,ассистент,к.н.
Смирнов Л.О.,ФФ,профессор,к.н.
Иванов Г.Н.,ФИТ,,к.н.
Лебедев М.Ю.,ФУПМ,,к.н.
Алексеев А.А.,ФРТ,ассистент,
Новиков А.А.,ФИТ,ассистент,д.н.
Егоров И.К.,ФМиМ,,к.н.
Морозов Д.С.,ФФ,,
Сидоров Ж.Р.,ФИВТ,профессор,д.н.
Иванов Л.О.,ФПМИ,доцент,д.н.
Сидоров Б.В.,ФФ,ассистент,к.н.
Попов Б.В.,ИТМО,,д.н.
Соколов Д.С.,ИТМО,,к.н.
Попов К.М.,ФРТ,доцент,
Егоров М.Ю.,ФПМИ,ассистент,д.н.
Смирнов З.Т.,ФЭТ,,к.н.
Новиков М.Ю.,ФПМИ,доцент,
Попов А.А.,ФРТ,доцент,к.н.
Козлов В.И.,ФМиМ,ассистент,к.н.
Волков З.Т.,ФИВТ,профессор,
Иванов З.Т.,ФМиЕН,профессор,
Козлов Г.Н.,ФМиМ,ассистент,д.н.
Лебедев Д.С.,ФФ,профессор,к.н.
Кузнецов И.К.,ФИВТ,профессор,
Новиков И.К.,ФМиМ,профессор,к.н.
Новиков Д.С.,ФИТ,,д.н.
Алексеев Ж.Р.,ФЭТ,ассистент,к.н.
Алексеев Л.О.,ИТМО,доцент,
Иванов Е.П.,ФРТ,доцент,
Волков Д.С.,ФФ,ассистент,
Смирнов Ж.Р.,ФМиЕН,ассистент,к.н.
Новиков И.К.,ФРТ,ассистент,
Морозов Ж.Р.,ФРТ,доцент,
Соколов И.К.,ФУПМ,,к.н.
Смирнов Е.П.,ФУПМ,,к.н.
Новиков В.И.,ФИВТ,ассистент,
Лебедев А.А.,ФУПМ,,д.н.
Попов З.Т.,ФИВТ,ассистент,д.н.
Новиков К.М.,ФИТ,профессор,д.н.
Соколов Ж.Р.,ИТМО,,д.н.
Новиков З.Т.,ФЭТ,,к.н.
Сидоров К.М.,ИТМО,профессор,к.н.
Морозов А.А.,ИТМО,ассистент,д.н.
Попов И.К.,ФМиМ,ассистент,д.н.
Морозов Г.Н.,ФФ,,д.н.
Кузнецов А.А.,ФУПМ,профессор,д.н.
Петров Г.Н.,ФФ,ассистент,
Кузнецов В.И.,ФЭТ,ассистент,д.н.
Лебедева Б.В.,ИТМО,ассистент,к.н.
Петров Е.П.,ФФ,,
Попов З.Т.,ФФ,профессор,д.н.
Лебедева В.И.,ФПМИ,ассистент,
Петров Б.В.,ФИВТ,ассистент,к.н.
Попов И.К.,ФУПМ,доцент,
Козлов А.А.,ФФ,доцент,к.н.
Новиков Д.С.,ФМиЕН,профессор,к.н.
Семенов Г.Н.,ФПМИ,профессор,д.н.
Попов Л.О.,ФФ,,к.н.
Попов А.А.,ФРТ,профессор,
Волков Г.Н.,ФИТ,доцент,к.н.
Смирнов З.Т.,ФФ,профессор,д.н.
Смирнов Б.В.,ФПМИ,доцент,к.н.
Новиков Ж.Р.,ФМиЕН,профессор,к.н.
Соколов Е.П.,ФМиМ,профессор,
Смирнов З.Т.,ФРТ,ассистент,
Соколов Б.В.,ИТМО,,
Лебедева Д.С.,ФРТ,профессор,
Алексеев Б.В.,ФУПМ,ассистент,
Сидоров В.И.,ФПМИ,,д.н.
Морозов И.К.,ФМиМ,,д.н.
Кузнецов А.А.,ФПМИ,профессор,
Лебедев М.Ю.,ФМиЕН,,д.н.
Сидоров К.М.,ФУПМ,доцент,
Иванов Г.Н.,ФУПМ,профессор,к.н.
Новиков Г.Н.,ФМиМ,ассистент,
Иванов И.К.,ФМиМ,профессор,
Кузнецов М.Ю.,ФИВТ,,к.н.
Козлов В.И.,ФМиМ,ассистент,
Петров К.М.,ИТМО,профессор,
Семенов К.М.,ФПМИ,ассистент,
Кузнецов В.И.,ФИВТ,доцент,к.н.
Козлов М.Ю.,ФМиЕН,ассистент,к.н.
Сидоров Ж.Р.,ФУПМ,профессор,д.н.
Кузнецов Л.О.,ФИВТ,ассистент,к.н.
Лебедева Г.Н.,ФЭТ,профессор,к.н.
Попов А.А.,ФПМИ,,д.н.
Егоров Д.С.,ФИТ,доцент,д.н.
Лебедев В.И.,ФПМИ,профессор,к.н.
Козлов Д.С.,ФПМИ,,
Смирнов Е.П.,ФМиМ,профессор,д.н.
Иванов В.И.,ФРТ,,д.н.
Лебедев Д.С.,ФМиМ,ассистент,д.н.
Новиков Е.П.,ФЭТ,профессор,к.н.
Волков З.Т.,ИТМО,ассистент,
Иванов Г.Н.,ФМиМ,доцент,д.н.
Новиков Б.В.,ИТМО,ассистент,к.н.
Егоров Г.Н.,ФЭТ,,
Козлов Г.Н.,ФРТ,профессор,к.н.
Волков Г.Н.,ИТМО,доцент,к.н.
Попов В.И.,ФПМИ,,
Новиков З.Т.,ФЭТ,профессор,
Кузнецов М.Ю.,ФИВТ,доцент,
Алексеев В.И.,ФРТ,,
Попов З.Т.,ФИТ,ассистент,к.н.
Сидоров З.Т.,ФИВТ,ассистент,д.н.
Новиков И.К.,ИТМО,профессор,д.н.
Лебедев Б.В.,ИТМО,,д.н.
Морозов Г.Н.,ФМиЕН,профессор,д.н.
Волков З.Т.,ФПМИ,,д.н.
Алексеев Л.О.,ФИТ,ассистент,д.н.
Козлов Г.Н.,ИТМО,профессор,д.н.
Волков К.М.,ФМиМ,ассистент,к.н.
Сидоров К.М.,ФПМИ,ассистент,к.н.
Лебедева З.Т.,ФЭТ,профессор,
Новиков Б.В.,ФУПМ,ассистент,
Кузнецов Е.П.,ФФ,ассистент,д.н.
Новиков Ж.Р.,ФПМИ,профессор,д.н.
Егоров В.И.,ФИВТ,доцент,д.н.
Попов М.Ю.,ФМиМ,доцент,к.н.
Сидоров Б.В.,ФФ,ассистент,
Соколов З.Т.,ФМиЕН,профессор,к.н.
Петров Е.П.,ФПМИ,доцент,
Петров Л.О.,ФМиЕН,ассистент,к.н.
Егоров Л.О.,ФМиМ,профессор,д.н.
Смирнов М.Ю.,ФИВТ,доцент,
Лебедева Ж.Р.,ИТМО,,
Волков Е.П.,ФЭТ,ассистент,д.н.
Лебедев З.Т.,ФМиЕН,,
Морозов В.И.,ФИТ,,д.н.
Алексеев Г.Н.,ИТМО,ассистент,к.н.
Сидоров З.Т.,ФУПМ,профессор,
Сидоров Ж.Р.,ФФ,доцент,д.н.
Сидоров Б.В.,ФИВТ,ассистент,д.н.
Сидоров В.И.,ФМиЕН,ассистент,д.н.
Соколов И.К.,ФМиЕН,доцент,к.н.
Петров И.К.,ФМиМ,,
Смирнов Е.П.,ФРТ,профессор,д.н.
Попов Л.О.,ФФ,профессор,к.н.
Лебедев Е.П.,ИТМО,профессор,д.н.
Иванов Ж.Р.,ФУПМ,ассистент,
Иванов Г.Н.,ФМиМ,доцент,д.н.
Козлов Б.В.,ФЭТ,,д.н.
Сидоров Е.П.,ФИВТ,,д.н.
Новиков А.А.,ФФ,профессор,д.н.
Семенов М.Ю.,ФИТ,доцент,к.н.
Соколов М.Ю.,ФПМИ,доцент,
Смирнов К.М.,ФИТ,профессор,
Сидоров Л.О.,ФФ,,д.н.
Морозов А.А.,ФФ,доцент,к.н.
Иванов В.И.,ФЭТ,ассистент,к.н.
Волков З.Т.,ФЭТ,профессор,
Петров Л.О.,ФПМИ,,
Алексеев Л.О.,ФФ,ассистент,к.н.
Иванов Л.О.,ФИВТ,ассистент,д.н.
Лебедев З.Т.,ФФ,профессор,д.н.
Лебедев И.К.,ФПМИ,доцент,
Алексеев Е.П.,ФМиМ,доцент,к.н.
Лебедева Ж.Р.,ФРТ,ассистент,
Смирнов Г.Н.,ФФ,,
Семенов Б.В.,ИТМО,,к.н.
Смирнов А.А.,ФРТ,ассистент,д.н.
Попов К.М.,ФФ,профессор,
Попов Е.П.,ИТМО,,д.н.
Морозов Е.П.,ФИТ,ассистент,д.н.
Новиков Ж.Р.,ФЭТ,профессор,
Алексеев А.А.,ФИТ,,
Попов И.К.,ФРТ,доцент,
Сидоров Б.В.,ФМиЕН,ассистент,к.н.
Алексеев В.И.,ФУПМ,профессор,д.н.
Егоров Д.С.,ФУПМ,профессор,к.н.
Морозов Д.С.,ИТМО,,
Морозов Б.В.,ФФ,,д.н.
Соколов Б.В.,ФИТ,,д.н.
Морозов Д.С.,ФИТ,профессор,
Петров Л.О.,ФФ,профессор,д.н.
Соколов Г.Н.,ИТМО,ассистент,к.н.
Сидоров М.Ю.,ФФ,доцент,д.н.
Семенов З.Т.,ИТМО,ассистент,д.н.
Козлов А.А.,ФМиМ,ассистент,д.н.
Семенов И.К.,ФФ,профессор,к.н.
Семенов М.Ю.,ФИВТ,доцент,к.н.
Козлов М.Ю.,ФМиЕН,профессор,к.н.
Сидоров Д.С.,ФПМИ,профессор,к.н.
Лебедева И.К.,ФЭТ,доцент,к.н.
Смирнов Г.Н.,ФИВТ,ассистент,
Лебедева В.И.,ФИВТ,доцент,
Попов М.Ю.,ФУПМ,ассистент,д.н.
Новиков Д.С.,ФФ,профессор,к.н.
Соколов К.М.,ФРТ,доцент,к.н.
Соколов Л.О.,ФУПМ,профессор,д.н.
Козлов В.И.,ФУПМ,ассистент,
Семенов Г.Н.,ФФ,профессор,д.н.
Лебедева Ж.Р.,ФМиЕН,доцент,д.н.
Лебедева М.Ю.,ФМиМ,,
Лебедева Б.В.,ФЭТ,ассистент,к.н.
Волков В.И.,ФИВТ,ассистент,
Новиков Е.П.,ФУПМ,доцент,к.н.
Попов Л.О.,ФМиМ,ассистент,
Новиков И.К.,ИТМО,ассистент,д.н.
Лебедева М.Ю.,ФЭТ,доцент,д.н.
Соколов В.И.,ФУПМ,,
Смирнов Е.П.,ИТМО,,к.н.
Волков Е.П.,ИТМО,профессор,к.н.
Сидоров В.И.,ФЭТ,профессор,д.н.
Лебедев А.А.,ФМиЕН,профессор,
Козлов Г.Н.,ФПМИ,профессор,
Морозов Д.С.,ФЭТ,,
Лебедев К.М.,ФИВТ,доцент,д.н.
Кузнецов Е.П.,ФУПМ,доцент,
Петров В.И.,ФФ,,д.н.
Алексеев З.Т.,ФПМИ,профессор,д.н.
Попов Г.Н.,ИТМО,профессор,
Петров А.А.,ФРТ,доцент,
Семенов В.И.,ФМиЕН,профессор,
Лебедева Г.Н.,ФИВТ,профессор,д.н.
Петров К.М.,ФРТ,доцент,
Семенов И.К.,ФПМИ,,д.н.
Попов К.М.,ФЭТ,профессор,к.н.
Алексеев М.Ю.,ФФ,профессор,д.н.
Лебедев В.И.,ФПМИ,ассистент,
Соколов З.Т.,ФРТ,доцент,
Лебедев К.М.,ИТМО,,
Лебедев К.М.,ФУПМ,ассистент,к.н.
Морозов В.И.,ФРТ,профессор,
Попов А.А.,ФИВТ,профессор,
Иванов Д.С.,ФИТ,,
Кузнецов К.М.,ФПМИ,,д.н.
Иванов К.М.,ФФ,доцент,д.н.
Лебедева А.А.,ФМиЕН,доцент,д.н.
Козлов М.Ю.,ФПМИ,доцент,д.н.
Лебедева З.Т.,ФИТ,ассистент,
Лебедева Е.П.,ИТМО,,к.н.
Лебедев А.А.,ИТМО,доцент,
Морозов К.М.,ФИВТ,,
Егоров И.К.,ФИТ,ассистент,д.н.
Егоров В.И.,ФМиМ,доцент,к.н.
Алексеев Л.О.,ФИВТ,ассистент,
Смирнов В.И.,ФФ,ассистент,д.н.
Козлов А.А.,ФИТ,ассистент,д.н.
Лебедева Б.В.,ФМиЕН,профессор,к.н.
Соколов В.И.,ФПМИ,,
Новиков Б.В.,ФИВТ,профессор,д.н.
Козлов Б.В.,ФМиМ,,д.н.
Алексеев З.Т.,ФМиЕН,,к.н.
Семенов В.И.,ФФ,доцент,к.н.
Волков И.К.,ФПМИ,профессор,
Егоров М.Ю.,ФМиЕН,профессор,д.н.
Семенов К.М.,ФРТ,профессор,
Алексеев Е.П.,ФПМИ,,д.н.
Лебедева Г.Н.,ФИВТ,профессор,д.н.
Волков Б.В.,ФФ,доцент,
Иванов Д.С.,ИТМО,ассистент,
Семенов В.И.,ФЭТ,доцент,д.н.
Соколов Е.П.,ФПМИ,профессор,к.н.
Егоров Г.Н.,ФИВТ,,д.н.
Попов М.Ю.,ФРТ,,
Петров А.А.,ФМиЕН,профессор,
Козлов Ж.Р.,ФУПМ,профессор,к.н.
Морозов А.А.,ФИВТ,,к.н.
Петров Ж.Р.,ФФ,ассистент,к.н.
Лебедев З.Т.,ФРТ,ассистент,д.н.
Петров И.К.,ФРТ,ассистент,к.н.
Семенов И.К.,ФИВТ,ассистент,к.н.
Егоров Д.С.,ФРТ,доцент,к.н.
Смирнов Д.С.,ФУПМ,профессор,д.н.
Семенов И.К.,ФРТ,профессор,
Новиков А.А.,ФЭТ,профессор,
Алексеев Л.О.,ФРТ,профессор,
Алексеев И.К.,ФУПМ,ассистент,д.н.
Лебедев Г.Н.,ФИВТ,доцент,
Лебедев В.И.,ФМиМ,,
Морозов Д.С.,ФИВТ,профессор,д.н.
Новиков Ж.Р.,ФМиЕН,ассистент,д.н.
Лебедев Е.П.,ФРТ,доцент,д.н.
Попов А.А.,ФЭТ,профессор,
Лебедев Е.П.,ФФ,ассистент,к.н.
Лебедев З.Т.,ФИВТ,профессор,
Козлов В.И.,ФИВТ,профессор,
Смирнов А.А.,ФФ,доцент,к.н.
Кузнецов Е.П.,ИТМО,профессор,к.н.
Новиков Е.П.,ФИВТ,ассистент,д.н.
Алексеев В.И.,ФИВТ,,к.н.
Волков В.И.,ФФ,ассистент,
Егоров И.К.,ФМиЕН,профессор,к.н.
Лебедева Е.П.,ИТМО,профессор,д.н.
Лебедев Е.П.,ФМиЕН,профессор,к.н.
Лебедев В.И.,ФИВТ,,к.н.
Лебедев А.А.,ФЭТ,доцент,д.н.
Петров Г.Н.,ИТМО,,к.н.
Егоров А.А.,ФМиМ,доцент,к.н.
Лебедев Ж.Р.,ФУПМ,профессор,к.н.
Морозов М.Ю.,ФЭТ,ассистент,
Соколов З.Т.,ФМиЕН,доцент,к.н.
Семенов Г.Н.,ФИТ,доцент,
Волков Л.О.,ФИТ,доцент,
Новиков И.К.,ФИТ,доцент,
Лебедев Л.О.,ФУПМ,ассистент,
Лебедева Ж.Р.,ФИВТ,профессор,д.н.
Кузнецов З.Т.,ФУПМ,доцент,
Сидоров К.М.,ФМиМ,,д.н.
Морозов Г.Н.,ФМиМ,,к.н.
Волков Г.Н.,ФПМИ,доцент,
Петров З.Т.,ФУПМ,,д.н.
Семенов Б.В.,ФПМИ,,
Кузнецов А.А.,ФПМИ,доцент,
Алексеев Г.Н.,ФИВТ,доцент,д.н.
Алексеев Г.Н.,ИТМО,,к.н.
Лебедева Б.В.,ФРТ,,
Соколов А.А.,ФИТ,доцент,
Кузнецов Б.В.,ФМиМ,ассистент,к.н.
Попов Г.Н.,ФИТ,ассистент,д.н.
Семенов Б.В.,ФПМИ,профессор,к.н.
Семенов А.А.,ИТМО,доцент,
Лебедев Б.В.,ФИВТ,,д.н.
Семенов В.И.,ФМиЕН,профессор,к.н.
Попов Г.Н.,ФЭТ,,
Лебедев К.М.,ИТМО,ассистент,д.н.
Семенов Е.П.,ИТМО,,
Петров К.М.,ФМиМ,профессор,к.н.
Петров К.М.,ФРТ,доцент,к.н.
Лебедев К.М.,ФМиМ,доцент,к.н.
Новиков Л.О.,ИТМО,профессор,д.н.
Новиков Д.С.,ФПМИ,доцент,к.н.
Соколов Б.В.,ФФ,доцент,
Лебедев М.Ю.,ФИТ,ассистент,
Алексеев А.А.,ФЭТ,,д.н.
Семенов А.А.,ФМиЕН,ассистент,д.н.
Соколов Ж.Р.,ФИТ,ассистент,д.н.
Смирнов В.И.,ФМиМ,ассистент,д.н.
Сидоров Г.Н.,ФМиМ,доцент,
Кузнецов Д.С.,ФИТ,доцент,д.н.
Иванов И.К.,ФРТ,ассистент,
Егоров И.К.,ФЭТ,,д.н.
Соколов Л.О.,ФИТ,профессор,к.н.
Козлов Е.П.,ФПМИ,,д.н.
Лебедева Е.П.,ФЭТ,профессор,д.н.
Лебедева Ж.Р.,ФФ,ассистент,д.н.
Сидоров Л.О.,ФФ,ассистент,д.н.
Семенов А.А.,ФПМИ,доцент,к.н.
Сидоров А.А.,ФРТ,,
Сидоров Ж.Р.,ФМиЕН,,д.н.
Смирнов К.М.,ФМиМ,ассистент,
Козлов Б.В.,ФИВТ,профессор,к.н.
Семенов З.Т.,ФМиЕН,ассистент,к.н.
Волков З.Т.,ФМиМ,доцент,к.н.
Морозов В.И.,ФМиЕН,,д.н.
Новиков Ж.Р.,ФПМИ,профессор,к.н.
Лебедев Б.В.,ФМиМ,профессор,
Волков А.А.,ФИВТ,ассистент,
Смирнов Б.В.,ФИТ,доцент,д.н.
Семенов Ж.Р.,ФЭТ,,к.н.
Кузнецов Г.Н.,ФФ,,к.н.
Сидоров А.А.,ФМиМ,ассистент,к.н.
Лебедева Б.В.,ФРТ,,
Кузнецов Б.В.,ФМиМ,доцент,к.н.
Попов Д.С.,ИТМО,,д.н.
Смирнов М.Ю.,ФФ,,д.н.
Попов В.И.,ФМиЕН,доцент,д.н.
Кузнецов Л.О.,ФМиМ,доцент,к.н.
Кузнецов А.А.,ФЭТ,профессор,д.н.
Попов З.Т.,ФУПМ,ассистент,д.н.
Сидоров В.И.,ФМиМ,профессор,д.н.
Попов Е.П.,ФПМИ,ассистент,к.н.
Алексеев Е.П.,ФЭТ,доцент,д.н.
Кузнецов Ж.Р.,ФУПМ,доцент,
Егоров Л.О.,ФМиЕН,,
Попов Г.Н.,ФУПМ,профессор,д.н.
Лебедева А.А.,ФПМИ,ассистент,д.н.
Лебедев Д.С.,ФРТ,,
Петров Б.В.,ФФ,профессор,к.н.
Алексеев Е.П.,ФИТ,профессор,
Волков М.Ю.,ФЭТ,ассистент,д.н.
Соколов А.А.,ФЭТ,доцент,к.н.
Волков Ж.Р.,ФИТ,профессор,д.н.
Лебедев Ж.Р.,ФУПМ,ассистент,к.н.
Волков В.И.,ФЭТ,доцент,к.н.
Иванов А.А.,ФИВТ,доцент,д.н.
Смирнов Е.П.,ФИВТ,,д.н.
Иванов Ж.Р.,ФПМИ,,д.н.
Кузнецов К.М.,ФРТ,ассистент,к.н.
Морозов Ж.Р.,ФМиМ,доцент,к.н.
Сидоров И.К.,ФМиЕН,доцент,
Петров Б.В.,ФРТ,,к.н.
Петров В.И.,ФПМИ,ассистент,к.н.
Петров В.И.,ФИВТ,доцент,д.н.
Сидоров З.Т.,ФМиЕН,,к.н.
Козлов А.А.,ФИТ,,д.н.
Соколов Ж.Р.,ФИТ,ассистент,д.н.
Алексеев Л.О.,ФУПМ,доцент,
Морозов М.Ю.,ИТМО,,д.н.
Семенов К.М.,ФУПМ,,
Семенов З.Т.,ИТМО,доцент,д.н.
Петров Л.О.,ФЭТ,доцент,к.н.
Новиков М.Ю.,ФЭТ,профессор,
Иванов З.Т.,ИТМО,ассистент,
Лебедев И.К.,ФМиМ,доцент,д.н.
Смирнов Д.С.,ФФ,,д.н.
Морозов З.Т.,ФФ,ассистент,д.н.
Соколов Е.П.,ФМиМ,профессор,
Иванов Г.Н.,ФПМИ,профессор,к.н.
Новиков Л.О.,ФУПМ,,
Смирнов А.А.,ФПМИ,ассистент,к.н.
Смирнов А.А.,ФУПМ,профессор,
Волков Е.П.,ФРТ,ассистент,
Семенов З.Т.,ФРТ,доцент,к.н.
Петров З.Т.,ФПМИ,,к.н.
Морозов Г.Н.,ФМиМ,профессор,
Новиков Г.Н.,ФЭТ,ассистент,
Соколов Е.П.,ФУПМ,ассистент,к.н.
Соколов М.Ю.,ФРТ,доцент,
Сидоров З.Т.,ФМиМ,,д.н.
Козлов Е.П.,ФРТ,профессор,к.н.
Соколов Е.П.,ФИВТ,ассистент,
Лебедева В.И.,ИТМО,,к.н.
Семенов А.А.,ИТМО,доцент,
Иванов Д.С.,ФИВТ,ассистент,к.н.
Семенов Ж.Р.,ФМиЕН,доцент,д.н.
Новиков Б.В.,ИТМО,профессор,к.н.
Иванов Д.С.,ФИТ,ассистент,к.н.
Иванов В.И.,ФЭТ,,
Сидоров Д.С.,ФЭТ,ассистент,д.н.
Лебедева А.А.,ФРТ,доцент,
Лебедев Д.С.,ФМиМ,доцент,
Попов А.А.,ФМиМ,доцент,
Кузнецов З.Т.,ФПМИ,ассистент,к.н.
Семенов Г.Н.,ФМиМ,ассистент,д.н.
Волков Ж.Р.,ФИВТ,,
Лебедев Е.П.,ФЭТ,,д.н.
Сидоров Д.С.,ФМиЕН,профессор,д.н.
Попов И.К.,ИТМО,ассистент,к.н.
Морозов Ж.Р.,ФИВТ,профессор,д.н.
Лебедева Д.С.,ФЭТ,доцент,к.н.
Соколов Е.П.,ФМиМ,профессор,к.н.
Морозов К.М.,ФРТ,,к.н.
Лебедева А.А.,ФИВТ,доцент,
Козлов Б.В.,ФМиЕН,,
Смирнов Б.В.,ФПМИ,профессор,к.н.
Сидоров В.И.,ФПМИ,профессор,
Лебедева Д.С.,ФПМИ,,д.н.
Новиков Л.О.,ФИТ,,д.н.
Волков Б.В.,ФМиМ,ассистент,д.н.
Петров Д.С.,ФМиЕН,,д.н.
Иванов З.Т.,ФРТ,,к.н.
Морозов В.И.,ФУПМ,ассистент,
Кузнецов А.А.,ФМиЕН,доцент,д.н.
Волков Б.В.,ФМиМ,,д.н.
Егоров М.Ю.,ФМиМ,,
Сидоров З.Т.,ИТМО,профессор,
Алексеев В.И.,ФИВТ,,д.н.
Новиков М.Ю.,ФМиЕН,профессор,д.н.
Алексеев Д.С.,ФУПМ,профессор,д.н.
Петров И.К.,ИТМО,профессор,к.н.
Кузнецов Л.О.,ФРТ,доцент,д.н.
Новиков М.Ю.,ФУПМ,доцент,
Кузнецов Г.Н.,ФФ,профессор,к.н.
Семенов М.Ю.,ФИВТ,профессор,д.н.
Лебедев К.М.,ФФ,доцент,
Морозов М.Ю.,ФУПМ,ассистент,к.н.
Кузнецов В.И.,ФПМИ,ассистент,д.н.
Соколов И.К.,ФПМИ,профессор,д.н.
Лебедева М.Ю.,ФФ,ассистент,д.н.
Смирнов А.А.,ФУПМ,доцент,д.н.
Лебедева К.М.,ФМиЕН,,к.н.
Егоров Д.С.,ИТМО,,д.н.
Новиков В.И.,ФФ,профессор,д.н.
Лебедева И.К.,ФИВТ,ассистент,
Новиков Е.П.,ФМиЕН,ассистент,
Кузнецов Г.Н.,ФМиЕН,ассистент,д.н.
Петров З.Т.,ФУПМ,профессор,к.н.
Волков Б.В.,ФИВТ,,д.н.
Петров З.Т.,ФМиМ,ассистент,д.н.
Кузнецов Е.П.,ФРТ,доцент,
Волков А.А.,ФФ,,
Кузнецов Ж.Р.,ФПМИ,профессор,д.н.
Козлов К.М.,ФРТ,профессор,д.н.
Козлов Б.В.,ФЭТ,профессор,
Петров К.М.,ФРТ,ассистент,
Волков Д.С.,ФИВТ,доцент,д.н.
Соколов З.Т.,ФУПМ,,д.н.
Петров К.М.,ФФ,доцент,д.н.
Попов А.А.,ФЭТ,доцент,д.н.
Петров Г.Н.,ФИТ,профессор,
Соколов Л.О.,ФПМИ,ассистент,
Сидоров В.И.,ФЭТ,ассистент,д.н.
Кузнецов Л.О.,ФРТ,доцент,
Новиков М.Ю.,ФПМИ,доцент,д.н.
Сидоров М.Ю.,ФМиЕН,,к.н.
Волков М.Ю.,ФУПМ,ассистент,д.н.
Новиков Е.П.,ФФ,доцент,к.н.
Смирнов В.И.,ФМиМ,ассистент,д.н.
Алексеев Ж.Р.,ФЭТ,профессор,д.н.
Козлов К.М.,ФЭТ,ассистент,
Сидоров Д.С.,ФМиМ,,к.н.
Козлов Б.В.,ФПМИ,доцент,д.н.
Морозов Ж.Р.,ФУПМ,профессор,к.н.
Соколов М.Ю.,ФМиМ,ассистент,
Новиков Г.Н.,ФУПМ,ассистент,д.н.
Соколов И.К.,ФЭТ,доцент,д.н.
Петров Г.Н.,ФПМИ,,
Иванов М.Ю.,ФЭТ,профессор,д.н.
Семенов М.Ю.,ФРТ,ассистент,к.н.
Лебедева А.А.,ФИВТ,ассистент,д.н.
Лебедев К.М.,ФМиЕН,,
Козлов З.Т.,ФУПМ,,д.н.
Сидоров М.Ю.,ФРТ,доцент,к.н.
Семенов Б.В.,ФРТ,ассистент,д.н.
Соколов И.К.,ФФ,,д.н.
Смирнов И.К.,ИТМО,доцент,
Петров Ж.Р.,ФМиЕН,доцент,к.н.
Морозов В.И.,ФМиЕН,ассистент,к.н.
Попов Г.Н.,ФПМИ,ассистент,д.н.
Лебедев К.М.,ФЭТ,,к.н.
Кузнецов К.М.,ФИВТ,ассистент,д.н.
Лебедева И.К.,ФУПМ,доцент,к.н.
Попов М.Ю.,ФФ,профессор,
Смирнов Л.О.,ФФ,ассистент,
Смирнов К.М.,ФМиМ,ассистент,д.н.
Козлов К.М.,ФУПМ,доцент,к.н.
Козлов Б.В.,ФМиЕН,ассистент,д.н.
Семенов З.Т.,ФУПМ,доцент,к.н.
Иванов Ж.Р.,ФИТ,,
Козлов В.И.,ФПМИ,доцент,к.н.
Егоров В.И.,ФРТ,доцент,к.н.
Новиков Л.О.,ФУПМ,ассистент,к.н.
Кузнецов А.А.,ФРТ,доцент,д.н.
Кузнецов В.И.,ФРТ,,
Новиков Д.С.,ФФ,доцент,к.н.
Алексеев Е.П.,ФМиЕН,,д.н.
Морозов Б.В.,ФИТ,доцент,
Петров Б.В.,ФЭТ,ассистент,к.н.
Лебедев М.Ю.,ИТМО,ассистент,
Семенов В.И.,ИТМО,доцент,к.н.
Новиков Б.В.,ФУПМ,доцент,
Кузнецов Г.Н.,ФПМИ,ассистент,
Алексеев И.К.,ФМиМ,ассистент,
Козлов Е.П.,ФЭТ,доцент,к.н.
Лебедев Е.П.,ИТМО,,
Волков Л.О.,ФМиМ,,д.н.
Кузнецов Л.О.,ФФ,профессор,к.н.
Попов М.Ю.,ФМиЕН,,к.н.
Соколов А.А.,ФМиМ,,д.н.
Лебедев В.И.,ФИВТ,,д.н.
Алексеев Л.О.,ФМиМ,ассистент,д.н.
Смирнов Ж.Р.,ФФ,,
Морозов И.К.,ФПМИ,профессор,к.н.
Егоров Б.В.,ФЭТ,профессор,к.н.
Алексеев Л.О.,ФПМИ,профессор,к.н.
Петров Ж.Р.,ФФ,профессор,к.н.
Иванов М.Ю.,ФУПМ,доцент,к.н.
Соколов Г.Н.,ФИТ,,
Лебедев Ж.Р.,ФИВТ,,д.н.
Волков М.Ю.,ФФ,профессор,д.н.
Козлов Б.В.,ФИТ,ассистент,к.н.
Попов К.М.,ФРТ,,д.н.
Новиков И.К.,ФМиЕН,ассистент,д.н.
Лебедева К.М.,ФУПМ,доцент,
Егоров Ж.Р.,ФМиМ,профессор,к.н.
Лебедев Д.С.,ФУПМ,профессор,д.н.
Новиков А.А.,ФФ,,к.н.
Волков К.М.,ИТМО,профессор,к.н.
Попов Ж.Р.,ФРТ,,д.н.
Иванов Л.О.,ФМиМ,профессор,д.н.
Кузнецов Е.П.,ФПМИ,доцент,
Иванов Л.О.,ФУПМ,,
Алексеев Д.С.,ФИВТ,доцент,
Попов З.Т.,ФИТ,доцент,к.н.
Егоров З.Т.,ФФ,,
Морозов В.И.,ФИТ,профессор,к.н.
Егоров Ж.Р.,ФИВТ,доцент,д.н.
Новиков Б.В.,ФУПМ,ассистент,д.н.
Семенов К.М.,ИТМО,доцент,д.н.
Лебедева Д.С.,ФПМИ,доцент,к.н.
Смирнов В.И.,ФПМИ,ассистент,д.н.
Лебедев Л.О.,ФФ,,
Попов Ж.Р.,ИТМО,профессор,д.н.
Алексеев К.М.,ИТМО,профессор,
Морозов Б.В.,ФМиЕН,доцент,
Соколов Е.П.,ФИВТ,ассистент,
Алексеев К.М.,ФРТ,доцент,
Семенов Д.С.,ФПМИ,ассистент,д.н.
Кузнецов И.К.,ФУПМ,профессор,к.н.
Лебедева Л.О.,ИТМО,профессор,
Петров Д.С.,ФПМИ,ассистент,к.н.
Волков Д.С.,ФИВТ,доцент,
Попов И.К.,ФИТ,ассистент,д.н.
Морозов М.Ю.,ФИТ,доцент,к.н.
Кузнецов В.И.,ФИВТ,профессор,
Алексеев И.К.,ФПМИ,ассистент,д.н.
Егоров А.А.,ФМиМ,ассистент,
Егоров А.А.,ФУПМ,профессор,к.н.
Петров З.Т.,ИТМО,доцент,к.н.
Егоров Ж.Р.,ФРТ,,
Морозов К.М.,ФМиМ,,д.н.
Смирнов И.К.,ФИТ,,к.н.
Козлов Е.П.,ФПМИ,доцент,д.н.
Соколов И.К.,ИТМО,ассистент,к.н.
Кузнецов К.М.,ФЭТ,доцент,
Иванов А.А.,ФЭТ,доцент,
Егоров В.И.,ФЭТ,профессор,д.н.
Соколов И.К.,ИТМО,профессор,
Семенов Е.П.,ФМиМ,,к.н.
Волков Б.В.,ФИВТ,ассистент,д.н.
Смирнов М.Ю.,ФРТ,ассистент,д.н.
Морозов И.К.,ФРТ,профессор,д.н.
Иванов З.Т.,ИТМО,ассистент,
Иванов К.М.,ФПМИ,ассистент,
Соколов З.Т.,ФУПМ,ассистент,
Лебедев К.М.,ФРТ,,д.н.
Егоров К.М.,ФИТ,доцент,
Соколов Е.П.,ФФ,ассистент,
Соколов К.М.,ФМиЕН,доцент,д.н.
Семенов Ж.Р.,ФМиМ,профессор,к.н.
Новиков И.К.,ФЭТ,,д.н.
Волков Г.Н.,ФМиЕН,профессор,д.н.
Алексеев Б.В.,ФУПМ,доцент,к.н.
Соколов Г.Н.,ФЭТ,ассистент,д.н.
Соколов З.Т.,ИТМО,доцент,д.н.
Егоров И.К.,ФУПМ,доцент,д.н.
Лебедев К.М.,ФУПМ,профессор,к.н.
Козлов Л.О.,ФМиМ,ассистент,к.н.
Петров Б.В.,ФИВТ,ассистент,
Петров А.А.,ФРТ,ассистент,к.н.
Волков И.К.,ФРТ,ассистент,д.н.
Соколов З.Т.,ФЭТ,доцент,
Сидоров Б.В.,ФФ,доцент,
Козлов Г.Н.,ФМиЕН,доцент,к.н.
Смирнов М.Ю.,ФПМИ,профессор,к.н.
Петров Д.С.,ФМиЕН,профессор,д.н.
Егоров Ж.Р.,ФМиЕН,профессор,
Кузнецов Л.О.,ФФ,,
Лебедев Г.Н.,ФИТ,профессор,к.н.
Смирнов В.И.,ФИТ,профессор,
Соколов М.Ю.,ФМиМ,ассистент,д.н.
Семенов М.Ю.,ФЭТ,,д.н.
Волков Е.П.,ФУПМ,ассистент,д.н.
Иванов Д.С.,ФМиЕН,профессор,к.н.
Новиков И.К.,ФМиЕН,ассистент,к.н.
Егоров К.М.,ФМиМ,доцент,
Петров И.К.,ФМиЕН,ассистент,к.н.
Петров К.М.,ИТМО,профессор,к.н.
Сидоров М.Ю.,ФИТ,,
Смирнов З.Т.,ФИВТ,доцент,к.н.
Козлов М.Ю.,ФИВТ,профессор,к.н.
Лебедева Е.П.,ФМиЕН,ассистент,
Иванов В.И.,ФМиЕН,,
Соколов Г.Н.,ФПМИ,ассистент,д.н.
Новиков В.И.,ФРТ,профессор,д.н.
Петров Е.П.,ФМиМ,профессор,к.н.
Новиков Ж.Р.,ФРТ,профессор,д.н.
Морозов А.А.,ФИТ,ассистент,к.н.
Волков М.Ю.,ФПМИ,профессор,
Соколов Д.С.,ФРТ,ассистент,к.н.
Попов И.К.,ФУПМ,доцент,д.н.
Волков Л.О.,ФФ,,к.н.
Лебедева В.И.,ФУПМ,ассистент,
Новиков В.И.,ФИТ,доцент,к.н.
Семенов Г.Н.,ФМиЕН,,
Морозов Е.П.,ФИВТ,ассистент,к.н.
Петров В.И.,ФУПМ,,д.н.
Морозов Л.О.,ФУПМ,доцент,
Петров А.А.,ФУПМ,ассистент,к.н.
Морозов И.К.,ФРТ,,к.н.
Егоров Б.В.,ФУПМ,,
Сидоров В.И.,ФФ,профессор,д.н.
Лебедева З.Т.,ФФ,,
Егоров И.К.,ФЭТ,профессор,д.н.
Лебедев В.И.,ФМиМ,,д.н.
Соколов А.А.,ФФ,доцент,
Алексеев З.Т.,ИТМО,профессор,
Соколов З.Т.,ИТМО,,
Лебедев Л.О.,ИТМО,,к.н.
Лебедева В.И.,ФРТ,профессор,
Петров З.Т.,ФФ,ассистент,к.н.
Иванов Ж.Р.,ФЭТ,,к.н.
Лебедева З.Т.,ФМиЕН,профессор,
Морозов И.К.,ФМиМ,профессор,к.н.
Петров Г.Н.,ФЭТ,доцент,д.н.
Лебедев Б.В.,ФМиЕН,профессор,д.н.
Козлов А.А.,ФРТ,ассистент,
Петров Л.О.,ФМиЕН,ассистент,к.н.
Козлов Б.В.,ФИТ,профессор,
Козлов Б.В.,ФУПМ,,д.н.
Волков Л.О.,ФФ,ассистент,к.н.
Новиков Л.О.,ФМиЕН,ассистент,д.н.
Козлов Б.В.,ФИТ,профессор,д.н.
Попов Е.П.,ФРТ,профессор,
Лебедева В.И.,ФМиМ,,д.н.
Лебедева К.М.,ФУПМ,ассистент,к.н.
Семенов Г.Н.,ФМиМ,профессор,д.н.
Смирнов Д.С.,ФРТ,,
Попов В.И.,ФФ,профессор,д.н.
Кузнецов Ж.Р.,ФФ,ассистент,д.н.
Семенов Ж.Р.,ФИТ,профессор,
Соколов Л.О.,ФУПМ,доцент,
Сидоров В.И.,ИТМО,,
Попов И.К.,ФРТ,ассистент,д.н.
Егоров Г.Н.,ФИТ,ассистент,д.н.
Смирнов М.Ю.,ФПМИ,,к.н.
Соколов В.И.,ФИВТ,профессор,д.н.
Семенов Л.О.,ФПМИ,профессор,д.н.
Морозов З.Т.,ФЭТ,профессор,д.н.
Егоров Е.П.,ФМиЕН,,д.н.
Сидоров К.М.,ФУПМ,,
Волков В.И.,ФРТ,ассистент,к.н.
Сидоров А.А.,ФРТ,ассистент,к.н.
Иванов Л.О.,ФУПМ,,к.н.
Новиков Б.В.,ФРТ,,к.н.
Попов И.К.,ФМиМ,,д.н.
Петров Д.С.,ФМиЕН,,
Смирнов З.Т.,ФМиЕН,,д.н.
Петров Д.С.,ФФ,доцент,д.н.
Козлов Б.В.,ФМиЕН,ассистент,к.н.
Лебедева М.Ю.,ФЭТ,,к.н.
Морозов К.М.,ФМиМ,профессор,д.н.
Егоров И.К.,ФИВТ,ассистент,д.н.
Кузнецов З.Т.,ФФ,ассистент,д.н.
Сидоров Л.О.,ФИТ,,
Иванов А.А.,ФУПМ,доцент,к.н.
Сидоров И.К.,ФМиМ,профессор,
Смирнов М.Ю.,ФУПМ,профессор,к.н.
Новиков Д.С.,ФРТ,профессор,
Смирнов З.Т.,ИТМО,профессор,
Алексеев Г.Н.,ФРТ,ассистент,к.н.
Смирнов З.Т.,ФФ,,к.н.
Кузнецов М.Ю.,ИТМО,ассистент,д.н.
Лебедев М.Ю.,ФИВТ,доцент,д.н.
Попов Г.Н.,ФРТ,доцент,д.н.
Попов К.М.,ИТМО,профессор,к.н.
Петров Д.С.,ФУПМ,,к.н.
Алексеев Е.П.,ФФ,,
Волков М.Ю.,ФЭТ,доцент,к.н.
Петров М.Ю.,ФФ,доцент,
Новиков М.Ю.,ФМиЕН,профессор,к.н.
Волков Л.О.,ФЭТ,ассистент,
Козлов К.М.,ФУПМ,,
Лебедев А.А.,ФФ,ассистент,к.н.
Кузнецов З.Т.,ФРТ,ассистент,д.н.
Морозов Л.О.,ФЭТ,,д.н.
Козлов И.К.,ФИВТ,доцент,
Алексеев Л.О.,ИТМО,доцент,
Лебедев Л.О.,ФМиЕН,,к.н.
Волков З.Т.,ФИТ,,
Лебедев Д.С.,ФМиЕН,ассистент,
Морозов Ж.Р.,ФИВТ,,д.н.
Новиков Д.С.,ФФ,доцент,
Лебедева М.Ю.,ФУПМ,,к.н.
Петров Б.В.,ФПМИ,ассистент,
Новиков Е.П.,ФРТ,ассистент,
Кузнецов Е.П.,ИТМО,ассистент,к.н.
Волков Д.С.,ФУПМ,ассистент,к.н.
Новиков З.Т.,ФИВТ,,
Козлов Б.В.,ФУПМ,доцент,д.н.
Смирнов Г.Н.,ФФ,профессор,к.н.
Лебедев Е.П.,ФФ,профессор,к.н.
Сидоров В.И.,ФИТ,,
Волков К.М.,ФПМИ,профессор,
Семенов З.Т.,ФФ,ассистент,
Козлов Г.Н.,ФИТ,профессор,д.н.
Кузнецов Л.О.,ФЭТ,,к.н.
Козлов И.К.,ФИТ,доцент,к.н.
Алексеев Г.Н.,ИТМО,ассистент,
Лебедев Л.О.,ФМиМ,ассистент,д.н.
Смирнов Д.С.,ФМиЕН,ассистент,д.н.
Лебедев В.И.,ФПМИ,доцент,к.н.
Смирнов Е.П.,ФИТ,ассистент,к.н.
Новиков А.А.,ФФ,,
Морозов К.М.,ФМиЕН,профессор,д.н.
Козлов А.А.,ФМиМ,доцент,
Кузнецов З.Т.,ИТМО,ассистент,
Егоров Б.В.,ФПМИ,ассистент,
Морозов И.К.,ФУПМ,,к.н.
Новиков И.К.,ФМиЕН,,
Морозов Г.Н.,ФИВТ,ассистент,к.н.
Морозов Б.В.,ФУПМ,,д.н.
Новиков Б.В.,ФУПМ,ассистент,к.н.
Кузнецов И.К.,ФИТ,ассистент,д.н.
Соколов З.Т.,ФУПМ,ассистент,к.н.
Лебедева Е.П.,ФФ,доцент,
Смирнов Ж.Р.,ФФ,профессор,
Смирнов А.А.,ФМиЕН,доцент,
Семенов Б.В.,ФПМИ,профессор,к.н.
Кузнецов Д.С.,ФМиМ,доцент,д.н.
Морозов Г.Н.,ФУПМ,доцент,
Алексеев И.К.,ФИВТ,,к.н.
Петров А.А.,ФИТ,ассистент,к.н.
Лебедева М.Ю.,ФИВТ,профессор,
Семенов Д.С.,ФФ,,
Семенов Е.П.,ФМиМ,ассистент,к.н.
Лебедева Е.П.,ИТМО,профессор,
Сидоров И.К.,ИТМО,доцент,
Козлов Л.О.,ФМиМ,ассистент,к.н.
Лебедева Д.С.,ФИВТ,профессор,
Егоров Г.Н.,ИТМО,,
Попов Ж.Р.,ФМиЕН,профессор,к.н.
Волков В.И.,ФЭТ,,к.н.
Сидоров З.Т.,ФЭТ,ассистент,к.н.
Сидоров К.М.,ФРТ,доцент,д.н.
Волков Е.П.,ФФ,профессор,
Петров В.И.,ФУПМ,профессор,к.н.
Лебедев Д.С.,ФИТ,профессор,к.н.
Алексеев К.М.,ФИВТ,доцент,д.н.
Козлов Е.П.,ИТМО,профессор,д.н.
Семенов Б.В.,ФЭТ,профессор,к.н.
Иванов Ж.Р.,ФИТ,,к.н.
Лебедева А.А.,ФУПМ,профессор,д.н.
Смирнов М.Ю.,ФЭТ,ассистент,к.н.
Морозов А.А.,ФРТ,профессор,к.н.
Семенов Л.О.,ИТМО,профессор,к.н.
Лебедев Г.Н.,ИТМО,,д.н.
Алексеев К.М.,ФПМИ,профессор,
Сидоров А.А.,ФЭТ,доцент,д.н.
Новиков Г.Н.,ФПМИ,профессор,
Алексеев И.К.,ФИВТ,профессор,к.н.
Козлов Д.С.,ФЭТ,ассистент,д.н.
Егоров И.К.,ФИВТ,профессор,к.н.
Алексеев Г.Н.,ФПМИ,доцент,
Попов К.М.,ФМиМ,доцент,
Семенов З.Т.,ФЭТ,доцент,
Соколов Г.Н.,ФФ,,д.н.
Егоров З.Т.,ФЭТ,,
Козлов Г.Н.,ФПМИ,,
Соколов Е.П.,ИТМО,,д.н.
Сидоров Ж.Р.,ФЭТ,доцент,
Егоров А.А.,ФМиМ,,д.н.
Новиков Ж.Р.,ФУПМ,профессор,д.н.
Семенов К.М.,ФФ,ассистент,
Новиков Д.С.,ФУПМ,ассистент,д.н.
Алексеев З.Т.,ФМиМ,доцент,
Попов И.К.,ФУПМ,профессор,к.н.
Семенов Б.В.,ФУПМ,доцент,д.н.
Смирнов В.И.,ФИВТ,,
Егоров З.Т.,ФИТ,ассистент,
Смирнов Ж.Р.,ФИВТ,профессор,д.н.
Соколов К.М.,ФЭТ,ассистент,к.н.
Морозов Д.С.,ФИВТ,профессор,
Алексеев Д.С.,ИТМО,,
Козлов К.М.,ФРТ,доцент,д.н.
Попов Г.Н.,ФЭТ,,к.н.
Иванов Д.С.,ФУПМ,профессор,к.н.
Петров А.А.,ФМиМ,,
Егоров З.Т.,ФМиМ,,д.н.
Иванов К.М.,ФПМИ,доцент,к.н.
Петров Д.С.,ФИВТ,,к.н.
Волков Е.П.,ФФ,доцент,д.н.
Морозов К.М.,ФИВТ,ассистент,к.н.
Попов В.И.,ФУПМ,ассистент,к.н.
Егоров Б.В.,ФИТ,,д.н.
Сидоров Д.С.,ФМиЕН,профессор,д.н.
Петров А.А.,ФПМИ,профессор,к.н.
Семенов Ж.Р.,ФИТ,доцент,д.н.
Волков Б.В.,ФФ,доцент,д.н.
Лебедева К.М.,ФЭТ,ассистент,к.н.
Козлов Ж.Р.,ФМиМ,доцент,д.н.
Попов М.Ю.,ФФ,доцент,к.н.
Алексеев Г.Н.,ФФ,доцент,д.н.
Иванов Е.П.,ФУПМ,доцент,к.н.
Смирнов Д.С.,ФЭТ,профессор,д.н.
Семенов Б.В.,ФРТ,ассистент,д.н.
Попов А.А.,ФПМИ,ассистент,к.н.
Попов Д.С.,ФФ,доцент,д.н.
Соколов Е.П.,ФИТ,доцент,
Сидоров Г.Н.,ФФ,профессор,
Попов З.Т.,ФЭТ,ассистент,
Кузнецов Ж.Р.,ФПМИ,ассистент,к.н.
Алексеев З.Т.,ФМиЕН,ассистент,
Иванов Д.С.,ФФ,ассистент,
Попов К.М.,ФИВТ,доцент,д.н.
Сидоров Л.О.,ФИТ,,
Петров З.Т.,ФМиЕН,профессор,
Попов В.И.,ИТМО,профессор,к.н.
Лебедева Ж.Р.,ФИТ,,д.н.
Кузнецов К.М.,ФУПМ,,д.н.
Козлов К.М.,ФРТ,ассистент,д.н.
Соколов З.Т.,ФПМИ,ассистент,
Соколов З.Т.,ФИТ,доцент,
Новиков Л.О.,ФЭТ,,д.н.
Семенов Д.С.,ФФ,ассистент,к.н.
Сидоров И.К.,ИТМО,доцент,
Алексеев В.И.,ФЭТ,ассистент,
Попов Е.П.,ФИВТ,доцент,д.н.
Козлов Б.В.,ФРТ,,к.н.
Кузнецов Ж.Р.,ФИТ,ассистент,к.н.
Сидоров М.Ю.,ИТМО,профессор,д.н.
Смирнов М.Ю.,ФИТ,,к.н.
Морозов Е.П.,ФЭТ,профессор,к.н.
Козлов И.К.,ФМиМ,ассистент,д.н.
Алексеев Л.О.,ФИТ,,
Иванов А.А.,ФРТ,ассистент,
Семенов Е.П.,ФФ,профессор,к.н.
Новиков В.И.,ФФ,доцент,к.н.
Семенов Е.П.,ИТМО,профессор,
Новиков В.И.,ФПМИ,профессор,
Попов Е.П.,ФИТ,доцент,д.н.
Смирнов З.Т.,ИТМО,ассистент,
Семенов А.А.,ФРТ,ассистент,д.н.
Соколов В.И.,ФУПМ,профессор,к.н.
Петров Е.П.,ФИВТ,,д.н.
Лебедев М.Ю.,ФРТ,ассистент,
Волков Г.Н.,ФПМИ,профессор,д.н.
Петров Д.С.,ФИВТ,доцент,д.н.
Попов Г.Н.,ФФ,ассистент,д.н.
Алексеев З.Т.,ИТМО,ассистент,
Егоров Д.С.,ФРТ,ассистент,д.н.
Лебедева Е.П.,ФМиЕН,доцент,д.н.
Егоров И.К.,ФПМИ,профессор,д.н.
Алексеев Л.О.,ФМиЕН,ассистент,
Семенов Г.Н.,ФИВТ,профессор,к.н.
Соколов А.А.,ФИВТ,доцент,к.н.
Иванов З.Т.,ФУПМ,ассистент,
Сидоров Г.Н.,ФФ,ассистент,
Семенов Ж.Р.,ФПМИ,,
Попов Д.С.,ФРТ,,д.н.
Волков Л.О.,ФИТ,доцент,к.н.
Новиков В.И.,ФФ,,д.н.
Егоров В.И.,ФРТ,доцент,
Козлов А.А.,ФЭТ,профессор,к.н.
Попов И.К.,ФМиМ,доцент,к.н.
Морозов Ж.Р.,ФФ,доцент,д.н.
Соколов Л.О.,ФИВТ,профессор,к.н.
Сидоров Б.В.,ИТМО,доцент,д.н.
Сидоров Е.П.,ФПМИ,профессор,к.н.
Иванов В.И.,ИТМО,профессор,д.н.
Попов Е.П.,ФИВТ,,к.н.
Лебедев Б.В.,ФИТ,профессор,к.н.
Волков Б.В.,ФПМИ,ассистент,к.н.
Волков К.М.,ФИВТ,профессор,д.н.
Кузнецов А.А.,ФРТ,профессор,к.н.
Сидоров Л.О.,ФФ,ассистент,
Егоров Б.В.,ФПМИ,доцент,
Петров А.А.,ФУПМ,,
Петров В.И.,ФУПМ,,д.н.
Сидоров Б.В.,ФЭТ,ассистент,к.н.
Петров Е.П.,ФЭТ,профессор,
Морозов И.К.,ФФ,профессор,к.н.
Смирнов Л.О.,ФМиЕН,доцент,к.н.
Егоров В.И.,ФРТ,,д.н.
Иванов В.И.,ФИВТ,,к.н.
Кузнецов А.А.,ФМиМ,ассистент,д.н.
Егоров Ж.Р.,ФФ,,к.н.
Кузнецов В.И.,ФПМИ,ассистент,
Лебедева Б.В.,ФМиМ,профессор,д.н.
Иванов З.Т.,ФРТ,ассистент,
Сидоров М.Ю.,ФЭТ,профессор,д.н.
Лебедева Е.П.,ФУПМ,,д.н.
Новиков З.Т.,ФИТ,доцент,
Кузнецов А.А.,ФМиМ,,к.н.
Иванов З.Т.,ФФ,ассистент,к.н.
Смирнов А.А.,ИТМО,,д.н.
Лебедев Д.С.,ФИТ,,к.н.
Алексеев Ж.Р.,ФМиЕН,профессор,д.н.
Попов Е.П.,ИТМО,доцент,к.н.
Алексеев А.А.,ФРТ,доцент,
Кузнецов М.Ю.,ФМиЕН,профессор,
Кузнецов М.Ю.,ФРТ,ассистент,д.н.
Кузнецов Е.П.,ФРТ,доцент,к.н.
Морозов Ж.Р.,ИТМО,ассистент,д.н.
Иванов И.К.,ФУПМ,ассистент,
Лебедев Г.Н.,ФМиМ,,к.н.
Лебедев Д.С.,ФЭТ,профессор,к.н.
Новиков Ж.Р.,ФИВТ,доцент,д.н.
Волков Л.О.,ФМиЕН,профессор,
Семенов И.К.,ИТМО,доцент,д.н.
Волков И.К.,ФМиЕН,,д.н.
Петров А.А.,ФРТ,доцент,д.н.
Волков И.К.,ФМиМ,,д.н.
Попов И.К.,ФФ,,д.н.
Лебедева М.Ю.,ФЭТ,доцент,д.н.
Смирнов Г.Н.,ФЭТ,доцент,
Новиков Г.Н.,ФИТ,доцент,д.н.
Егоров А.А.,ИТМО,ассистент,
Лебедев Г.Н.,ФМиМ,ассистент,
Волков Ж.Р.,ФУПМ,,д.н.
Сидоров Б.В.,ИТМО,профессор,д.н.
Кузнецов Д.С.,ФМиМ,доцент,к.н.
Новиков А.А.,ФИТ,доцент,д.н.
Козлов В.И.,ФРТ,ассистент,
Петров А.А.,ФЭТ,,к.н.
Смирнов Д.С.,ФИВТ,,к.н.
Волков Е.П.,ФПМИ,доцент,
Козлов Л.О.,ФМиЕН,профессор,
Новиков Б.В.,ФФ,профессор,д.н.
Петров В.И.,ФИВТ,ассистент,
Лебедев Л.О.,ФЭТ,ассистент,
Егоров И.К.,ФИВТ,профессор,д.н.
Петров Г.Н.,ФМиЕН,,
Кузнецов А.А.,ФМиЕН,доцент,к.н.
Морозов Б.В.,ИТМО,профессор,
Кузнецов З.Т.,ФМиМ,доцент,к.н.
Петров А.А.,ФУПМ,,к.н.
Смирнов З.Т.,ФЭТ,ассистент,д.н.
Волков Ж.Р.,ФМиЕН,,к.н.
Семенов М.Ю.,ФУПМ,ассистент,к.н.
Сидоров Л.О.,ФФ,доцент,д.н.
Козлов Ж.Р.,ФПМИ,профессор,
Кузнецов Б.В.,ФИТ,,
Семенов Г.Н.,ИТМО,профессор,д.н.
Петров Л.О.,ФМиМ,профессор,
Соколов Д.С.,ФМиЕН,,
Сидоров Е.П.,ФУПМ,ассистент,д.н.
Лебедева М.Ю.,ФРТ,доцент,к.н.
Смирнов А.А.,ФЭТ,доцент,д.н.
Алексеев М.Ю.,ФЭТ,,
Кузнецов М.Ю.,ФЭТ,ассистент,к.н.
Волков Е.П.,ФФ,профессор,д.н.
Козлов Д.С.,ФМиЕН,,
Лебедева В.И.,ФЭТ,ассистент,
Алексеев И.К.,ФИТ,доцент,д.н.
Семенов З.Т.,ФМиЕН,профессор,
Иванов Г.Н.,ФМиЕН,,к.н.
Иванов Л.О.,ФМиМ,,
Попов К.М.,ИТМО,доцент,к.н.
Кузнецов М.Ю.,ФИВТ,профессор,к.н.
Сидоров Е.П.,ФЭТ,ассистент,
Семенов Б.В.,ФПМИ,доцент,д.н.
Кузнецов Б.В.,ФУПМ,,к.н.
Попов М.Ю.,ФМиМ,,д.н.
Иванов М.Ю.,ФРТ,доцент,д.н.
Алексеев К.М.,ФЭТ,,
Соколов А.А.,ФИВТ,профессор,к.н.
Смирнов И.К.,ФЭТ,доцент,к.н.
Егоров Д.С.,ФИТ,профессор,
Кузнецов Г.Н.,ФИТ,ассистент,д.н.
Семенов Б.В.,ФМиМ,ассистент,к.н.
Лебедев К.М.,ФПМИ,профессор,д.н.
Новиков Е.П.,ФМиМ,профессор,
Волков Б.В.,ФМиМ,профессор,
Кузнецов М.Ю.,ФМиЕН,доцент,к.н.
Морозов К.М.,ФИВТ,ассистент,
Алексеев Б.В.,ФИТ,,к.н.
Лебедев М.Ю.,ФМиМ,доцент,
Смирнов Е.П.,ФМиЕН,доцент,к.н.
Петров М.Ю.,ФУПМ,ассистент,д.н.
Алексеев Б.В.,ФМиЕН,,д.н.
Морозов И.К.,ФМиЕН,профессор,
Попов В.И.,ФИТ,профессор,
Петров И.К.,ФУПМ,доцент,
Лебедев М.Ю.,ФЭТ,,
Лебедев М.Ю.,ФФ,профессор,к.н.
Егоров Ж.Р.,ФМиЕН,ассистент,
Сидоров А.А.,ФЭТ,ассистент,
Кузнецов Е.П.,ФИВТ,доцент,
Алексеев В.И.,ФУПМ,профессор,
Новиков Д.С.,ФМиЕН,доцент,д.н.
Алексеев Г.Н.,ФУПМ,профессор,к.н.
Сидоров М.Ю.,ИТМО,профессор,
Соколов Л.О.,ФИТ,профессор,к.н.
Сидоров Е.П.,ФЭТ,профессор,
Волков И.К.,ФФ,доцент,д.н.
Соколов Л.О.,ФФ,профессор,к.н.
Петров Л.О.,ФИВТ,профессор,
Петров М.Ю.,ФМиЕН,профессор,к.н.
Новиков Л.О.,ФРТ,,к.н.
Волков Е.П.,ФЭТ,,д.н.
Семенов Д.С.,ФРТ,,д.н.
Семенов Б.В.,ИТМО,доцент,к.н.
Семенов В.И.,ФЭТ,,
Новиков З.Т.,ФИВТ,профессор,д.н.
Новиков А.А.,ИТМО,доцент,
Лебедева Б.В.,ФИТ,ассистент,
Лебедева Б.В.,ФФ,,
Кузнецов А.А.,ФМиЕН,,к.н.
Сидоров Е.П.,ФФ,профессор,к.н.
Петров Л.О.,ИТМО,ассистент,д.н.
Егоров Д.С.,ФМиЕН,профессор,
Семенов В.И.,ФУПМ,ассистент,к.н.
Козлов К.М.,ФИТ,ассистент,д.н.
Лебедев Г.Н.,ФФ,ассистент,к.н.
Лебедева Ж.Р.,ИТМО,доцент,
Алексеев Г.Н.,ИТМО,ассистент,д.н.
Соколов К.М.,ФФ,профессор,
Козлов А.А.,ФПМИ,,
Новиков К.М.,ФРТ,,
Иванов З.Т.,ФФ,,
Попов Б.В.,ФФ,,к.н.
Иванов Г.Н.,ФУПМ,доцент,
Новиков Г.Н.,ФУПМ,доцент,к.н.
Сидоров А.А.,ФИТ,профессор,д.н.
Козлов Г.Н.,ФЭТ,ассистент,к.н.
Иванов З.Т.,ФЭТ,профессор,к.н.
Кузнецов Е.П.,ФРТ,,д.н.
Новиков З.Т.,ФМиМ,ассистент,
Семенов И.К.,ФУПМ,,д.н.
Сидоров В.И.,ФМиЕН,профессор,д.н.
Волков Г.Н.,ФИТ,доцент,к.н.
Попов Д.С.,ФИВТ,профессор,
Иванов Е.П.,ФПМИ,профессор,к.н.
Иванов Д.С.,ФЭТ,,
Смирнов Д.С.,ИТМО,,к.н.
Волков М.Ю.,ИТМО,,д.н.
Волков Г.Н.,ИТМО,ассистент,
Петров Е.П.,ФИТ,ассистент,к.н.
Соколов К.М.,ФПМИ,ассистент,
Сидоров Г.Н.,ФМиМ,ассистент,д.н.
Новиков А.А.,ФУПМ,,к.н.
Козлов В.И.,ФФ,профессор,
Алексеев Е.П.,ИТМО,,д.н.
Алексеев Ж.Р.,ФИТ,,
Волков В.И.,ФФ,,к.н.
Иванов И.К.,ФРТ,ассистент,
Соколов В.И.,ФИТ,,д.н.
Егоров Ж.Р.,ФПМИ,ассистент,
Соколов Д.С.,ИТМО,доцент,к.н.
Козлов Д.С.,ФУПМ,,
Соколов Ж.Р.,ФПМИ,профессор,
Иванов К.М.,ФМиМ,ассистент,д.н.
Петров Б.В.,ФПМИ,ассистент,
Смирнов Л.О.,ФЭТ,ассистент,
Новиков Л.О.,ФУПМ,,к.н.
Морозов Б.В.,ФФ,,д.н.
Сидоров Г.Н.,ФУПМ,,
Новиков В.И.,ФПМИ,профессор,д.н.
Козлов З.Т.,ФУПМ,ассистент,д.н.
Кузнецов К.М.,ФМиЕН,доцент,к.н.
Козлов Ж.Р.,ФУПМ,ассистент,к.н.
Сидоров Ж.Р.,ФИВТ,профессор,к.н.
Петров К.М.,ФПМИ,доцент,д.н.
Сидоров А.А.,ФФ,доцент,
Попов Д.С.,ИТМО,профессор,
Новиков А.А.,ФФ,доцент,д.н.
Попов Е.П.,ФУПМ,,к.н.
Морозов М.Ю.,ФМиМ,ассистент,к.н.
Волков З.Т.,ФМиЕН,ассистент,
Морозов Ж.Р.,ИТМО,профессор,
Лебедева Б.В.,ИТМО,ассистент,к.н.
Кузнецов Ж.Р.,ФФ,профессор,д.н.
Петров В.И.,ИТМО,профессор,
Алексеев Г.Н.,ФМиМ,ассистент,к.н.
Семенов Е.П.,ФРТ,доцент,
Попов Ж.Р.,ФФ,,
Соколов Г.Н.,ФИВТ,,
Смирнов Е.П.,ФРТ,доцент,к.н.
Петров Л.О.,ФФ,профессор,
Козлов К.М.,ФУПМ,доцент,д.н.
Смирнов М.Ю.,ФУПМ,профессор,
Попов И.К.,ФЭТ,,к.н.
Иванов Г.Н.,ФМиЕН,ассистент,д.н.
Алексеев М.Ю.,ФЭТ,,д.н.
Соколов А.А.,ФФ,профессор,д.н.
Соколов В.И.,ФПМИ,,
Лебедева З.Т.,ФИВТ,ассистент,
Сидоров В.И.,ФИВТ,профессор,к.н.
Сидоров З.Т.,ФМиМ,доцент,к.н.
Иванов М.Ю.,ФМиМ,профессор,д.н.
Новиков В.И.,ИТМО,ассистент,к.н.
Алексеев Е.П.,ФИТ,профессор,к.н.
Морозов А.А.,ФПМИ,ассистент,д.н.
Алексеев Д.С.,ФИВТ,доцент,д.н.
Лебедева Д.С.,ФРТ,,к.н.
Алексеев А.А.,ФИТ,,
Морозов М.Ю.,ФИВТ,доцент,к.н.
Попов Г.Н.,ФИВТ,профессор,
Морозов Л.О.,ФУПМ,ассистент,к.н.
Волков А.А.,ФПМИ,профессор,д.н.
Кузнецов А.А.,ФПМИ,,д.н.
Сидоров М.Ю.,ФПМИ,ассистент,к.н.
Лебедева Б.В.,ФУПМ,доцент,
Алексеев Б.В.,ФЭТ,ассистент,к.н.
Морозов М.Ю.,ФИВТ,,
Лебедев В.И.,ФМиМ,доцент,д.н.
Соколов Г.Н.,ФИТ,доцент,к.н.
Сидоров Л.О.,ФИВТ,профессор,д.н.
Лебедев К.М.,ФПМИ,доцент,к.н.
Петров И.К.,ФМиЕН,,д.н.
Морозов Ж.Р.,ИТМО,ассистент,к.н.
Петров К.М.,ФИВТ,доцент,к.н.
Алексеев К.М.,ФМиЕН,профессор,к.н.
Егоров З.Т.,ФЭТ,доцент,д.н.
Кузнецов З.Т.,ФИВТ,доцент,д.н.
Козлов М.Ю.,ФРТ,профессор,
Козлов Б.В.,ФЭТ,профессор,
Попов И.К.,ФУПМ,ассистент,
Козлов А.А.,ФУПМ,профессор,к.н.
Семенов Б.В.,ФУПМ,,д.н.
Соколов Ж.Р.,ФИВТ,ассистент,к.н.
Егоров К.М.,ФФ,,к.н.
Сидоров Д.С.,ИТМО,,к.н.
Егоров З.Т.,ИТМО,ассистент,
Сидоров А.А.,ФЭТ,профессор,
Попов Д.С.,ФФ,,д.н.
Иванов Д.С.,ФМиЕН,ассистент,д.н.
Сидоров М.Ю.,ФФ,,к.н.
Соколов А.А.,ФРТ,доцент,
Алексеев А.А.,ФУПМ,доцент,к.н.
Волков К.М.,ФПМИ,,
Петров Б.В.,ФПМИ,,
Смирнов М.Ю.,ФМиЕН,профессор,к.н.
Морозов З.Т.,ИТМО,,д.н.
Петров З.Т.,ИТМО,,
Кузнецов З.Т.,ФПМИ,профессор,
Петров И.К.,ИТМО,,к.н.
Соколов И.К.,ИТМО,доцент,к.н.
Новиков И.К.,ФИВТ,ассистент,к.н.
Петров А.А.,ФИВТ,доцент,к.н.
Морозов Д.С.,ФРТ,профессор,
Новиков Ж.Р.,ФРТ,,
Козлов Л.О.,ФЭТ,профессор,
Смирнов Г.Н.,ФМиЕН,профессор,к.н.
Волков З.Т.,ФМиЕН,доцент,
Попов З.Т.,ФЭТ,ассистент,
Петров К.М.,ФРТ,ассистент,к.н.
Соколов Л.О.,ФМиМ,профессор,к.н.
Морозов И.К.,ФИТ,,д.н.
Козлов К.М.,ФИТ,,
Кузнецов В.И.,ФИТ,профессор,
Попов Л.О.,ИТМО,ассистент,д.н.
Кузнецов А.А.,ФПМИ,профессор,к.н.
Егоров Е.П.,ФПМИ,ассистент,д.н.
Волков Ж.Р.,ФИТ,,д.н.
Новиков А.А.,ФИВТ,ассистент,к.н.
Алексеев Е.П.,ФИВТ,,
Иванов Б.В.,ФФ,профессор,к.н.
Волков Б.В.,ФМиМ,профессор,
Егоров Е.П.,ФМиМ,профессор,
Иванов М.Ю.,ФЭТ,профессор,д.н.
Лебедев Ж.Р.,ФМиМ,доцент,
Петров А.А.,ФИТ,профессор,к.н.
Кузнецов В.И.,ФИВТ,доцент,к.н.
Соколов А.А.,ФРТ,профессор,к.н.
Алексеев Е.П.,ФИТ,профессор,д.н.
Кузнецов В.И.,ФПМИ,доцент,к.н.
Лебедева Е.П.,ИТМО,доцент,к.н.
Лебедева Л.О.,ФУПМ,,к.н.
Лебедева Е.П.,ФУПМ,ассистент,
Новиков К.М.,ФПМИ,,
Лебедев А.А.,ФУПМ,доцент,д.н.
Попов К.М.,ФПМИ,ассистент,к.н.
Смирнов И.К.,ФПМИ,,к.н.
Петров Г.Н.,ФЭТ,доцент,д.н.
Смирнов Г.Н.,ФЭТ,,
Попов Б.В.,ФИТ,,
Попов Б.В.,ФПМИ,профессор,к.н.
Волков А.А.,ФРТ,доцент,
Попов З.Т.,ФПМИ,доцент,к.н.
Попов И.К.,ФУПМ,профессор,д.н.
Иванов В.И.,ФПМИ,доцент,
Семенов Б.В.,ФЭТ,профессор,к.н.
Кузнецов Б.В.,ИТМО,ассистент,
Козлов Л.О.,ФМиЕН,ассистент,
Новиков М.Ю.,ФЭТ,ассистент,к.н.
Новиков Б.В.,ФУПМ,профессор,д.н.
Кузнецов З.Т.,ФПМИ,,
Лебедева Б.В.,ФМиЕН,ассистент,д.н.
Козлов Б.В.,ФЭТ,профессор,
Козлов Г.Н.,ФИВТ,ассистент,
Новиков М.Ю.,ФПМИ,,д.н.
Кузнецов Ж.Р.,ФМиЕН,профессор,
Иванов Ж.Р.,ФИВТ,доцент,к.н.
Попов И.К.,ФРТ,доцент,д.н.
Лебедев А.А.,ФПМИ,доцент,д.н.
Егоров Ж.Р.,ФИТ,ассистент,
Волков Ж.Р.,ФЭТ,,д.н.
Сидоров А.А.,ИТМО,профессор,
Новиков К.М.,ФФ,ассистент,к.н.
Кузнецов Б.В.,ФМиЕН,,к.н.
Соколов В.И.,ФИТ,ассистент,д.н.
Егоров Б.В.,ФФ,,
Козлов Б.В.,ФИТ,профессор,д.н.
Лебедев А.А.,ФМиМ,,д.н.
Иванов Л.О.,ФФ,профессор,к.н.
Морозов Б.В.,ФМиМ,,
Новиков Ж.Р.,ФМиЕН,,к.н.
Попов А.А.,ФМиМ,,д.н.
Егоров К.М.,ФМиМ,доцент,д.н.
Козлов И.К.,ФЭТ,ассистент,д.н.
Лебедев З.Т.,ФФ,ассистент,д.н.
Егоров З.Т.,ФРТ,ассистент,
Козлов Б.В.,ФУПМ,,
Морозов В.И.,ФУПМ,ассистент,
Волков К.М.,ФИТ,,д.н.
Попов И.К.,ФИВТ,ассистент,д.н.
Семенов Г.Н.,ФУПМ,,
Алексеев Ж.Р.,ФФ,,
Смирнов Д.С.,ФПМИ,доцент,д.н.
Морозов Л.О.,ФПМИ,доцент,
Козлов К.М.,ФРТ,доцент,к.н.
Соколов Л.О.,ФМиЕН,ассистент,д.н.
Петров Е.П.,ФФ,доцент,д.н.
Козлов И.К.,ИТМО,ассистент,к.н.
Лебедев А.А.,ФУПМ,профессор,к.н.
Семенов Д.С.,ФРТ,ассистент,
Новиков М.Ю.,ФМиМ,ассистент,
Попов И.К.,ФРТ,профессор,д.н.
Попов В.И.,ФИТ,доцент,д.н.
Новиков Д.С.,ФИВТ,доцент,к.н.
Лебедева Ж.Р.,ФМиМ,доцент,д.н.
Лебедев К.М.,ФИТ,профессор,к.н.
Новиков И.К.,ИТМО,профессор,к.н.
Сидоров Б.В.,ФМиЕН,ассистент,д.н.
Сидоров Б.В.,ФМиМ,,д.н.
Морозов Л.О.,ФЭТ,,
Петров Е.П.,ФИТ,ассистент,к.н.
Петров З.Т.,ФЭТ,профессор,д.н.
Кузнецов Д.С.,ИТМО,профессор,
Иванов В.И.,ФМиЕН,профессор,к.н.
Сидоров Л.О.,ФФ,доцент,д.н.
Семенов Д.С.,ФМиЕН,ассистент,к.н.
Лебедев И.К.,ФИТ,ассистент,к.н.
Алексеев М.Ю.,ИТМО,профессор,
Смирнов В.И.,ФПМИ,,
Петров Г.Н.,ФФ,профессор,
Новиков В.И.,ФИТ,,к.н.
Новиков З.Т.,ФМиЕН,профессор,д.н.
Лебедев А.А.,ФРТ,ассистент,
Лебедева И.К.,ФИВТ,доцент,
Егоров В.И.,ФФ,,д.н.
Смирнов А.А.,ФЭТ,доцент,к.н.
Кузнецов З.Т.,ФМиМ,профессор,
Кузнецов А.А.,ФМиМ,ассистент,
Семенов К.М.,ФРТ,профессор,к.н.
Соколов И.К.,ИТМО,профессор,
Морозов Г.Н.,ФПМИ,,к.н.
Алексеев Г.Н.,ФИВТ,доцент,
Егоров З.Т.,ФУПМ,,д.н.
Алексеев Е.П.,ФЭТ,профессор,к.н.
Иванов З.Т.,ФЭТ,ассистент,
Кузнецов М.Ю.,ФМиЕН,доцент,д.н.
Егоров М.Ю.,ФРТ,профессор,
Сидоров Ж.Р.,ФМиМ,доцент,к.н.
Новиков И.К.,ФРТ,профессор,
Волков Е.П.,ФМиМ,доцент,
Попов А.А.,ФРТ,ассистент,к.н.
Егоров З.Т.,ФИВТ,профессор,к.н.
Лебедев К.М.,ФМиЕН,доцент,к.н.
Соколов В.И.,ФЭТ,доцент,к.н.
Козлов Л.О.,ФРТ,,к.н.
Иванов Л.О.,ФИВТ,ассистент,
Волков Л.О.,ФИТ,ассистент,
Алексеев Г.Н.,ИТМО,ассистент,
Лебедева З.Т.,ФИТ,ассистент,
Кузнецов Ж.Р.,ИТМО,профессор,
Попов М.Ю.,ФМиМ,ассистент,д.н.
Петров К.М.,ФМиЕН,доцент,к.н.
Морозов Д.С.,ФМиЕН,,д.н.
Козлов Ж.Р.,ФФ,,к.н.
Волков Б.В.,ИТМО,доцент,
Новиков К.М.,ФПМИ,доцент,д.н.
Козлов Д.С.,ФЭТ,ассистент,д.н.
Петров Ж.Р.,ФУПМ,профессор,к.н.
Семенов В.И.,ФРТ,ассистент,д.н.
Попов К.М.,ФЭТ,профессор,д.н.
Сидоров М.Ю.,ФРТ,ассистент,д.н.
Кузнецов М.Ю.,ФУПМ,профессор,к.н.
Новиков А.А.,ФМиМ,,
Егоров К.М.,ФРТ,профессор,д.н.
Морозов Е.П.,ИТМО,доцент,
Сидоров И.К.,ФЭТ,,д.н.
Волков К.М.,ФУПМ,,д.н.
Попов К.М.,ИТМО,профессор,д.н.
Лебедева З.Т.,ФУПМ,профессор,д.н.
Попов Д.С.,ИТМО,профессор,д.н.
Сидоров Д.С.,ФИВТ,профессор,
Иванов М.Ю.,ФПМИ,доцент,
Попов Г.Н.,ФМиМ,ассистент,д.н.
Алексеев К.М.,ФЭТ,доцент,д.н.
Сидоров З.Т.,ФПМИ,ассистент,к.н.
Петров Г.Н.,ФМиМ,доцент,
Петров Е.П.,ФИВТ,доцент,д.н.
Новиков Ж.Р.,ФФ,профессор,
Иванов Ж.Р.,ФУПМ,доцент,к.н.
Попов Е.П.,ФЭТ,профессор,д.н.
Лебедев Е.П.,ФРТ,ассистент,д.н.
Попов Е.П.,ФФ,доцент,д.н.
Попов И.К.,ФФ,,д.н.
Волков Б.В.,ФПМИ,ассистент,
Морозов А.А.,ФИТ,,
Козлов Ж.Р.,ФФ,доцент,
Иванов Ж.Р.,ФПМИ,ассистент,
Сидоров Б.В.,ФРТ,профессор,к.н.
Лебедева Д.С.,ФИТ,ассистент,
Козлов М.Ю.,ФУПМ,профессор,д.н.
Попов И.К.,ФФ,профессор,
Лебедева И.К.,ФПМИ,профессор,к.н.
Лебедев М.Ю.,ФФ,ассистент,
Сидоров К.М.,ФИВТ,профессор,к.н.
Волков Д.С.,ФРТ,ассистент,
Сидоров М.Ю.,ИТМО,доцент,д.н.
Сидоров А.А.,ФИТ,,к.н.
Волков Д.С.,ФИТ,,д.н.
Соколов Д.С.,ФМиЕН,ассистент,д.н.
Петров Е.П.,ФРТ,профессор,д.н.
Петров М.Ю.,ФМиМ,,д.н.
Кузнецов Ж.Р.,ФПМИ,доцент,д.н.
Семенов Г.Н.,ФУПМ,доцент,
Новиков Д.С.,ФМиМ,профессор,д.н.
Егоров Г.Н.,ФФ,профессор,д.н.
Петров З.Т.,ФУПМ,ассистент,
Козлов А.А.,ФУПМ,доцент,к.н.
Лебедева Б.В.,ФИВТ,ассистент,д.н.
Петров Л.О.,ФМиЕН,профессор,к.н.
Новиков К.М.,ФИТ,профессор,д.н.
Егоров Л.О.,ФПМИ,,
Новиков Ж.Р.,ФИВТ,ассистент,
Лебедева М.Ю.,ИТМО,,к.н.
Новиков З.Т.,ФУПМ,,
Кузнецов Г.Н.,ИТМО,профессор,к.н.
Сидоров Д.С.,ФМиЕН,доцент,д.н.
Лебедев Л.О.,ФМиЕН,,
Волков В.И.,ФИВТ,профессор,к.н.
Козлов Л.О.,ФМиЕН,профессор,д.н.
Лебедев М.Ю.,ФЭТ,,
Семенов А.А.,ФИТ,доцент,
Егоров В.И.,ФПМИ,доцент,д.н.
Лебедев И.К.,ФФ,ассистент,д.н.
Кузнецов З.Т.,ФИВТ,доцент,к.н.
Семенов Ж.Р.,ФРТ,доцент,
Новиков А.А.,ФФ,профессор,
Семенов Г.Н.,ФЭТ,профессор,
Сидоров Д.С.,ФМиЕН,,
Новиков А.А.,ФУПМ,ассистент,
Егоров Л.О.,ФИВТ,доцент,
Попов В.И.,ФПМИ,доцент,к.н.
Сидоров К.М.,ФРТ,профессор,
Кузнецов А.А.,ФПМИ,доцент,
Попов З.Т.,ФФ,доцент,д.н.
Сидоров К.М.,ИТМО,ассистент,к.н.
Соколов А.А.,ФЭТ,профессор,к.н.
Смирнов М.Ю.,ФЭТ,доцент,д.н.
Иванов В.И.,ФУПМ,,к.н.
Соколов Л.О.,ФМиЕН,профессор,д.н.
Волков Л.О.,ИТМО,доцент,д.н.
Соколов Л.О.,ФИВТ,,
Новиков И.К.,ФМиМ,,к.н.
Морозов Г.Н.,ФФ,профессор,
Егоров В.И.,ФМиМ,ассистент,
Иванов Е.П.,ФРТ,профессор,д.н.
Сидоров Б.В.,ФЭТ,ассистент,д.н.
Лебедева М.Ю.,ФМиМ,,к.н.
Семенов К.М.,ФИТ,,
Лебедев Д.С.,ИТМО,,д.н.
Кузнецов Д.С.,ФРТ,доцент,
Петров К.М.,ФМиЕН,,д.н.
Новиков К.М.,ФЭТ,ассистент,к.н.
Попов А.А.,ФМиМ,ассистент,
Сидоров А.А.,ФМиМ,ассистент,
Семенов Л.О.,ФПМИ,профессор,к.н.
Семенов Д.С.,ФРТ,доцент,
Кузнецов Ж.Р.,ФПМИ,доцент,
Соколов Е.П.,ФУПМ,,д.н.
Козлов А.А.,ФМиМ,ассистент,
Алексеев Б.В.,ФУПМ,доцент,к.н.
Лебедева З.Т.,ФИТ,профессор,
Егоров И.К.,ФИВТ,доцент,
Попов Е.П.,ФУПМ,профессор,
Новиков Д.С.,ФЭТ,ассистент,д.н.
Волков И.К.,ФЭТ,доцент,
Соколов Б.В.,ФМиМ,ассистент,к.н.
Кузнецов И.К.,ФЭТ,профессор,к.н.
Егоров Л.О.,ФРТ,ассистент,д.н.
Сидоров К.М.,ФПМИ,ассистент,д.н.
Козлов З.Т.,ИТМО,доцент,
Егоров Б.В.,ФМиМ,доцент,д.н.
Сидоров И.К.,ФУПМ,профессор,д.н.
Семенов Д.С.,ФРТ,профессор,к.н.
Волков З.Т.,ИТМО,ассистент,к.н.
Алексеев И.К.,ФФ,ассистент,
Лебедева М.Ю.,ФУПМ,профессор,
Волков Л.О.,ФИТ,,д.н.
Лебедев Е.П.,ФИВТ,,д.н.
Смирнов В.И.,ФЭТ,доцент,
Лебедев К.М.,ФИТ,ассистент,д.н.
Морозов Ж.Р.,ФЭТ,,к.н.
Егоров Г.Н.,ФЭТ,ассистент,
Сидоров М.Ю.,ФМиМ,ассистент,
Егоров И.К.,ФИТ,доцент,к.н.
Семенов М.Ю.,ФМиЕН,профессор,к.н.
Петров Ж.Р.,ФРТ,профессор,
Морозов Е.П.,ФМиЕН,профессор,
Попов И.К.,ФИТ,доцент,д.н.
Егоров И.К.,ФИВТ,доцент,к.н.
Егоров Д.С.,ФЭТ,ассистент,д.н.
Морозов Е.П.,ФИТ,доцент,д.н.
Егоров И.К.,ФИВТ,ассистент,к.н.
Морозов И.К.,ФРТ,профессор,д.н.
Егоров Г.Н.,ФФ,ассистент,к.н.
Новиков Ж.Р.,ФУПМ,доцент,
Петров З.Т.,ФПМИ,,д.н.
Иванов З.Т.,ФУПМ,доцент,д.н.
Егоров Г.Н.,ФРТ,доцент,д.н.
Лебедева Б.В.,ФПМИ,ассистент,
Попов К.М.,ФМиМ,доцент,
Волков Б.В.,ФЭТ,,
Козлов К.М.,ФИВТ,,д.н.
Волков Д.С.,ФПМИ,,к.н.
Иванов К.М.,ФИТ,ассистент,д.н.
Петров И.К.,ФПМИ,,д.н.
Смирнов З.Т.,ФПМИ,ассистент,
Сидоров К.М.,ФПМИ,доцент,д.н.
Лебедев М.Ю.,ФИВТ,профессор,
Соколов Г.Н.,ИТМО,профессор,д.н.
Егоров В.И.,ФПМИ,ассистент,д.н.
Иванов Д.С.,ИТМО,ассистент,
Егоров Д.С.,ФУПМ,доцент,д.н.
Лебедева Ж.Р.,ФПМИ,ассистент,д.н.
Сидоров А.А.,ФМиЕН,доцент,
Семенов М.Ю.,ФЭТ,,
Иванов Е.П.,ИТМО,ассистент,к.н.
Иванов Б.В.,ФФ,доцент,
Сидоров Л.О.,ФРТ,,к.н.
Новиков Д.С.,ФПМИ,ассистент,к.н.
Морозов В.И.,ФПМИ,доцент,
Соколов И.К.,ИТМО,ассистент,к.н.
Попов Л.О.,ФЭТ,,к.н.
Морозов З.Т.,ФИВТ,доцент,
Петров Б.В.,ФПМИ,,д.н.
Егоров К.М.,ФПМИ,профессор,
Лебедев В.И.,ФМиЕН,доцент,к.н.
Козлов И.К.,ФУПМ,,д.н.
Сидоров Г.Н.,ФПМИ,,
Соколов З.Т.,ИТМО,,
Волков К.М.,ФИВТ,доцент,д.н.
Лебедева К.М.,ФМиЕН,профессор,
Козлов М.Ю.,ФПМИ,доцент,к.н.
Кузнецов Б.В.,ФФ,ассистент,
Волков А.А.,ФМиЕН,профессор,к.н.
Соколов И.К.,ФРТ,ассистент,к.н.
Козлов Е.П.,ФИВТ,профессор,
Попов З.Т.,ФИТ,доцент,
Новиков В.И.,ФПМИ,,
Иванов Е.П.,ИТМО,ассистент,д.н.
Егоров Е.П.,ИТМО,,д.н.
Волков Л.О.,ФЭТ,профессор,
Лебедев З.Т.,ФФ,ассистент,
Новиков Б.В.,ФИТ,доцент,
Лебедева Л.О.,ФИВТ,ассистент,к.н.
Смирнов Б.В.,ФЭТ,профессор,
Кузнецов Е.П.,ФПМИ,,к.н.
Козлов К.М.,ФЭТ,доцент,к.н.
Новиков М.Ю.,ФУПМ,,д.н.
Иванов В.И.,ФУПМ,профессор,д.н.
Соколов Г.Н.,ФМиЕН,,
Семенов Д.С.,ФЭТ,профессор,
Петров Е.П.,ФРТ,профессор,к.н.
Смирнов Л.О.,ФПМИ,доцент,к.н.
Смирнов Е.П.,ФМиМ,профессор,
Козлов К.М.,ФФ,профессор,д.н.
Семенов Е.П.,ФФ,ассистент,
Иванов М.Ю.,ФУПМ,ассистент,к.н.
Попов Л.О.,ФУПМ,ассистент,д.н.
Семенов Ж.Р.,ФИВТ,ассистент,
Алексеев З.Т.,ФМиЕН,ассистент,
Иванов Б.В.,ФУПМ,доцент,к.н.
Алексеев Б.В.,ФПМИ,доцент,
Козлов З.Т.,ФИВТ,профессор,
Морозов Б.В.,ФМиЕН,профессор,к.н.
Новиков М.Ю.,ФФ,доцент,
Сидоров Б.В.,ИТМО,профессор,к.н.
Семенов Г.Н.,ФУПМ,ассистент,к.н.
Волков Е.П.,ФИТ,ассистент,д.н.
Соколов Е.П.,ФИТ,,
Лебедев Ж.Р.,ФЭТ,доцент,к.н.
Алексеев Е.П.,ФРТ,доцент,д.н.
Лебедев К.М.,ФМиМ,,к.н.
Лебедева З.Т.,ФМиЕН,профессор,д.н.
Семенов Ж.Р.,ФЭТ,профессор,д.н.
Лебедев А.А.,ФФ,профессор,к.н.
Иванов Б.В.,ФЭТ,ассистент,
Попов Л.О.,ФМиЕН,,д.н.
Смирнов Д.С.,ФПМИ,ассистент,д.н.
Морозов Г.Н.,ФФ,,д.н.
Смирнов И.К.,ФПМИ,доцент,д.н.
Соколов М.Ю.,ФРТ,,к.н.
Сидоров В.И.,ФИВТ,профессор,к.н.
Смирнов Г.Н.,ИТМО,доцент,д.н.
Кузнецов Б.В.,ФМиМ,профессор,к.н.
Семенов Б.В.,ФРТ,профессор,д.н.
Сидоров К.М.,ФУПМ,доцент,
Козлов Д.С.,ФПМИ,ассистент,
Козлов Д.С.,ФМиМ,профессор,
Семенов М.Ю.,ФФ,ассистент,
Новиков В.И.,ФМиМ,,к.н.
Сидоров Д.С.,ФПМИ,доцент,
Волков Л.О.,ФМиЕН,,д.н.
Егоров Л.О.,ФРТ,доцент,
Попов Е.П.,ФФ,,к.н.
Егоров Г.Н.,ИТМО,ассистент,
Иванов К.М.,ФМиМ,ассистент,д.н.
Кузнецов К.М.,ФИТ,доцент,
Новиков И.К.,ИТМО,доцент,
Иванов М.Ю.,ФИТ,доцент,д.н.
Семенов З.Т.,ФФ,профессор,
Лебедева З.Т.,ФМиМ,,
Попов Е.П.,ФФ,профессор,д.н.
Попов Ж.Р.,ФПМИ,,к.н.
Волков Д.С.,ФУПМ,,д.н.
Петров А.А.,ФЭТ,,к.н.
Лебедев И.К.,ФИТ,ассистент,
Морозов Г.Н.,ФМиЕН,ассистент,д.н.
Попов Е.П.,ФИВТ,профессор,д.н.
Лебедев М.Ю.,ФМиЕН,ассистент,
Алексеев А.А.,ИТМО,ассистент,
Козлов И.К.,ИТМО,профессор,д.н.
Морозов Л.О.,ФФ,,к.н.
Новиков А.А.,ФФ,доцент,к.н.
Лебедева Е.П.,ИТМО,,
Козлов И.К.,ФЭТ,,д.н.
Иванов Л.О.,ФУПМ,профессор,к.н.
Смирнов Б.В.,ФПМИ,ассистент,
Лебедев Ж.Р.,ФИВТ,ассистент,д.н.
Козлов Б.В.,ФФ,,к.н.
Новиков К.М.,ФИТ,ассистент,д.н.
Иванов Ж.Р.,ФЭТ,,
Сидоров З.Т.,ФМиЕН,ассистент,д.н.
Морозов Ж.Р.,ФМиЕН,доцент,к.н.
Соколов Ж.Р.,ФМиЕН,профессор,
Петров И.К.,ФИТ,ассистент,
Кузнецов Е.П.,ФМиМ,ассистент,к.н.
Новиков А.А.,ФИТ,доцент,
Петров Е.П.,ФФ,ассистент,
Волков Л.О.,ФУПМ,,д.н.
Морозов Б.В.,ФПМИ,доцент,д.н.
Соколов Е.П.,ИТМО,,
Кузнецов В.И.,ИТМО,,
Алексеев М.Ю.,ФРТ,доцент,
Кузнецов Л.О.,ФПМИ,профессор,к.н.
Кузнецов Г.Н.,ФИТ,,
Кузнецов В.И.,ФИВТ,,
Иванов Л.О.,ФФ,ассистент,к.н.
Егоров И.К.,ФПМИ,ассистент,
Егоров М.Ю.,ФИВТ,,д.н.
Лебедева М.Ю.,ФМиМ,профессор,д.н.
Семенов И.К.,ФРТ,профессор,д.н.
Алексеев К.М.,ФУПМ,,
Алексеев Д.С.,ФПМИ,,к.н.
Козлов Л.О.,ФФ,,к.н.
Соколов Д.С.,ФРТ,профессор,д.н.
Новиков Б.В.,ФУПМ,доцент,д.н.
Семенов Г.Н.,ФФ,ассистент,д.н.
Кузнецов И.К.,ФМиЕН,ассистент,
Смирнов Л.О.,ФУПМ,доцент,д.н.
Лебедев М.Ю.,ФФ,доцент,к.н.
Попов А.А.,ФИТ,,д.н.
Алексеев Ж.Р.,ФУПМ,профессор,
Семенов А.А.,ФИТ,профессор,к.н.
Лебедева К.М.,ФФ,профессор,
Лебедева Е.П.,ФРТ,,
Иванов З.Т.,ФФ,ассистент,к.н.
Кузнецов И.К.,ФМиЕН,доцент,
Алексеев Е.П.,ФПМИ,ассистент,к.н.
Попов Д.С.,ФИВТ,доцент,д.н.
Новиков В.И.,ФИТ,ассистент,д.н.
Лебедева К.М.,ФИВТ,,к.н.
Лебедев Ж.Р.,ФФ,профессор,
Кузнецов М.Ю.,ФМиЕН,,д.н.
Смирнов И.К.,ФФ,,д.н.
Попов Е.П.,ФМиМ,ассистент,к.н.
Кузнецов Ж.Р.,ФИВТ,ассистент,
Сидоров В.И.,ФИТ,доцент,д.н.
Кузнецов Е.П.,ФПМИ,ассистент,к.н.
Кузнецов Г.Н.,ФПМИ,,к.н.
Козлов Е.П.,ФМиЕН,,к.н.
Сидоров А.А.,ФИВТ,ассистент,
Волков К.М.,ФМиЕН,,к.н.
Козлов З.Т.,ФЭТ,профессор,к.н.
Соколов Г.Н.,ФЭТ,доцент,к.н.
Новиков И.К.,ФИВТ,доцент,
Кузнецов Б.В.,ФРТ,доцент,к.н.
Новиков Л.О.,ИТМО,профессор,д.н.
Волков Б.В.,ФПМИ,,к.н.
Алексеев Д.С.,ФРТ,доцент,к.н.
Петров Е.П.,ФУПМ,профессор,к.н.
Волков В.И.,ФПМИ,ассистент,к.н.
Алексеев З.Т.,ФЭТ,,к.н.
Лебедев Д.С.,ФРТ,ассистент,к.н.
Морозов К.М.,ФПМИ,профессор,д.н.
Егоров Ж.Р.,ФИВТ,профессор,к.н.
Сидоров Г.Н.,ФУПМ,профессор,к.н.
Семенов Л.О.,ФЭТ,ассистент,к.н.
Иванов Л.О.,ФРТ,,к.н.
Попов Д.С.,ФПМИ,профессор,д.н.
Волков Г.Н.,ФФ,ассистент,к.н.
Лебедева Б.В.,ФЭТ,доцент,к.н.
Лебедев З.Т.,ФФ,,к.н.
Козлов Е.П.,ФРТ,,к.н.
Кузнецов Г.Н.,ФЭТ,ассистент,
Попов Л.О.,ФМиМ,ассистент,к.н.
Смирнов Г.Н.,ФРТ,доцент,к.н.
Соколов Г.Н.,ФЭТ,доцент,
Попов Ж.Р.,ФИВТ,ассистент,к.н.
Соколов З.Т.,ФФ,доцент,д.н.
Козлов Г.Н.,ФИТ,ассистент,к.н.
Сидоров Ж.Р.,ФПМИ,доцент,
Волков Л.О.,ФМиМ,ассистент,д.н.
Лебедев Д.С.,ИТМО,,к.н.
Козлов Д.С.,ФИВТ,профессор,д.н.
Соколов А.А.,ФПМИ,профессор,д.н.
Волков В.И.,ИТМО,доцент,д.н.
Смирнов И.К.,ФРТ,,к.н.
Иванов М.Ю.,ФМиМ,профессор,
Петров Л.О.,ФЭТ,профессор,к.н.
Волков И.К.,ФУПМ,профессор,к.н.
Козлов З.Т.,ФУПМ,доцент,к.н.
Иванов Ж.Р.,ИТМО,доцент,д.н.
Лебедев Г.Н.,ФМиЕН,доцент,
Новиков А.А.,ФМиМ,доцент,д.н.
Иванов В.И.,ФФ,доцент,д.н.
Морозов В.И.,ФПМИ,профессор,к.н.
Егоров З.Т.,ФУПМ,ассистент,д.н.
Новиков М.Ю.,ФИВТ,ассистент,к.н.
Смирнов Д.С.,ФИТ,,д.н.
Козлов К.М.,ФРТ,доцент,к.н.
Кузнецов З.Т.,ФФ,,д.н.
Алексеев А.А.,ФПМИ,доцент,
Попов А.А.,ФИВТ,доцент,к.н.
Лебедев З.Т.,ФИВТ,,д.н.
Сидоров Д.С.,ФФ,доцент,
Алексеев М.Ю.,ФУПМ,профессор,
Иванов Б.В.,ФЭТ,профессор,
Кузнецов Г.Н.,ФПМИ,ассистент,
Иванов В.И.,ФРТ,ассистент,
Волков Д.С.,ФМиЕН,,к.н.
Сидоров Ж.Р.,ФРТ,профессор,
Иванов К.М.,ФМиЕН,ассистент,к.н.
Алексеев М.Ю.,ФМиМ,профессор,
Петров Л.О.,ФМиМ,профессор,д.н.
Сидоров Л.О.,ИТМО,,к.н.
Смирнов Ж.Р.,ФЭТ,ассистент,к.н.
Смирнов Б.В.,ФФ,доцент,к.н.
Егоров М.Ю.,ФФ,ассистент,д.н.
Лебедев М.Ю.,ФУПМ,доцент,
Новиков Г.Н.,ФМиМ,ассистент,к.н.
Семенов Б.В.,ФМиЕН,профессор,д.н.
Егоров Б.В.,ФМиМ,ассистент,к.н.
Семенов В.И.,ФИТ,ассистент,д.н.
Козлов Л.О.,ИТМО,,к.н.
Волков К.М.,ФИТ,ассистент,к.н.
Сидоров Г.Н.,ФУПМ,,к.н.
Попов З.Т.,ИТМО,ассистент,к.н.
Морозов З.Т.,ФИТ,доцент,к.н.
Попов Л.О.,ФФ,ассистент,к.н.
Лебедев З.Т.,ФИВТ,ассистент,д.н.
Соколов З.Т.,ФРТ,доцент,д.н.
Соколов В.И.,ИТМО,профессор,к.н.
Петров Д.С.,ФЭТ,ассистент,д.н.
Егоров Е.П.,ФУПМ,ассистент,
Семенов Г.Н.,ФЭТ,ассистент,
Новиков В.И.,ФУПМ,,д.н.
Иванов И.К.,ФУПМ,ассистент,д.н.
Козлов И.К.,ФУПМ,профессор,к.н.
Попов Е.П.,ФФ,,
Новиков Л.О.,ФПМИ,доцент,д.н.
Козлов Г.Н.,ФИТ,ассистент,к.н.
Лебедев Ж.Р.,ФИВТ,ассистент,к.н.
Сидоров Ж.Р.,ФМиМ,доцент,д.н.
Егоров З.Т.,ФРТ,ассистент,к.н.
Соколов Б.В.,ФУПМ,,
Лебедева В.И.,ФМиМ,профессор,д.н.
Иванов А.А.,ФЭТ,доцент,
Попов Д.С.,ФУПМ,доцент,к.н.
Егоров Е.П.,ФИВТ,доцент,д.н.
Попов З.Т.,ФУПМ,доцент,д.н.
Новиков Ж.Р.,ФИВТ,ассистент,к.н.
Алексеев Б.В.,ФПМИ,доцент,
Кузнецов Б.В.,ФМиМ,ассистент,
Лебедев Ж.Р.,ИТМО,профессор,д.н.
Егоров И.К.,ФИВТ,профессор,к.н.
Новиков Д.С.,ИТМО,,
Морозов И.К.,ФМиМ,доцент,
Сидоров Б.В.,ФМиЕН,ассистент,д.н.
Семенов И.К.,ФЭТ,ассистент,
Кузнецов К.М.,ФМиЕН,ассистент,к.н.
Лебедева А.А.,ФРТ,профессор,к.н.
Смирнов Б.В.,ФМиМ,профессор,к.н.
Лебедев Д.С.,ФФ,доцент,к.н.
Козлов М.Ю.,ФЭТ,,к.н.
Новиков Ж.Р.,ФМиЕН,профессор,
Лебедева Б.В.,ФМиМ,профессор,д.н.
Новиков А.А.,ИТМО,ассистент,д.н.
Кузнецов Е.П.,ФМиЕН,ассистент,д.н.
Петров М.Ю.,ФРТ,доцент,д.н.
Семенов В.И.,ФМиМ,,
Петров Л.О.,ФУПМ,профессор,
Волков И.К.,ФИТ,,к.н.
Попов Е.П.,ФМиМ,профессор,
Петров К.М.,ФФ,,
Лебедева Л.О.,ФИТ,профессор,
Смирнов Л.О.,ФЭТ,профессор,к.н.
Кузнецов М.Ю.,ФФ,,д.н.
Морозов Е.П.,ФФ,,д.н.
Семенов В.И.,ФМиМ,,д.н.
Алексеев Д.С.,ФФ,,д.н.
Козлов З.Т.,ИТМО,,
Соколов З.Т.,ФЭТ,,
Петров Д.С.,ФМиЕН,,к.н.
Кузнецов Ж.Р.,ФПМИ,ассистент,к.н.
Кузнецов Л.О.,ФИТ,профессор,
Лебедева Б.В.,ФУПМ,ассистент,
Семенов К.М.,ИТМО,профессор,к.н.
Смирнов Б.В.,ФМиМ,доцент,д.н.
Лебедева Б.В.,ИТМО,,
Смирнов Д.С.,ФРТ,ассистент,к.н.
Новиков З.Т.,ФРТ,доцент,к.н.
Попов Ж.Р.,ФИТ,,к.н.
Смирнов Б.В.,ФМиЕН,доцент,
Сидоров Д.С.,ФИВТ,профессор,д.н.
Егоров И.К.,ФИТ,доцент,к.н.
Петров И.К.,ФУПМ,ассистент,д.н.
Кузнецов Ж.Р.,ФЭТ,,к.н.
Лебедев В.И.,ФПМИ,ассистент,
Лебедева А.А.,ИТМО,профессор,д.н.
Кузнецов И.К.,ФИВТ,ассистент,д.н.
Новиков Л.О.,ФЭТ,доцент,
Кузнецов И.К.,ФМиЕН,,к.н.
Сидоров Г.Н.,ФИТ,,д.н.
Петров Б.В.,ФИВТ,ассистент,д.н.
Лебедева В.И.,ФРТ,доцент,д.н.
Волков В.И.,ФИТ,,д.н.
Морозов Б.В.,ФФ,,
Егоров Д.С.,ФИТ,,
Петров Л.О.,ФМиМ,,к.н.
Смирнов В.И.,ИТМО,ассистент,д.н.
Сидоров Б.В.,ФПМИ,,к.н.
Соколов Е.П.,ФМиМ,доцент,
Сидоров В.И.,ФФ,,д.н.
Кузнецов Е.П.,ФИТ,ассистент,к.н.
Иванов Ж.Р.,ФИВТ,,
Лебедева В.И.,ИТМО,ассистент,к.н.
Новиков К.М.,ФИВТ,,д.н.
Соколов Д.С.,ФПМИ,доцент,к.н.
Лебедев К.М.,ФФ,,д.н.
Соколов М.Ю.,ФЭТ,профессор,д.н.
Смирнов Ж.Р.,ФМиЕН,профессор,
Новиков И.К.,ФМиЕН,доцент,д.н.
Новиков А.А.,ФПМИ,,к.н.
Попов К.М.,ФМиМ,ассистент,
Семенов М.Ю.,ФУПМ,ассистент,к.н.
Петров Ж.Р.,ФИТ,,д.н.
Иванов Д.С.,ФУПМ,профессор,
Алексеев Л.О.,ФРТ,доцент,к.н.
Лебедев И.К.,ФМиЕН,,к.н.
Егоров А.А.,ИТМО,профессор,
Новиков И.К.,ФФ,доцент,д.н.
Алексеев З.Т.,ФУПМ,доцент,к.н.
Соколов И.К.,ФУПМ,,д.н.
Козлов Ж.Р.,ФЭТ,ассистент,
Алексеев Г.Н.,ФПМИ,,к.н.
Сидоров Б.В.,ИТМО,ассистент,к.н.
Волков А.А.,ФИТ,профессор,д.н.
Смирнов А.А.,ФРТ,ассистент,
Смирнов А.А.,ФРТ,доцент,к.н.
Новиков А.А.,ФМиЕН,профессор,к.н.
Лебедева Л.О.,ФИВТ,,д.н.
Семенов Г.Н.,ФМиМ,профессор,
Сидоров Б.В.,ФУПМ,доцент,
Сидоров К.М.,ФМиЕН,доцент,к.н.
Кузнецов Г.Н.,ФЭТ,ассистент,к.н.
Иванов В.И.,ФРТ,доцент,д.н.
Новиков И.К.,ФЭТ,ассистент,д.н.
Лебедева Б.В.,ФИТ,профессор,
Иванов М.Ю.,ФПМИ,доцент,д.н.
Егоров Л.О.,ФМиМ,ассистент,к.н.
Петров Ж.Р.,ФИТ,доцент,д.н.
Соколов И.К.,ФПМИ,профессор,д.н.
Новиков Ж.Р.,ФФ,доцент,к.н.
Сидоров И.К.,ФПМИ,доцент,к.н.
Лебедев А.А.,ФФ,,
Смирнов Ж.Р.,ФМиЕН,доцент,д.н.
Кузнецов М.Ю.,ФМиЕН,доцент,
Егоров М.Ю.,ФМиМ,профессор,
Петров В.И.,ФФ,ассистент,к.н.
Смирнов Ж.Р.,ФПМИ,профессор,
Алексеев Л.О.,ФИВТ,профессор,
Семенов Б.В.,ФРТ,профессор,
Лебедев Е.П.,ФИВТ,,к.н.
Лебедева Д.С.,ФФ,ассистент,
Кузнецов Г.Н.,ФМиЕН,ассистент,
Сидоров Е.П.,ФИТ,,к.н.
Новиков Г.Н.,ФМиМ,доцент,к.н.
Семенов З.Т.,ФИВТ,профессор,
Лебедев Г.Н.,ФФ,профессор,к.н.
Егоров В.И.,ФЭТ,профессор,к.н.
Петров Е.П.,ИТМО,ассистент,д.н.
Лебедев Б.В.,ФУПМ,профессор,
Новиков М.Ю.,ФУПМ,доцент,д.н.
Лебедев М.Ю.,ФУПМ,ассистент,
Смирнов В.И.,ФИВТ,ассистент,д.н.
Лебедев Д.С.,ФРТ,доцент,к.н.
Иванов Д.С.,ФИТ,профессор,
Соколов З.Т.,ФФ,ассистент,к.н.
Попов Ж.Р.,ФПМИ,ассистент,д.н.
Петров Ж.Р.,ФПМИ,ассистент,к.н.
Иванов И.К.,ИТМО,профессор,
Смирнов Г.Н.,ФМиЕН,ассистент,д.н.
Алексеев К.М.,ФУПМ,ассистент,
Семенов Ж.Р.,ФМиЕН,,к.н.
Алексеев Б.В.,ФМиМ,,к.н.
Морозов Д.С.,ФИТ,,д.н.
Смирнов В.И.,ФМиЕН,ассистент,д.н.
Сидоров В.И.,ИТМО,профессор,к.н.
Лебедева З.Т.,ИТМО,ассистент,к.н.
Козлов Е.П.,ФФ,доцент,к.н.
Лебедева К.М.,ФУПМ,доцент,к.н.
Смирнов Л.О.,ФМиЕН,профессор,
Семенов И.К.,ИТМО,доцент,
Морозов М.Ю.,ФЭТ,доцент,к.н.
Смирнов И.К.,ФИТ,,к.н.
Иванов Л.О.,ИТМО,,д.н.
Петров Д.С.,ФУПМ,,
Волков Е.П.,ФИВТ,профессор,
Новиков А.А.,ФЭТ,профессор,д.н.
Лебедев Д.С.,ФРТ,ассистент,д.н.
Морозов Б.В.,ФМиЕН,ассистент,д.н.
Иванов И.К.,ИТМО,профессор,к.н.
Алексеев К.М.,ФИТ,доцент,д.н.
Иванов В.И.,ФИТ,ассистент,д.н.
Егоров М.Ю.,ФМиМ,ассистент,к.н.
Сидоров В.И.,ФРТ,ассистент,к.н.
Козлов В.И.,ФМиМ,доцент,
Попов В.И.,ФМиМ,профессор,к.н.
Петров З.Т.,ФМиЕН,ассистент,
Попов Г.Н.,ИТМО,,д.н.
Петров З.Т.,ФРТ,профессор,к.н.
Морозов Д.С.,ФЭТ,доцент,к.н.
Морозов Д.С.,ФМиМ,профессор,д.н.
Алексеев К.М.,ИТМО,,
Лебедева А.А.,ФФ,ассистент,д.н.
Волков Г.Н.,ФПМИ,ассистент,д.н.
Смирнов К.М.,ФФ,профессор,д.н.
Иванов А.А.,ИТМО,ассистент,д.н.
Егоров М.Ю.,ФФ,ассистент,к.н.
Алексеев Е.П.,ФПМИ,ассистент,д.н.
Петров М.Ю.,ИТМО,профессор,д.н.
Волков З.Т.,ФУПМ,профессор,к.н.
Морозов Б.В.,ФРТ,,д.н.
Соколов И.К.,ФЭТ,профессор,к.н.
Петров М.Ю.,ИТМО,профессор,к.н.
Смирнов Д.С.,ФФ,,к.н.
Егоров Г.Н.,ФМиМ,,д.н.
Соколов Г.Н.,ИТМО,ассистент,к.н.
Иванов И.К.,ФМиМ,доцент,
Волков З.Т.,ФЭТ,профессор,д.н.
Морозов В.И.,ФПМИ,,к.н.
Новиков К.М.,ФРТ,,
Новиков В.И.,ФПМИ,ассистент,
Попов Л.О.,ИТМО,профессор,к.н.
Новиков З.Т.,ФУПМ,профессор,к.н.
Алексеев И.К.,ФУПМ,,к.н.
Соколов З.Т.,ФУПМ,доцент,д.н.
Волков Б.В.,ФПМИ,ассистент,к.н.
Лебедев А.А.,ФРТ,,к.н.
Семенов В.И.,ФМиМ,профессор,к.н.
Лебедева Д.С.,ФПМИ,профессор,
Лебедева Б.В.,ФИТ,ассистент,к.н.
Лебедева И.К.,ФМиЕН,доцент,д.н.
Попов Б.В.,ФФ,ассистент,
Волков А.А.,ФМиЕН,ассистент,д.н.
Кузнецов В.И.,ФИТ,доцент,
Волков Е.П.,ФЭТ,профессор,
Козлов Б.В.,ИТМО,профессор,к.н.
Козлов Д.С.,ФУПМ,доцент,
Семенов А.А.,ФПМИ,,
Сидоров И.К.,ФМиЕН,доцент,к.н.
Козлов К.М.,ФИТ,доцент,д.н.
Новиков Ж.Р.,ФРТ,профессор,д.н.
Новиков А.А.,ФИТ,доцент,
Лебедев Д.С.,ФМиЕН,,к.н.
Морозов Б.В.,ФПМИ,профессор,к.н.
Алексеев Г.Н.,ФУПМ,доцент,д.н.
Волков И.К.,ФУПМ,,к.н.
Сидоров З.Т.,ФРТ,ассистент,
Кузнецов Ж.Р.,ФИВТ,ассистент,
Лебедев Д.С.,ФМиЕН,доцент,д.н.
Козлов В.И.,ИТМО,доцент,
Сидоров Г.Н.,ФИВТ,профессор,
Кузнецов Ж.Р.,ФИВТ,профессор,
Кузнецов В.И.,ФПМИ,,
Семенов И.К.,ФРТ,ассистент,
Волков В.И.,ФФ,ассистент,к.н.
Смирнов Б.В.,ФИВТ,доцент,д.н.
Иванов Г.Н.,ФФ,профессор,
Кузнецов А.А.,ФПМИ,ассистент,
Попов Б.В.,ФМиЕН,профессор,к.н.
Попов К.М.,ФФ,доцент,д.н.
Попов А.А.,ФМиЕН,,к.н.
Кузнецов Б.В.,ФУПМ,доцент,д.н.
Алексеев Е.П.,ФМиМ,,к.н.
Егоров Д.С.,ФИВТ,,
Попов Ж.Р.,ФМиЕН,профессор,
Смирнов В.И.,ФУПМ,профессор,
Петров К.М.,ИТМО,ассистент,д.н.
Лебедев В.И.,ФМиЕН,,
Морозов В.И.,ФУПМ,доцент,д.н.
Иванов Д.С.,ФИВТ,ассистент,д.н.
Попов И.К.,ФПМИ,доцент,д.н.
Петров З.Т.,ФМиМ,ассистент,д.н.
Кузнецов Ж.Р.,ФРТ,доцент,д.н.
Кузнецов Л.О.,ФИВТ,ассистент,
Петров Ж.Р.,ФМиЕН,,к.н.
Петров Е.П.,ФУПМ,доцент,д.н.
Алексеев Б.В.,ИТМО,,к.н.
Кузнецов М.Ю.,ФПМИ,профессор,д.н.
Алексеев А.А.,ФИВТ,ассистент,
Волков Ж.Р.,ФРТ,ассистент,д.н.
Лебедев Е.П.,ФИТ,профессор,к.н.
Волков М.Ю.,ФЭТ,,д.н.
Егоров К.М.,ФРТ,ассистент,к.н.
Алексеев Д.С.,ФМиМ,профессор,д.н.
Алексеев Г.Н.,ФЭТ,,к.н.
Егоров Л.О.,ФМиМ,доцент,к.н.
Алексеев Б.В.,ФМиМ,доцент,
Кузнецов Е.П.,ФФ,,к.н.
Семенов К.М.,ФМиЕН,,д.н.
Кузнецов Д.С.,ИТМО,доцент,к.н.
Лебедева Ж.Р.,ИТМО,профессор,д.н.
Смирнов И.К.,ФФ,,
Петров Б.В.,ФИВТ,доцент,к.н.
Морозов Л.О.,ФМиМ,ассистент,
Новиков Ж.Р.,ФИТ,профессор,д.н.
Иванов А.А.,ФИТ,профессор,д.н.
Лебедев И.К.,ФМиМ,профессор,к.н.
Егоров З.Т.,ФИТ,ассистент,д.н.
Попов З.Т.,ФМиЕН,доцент,к.н.
Волков И.К.,ФПМИ,профессор,
Иванов Е.П.,ИТМО,профессор,д.н.
Семенов Е.П.,ФИВТ,,
Морозов М.Ю.,ФИВТ,доцент,
Семенов З.Т.,ФМиМ,профессор,к.н.
Сидоров Г.Н.,ФЭТ,профессор,к.н.
Соколов Л.О.,ФИТ,ассистент,к.н.
Сидоров М.Ю.,ФУПМ,,
Сидоров Б.В.,ФМиМ,,
Иванов И.К.,ФИВТ,доцент,д.н.
Козлов В.И.,ФЭТ,ассистент,д.н.
Смирнов М.Ю.,ФПМИ,ассистент,
Морозов Ж.Р.,ФИВТ,профессор,д.н.
Петров Б.В.,ИТМО,доцент,к.н.
Иванов К.М.,ФМиЕН,доцент,
Попов М.Ю.,ФИТ,ассистент,д.н.
Морозов Б.В.,ФМиЕН,профессор,д.н.
Лебедев К.М.,ФИТ,,д.н.
Лебедев Д.С.,ФМиМ,,д.н.
Сидоров Г.Н.,ФПМИ,ассистент,
Соколов Ж.Р.,ФУПМ,доцент,к.н.
Попов Л.О.,ФУПМ,доцент,д.н.
Лебедева Б.В.,ФМиМ,доцент,д.н.
Лебедев Г.Н.,ФФ,доцент,
Кузнецов Ж.Р.,ФМиМ,,к.н.
Соколов Л.О.,ФЭТ,ассистент,
Лебедев Б.В.,ИТМО,,
Петров К.М.,ФРТ,профессор,к.н.
Кузнецов Д.С.,ФМиЕН,профессор,к.н.
Лебедев Е.П.,ФПМИ,,к.н.
Соколов А.А.,ФРТ,,к.н.
Смирнов Б.В.,ФУПМ,доцент,к.н.
Смирнов З.Т.,ФРТ,ассистент,к.н.
Кузнецов М.Ю.,ФУПМ,профессор,к.н.
Попов В.И.,ИТМО,ассистент,д.н.
Петров Ж.Р.,ФПМИ,доцент,д.н.
Сидоров Л.О.,ФИВТ,ассистент,к.н.
Лебедева В.И.,ФМиМ,профессор,д.н.
Козлов Ж.Р.,ИТМО,ассистент,к.н.
Иванов Г.Н.,ФПМИ,,д.н.
Сидоров М.Ю.,ФФ,профессор,к.н.
Сидоров Г.Н.,ФЭТ,профессор,
Волков Л.О.,ФЭТ,доцент,к.н.
Семенов Е.П.,ФФ,профессор,к.н.
Волков Ж.Р.,ФФ,ассистент,
Егоров И.К.,ФФ,,к.н.
Попов И.К.,ФЭТ,ассистент,
Новиков Г.Н.,ФФ,доцент,к.н.
Кузнецов З.Т.,ФФ,ассистент,к.н.
Новиков Б.В.,ФИТ,доцент,к.н.
Смирнов К.М.,ИТМО,ассистент,к.н.
Лебедева Л.О.,ФРТ,профессор,к.н.
Семенов Д.С.,ФРТ,профессор,д.н.
Алексеев Б.В.,ФРТ,профессор,
Петров З.Т.,ФУПМ,ассистент,к.н.
Семенов М.Ю.,ФИТ,,
Волков Г.Н.,ИТМО,доцент,к.н.
Волков Е.П.,ФФ,доцент,
Смирнов Д.С.,ФУПМ,ассистент,к.н.
Лебедева А.А.,ФПМИ,,
Смирнов М.Ю.,ФПМИ,,д.н.
Алексеев Е.П.,ФМиЕН,профессор,д.н.
Попов К.М.,ФЭТ,доцент,д.н.
Козлов И.К.,ФМиМ,,к.н.
Морозов Ж.Р.,ФИВТ,профессор,д.н.
Иванов Д.С.,ФМиЕН,доцент,к.н.
Иванов Л.О.,ФЭТ,доцент,к.н.
Попов Л.О.,ФМиЕН,ассистент,
Кузнецов М.Ю.,ФЭТ,профессор,к.н.
Козлов А.А.,ФМиМ,,к.н.
Семенов Ж.Р.,ФМиМ,ассистент,
Козлов А.А.,ФМиЕН,доцент,
Волков Д.С.,ФМиЕН,,к.н.
Козлов И.К.,ФИТ,,к.н.
Смирнов З.Т.,ФПМИ,доцент,д.н.
Кузнецов З.Т.,ФУПМ,доцент,к.н.
Попов Е.П.,ИТМО,ассистент,
Новиков Г.Н.,ИТМО,ассистент,
Смирнов Л.О.,ИТМО,,
Семенов Г.Н.,ФМиМ,доцент,д.н.
Попов М.Ю.,ФРТ,доцент,д.н.
Семенов К.М.,ФИВТ,профессор,к.н.
Семенов В.И.,ФИВТ,,д.н.
Попов Л.О.,ФПМИ,ассистент,
Волков Е.П.,ФЭТ,доцент,д.н.
Попов Ж.Р.,ФЭТ,ассистент,к.н.
Волков И.К.,ФЭТ,,д.н.
Егоров А.А.,ФПМИ,,к.н.
Егоров Е.П.,ФМиМ,ассистент,к.н.
Егоров Д.С.,ФФ,доцент,к.н.
Кузнецов М.Ю.,ФМиМ,,
Смирнов К.М.,ФИТ,,д.н.
Иванов Б.В.,ФИВТ,,к.н.
Соколов Д.С.,ФМиЕН,,
Кузнецов М.Ю.,ФПМИ,профессор,д.н.
Алексеев Е.П.,ФМиМ,,
Иванов К.М.,ФФ,,
Петров Е.П.,ФУПМ,ассистент,д.н.
Морозов Е.П.,ФМиЕН,,д.н.
Лебедев Б.В.,ФПМИ,профессор,д.н.
Смирнов К.М.,ФРТ,профессор,
Семенов М.Ю.,ФМиЕН,ассистент,к.н.
Сидоров Г.Н.,ФИВТ,профессор,к.н.
Петров З.Т.,ФМиЕН,ассистент,д.н.
Алексеев В.И.,ФПМИ,ассистент,д.н.
Егоров Е.П.,ФЭТ,ассистент,
Смирнов З.Т.,ФУПМ,профессор,
Волков Е.П.,ФМиЕН,,
Морозов Е.П.,ФЭТ,ассистент,
Лебедев Д.С.,ФЭТ,доцент,к.н.
Новиков З.Т.,ФФ,доцент,к.н.
Семенов Е.П.,ФФ,профессор,к.н.
Иванов К.М.,ФФ,профессор,д.н.
Морозов З.Т.,ФИВТ,,к.н.
Смирнов К.М.,ФФ,профессор,д.н.
Морозов Д.С.,ИТМО,ассистент,к.н.
Иванов В.И.,ИТМО,доцент,
Волков Ж.Р.,ИТМО,ассистент,к.н.
Лебедев Д.С.,ФУПМ,,
Иванов И.К.,ФЭТ,профессор,к.н.
Козлов Л.О.,ФМиЕН,,к.н.
Соколов А.А.,ФМиЕН,ассистент,д.н.
Егоров Д.С.,ФИВТ,,д.н.
Сидоров И.К.,ФРТ,профессор,к.н.
Лебедев Л.О.,ФМиЕН,,к.н.
Егоров Ж.Р.,ФМиМ,ассистент,д.н.
Волков А.А.,ФУПМ,ассистент,д.н.
Иванов К.М.,ФПМИ,,
Сидоров Д.С.,ФРТ,,к.н.
Семенов В.И.,ФЭТ,профессор,д.н.
Егоров Ж.Р.,ФЭТ,доцент,д.н.
Лебедева Б.В.,ФРТ,профессор,д.н.
Козлов Б.В.,ФМиЕН,профессор,к.н.
Козлов В.И.,ФРТ,профессор,д.н.
Морозов Е.П.,ИТМО,профессор,д.н.
Петров К.М.,ФИТ,доцент,д.н.
Петров Г.Н.,ФУПМ,профессор,
Смирнов Л.О.,ФИВТ,,д.н.
Попов Ж.Р.,ФИТ,профессор,
Петров А.А.,ФИВТ,,к.н.
Морозов В.И.,ФРТ,,
Кузнецов Л.О.,ФПМИ,,к.н.
Петров М.Ю.,ФИВТ,доцент,к.н.
Сидоров Г.Н.,ФМиЕН,,к.н.
Иванов А.А.,ИТМО,ассистент,
Лебедева М.Ю.,ФМиМ,доцент,
Петров Д.С.,ИТМО,ассистент,к.н.
Сидоров Е.П.,ФИВТ,ассистент,
Попов Л.О.,ФПМИ,профессор,д.н.
Лебедева Б.В.,ФЭТ,доцент,
Морозов Б.В.,ФИВТ,доцент,к.н.
Кузнецов М.Ю.,ФФ,,к.н.
Кузнецов М.Ю.,ФМиЕН,доцент,к.н.
Смирнов З.Т.,ФМиМ,ассистент,
Соколов А.А.,ИТМО,доцент,д.н.
Морозов Б.В.,ФИТ,профессор,
Морозов К.М.,ФРТ,доцент,к.н.
Соколов Ж.Р.,ФПМИ,профессор,к.н.
Семенов Ж.Р.,ФИТ,,
Козлов Б.В.,ФМиМ,доцент,к.н.
Лебедев К.М.,ФИТ,доцент,д.н.
Семенов Д.С.,ФМиЕН,профессор,д.н.
Морозов И.К.,ФИТ,,к.н.
Кузнецов К.М.,ФМиЕН,доцент,д.н.
Волков В.И.,ФИВТ,доцент,д.н.
Козлов Л.О.,ФМиЕН,профессор,к.н.
Лебедева М.Ю.,ФИТ,ассистент,д.н.
Лебедева Г.Н.,ФИВТ,доцент,
Смирнов А.А.,ФРТ,доцент,к.н.
Смирнов В.И.,ФИВТ,ассистент,
Иванов Е.П.,ФЭТ,доцент,к.н.
Соколов А.А.,ФЭТ,доцент,д.н.
Смирнов Д.С.,ФИТ,ассистент,к.н.
Петров Б.В.,ФЭТ,ассистент,
Алексеев Е.П.,ФРТ,доцент,
Лебедев Е.П.,ИТМО,профессор,д.н.
Попов А.А.,ИТМО,ассистент,
Волков А.А.,ФПМИ,ассистент,к.н.
Лебедев Л.О.,ФПМИ,доцент,д.н.
Новиков Г.Н.,ФМиЕН,профессор,
Волков А.А.,ИТМО,профессор,
Алексеев Л.О.,ФЭТ,ассистент,к.н.
Иванов Б.В.,ФФ,доцент,
Волков Л.О.,ФФ,,
Попов А.А.,ИТМО,профессор,к.н.
Семенов Д.С.,ФИТ,профессор,д.н.
Смирнов М.Ю.,ФМиМ,,к.н.
Попов Ж.Р.,ФРТ,,к.н.
Сидоров Г.Н.,ФМиМ,,к.н.
Морозов Д.С.,ФПМИ,ассистент,
Лебедева Л.О.,ФМиЕН,ассистент,
Лебедева И.К.,ФУПМ,доцент,д.н.
Лебедева Л.О.,ФУПМ,профессор,к.н.
Иванов Д.С.,ФЭТ,доцент,к.н.
Лебедев Г.Н.,ФРТ,ассистент,д.н.
Сидоров Л.О.,ФМиМ,профессор,к.н.
Морозов М.Ю.,ФИТ,профессор,к.н.
Сидоров М.Ю.,ФРТ,доцент,к.н.
Сидоров Ж.Р.,ИТМО,доцент,к.н.
Попов Б.В.,ФРТ,профессор,к.н.
Соколов В.И.,ФПМИ,,д.н.
Козлов Г.Н.,ФИВТ,доцент,к.н.
Волков Е.П.,ФПМИ,,д.н.
Лебедева А.А.,ФУПМ,профессор,
Волков В.И.,ФЭТ,доцент,к.н.
Лебедев Б.В.,ИТМО,,к.н.
Новиков В.И.,ФЭТ,,к.н.
Лебедев Л.О.,ФЭТ,ассистент,
Морозов Г.Н.,ФПМИ,профессор,к.н.
Попов М.Ю.,ФИВТ,доцент,к.н.
Попов З.Т.,ФРТ,,к.н.
Смирнов Д.С.,ФРТ,,
Смирнов Д.С.,ФИВТ,доцент,к.н.
Сидоров Ж.Р.,ФЭТ,ассистент,д.н.
Иванов Г.Н.,ФМиМ,доцент,
Алексеев Д.С.,ФМиЕН,профессор,
Алексеев Ж.Р.,ФФ,доцент,к.н.
Лебедева Л.О.,ФПМИ,профессор,
Волков Г.Н.,ФПМИ,,д.н.
Семенов З.Т.,ФЭТ,ассистент,д.н.
Семенов В.И.,ФРТ,профессор,д.н.
Козлов З.Т.,ФУПМ,доцент,д.н.
Лебедев Д.С.,ФУПМ,,к.н.
Новиков М.Ю.,ФЭТ,доцент,к.н.
Сидоров К.М.,ФМиЕН,доцент,
Семенов Е.П.,ФМиЕН,ассистент,д.н.
Кузнецов Е.П.,ФИТ,профессор,к.н.
Смирнов Ж.Р.,ФИТ,ассистент,д.н.
Козлов Е.П.,ФМиЕН,,к.н.
Козлов Е.П.,ФЭТ,,д.н.
Петров Л.О.,ФФ,доцент,к.н.
Егоров А.А.,ФРТ,профессор,к.н.
Смирнов Б.В.,ФУПМ,профессор,к.н.
Волков Д.С.,ФРТ,,д.н.
Иванов З.Т.,ФМиМ,профессор,д.н.
Семенов А.А.,ФРТ,ассистент,д.н.
Волков Г.Н.,ФИТ,ассистент,
Семенов Д.С.,ФИТ,,
Алексеев В.И.,ФЭТ,доцент,д.н.
Новиков А.А.,ИТМО,профессор,к.н.
Егоров К.М.,ФЭТ,,к.н.
Кузнецов И.К.,ФИВТ,ассистент,к.н.
Алексеев Ж.Р.,ФУПМ,профессор,д.н.
Новиков Г.Н.,ИТМО,ассистент,д.н.
Волков М.Ю.,ФИТ,ассистент,к.н.
Алексеев Г.Н.,ФМиЕН,доцент,д.н.
Лебедева Е.П.,ФФ,,к.н.
Петров И.К.,ФМиЕН,,к.н.
Алексеев Л.О.,ФИТ,доцент,д.н.
Лебедев Б.В.,ФУПМ,ассистент,
Егоров Л.О.,ФЭТ,профессор,
Лебедева З.Т.,ИТМО,профессор,
Новиков И.К.,ИТМО,доцент,
Соколов Ж.Р.,ФМиЕН,,
Соколов М.Ю.,ФМиЕН,ассистент,к.н.
Попов Е.П.,ФПМИ,доцент,
Сидоров Г.Н.,ИТМО,профессор,
Семенов Б.В.,ФМиМ,ассистент,д.н.
Новиков Д.С.,ФМиМ,профессор,к.н.
Иванов З.Т.,ИТМО,профессор,д.н.
Сидоров В.И.,ФРТ,ассистент,
Смирнов И.К.,ФРТ,ассистент,д.н.
Соколов В.И.,ФФ,профессор,д.н.
Иванов М.Ю.,ФИВТ,ассистент,
Попов Е.П.,ФРТ,,
Петров Б.В.,ФПМИ,ассистент,к.н.
Алексеев Г.Н.,ФИТ,,д.н.
Новиков А.А.,ИТМО,профессор,д.н.
Морозов К.М.,ФУПМ,,д.н.
Попов В.И.,ФПМИ,,
Морозов К.М.,ИТМО,доцент,
Козлов В.И.,ФМиМ,профессор,д.н.
Лебедева К.М.,ФУПМ,профессор,
Иванов И.К.,ФФ,,
Сидоров Е.П.,ФПМИ,профессор,
Егоров В.И.,ФИТ,доцент,к.н.
Новиков Д.С.,ФРТ,доцент,
Попов М.Ю.,ФМиЕН,,д.н.
Лебедева К.М.,ФУПМ,доцент,к.н.
Козлов Б.В.,ФПМИ,профессор,д.н.
Иванов И.К.,ИТМО,ассистент,к.н.
Волков А.А.,ФФ,ассистент,к.н.
Соколов Ж.Р.,ФИВТ,,д.н.
Алексеев Г.Н.,ИТМО,ассистент,
Соколов А.А.,ФМиМ,,к.н.
Волков М.Ю.,ФЭТ,профессор,
Новиков Б.В.,ФПМИ,доцент,
Лебедев В.И.,ФИТ,,д.н.
Морозов Е.П.,ФМиМ,доцент,
Козлов И.К.,ФИТ,доцент,к.н.
Алексеев З.Т.,ИТМО,ассистент,к.н.
Лебедев В.И.,ФИВТ,,д.н.
Иванов К.М.,ФЭТ,профессор,
Морозов М.Ю.,ФРТ,доцент,
Кузнецов А.А.,ФПМИ,ассистент,к.н.
Егоров М.Ю.,ФИВТ,,д.н.
Сидоров К.М.,ФУПМ,,
Семенов З.Т.,ФИВТ,доцент,к.н.
Волков Б.В.,ФИВТ,профессор,
Смирнов А.А.,ИТМО,,
Лебедева Г.Н.,ФЭТ,доцент,к.н.
Иванов Ж.Р.,ФРТ,профессор,д.н.
Морозов М.Ю.,ФМиМ,доцент,к.н.
Петров А.А.,ФФ,,к.н.
Алексеев З.Т.,ФИВТ,,
Козлов М.Ю.,ФИВТ,ассистент,д.н.
Смирнов М.Ю.,ФФ,доцент,
Волков А.А.,ФПМИ,ассистент,д.н.
Иванов М.Ю.,ФРТ,,
Соколов Е.П.,ФФ,доцент,
Морозов К.М.,ФПМИ,,к.н.
Лебедева В.И.,ФРТ,профессор,к.н.
Егоров З.Т.,ФФ,,к.н.
Петров Д.С.,ФРТ,профессор,д.н.
Соколов Л.О.,ФМиМ,,
Лебедева И.К.,ФИТ,профессор,д.н.
Волков А.А.,ФРТ,ассистент,д.н.
Лебедев Л.О.,ФРТ,доцент,д.н.
Семенов К.М.,ФИВТ,доцент,д.н.
Соколов М.Ю.,ФМиЕН,,к.н.
Морозов К.М.,ФРТ,профессор,
Соколов М.Ю.,ФИТ,ассистент,д.н.
Семенов А.А.,ФИВТ,,
Кузнецов Ж.Р.,ФЭТ,доцент,д.н.
Козлов К.М.,ФМиМ,профессор,к.н.
Лебедев А.А.,ФМиМ,ассистент,
Лебедева В.И.,ФПМИ,доцент,
Морозов Л.О.,ФПМИ,доцент,к.н.
Козлов Б.В.,ФЭТ,ассистент,
Кузнецов М.Ю.,ФРТ,доцент,к.н.
Лебедева Л.О.,ФУПМ,доцент,д.н.
Кузнецов Е.П.,ФПМИ,профессор,д.н.
Сидоров З.Т.,ФМиЕН,профессор,к.н.
Алексеев И.К.,ФРТ,,д.н.
Соколов В.И.,ФМиМ,доцент,
Кузнецов Д.С.,ФПМИ,ассистент,
Лебедева Д.С.,ФРТ,,
Семенов Е.П.,ФМиМ,,д.н.
Петров Е.П.,ФИТ,профессор,д.н.
Егоров М.Ю.,ФРТ,профессор,к.н.
Попов Б.В.,ФЭТ,доцент,к.н.
Егоров Г.Н.,ФЭТ,профессор,д.н.
Новиков Г.Н.,ИТМО,ассистент,к.н.
Смирнов Л.О.,ФМиМ,доцент,д.н.
Иванов И.К.,ИТМО,ассистент,к.н.
Волков М.Ю.,ФРТ,,
Козлов Б.В.,ФУПМ,доцент,
Лебедев Д.С.,ИТМО,доцент,
Новиков В.И.,ФИВТ,ассистент,
Иванов И.К.,ФМиЕН,,к.н.
Соколов И.К.,ФЭТ,профессор,к.н.
Попов К.М.,ФМиМ,ассистент,д.н.
Козлов В.И.,ФМиМ,ассистент,
Петров Е.П.,ФФ,ассистент,
Смирнов М.Ю.,ИТМО,,к.н.
Егоров М.Ю.,ФФ,профессор,к.н.
Волков В.И.,ИТМО,доцент,к.н.
Новиков В.И.,ФПМИ,ассистент,
Смирнов И.К.,ИТМО,профессор,д.н.
Петров Д.С.,ИТМО,доцент,д.н.
Егоров И.К.,ФЭТ,ассистент,к.н.
Попов Б.В.,ФЭТ,,д.н.
Семенов К.М.,ФМиЕН,ассистент,д.н.
Соколов Е.П.,ФУПМ,ассистент,к.н.
Лебедев Б.В.,ФРТ,профессор,к.н.
Козлов Б.В.,ФПМИ,профессор,
Сидоров Б.В.,ФИТ,профессор,
Кузнецов Г.Н.,ФИВТ,доцент,
Волков Г.Н.,ФМиМ,доцент,
Новиков М.Ю.,ФМиМ,,к.н.
Семенов А.А.,ФИВТ,ассистент,к.н.
Смирнов Г.Н.,ФУПМ,,д.н.
Козлов К.М.,ФИТ,ассистент,
Новиков В.И.,ФРТ,ассистент,
Волков З.Т.,ФУПМ,доцент,к.н.
Смирнов И.К.,ФМиЕН,профессор,к.н.
Сидоров В.И.,ФФ,доцент,
Иванов К.М.,ФМиМ,ассистент,к.н.
Петров Г.Н.,ФРТ,,к.н.
Волков М.Ю.,ФРТ,доцент,д.н.
Козлов А.А.,ФИТ,профессор,д.н.
Козлов Б.В.,ФМиМ,доцент,к.н.
Смирнов М.Ю.,ФФ,ассистент,к.н.
Волков Б.В.,ФФ,ассистент,
Соколов А.А.,ФФ,ассистент,
Петров Ж.Р.,ИТМО,,
Соколов Л.О.,ФМиЕН,ассистент,к.н.
Сидоров В.И.,ФРТ,ассистент,д.н.
Кузнецов К.М.,ФИТ,,
Семенов И.К.,ФФ,профессор,
Семенов А.А.,ФРТ,доцент,к.н.
Козлов К.М.,ФМиМ,профессор,
Иванов А.А.,ФУПМ,,к.н.
Семенов Л.О.,ФИТ,,д.н.
Лебедева Д.С.,ФФ,ассистент,д.н.
Волков К.М.,ФФ,,д.н.
Попов К.М.,ФИВТ,профессор,
Морозов И.К.,ФЭТ,,к.н.
Егоров М.Ю.,ИТМО,ассистент,
Петров Л.О.,ФФ,доцент,д.н.
Кузнецов Е.П.,ФИВТ,,д.н.
Семенов М.Ю.,ФУПМ,ассистент,к.н.
Лебедева Д.С.,ФПМИ,профессор,д.н.
Волков В.И.,ФМиЕН,доцент,
Соколов Е.П.,ФПМИ,ассистент,
Иванов Ж.Р.,ФРТ,доцент,
Лебедева А.А.,ФФ,,
Кузнецов И.К.,ФУПМ,профессор,д.н.
Волков Д.С.,ФМиЕН,доцент,
Смирнов Г.Н.,ФФ,ассистент,д.н.
Кузнецов Д.С.,ФЭТ,профессор,к.н.
Соколов Б.В.,ИТМО,доцент,д.н.
Морозов А.А.,ФМиЕН,профессор,к.н.
Попов Г.Н.,ФФ,профессор,
Соколов А.А.,ИТМО,,д.н.
Козлов Б.В.,ФМиЕН,доцент,
Волков Г.Н.,ФМиМ,ассистент,
Соколов И.К.,ФИВТ,ассистент,
Алексеев Г.Н.,ФИТ,ассистент,
Егоров Л.О.,ФЭТ,ассистент,
Егоров Ж.Р.,ФМиМ,ассистент,к.н.
Семенов Д.С.,ФФ,ассистент,
Лебедев Ж.Р.,ФФ,ассистент,д.н.
Петров Ж.Р.,ФУПМ,профессор,к.н.
Морозов Д.С.,ФУПМ,доцент,
Попов А.А.,ФЭТ,профессор,д.н.
Семенов Б.В.,ФИТ,доцент,
Семенов Д.С.,ФИВТ,профессор,
Иванов Е.П.,ФИТ,,к.н.
Семенов В.И.,ФМиМ,,
Лебедев И.К.,ФМиМ,профессор,д.н.
Лебедев Г.Н.,ФИТ,ассистент,
Кузнецов М.Ю.,ФМиМ,доцент,к.н.
Волков Л.О.,ФПМИ,ассистент,д.н.
Новиков Л.О.,ФЭТ,ассистент,
Сидоров З.Т.,ФФ,профессор,к.н.
Соколов К.М.,ФЭТ,профессор,
Волков Е.П.,ФИТ,профессор,к.н.
Козлов А.А.,ФИТ,,д.н.
Петров Г.Н.,ФУПМ,,д.н.
Волков Е.П.,ФИТ,профессор,к.н.
Козлов Д.С.,ФИТ,ассистент,д.н.
Сидоров В.И.,ФПМИ,доцент,к.н.
Козлов М.Ю.,ФИВТ,ассистент,д.н.
Кузнецов Л.О.,ФПМИ,доцент,к.н.
Семенов А.А.,ФИВТ,,д.н.
Лебедева Б.В.,ФИВТ,,к.н.
Егоров А.А.,ИТМО,доцент,к.н.
Петров В.И.,ФУПМ,доцент,
Морозов В.И.,ФМиМ,ассистент,к.н.
Лебедева Г.Н.,ФЭТ,доцент,
Попов И.К.,ФМиМ,ассистент,
Соколов Л.О.,ФИВТ,ассистент,к.н.
Волков Е.П.,ИТМО,,к.н.
Петров В.И.,ФРТ,ассистент,д.н.
Сидоров И.К.,ФИВТ,,к.н.
Лебедева Е.П.,ФИВТ,профессор,д.н.
Алексеев Б.В.,ФМиМ,ассистент,к.н.
Семенов И.К.,ФМиМ,ассистент,
Петров М.Ю.,ИТМО,доцент,
Семенов К.М.,ФМиМ,ассистент,
Лебедев Л.О.,ФЭТ,доцент,д.н.
Соколов Е.П.,ФИТ,ассистент,к.н.
Попов З.Т.,ФИВТ,доцент,к.н.
Петров К.М.,ФМиЕН,доцент,к.н.
Волков Г.Н.,ФРТ,доцент,д.н.
Семенов Е.П.,ФРТ,доцент,к.н.
Соколов И.К.,ФИТ,профессор,д.н.
Смирнов В.И.,ФФ,профессор,к.н.
Иванов К.М.,ФУПМ,ассистент,
Петров К.М.,ФМиЕН,ассистент,к.н.
Семенов З.Т.,ФЭТ,профессор,к.н.
Попов К.М.,ФЭТ,,д.н.
Соколов З.Т.,ФИВТ,ассистент,д.н.
Кузнецов Е.П.,ФИТ,,д.н.
Кузнецов К.М.,ФФ,,
Волков Д.С.,ФРТ,,д.н.
Петров М.Ю.,ФРТ,профессор,
Семенов Л.О.,ФУПМ,ассистент,
Морозов З.Т.,ФРТ,,к.н.
Новиков В.И.,ФРТ,доцент,д.н.
Смирнов М.Ю.,ФПМИ,доцент,
Волков Ж.Р.,ФПМИ,профессор,к.н.
Алексеев И.К.,ФИТ,ассистент,д.н.
Алексеев Л.О.,ФИТ,профессор,
Алексеев Б.В.,ФМиЕН,ассистент,к.н.
Лебедев Л.О.,ФИТ,доцент,д.н.
Смирнов Ж.Р.,ФИВТ,доцент,
Егоров М.Ю.,ФУПМ,,
Смирнов А.А.,ФПМИ,,к.н.
Попов И.К.,ФМиМ,профессор,
Семенов И.К.,ФРТ,профессор,
Егоров З.Т.,ФМиМ,,к.н.
Новиков Д.С.,ФМиМ,профессор,
Егоров Л.О.,ФИВТ,доцент,к.н.
Козлов И.К.,ФЭТ,,
Волков З.Т.,ФИВТ,ассистент,
Соколов А.А.,ФУПМ,доцент,к.н.
Козлов М.Ю.,ФУПМ,,д.н.
Лебедев Д.С.,ФМиМ,доцент,
Козлов Е.П.,ФИТ,ассистент,к.н.
Иванов З.Т.,ФУПМ,профессор,к.н.
Егоров Е.П.,ФМиМ,,
Смирнов Д.С.,ФУПМ,ассистент,к.н.
Волков Л.О.,ФМиЕН,,к.н.
Петров Д.С.,ФИТ,профессор,к.н.
Морозов В.И.,ФМиЕН,,к.н.
Новиков И.К.,ФИТ,профессор,
Иванов З.Т.,ФПМИ,,к.н.
Козлов Б.В.,ФМиЕН,доцент,к.н.
Волков Б.В.,ФФ,доцент,д.н.
Кузнецов Л.О.,ФМиЕН,профессор,к.н.
Смирнов Ж.Р.,ФМиЕН,доцент,к.н.
Егоров Г.Н.,ФРТ,доцент,к.н.
Сидоров В.И.,ФФ,,д.н.
Сидоров К.М.,ФУПМ,доцент,
Смирнов М.Ю.,ФУПМ,ассистент,к.н.
Алексеев Л.О.,ФМиЕН,профессор,д.н.
Иванов Г.Н.,ФУПМ,,к.н.
Семенов И.К.,ФФ,ассистент,д.н.
Лебедева В.И.,ФУПМ,доцент,
Морозов М.Ю.,ФФ,ассистент,
Петров А.А.,ФЭТ,доцент,д.н.
Егоров Ж.Р.,ФЭТ,ассистент,к.н.
Иванов Б.В.,ФИТ,ассистент,
Морозов Ж.Р.,ФМиМ,,
Семенов Л.О.,ФМиЕН,доцент,к.н.
Соколов Д.С.,ФФ,доцент,к.н.
Семенов Ж.Р.,ФРТ,ассистент,
Козлов Б.В.,ИТМО,профессор,
Егоров В.И.,ФПМИ,ассистент,д.н.
Новиков Д.С.,ФПМИ,доцент,
Морозов Г.Н.,ФРТ,доцент,д.н.
Новиков И.К.,ФФ,профессор,к.н.
Новиков Е.П.,ФФ,профессор,д.н.
Лебедев Г.Н.,ФПМИ,ассистент,к.н.
Лебедев Б.В.,ИТМО,профессор,д.н.
Лебедева А.А.,ФФ,,д.н.
Егоров И.К.,ФУПМ,,д.н.
Лебедева А.А.,ФИТ,профессор,
Сидоров И.К.,ФИТ,профессор,к.н.
Соколов И.К.,ФИТ,доцент,д.н.
Морозов В.И.,ФИВТ,профессор,к.н.
Алексеев Д.С.,ИТМО,доцент,
Новиков В.И.,ФРТ,ассистент,
Егоров З.Т.,ФМиМ,доцент,к.н.
Соколов З.Т.,ФРТ,профессор,к.н.
Соколов В.И.,ФУПМ,ассистент,к.н.
Егоров В.И.,ФМиЕН,доцент,
Сидоров К.М.,ФИТ,,д.н.
Алексеев Л.О.,ФФ,профессор,д.н.
Волков Е.П.,ФИТ,,
Попов Б.В.,ФМиЕН,,к.н.
Иванов Г.Н.,ФМиМ,,д.н.
Волков Д.С.,ФПМИ,доцент,
Лебедева Б.В.,ФИТ,,к.н.
Сидоров В.И.,ИТМО,доцент,
Петров А.А.,ФРТ,доцент,к.н.
Лебедев Б.В.,ФМиЕН,профессор,д.н.
Семенов Л.О.,ФМиЕН,профессор,д.н.
Иванов И.К.,ИТМО,профессор,к.н.
Егоров К.М.,ФМиМ,,
Козлов Ж.Р.,ФМиМ,ассистент,
Алексеев А.А.,ФФ,доцент,д.н.
Егоров Л.О.,ФРТ,,к.н.
Соколов И.К.,ИТМО,,д.н.
Сидоров Д.С.,ИТМО,ассистент,
Волков Г.Н.,ФРТ,ассистент,к.н.
Козлов Е.П.,ИТМО,профессор,к.н.
Егоров Ж.Р.,ИТМО,ассистент,д.н.
Кузнецов Л.О.,ИТМО,ассистент,к.н.
Лебедева К.М.,ФПМИ,ассистент,
Попов Д.С.,ФУПМ,ассистент,д.н.
Морозов В.И.,ФПМИ,ассистент,к.н.
Иванов Л.О.,ФМиЕН,доцент,
Лебедев К.М.,ФУПМ,профессор,к.н.
Козлов Г.Н.,ФУПМ,ассистент,к.н.
Смирнов К.М.,ФРТ,ассистент,
Лебедев Б.В.,ФМиЕН,ассистент,
Алексеев В.И.,ФПМИ,профессор,к.н.
Лебедев В.И.,ФФ,профессор,д.н.
Соколов Л.О.,ФИВТ,доцент,д.н.
Алексеев Ж.Р.,ФРТ,профессор,
Козлов Б.В.,ФУПМ,ассистент,д.н.
Соколов З.Т.,ФИВТ,доцент,
Петров Л.О.,ФПМИ,профессор,
Лебедев И.К.,ФФ,доцент,к.н.
Петров Ж.Р.,ФИВТ,доцент,
Петров А.А.,ФУПМ,ассистент,к.н.
Лебедева И.К.,ФУПМ,доцент,
Попов Ж.Р.,ФМиМ,,д.н.
Попов Е.П.,ФИВТ,,
Морозов Л.О.,ФЭТ,ассистент,д.н.
Алексеев Б.В.,ФПМИ,доцент,
Егоров Ж.Р.,ФМиЕН,доцент,к.н.
Иванов З.Т.,ФИВТ,,к.н.
Попов Г.Н.,ФМиЕН,профессор,д.н.
Лебедев И.К.,ИТМО,,к.н.
Лебедева Б.В.,ФЭТ,,к.н.
Морозов Б.В.,ФИВТ,доцент,
Попов Г.Н.,ФЭТ,ассистент,к.н.
Семенов З.Т.,ФИВТ,доцент,д.н.
Егоров Л.О.,ФРТ,ассистент,к.н.
Соколов М.Ю.,ФЭТ,,
Волков Е.П.,ФМиМ,доцент,
Волков Е.П.,ФМиЕН,профессор,
Лебедева М.Ю.,ФЭТ,доцент,
Морозов Ж.Р.,ФПМИ,профессор,
Попов З.Т.,ФФ,ассистент,д.н.
Смирнов К.М.,ФЭТ,ассистент,
Волков И.К.,ФФ,ассистент,
Попов Д.С.,ФИТ,доцент,
Кузнецов Е.П.,ФФ,профессор,
Иванов В.И.,ФРТ,доцент,
Соколов Г.Н.,ФУПМ,ассистент,
Иванов Г.Н.,ИТМО,ассистент,д.н.
Семенов Д.С.,ФМиМ,,к.н.
Новиков Г.Н.,ФУПМ,профессор,
Козлов Е.П.,ФПМИ,доцент,
Соколов Ж.Р.,ФРТ,доцент,
Соколов Г.Н.,ФПМИ,профессор,
Петров Ж.Р.,ИТМО,ассистент,
Соколов Л.О.,ФРТ,профессор,
Волков К.М.,ФУПМ,,д.н.
Иванов З.Т.,ФМиЕН,ассистент,к.н.
Попов З.Т.,ИТМО,профессор,
Волков Б.В.,ФУПМ,,к.н.
Лебедева З.Т.,ФЭТ,,д.н.
Алексеев Ж.Р.,ФМиМ,профессор,
Лебедева В.И.,ФРТ,,к.н.
Алексеев Б.В.,ФУПМ,ассистент,
Попов А.А.,ФИВТ,ассистент,
Семенов Г.Н.,ИТМО,,к.н.
Волков М.Ю.,ФИВТ,доцент,
Соколов Е.П.,ФПМИ,профессор,д.н.
Семенов Е.П.,ФУПМ,профессор,д.н.
Егоров Д.С.,ФУПМ,ассистент,д.н.
Лебедева М.Ю.,ФЭТ,,
Смирнов Д.С.,ФЭТ,профессор,д.н.
Лебедева Ж.Р.,ФИВТ,,
Егоров В.И.,ФРТ,ассистент,д.н.
Попов Ж.Р.,ФМиМ,,д.н.
Семенов Л.О.,ФЭТ,,д.н.
Сидоров А.А.,ФМиМ,ассистент,д.н.
Семенов М.Ю.,ФИТ,доцент,д.н.
Новиков Г.Н.,ФУПМ,,к.н.
Лебедев Л.О.,ФМиЕН,,
Смирнов А.А.,ФМиМ,,
Соколов Л.О.,ИТМО,,
Смирнов В.И.,ФЭТ,ассистент,
Кузнецов И.К.,ФИТ,,
Иванов В.И.,ИТМО,ассистент,к.н.
Егоров А.А.,ФУПМ,профессор,д.н.
Алексеев Л.О.,ФПМИ,,д.н.
Соколов К.М.,ФУПМ,профессор,д.н.
Кузнецов Г.Н.,ИТМО,ассистент,к.н.
Козлов М.Ю.,ФЭТ,ассистент,к.н.
Иванов М.Ю.,ФИВТ,доцент,к.н.
Кузнецов Б.В.,ФИТ,ассистент,д.н.
Новиков Ж.Р.,ФМиМ,профессор,
Лебедев А.А.,ФЭТ,доцент,
Соколов И.К.,ФПМИ,,д.н.
Кузнецов К.М.,ФУПМ,ассистент,к.н.
Смирнов А.А.,ФИТ,профессор,к.н.
Волков Б.В.,ИТМО,ассистент,к.н.
Алексеев В.И.,ФМиМ,ассистент,д.н.
Егоров Б.В.,ФУПМ,профессор,д.н.
Волков И.К.,ФУПМ,доцент,
Егоров Л.О.,ФИТ,профессор,д.н.
Алексеев А.А.,ФЭТ,доцент,к.н.
Сидоров Г.Н.,ФПМИ,,д.н.
Лебедев Е.П.,ФФ,профессор,
Кузнецов З.Т.,ФУПМ,,
Семенов И.К.,ФПМИ,профессор,д.н.
Иванов Д.С.,ФИТ,,
Смирнов М.Ю.,ФМиЕН,ассистент,
Иванов К.М.,ФУПМ,доцент,к.н.
Алексеев А.А.,ФУПМ,доцент,д.н.
Егоров Ж.Р.,ФМиМ,профессор,к.н.
Смирнов К.М.,ФПМИ,доцент,
Сидоров А.А.,ФИТ,,д.н.
Иванов В.И.,ФРТ,,
Семенов Б.В.,ФПМИ,ассистент,д.н.
Волков Е.П.,ФМиМ,,к.н.
Иванов З.Т.,ФИТ,ассистент,
Смирнов Г.Н.,ФИТ,ассистент,
Иванов И.К.,ФЭТ,ассистент,д.н.
Соколов Б.В.,ФМиЕН,ассистент,
Смирнов М.Ю.,ФУПМ,профессор,
Егоров Б.В.,ФРТ,,к.н.
Кузнецов Г.Н.,ФУПМ,ассистент,
Алексеев В.И.,ФМиЕН,доцент,к.н.
Алексеев В.И.,ФМиЕН,доцент,
Соколов М.Ю.,ФФ,профессор,к.н.
Иванов К.М.,ФФ,ассистент,
Новиков И.К.,ФРТ,ассистент,к.н.
Егоров Б.В.,ФУПМ,ассистент,
Иванов Л.О.,ФУПМ,,к.н.
Семенов Б.В.,ФУПМ,доцент,к.н.
Волков Е.П.,ФПМИ,профессор,
Семенов З.Т.,ФФ,,
Морозов К.М.,ФПМИ,,к.н.
Соколов Б.В.,ФИВТ,,к.н.
Новиков Д.С.,ФЭТ,доцент,к.н.
Лебедева Б.В.,ИТМО,профессор,
Петров З.Т.,ФИТ,доцент,
Егоров И.К.,ИТМО,ассистент,д.н.
Кузнецов Д.С.,ФПМИ,,к.н.
Сидоров М.Ю.,ФУПМ,,
Петров З.Т.,ФПМИ,ассистент,
Лебедев К.М.,ИТМО,ассистент,д.н.
Смирнов В.И.,ФИВТ,профессор,к.н.
Кузнецов Д.С.,ФМиМ,доцент,к.н.
Смирнов Ж.Р.,ФУПМ,профессор,к.н.
Сидоров Д.С.,ФУПМ,доцент,д.н.
Алексеев Л.О.,ФРТ,,к.н.
Иванов З.Т.,ФРТ,,к.н.
Смирнов М.Ю.,ИТМО,профессор,
Егоров Л.О.,ФЭТ,ассистент,д.н.
Семенов Л.О.,ФРТ,ассистент,к.н.
Морозов Л.О.,ФИТ,ассистент,к.н.
Лебедева А.А.,ФРТ,доцент,
Смирнов К.М.,ФПМИ,ассистент,
Попов Л.О.,ФМиЕН,ассистент,д.н.
Сидоров Г.Н.,ФИТ,доцент,к.н.
Новиков И.К.,ФИТ,,д.н.
Лебедева К.М.,ФРТ,профессор,
Егоров Л.О.,ИТМО,доцент,д.н.
Егоров К.М.,ФМиЕН,,к.н.
Лебедев И.К.,ФРТ,профессор,д.н.
Соколов Г.Н.,ФФ,ассистент,к.н.
Козлов В.И.,ФФ,профессор,
Козлов Е.П.,ФЭТ,,
Козлов Е.П.,ФРТ,профессор,к.н.
Сидоров Г.Н.,ФРТ,профессор,д.н.
Козлов А.А.,ФФ,ассистент,
Волков З.Т.,ФИВТ,доцент,к.н.
Сидоров В.И.,ФИТ,доцент,к.н.
Морозов В.И.,ФРТ,,
Морозов Г.Н.,ФЭТ,,д.н.
Иванов Д.С.,ФФ,ассистент,к.н.
Смирнов З.Т.,ФФ,профессор,к.н.
Козлов Л.О.,ФПМИ,профессор,к.н.
Лебедев Л.О.,ФРТ,профессор,д.н.
Морозов Д.С.,ФФ,,д.н.
Семенов З.Т.,ФУПМ,,к.н.
Семенов Л.О.,ФФ,,
Волков И.К.,ФФ,ассистент,к.н.
Новиков Б.В.,ФИВТ,доцент,к.н.
Смирнов М.Ю.,ФУПМ,ассистент,д.н.
Новиков М.Ю.,ФРТ,профессор,к.н.
Новиков М.Ю.,ФУПМ,профессор,д.н.
Егоров З.Т.,ФИТ,ассистент,
Соколов Г.Н.,ИТМО,доцент,
Новиков К.М.,ФМиЕН,,
Петров Л.О.,ФИВТ,ассистент,к.н.
Алексеев М.Ю.,ФИВТ,,к.н.
Лебедева К.М.,ФЭТ,,к.н.
Попов К.М.,ФУПМ,ассистент,д.н.
Петров Е.П.,ФМиЕН,профессор,
Семенов Л.О.,ФМиМ,,к.н.
Семенов Ж.Р.,ФПМИ,доцент,д.н.
Егоров Д.С.,ФИВТ,доцент,
Новиков Д.С.,ФФ,,к.н.
Лебедева М.Ю.,ФФ,профессор,к.н.
Новиков З.Т.,ФРТ,,д.н.
Иванов З.Т.,ФИТ,доцент,д.н.
Иванов А.А.,ФЭТ,,к.н.
Лебедев М.Ю.,ФЭТ,,
Петров Ж.Р.,ФФ,профессор,д.н.
Сидоров В.И.,ФЭТ,ассистент,д.н.
Иванов Д.С.,ИТМО,доцент,д.н.
Волков З.Т.,ФУПМ,профессор,
Семенов Ж.Р.,ФМиЕН,ассистент,д.н.
Семенов Б.В.,ФИТ,доцент,к.н.
Лебедева М.Ю.,ИТМО,ассистент,д.н.
Попов А.А.,ФФ,ассистент,к.н.
Смирнов Б.В.,ФИВТ,,
Сидоров Е.П.,ФПМИ,ассистент,
Смирнов З.Т.,ФРТ,профессор,д.н.
Лебедев Е.П.,ИТМО,,к.н.
Козлов М.Ю.,ФМиЕН,профессор,д.н.
Алексеев З.Т.,ФМиМ,,к.н.
Волков Л.О.,ФМиЕН,ассистент,д.н.
Лебедев Ж.Р.,ФПМИ,,
Козлов З.Т.,ФРТ,,
Новиков М.Ю.,ФРТ,ассистент,к.н.
Соколов И.К.,ФУПМ,ассистент,к.н.
Петров Л.О.,ФЭТ,доцент,
Козлов В.И.,ФИВТ,,к.н.
Новиков М.Ю.,ФПМИ,ассистент,
Соколов М.Ю.,ФИВТ,профессор,к.н.
Морозов К.М.,ФУПМ,доцент,
Алексеев М.Ю.,ФМиМ,профессор,д.н.
Смирнов Д.С.,ФФ,доцент,к.н.
Козлов А.А.,ФИТ,ассистент,
Кузнецов А.А.,ФЭТ,ассистент,д.н.
Морозов Г.Н.,ФЭТ,ассистент,д.н.
Алексеев Л.О.,ФИТ,,
Новиков М.Ю.,ФПМИ,ассистент,д.н.
Алексеев В.И.,ФМиЕН,ассистент,д.н.
Морозов В.И.,ФМиМ,доцент,д.н.
Петров Г.Н.,ФУПМ,доцент,
Волков М.Ю.,ИТМО,ассистент,к.н.
Егоров Б.В.,ФУПМ,ассистент,д.н.
Сидоров Г.Н.,ФУПМ,,
Смирнов Ж.Р.,ФПМИ,ассистент,
Смирнов М.Ю.,ФПМИ,ассистент,к.н.
Соколов Ж.Р.,ФМиЕН,доцент,
Морозов Б.В.,ФЭТ,ассистент,к.н.
Соколов И.К.,ФИВТ,ассистент,к.н.
Волков З.Т.,ФИВТ,профессор,
Попов Б.В.,ФФ,,
Лебедева А.А.,ФИТ,ассистент,к.н.
Алексеев Б.В.,ФУПМ,,
Кузнецов Г.Н.,ФИТ,ассистент,к.н.
Волков Ж.Р.,ФИВТ,ассистент,
Лебедев Б.В.,ИТМО,ассистент,д.н.
Лебедев Ж.Р.,ФРТ,профессор,д.н.
Соколов Ж.Р.,ФУПМ,доцент,д.н.
Петров В.И.,ФЭТ,доцент,д.н.
Егоров К.М.,ФМиМ,доцент,д.н.
Егоров Д.С.,ФИТ,ассистент,д.н.
Козлов Ж.Р.,ФУПМ,,к.н.
Новиков Б.В.,ФРТ,ассистент,к.н.
Петров В.И.,ФУПМ,профессор,к.н.
Алексеев Б.В.,ФУПМ,,
Соколов Ж.Р.,ФУПМ,доцент,к.н.
Петров И.К.,ФРТ,ассистент,д.н.
Семенов З.Т.,ФФ,ассистент,к.н.
Кузнецов Б.В.,ФИТ,доцент,к.н.
Смирнов З.Т.,ФПМИ,профессор,д.н.
Смирнов Д.С.,ФИВТ,профессор,д.н.
Лебедев А.А.,ФМиМ,профессор,д.н.
Соколов Л.О.,ФПМИ,ассистент,д.н.
Алексеев Б.В.,ФУПМ,,к.н.
Кузнецов З.Т.,ФЭТ,ассистент,д.н.
Соколов Л.О.,ФРТ,ассистент,к.н.
Кузнецов Б.В.,ФУПМ,доцент,д.н.
Кузнецов К.М.,ФУПМ,ассистент,к.н.
Кузнецов Б.В.,ФИТ,профессор,к.н.
Кузнецов Г.Н.,ФПМИ,,
Кузнецов Г.Н.,ФЭТ,ассистент,
Соколов З.Т.,ФРТ,,
Смирнов Б.В.,ФИТ,ассистент,к.н.
Морозов В.И.,ФУПМ,,д.н.
Козлов Ж.Р.,ФПМИ,доцент,
Волков Л.О.,ФЭТ,,
Лебедев Б.В.,ФРТ,профессор,к.н.
Новиков Д.С.,ФПМИ,доцент,
Кузнецов К.М.,ФРТ,ассистент,
Новиков Ж.Р.,ФИВТ,ассистент,к.н.
Морозов Б.В.,ФМиМ,ассистент,к.н.
Кузнецов Л.О.,ФПМИ,профессор,д.н.
Егоров К.М.,ФРТ,профессор,д.н.
Попов Д.С.,ФПМИ,доцент,д.н.
Петров Г.Н.,ФИВТ,ассистент,
Лебедев Л.О.,ФПМИ,профессор,
Морозов В.И.,ФИВТ,ассистент,д.н.
Лебедева Ж.Р.,ФИВТ,ассистент,
Новиков М.Ю.,ФРТ,доцент,д.н.
Лебедев А.А.,ФМиЕН,,к.н.
Козлов Б.В.,ФИВТ,профессор,д.н.
Алексеев З.Т.,ФИВТ,доцент,к.н.
Попов А.А.,ФРТ,ассистент,д.н.
Петров Л.О.,ФМиЕН,профессор,
Петров Ж.Р.,ФРТ,доцент,к.н.
Лебедева Е.П.,ФРТ,ассистент,
Кузнецов Л.О.,ФМиЕН,доцент,д.н.
Лебедев Л.О.,ФИВТ,профессор,д.н.
Кузнецов Л.О.,ФИВТ,ассистент,к.н.
Соколов Е.П.,ИТМО,ассистент,
Кузнецов К.М.,ФРТ,доцент,к.н.
Семенов В.И.,ИТМО,,д.н.
Петров Б.В.,ФИВТ,ассистент,д.н.
Новиков Л.О.,ФМиМ,,к.н.
Иванов Л.О.,ФИТ,ассистент,
Егоров М.Ю.,ФИТ,профессор,д.н.
Егоров Ж.Р.,ФЭТ,,д.н.
Сидоров В.И.,ФУПМ,,д.н.
Морозов Е.П.,ФФ,доцент,к.н.
Егоров Д.С.,ФМиЕН,ассистент,
Козлов Д.С.,ИТМО,доцент,д.н.
Морозов К.М.,ФМиЕН,профессор,д.н.
Новиков В.И.,ФМиЕН,ассистент,к.н.
Лебедев Л.О.,ФМиЕН,доцент,д.н.
Новиков К.М.,ФМиМ,,к.н.
Попов И.К.,ФУПМ,,
Иванов Г.Н.,ФРТ,,
Козлов Ж.Р.,ФРТ,ассистент,
Козлов З.Т.,ФРТ,профессор,д.н.
Лебедев К.М.,ФУПМ,профессор,
Попов З.Т.,ФУПМ,доцент,
Кузнецов И.К.,ФУПМ,ассистент,
Попов Е.П.,ФФ,доцент,
Алексеев З.Т.,ФУПМ,доцент,д.н.
Попов М.Ю.,ФФ,,
Егоров И.К.,ФМиМ,доцент,д.н.
Лебедев К.М.,ФМиМ,ассистент,д.н.
Лебедев Ж.Р.,ФИВТ,доцент,к.н.
Семенов Л.О.,ФУПМ,,
Алексеев Д.С.,ФИТ,,к.н.
Лебедева И.К.,ФЭТ,профессор,к.н.
Козлов Г.Н.,ФПМИ,,д.н.
Семенов Д.С.,ФРТ,ассистент,д.н.
Алексеев Ж.Р.,ИТМО,,д.н.
Семенов Л.О.,ИТМО,профессор,
Семенов М.Ю.,ФИТ,,д.н.
Козлов Ж.Р.,ИТМО,ассистент,
Егоров А.А.,ФРТ,,
Попов Б.В.,ФМиЕН,,д.н.
Алексеев В.И.,ФМиЕН,ассистент,к.н.
Егоров Г.Н.,ФМиЕН,,к.н.
Волков В.И.,ФЭТ,профессор,к.н.
Кузнецов Г.Н.,ФУПМ,доцент,к.н.
Лебедева З.Т.,ФФ,ассистент,
Морозов Б.В.,ФМиЕН,профессор,к.н.
Лебедева М.Ю.,ФУПМ,,д.н.
Смирнов Л.О.,ФМиМ,профессор,к.н.
Петров Г.Н.,ФУПМ,доцент,д.н.
Козлов Л.О.,ИТМО,ассистент,к.н.
Соколов Г.Н.,ФЭТ,доцент,д.н.
Иванов М.Ю.,ФИТ,ассистент,
Лебедев К.М.,ФЭТ,профессор,к.н.
Иванов Е.П.,ФИТ,ассистент,
Сидоров Б.В.,ФУПМ,,д.н.
Кузнецов М.Ю.,ИТМО,ассистент,д.н.
Лебедева В.И.,ФЭТ,профессор,д.н.
Новиков Л.О.,ФУПМ,доцент,д.н.
Соколов М.Ю.,ФПМИ,доцент,
Соколов В.И.,ФИВТ,профессор,
Иванов З.Т.,ФИВТ,профессор,
Волков Д.С.,ИТМО,,
Смирнов М.Ю.,ИТМО,профессор,д.н.
Соколов Е.П.,ФПМИ,доцент,
Петров А.А.,ФУПМ,доцент,
Лебедева З.Т.,ФПМИ,,
Смирнов Е.П.,ИТМО,,к.н.
Лебедев Б.В.,ФФ,ассистент,д.н.
Семенов К.М.,ФМиЕН,профессор,д.н.
Алексеев И.К.,ФПМИ,профессор,
Семенов Л.О.,ФФ,профессор,д.н.
Лебедева В.И.,ФУПМ,доцент,д.н.
Иванов Д.С.,ФИВТ,профессор,к.н.
Морозов Л.О.,ФИТ,,д.н.
Лебедева М.Ю.,ФЭТ,,д.н.
Козлов Ж.Р.,ФИВТ,доцент,
Кузнецов И.К.,ФПМИ,доцент,
Лебедев З.Т.,ИТМО,ассистент,д.н.
Попов Г.Н.,ИТМО,ассистент,к.н.
Соколов М.Ю.,ФФ,ассистент,д.н.
Петров К.М.,ФМиМ,профессор,
Иванов З.Т.,ФМиМ,профессор,
Смирнов Г.Н.,ФПМИ,,д.н.
Морозов И.К.,ФИТ,ассистент,
Новиков А.А.,ИТМО,профессор,
Морозов З.Т.,ФФ,доцент,д.н.
Иванов И.К.,ФМиМ,профессор,
Семенов Е.П.,ИТМО,профессор,д.н.
Семенов Ж.Р.,ФФ,,
Семенов Л.О.,ФФ,,д.н.
Семенов Ж.Р.,ФУПМ,доцент,д.н.
Соколов М.Ю.,ФМиМ,профессор,к.н.
Смирнов Л.О.,ФУПМ,доцент,
Алексеев Б.В.,ФФ,,к.н.
Сидоров В.И.,ИТМО,профессор,
Волков М.Ю.,ФФ,,д.н.
Козлов Б.В.,ФМиЕН,доцент,д.н.
Егоров Л.О.,ФИТ,,к.н.
Новиков М.Ю.,ФФ,профессор,д.н.
Петров З.Т.,ФИТ,ассистент,
Семенов К.М.,ФМиЕН,профессор,к.н.
Петров А.А.,ФПМИ,профессор,к.н.
Лебедев А.А.,ФМиЕН,доцент,
Егоров З.Т.,ФФ,,д.н.
Козлов Б.В.,ФИВТ,,к.н.
Попов А.А.,ФЭТ,профессор,к.н.
Петров З.Т.,ФФ,доцент,
Семенов Г.Н.,ФИВТ,ассистент,к.н.
Морозов К.М.,ФРТ,ассистент,к.н.
Морозов И.К.,ФМиМ,профессор,к.н.
Новиков В.И.,ФИТ,,д.н.
Новиков Л.О.,ФЭТ,,
Соколов Б.В.,ФМиМ,профессор,
Соколов Л.О.,ФФ,профессор,д.н.
Новиков М.Ю.,ИТМО,доцент,
Семенов Ж.Р.,ФУПМ,ассистент,д.н.
Лебедев Л.О.,ФРТ,доцент,д.н.
Соколов Ж.Р.,ФРТ,профессор,д.н.
Сидоров Б.В.,ФИВТ,ассистент,д.н.
Морозов З.Т.,ФИВТ,доцент,к.н.
Сидоров Г.Н.,ФФ,,к.н.
Егоров К.М.,ФИТ,,
Алексеев Г.Н.,ФПМИ,ассистент,к.н.
Егоров Л.О.,ФМиМ,доцент,к.н.
Волков В.И.,ФИВТ,ассистент,
Морозов Е.П.,ФЭТ,профессор,
Попов Г.Н.,ФПМИ,,к.н.
Семенов Е.П.,ФМиЕН,,
Егоров Д.С.,ФРТ,профессор,д.н.
Кузнецов З.Т.,ФИТ,доцент,
Волков М.Ю.,ФИВТ,ассистент,к.н.
Волков И.К.,ФПМИ,доцент,
Волков Ж.Р.,ФУПМ,ассистент,
Алексеев В.И.,ФПМИ,доцент,
Козлов В.И.,ИТМО,,к.н.
Семенов К.М.,ИТМО,профессор,
Лебедева М.Ю.,ФПМИ,профессор,д.н.
Лебедев З.Т.,ФЭТ,ассистент,д.н.
Егоров Г.Н.,ФЭТ,доцент,
Егоров А.А.,ФМиЕН,ассистент,д.н.
Егоров Б.В.,ФМиЕН,,д.н.
Иванов Г.Н.,ФРТ,профессор,д.н.
Соколов И.К.,ФУПМ,профессор,
Соколов З.Т.,ФПМИ,,д.н.
Соколов В.И.,ФФ,,д.н.
Лебедева Л.О.,ФРТ,профессор,
Волков З.Т.,ФИТ,профессор,д.н.
Морозов М.Ю.,ИТМО,ассистент,д.н.
Морозов Б.В.,ФПМИ,,к.н.
Петров М.Ю.,ФИВТ,ассистент,д.н.
Лебедев М.Ю.,ФИВТ,ассистент,д.н.
Волков Л.О.,ИТМО,доцент,д.н.
Попов К.М.,ФФ,профессор,к.н.
Сидоров Б.В.,ФПМИ,,
Волков Б.В.,ФПМИ,профессор,д.н.
Лебедева З.Т.,ФУПМ,доцент,
Сидоров В.И.,ФМиЕН,ассистент,к.н.
Сидоров Г.Н.,ФРТ,ассистент,к.н.
Попов Ж.Р.,ФРТ,доцент,к.н.
Попов В.И.,ФИТ,,д.н.
Лебедева Б.В.,ФУПМ,,
Алексеев Ж.Р.,ИТМО,ассистент,
Смирнов З.Т.,ФРТ,,к.н.
Козлов Е.П.,ФЭТ,доцент,д.н.
Егоров К.М.,ФУПМ,,
Соколов К.М.,ФПМИ,профессор,д.н.
Кузнецов М.Ю.,ФПМИ,ассистент,к.н.
Козлов А.А.,ФИТ,ассистент,д.н.
Волков Е.П.,ФИТ,,
Семенов В.И.,ФПМИ,доцент,
Егоров И.К.,ФМиЕН,доцент,
Волков В.И.,ФМиЕН,,к.н.
Козлов Е.П.,ИТМО,профессор,
Лебедева З.Т.,ФЭТ,профессор,
Новиков М.Ю.,ФУПМ,,
Семенов Б.В.,ФИВТ,ассистент,д.н.
Морозов В.И.,ФФ,ассистент,
Алексеев Ж.Р.,ФМиМ,доцент,
Новиков К.М.,ФИВТ,профессор,к.н.
Лебедев К.М.,ФИТ,доцент,д.н.
Семенов В.И.,ИТМО,доцент,д.н.
Семенов Е.П.,ФИТ,доцент,к.н.
Семенов А.А.,ИТМО,,д.н.
Волков З.Т.,ФРТ,ассистент,
Алексеев Ж.Р.,ФЭТ,доцент,к.н.
Новиков К.М.,ФМиЕН,доцент,д.н.
Новиков Л.О.,ФУПМ,доцент,д.н.
Алексеев З.Т.,ФИТ,ассистент,д.н.
Соколов Д.С.,ФИВТ,,
Смирнов Е.П.,ФИВТ,,д.н.
Соколов Г.Н.,ФПМИ,профессор,д.н.
Козлов Д.С.,ИТМО,доцент,д.н.
Новиков З.Т.,ФИТ,доцент,к.н.
Козлов Д.С.,ФМиЕН,доцент,к.н.
Морозов В.И.,ФИВТ,доцент,
Лебедев В.И.,ФМиМ,доцент,д.н.
Волков Г.Н.,ФМиМ,профессор,
Семенов М.Ю.,ФРТ,ассистент,к.н.
Семенов Ж.Р.,ИТМО,ассистент,д.н.
Егоров Д.С.,ФФ,,к.н.
Смирнов Д.С.,ФМиЕН,ассистент,д.н.
Соколов К.М.,ФПМИ,ассистент,д.н.
Петров Ж.Р.,ФФ,профессор,д.н.
Новиков И.К.,ФМиЕН,профессор,к.н.
Новиков И.К.,ФПМИ,ассистент,д.н.
Козлов З.Т.,ФПМИ,ассистент,
Алексеев К.М.,ФРТ,профессор,д.н.
Козлов В.И.,ФПМИ,доцент,к.н.
Сидоров Ж.Р.,ФИТ,ассистент,к.н.
Лебедева М.Ю.,ИТМО,профессор,
Морозов М.Ю.,ФИТ,доцент,
Попов Б.В.,ФЭТ,ассистент,д.н.
Алексеев А.А.,ФИВТ,профессор,к.н.
Егоров Ж.Р.,ИТМО,ассистент,к.н.
Петров Е.П.,ФПМИ,,к.н.
Сидоров З.Т.,ФУПМ,ассистент,д.н.
Петров М.Ю.,ФУПМ,,д.н.
Лебедева В.И.,ФМиЕН,ассистент,д.н.
Попов И.К.,ФЭТ,ассистент,д.н.
Алексеев М.Ю.,ИТМО,доцент,
Семенов Л.О.,ФЭТ,профессор,к.н.
Волков Л.О.,ФФ,,д.н.
Сидоров В.И.,ФПМИ,доцент,д.н.
Соколов Г.Н.,ФПМИ,доцент,д.н.
Смирнов Б.В.,ФУПМ,ассистент,д.н.
Сидоров И.К.,ФРТ,доцент,д.н.
Сидоров Б.В.,ФРТ,,
Семенов Д.С.,ФРТ,доцент,к.н.
Смирнов М.Ю.,ФРТ,ассистент,д.н.
Волков В.И.,ФПМИ,профессор,к.н.
Егоров В.И.,ФУПМ,,д.н.
Петров Г.Н.,ФМиМ,,
Козлов К.М.,ФЭТ,,
Лебедева Б.В.,ИТМО,,д.н.
Егоров З.Т.,ФИТ,,д.н.
Лебедев Б.В.,ИТМО,профессор,д.н.
Кузнецов М.Ю.,ФПМИ,,к.н.
Волков Г.Н.,ФПМИ,,д.н.
Егоров В.И.,ИТМО,,д.н.
Попов З.Т.,ФМиМ,ассистент,д.н.
Морозов З.Т.,ФИТ,доцент,к.н.
Семенов Д.С.,ФИТ,ассистент,д.н.
Новиков Д.С.,ФПМИ,,к.н.
Кузнецов Г.Н.,ФУПМ,,д.н.
Сидоров В.И.,ФМиЕН,,д.н.
Сидоров М.Ю.,ФМиМ,профессор,д.н.
Козлов Ж.Р.,ФЭТ,,д.н.
Сидоров В.И.,ФРТ,доцент,д.н.
Волков Б.В.,ФРТ,доцент,
Попов М.Ю.,ФИТ,профессор,
Петров Б.В.,ФЭТ,доцент,
Соколов Б.В.,ФМиМ,,д.н.
Новиков А.А.,ФРТ,доцент,
Лебедев К.М.,ИТМО,доцент,
Алексеев Г.Н.,ФПМИ,,к.н.
Волков Е.П.,ФЭТ,профессор,д.н.
Сидоров З.Т.,ИТМО,,к.н.
Попов И.К.,ФМиЕН,профессор,д.н.
Волков Г.Н.,ФУПМ,доцент,д.н.
Козлов И.К.,ФУПМ,,
Петров Г.Н.,ФПМИ,профессор,к.н.
Лебедев В.И.,ФИТ,профессор,
Новиков Е.П.,ФИТ,профессор,д.н.
Иванов А.А.,ФРТ,ассистент,д.н.
Иванов Б.В.,ФМиМ,,
Козлов Ж.Р.,ФИТ,профессор,к.н.
Сидоров З.Т.,ИТМО,,
Морозов Д.С.,ФРТ,ассистент,к.н.
Смирнов А.А.,ФРТ,,к.н.
Новиков Е.П.,ИТМО,,
Лебедев Е.П.,ФМиЕН,ассистент,д.н.
Попов Л.О.,ФМиЕН,ассистент,д.н.
Волков З.Т.,ФФ,профессор,к.н.
Лебедева А.А.,ФРТ,ассистент,
Лебедева А.А.,ФУПМ,профессор,к.н.
Соколов Б.В.,ФИВТ,,к.н.
Смирнов М.Ю.,ИТМО,профессор,д.н.
Новиков В.И.,ФИТ,доцент,к.н.
Волков З.Т.,ФМиМ,ассистент,д.н.
Попов И.К.,ФПМИ,ассистент,д.н.
Сидоров К.М.,ФМиЕН,ассистент,
Волков В.И.,ФМиМ,ассистент,к.н.
Семенов Г.Н.,ИТМО,ассистент,к.н.
Морозов Д.С.,ФФ,ассистент,
Лебедева Е.П.,ФМиМ,профессор,к.н.
Лебедева Д.С.,ФФ,доцент,д.н.
Кузнецов Л.О.,ФИТ,профессор,к.н.
Сидоров Д.С.,ФРТ,доцент,д.н.
Кузнецов И.К.,ФРТ,ассистент,к.н.
Лебедева А.А.,ФМиЕН,ассистент,к.н.
Смирнов В.И.,ФЭТ,доцент,
Сидоров В.И.,ФПМИ,профессор,
Кузнецов Л.О.,ФУПМ,ассистент,к.н.
Новиков А.А.,ФИВТ,ассистент,
Смирнов Л.О.,ФФ,,д.н.
Козлов Д.С.,ФЭТ,профессор,д.н.
Козлов Е.П.,ФРТ,доцент,д.н.
Смирнов З.Т.,ФФ,ассистент,
Новиков Б.В.,ФИВТ,,к.н.
Петров Г.Н.,ФЭТ,ассистент,к.н.
Алексеев К.М.,ФМиЕН,ассистент,д.н.
Лебедева К.М.,ФМиМ,,
Новиков Б.В.,ФПМИ,ассистент,д.н.
Алексеев М.Ю.,ФМиМ,доцент,д.н.
Морозов И.К.,ФПМИ,,д.н.
Иванов Б.В.,ФРТ,доцент,к.н.
Иванов З.Т.,ИТМО,доцент,
Кузнецов Ж.Р.,ФФ,,
Волков И.К.,ФМиЕН,профессор,к.н.
Петров З.Т.,ФРТ,ассистент,к.н.
Козлов Г.Н.,ФПМИ,ассистент,к.н.
Алексеев А.А.,ФМиМ,доцент,д.н.
Петров М.Ю.,ФУПМ,профессор,
Соколов И.К.,ИТМО,,к.н.
Егоров Д.С.,ФФ,доцент,
Волков Д.С.,ФЭТ,доцент,к.н.
Попов Б.В.,ФРТ,,
Петров М.Ю.,ФФ,профессор,к.н.
Алексеев Д.С.,ФФ,профессор,д.н.
Егоров Д.С.,ФПМИ,профессор,
Волков М.Ю.,ФФ,доцент,
Иванов М.Ю.,ФУПМ,,д.н.
Соколов Е.П.,ФМиМ,доцент,
Смирнов Е.П.,ФИВТ,,д.н.
Алексеев Б.В.,ФМиЕН,доцент,к.н.
Петров Д.С.,ФУПМ,профессор,к.н.
Семенов А.А.,ФЭТ,ассистент,к.н.
Петров Л.О.,ФЭТ,,д.н.
Лебедев З.Т.,ИТМО,ассистент,к.н.
Егоров Л.О.,ФУПМ,доцент,д.н.
Петров Л.О.,ФМиЕН,,к.н.
Смирнов М.Ю.,ФИТ,,к.н.
Соколов Ж.Р.,ФПМИ,профессор,д.н.
Сидоров Д.С.,ФМиЕН,профессор,д.н.
Егоров Е.П.,ФМиМ,,
Сидоров К.М.,ИТМО,профессор,
Козлов З.Т.,ИТМО,ассистент,к.н.
Алексеев Д.С.,ФЭТ,ассистент,к.н.
Козлов И.К.,ФПМИ,,д.н.
Алексеев А.А.,ФИТ,профессор,к.н.
Смирнов Ж.Р.,ФИВТ,профессор,
Козлов Е.П.,ФФ,доцент,д.н.
Лебедев З.Т.,ФМиЕН,доцент,к.н.
Лебедева Б.В.,ФМиЕН,,к.н.
Кузнецов Ж.Р.,ФЭТ,ассистент,к.н.
Кузнецов Б.В.,ФФ,доцент,к.н.
Морозов Д.С.,ИТМО,профессор,к.н.
Иванов М.Ю.,ФПМИ,профессор,к.н.
Алексеев Л.О.,ФПМИ,ассистент,д.н.
Лебедев М.Ю.,ФУПМ,доцент,к.н.
Соколов Е.П.,ФФ,ассистент,д.н.
Петров А.А.,ФУПМ,доцент,
Новиков З.Т.,ФИВТ,ассистент,к.н.
Кузнецов Л.О.,ФИТ,профессор,к.н.
Козлов К.М.,ФМиМ,,
Волков М.Ю.,ФМиМ,,д.н.
Егоров К.М.,ФРТ,доцент,д.н.
Попов К.М.,ФЭТ,,д.н.
Морозов З.Т.,ФМиМ,,к.н.
Егоров К.М.,ИТМО,доцент,к.н.
Семенов К.М.,ФИТ,,к.н.
Волков Е.П.,ФМиМ,профессор,
Сидоров З.Т.,ФПМИ,,к.н.
Морозов В.И.,ИТМО,ассистент,к.н.
Попов А.А.,ФМиЕН,доцент,
Лебедев И.К.,ФРТ,ассистент,к.н.
Волков Л.О.,ФПМИ,доцент,
Козлов Л.О.,ФФ,доцент,
Иванов И.К.,ФИВТ,,к.н.
Кузнецов З.Т.,ФИВТ,доцент,к.н.
Сидоров К.М.,ФИВТ,профессор,
Петров К.М.,ФПМИ,,к.н.
Иванов Л.О.,ФИВТ,профессор,
Волков Е.П.,ФМиЕН,доцент,
Лебедев И.К.,ФЭТ,профессор,
Иванов А.А.,ИТМО,ассистент,
Иванов А.А.,ФПМИ,,д.н.
Алексеев Б.В.,ФРТ,профессор,д.н.
Волков Д.С.,ФРТ,доцент,д.н.
Егоров М.Ю.,ФИТ,,
Новиков Л.О.,ФПМИ,профессор,д.н.
Лебедева Е.П.,ИТМО,,
Егоров Л.О.,ИТМО,,к.н.
Кузнецов В.И.,ФЭТ,доцент,
Егоров Д.С.,ФИВТ,,д.н.
Попов В.И.,ФИВТ,,
Семенов В.И.,ФФ,профессор,д.н.
Сидоров Ж.Р.,ФИТ,,к.н.
Сидоров Е.П.,ФМиЕН,доцент,д.н.
Соколов З.Т.,ФЭТ,доцент,к.н.
Кузнецов А.А.,ФФ,доцент,к.н.
Алексеев И.К.,ФРТ,ассистент,д.н.
Волков В.И.,ФПМИ,профессор,д.н.
Иванов Е.П.,ФРТ,профессор,
Смирнов Ж.Р.,ФМиЕН,профессор,
Петров Л.О.,ФМиЕН,,к.н.
Кузнецов А.А.,ФИВТ,профессор,к.н.
Смирнов И.К.,ФИТ,,
Алексеев А.А.,ФЭТ,доцент,к.н.
Лебедева Ж.Р.,ФФ,профессор,к.н.
Козлов Д.С.,ФМиМ,,к.н.
Лебедев Ж.Р.,ФУПМ,ассистент,
Лебедева Г.Н.,ИТМО,доцент,к.н.
Петров Г.Н.,ФЭТ,,д.н.
Лебедев Е.П.,ФМиЕН,профессор,к.н.
Попов А.А.,ФРТ,профессор,д.н.
Соколов Е.П.,ФИВТ,доцент,
Новиков З.Т.,ИТМО,профессор,д.н.
Волков Г.Н.,ФРТ,ассистент,
Петров Е.П.,ФФ,,к.н.
Волков М.Ю.,ИТМО,ассистент,к.н.
Козлов М.Ю.,ФЭТ,,д.н.
Петров А.А.,ФФ,ассистент,
Егоров И.К.,ФРТ,ассистент,к.н.
Соколов И.К.,ФПМИ,ассистент,
Сидоров Ж.Р.,ИТМО,,д.н.
Кузнецов Л.О.,ФИТ,доцент,
Кузнецов Г.Н.,ФИТ,ассистент,
Смирнов А.А.,ФИТ,ассистент,д.н.
Новиков Д.С.,ФМиМ,ассистент,к.н.
Иванов Г.Н.,ФИВТ,профессор,к.н.
Волков М.Ю.,ФИТ,,к.н.
Новиков Г.Н.,ФМиМ,доцент,к.н.
Волков Б.В.,ФРТ,доцент,к.н.
Семенов Г.Н.,ФИТ,профессор,к.н.
Петров Б.В.,ФПМИ,доцент,
Лебедев Е.П.,ФМиМ,,
Петров З.Т.,ИТМО,доцент,
Иванов В.И.,ФРТ,ассистент,д.н.
Смирнов Д.С.,ФПМИ,профессор,к.н.
Семенов Б.В.,ФМиМ,профессор,
Алексеев З.Т.,ФРТ,,
Козлов И.К.,ФЭТ,,д.н.
Новиков Л.О.,ФРТ,ассистент,
Морозов Ж.Р.,ФЭТ,доцент,д.н.
Егоров Е.П.,ФМиЕН,профессор,к.н.
Лебедева М.Ю.,ФМиМ,ассистент,д.н.
Смирнов Г.Н.,ФРТ,,
Иванов Г.Н.,ФМиЕН,доцент,д.н.
Петров Л.О.,ФУПМ,доцент,
Алексеев М.Ю.,ФМиМ,ассистент,к.н.
Волков Е.П.,ФЭТ,профессор,
Кузнецов М.Ю.,ФЭТ,профессор,
Семенов К.М.,ИТМО,доцент,д.н.
Иванов Е.П.,ФУПМ,доцент,к.н.
Егоров И.К.,ФУПМ,профессор,д.н.
Иванов З.Т.,ФПМИ,доцент,д.н.
Попов А.А.,ФРТ,профессор,к.н.
Петров И.К.,ФПМИ,доцент,д.н.
Волков Ж.Р.,ФЭТ,доцент,д.н.
Кузнецов Г.Н.,ФУПМ,,д.н.
Попов З.Т.,ИТМО,доцент,к.н.
Лебедев З.Т.,ФУПМ,доцент,д.н.
Кузнецов Ж.Р.,ФМиМ,,к.н.
Новиков В.И.,ФМиМ,доцент,д.н.
Козлов М.Ю.,ФРТ,,д.н.
Лебедева Ж.Р.,ФМиМ,доцент,
Смирнов В.И.,ФМиМ,доцент,к.н.
Смирнов Г.Н.,ФРТ,доцент,д.н.
Лебедева Г.Н.,ФМиЕН,,
Смирнов А.А.,ФМиМ,ассистент,д.н.
Соколов Е.П.,ФПМИ,доцент,д.н.
Морозов Е.П.,ФИВТ,ассистент,д.н.
Иванов К.М.,ФРТ,ассистент,д.н.
Кузнецов К.М.,ФУПМ,профессор,д.н.
Лебедева Ж.Р.,ФМиМ,доцент,д.н.
Сидоров Ж.Р.,ИТМО,доцент,д.н.
Волков М.Ю.,ФФ,ассистент,к.н.
Алексеев К.М.,ФРТ,профессор,д.н.
Сидоров З.Т.,ФПМИ,ассистент,к.н.
Новиков Г.Н.,ФФ,профессор,д.н.
Морозов Б.В.,ФМиМ,доцент,д.н.
Лебедев Д.С.,ФПМИ,доцент,д.н.
Соколов Б.В.,ФПМИ,ассистент,д.н.
Соколов К.М.,ФМиМ,,д.н.
Алексеев А.А.,ФПМИ,доцент,
Лебедева А.А.,ФУПМ,ассистент,к.н.
Лебедев Д.С.,ФИВТ,профессор,
Морозов А.А.,ФМиМ,,д.н.
Иванов К.М.,ФМиМ,ассистент,д.н.
Козлов Г.Н.,ФЭТ,ассистент,
Попов Л.О.,ФПМИ,ассистент,к.н.
Иванов Г.Н.,ИТМО,ассистент,к.н.
Козлов В.И.,ФМиМ,,к.н.
Лебедев Ж.Р.,ФФ,профессор,
Сидоров В.И.,ФУПМ,доцент,
Козлов М.Ю.,ФФ,ассистент,к.н.
Волков А.А.,ФЭТ,ассистент,к.н.
Лебедева Ж.Р.,ФИВТ,доцент,д.н.
Егоров И.К.,ФФ,ассистент,д.н.
Смирнов Г.Н.,ФЭТ,доцент,
Лебедев К.М.,ФИТ,профессор,д.н.
Волков К.М.,ФПМИ,профессор,
Иванов М.Ю.,ИТМО,,к.н.
Смирнов Д.С.,ИТМО,ассистент,
Семенов А.А.,ФУПМ,профессор,д.н.
Новиков М.Ю.,ФМиМ,доцент,
Попов Б.В.,ФМиЕН,ассистент,к.н.
Кузнецов Ж.Р.,ФПМИ,,д.н.
Иванов К.М.,ФМиЕН,доцент,к.н.
Иванов К.М.,ФИТ,профессор,
Кузнецов Ж.Р.,ФФ,,д.н.
Попов И.К.,ФФ,,
Алексеев З.Т.,ФИВТ,профессор,
Соколов З.Т.,ФИВТ,ассистент,д.н.
Кузнецов Г.Н.,ФЭТ,,
Лебедева Е.П.,ФИВТ,доцент,д.н.
Морозов Д.С.,ФИВТ,доцент,д.н.
Лебедев Е.П.,ФМиЕН,,к.н.
Смирнов Д.С.,ФУПМ,,к.н.
Алексеев Ж.Р.,ФЭТ,профессор,
Морозов З.Т.,ФУПМ,профессор,д.н.
Новиков Д.С.,ФИТ,доцент,д.н.
Новиков М.Ю.,ФИВТ,,д.н.
Попов А.А.,ФИТ,доцент,к.н.
Новиков Б.В.,ФМиЕН,доцент,д.н.
Лебедев Л.О.,ФИВТ,,
Попов Г.Н.,ИТМО,ассистент,
Лебедева К.М.,ФМиЕН,,к.н.
Новиков Д.С.,ИТМО,ассистент,
Соколов К.М.,ФМиЕН,,к.н.
Сидоров М.Ю.,ФУПМ,доцент,д.н.
Волков А.А.,ФЭТ,профессор,
Лебедева Б.В.,ФМиЕН,профессор,д.н.
Иванов К.М.,ФПМИ,доцент,
Смирнов Б.В.,ФЭТ,профессор,
Морозов И.К.,ФФ,профессор,д.н.
Соколов З.Т.,ФИВТ,,
Попов Е.П.,ФМиМ,доцент,
Козлов Д.С.,ФФ,ассистент,
Петров В.И.,ФИВТ,,
Новиков В.И.,ФУПМ,доцент,д.н.
Морозов Д.С.,ФМиМ,ассистент,д.н.
Попов В.И.,ФИТ,профессор,к.н.
Смирнов Л.О.,ФФ,,к.н.
Новиков Б.В.,ФМиМ,доцент,
Егоров Г.Н.,ФМиЕН,доцент,к.н.
Морозов Б.В.,ФФ,профессор,д.н.
Козлов Ж.Р.,ФПМИ,профессор,
Новиков Л.О.,ИТМО,ассистент,
Лебедев К.М.,ФИВТ,доцент,д.н.
Волков В.И.,ФЭТ,доцент,д.н.
Смирнов Ж.Р.,ФРТ,профессор,к.н.
Сидоров Г.Н.,ФМиМ,доцент,к.н.
Соколов З.Т.,ФИТ,доцент,к.н.
Козлов М.Ю.,ФРТ,ассистент,
Смирнов Д.С.,ФУПМ,профессор,
Новиков Ж.Р.,ФМиЕН,,к.н.
Лебедева Е.П.,ФУПМ,,к.н.
Лебедева Ж.Р.,ФМиЕН,ассистент,
Егоров И.К.,ФФ,ассистент,к.н.
Смирнов Ж.Р.,ФИВТ,доцент,д.н.
Лебедев Ж.Р.,ФИТ,ассистент,
Сидоров Б.В.,ФРТ,,
Морозов Д.С.,ФЭТ,профессор,к.н.
Смирнов Д.С.,ФИТ,ассистент,д.н.
Семенов В.И.,ФПМИ,доцент,
Попов М.Ю.,ФПМИ,ассистент,
Иванов Б.В.,ФМиМ,доцент,д.н.
Попов И.К.,ФФ,доцент,к.н.
Иванов Ж.Р.,ФФ,,
Лебедева Е.П.,ИТМО,доцент,д.н.
Кузнецов Б.В.,ФЭТ,профессор,д.н.
Попов Г.Н.,ФМиМ,,
Сидоров З.Т.,ФМиМ,ассистент,
Смирнов В.И.,ФРТ,,к.н.
Сидоров К.М.,ФРТ,профессор,
Алексеев Ж.Р.,ФИВТ,,д.н.
Семенов З.Т.,ФПМИ,,д.н.
Соколов И.К.,ФИТ,доцент,д.н.
Лебедев И.К.,ФИВТ,ассистент,д.н.
Алексеев Б.В.,ФРТ,ассистент,д.н.
Иванов В.И.,ФИТ,профессор,
Лебедев Б.В.,ФРТ,,д.н.
Сидоров Д.С.,ФРТ,профессор,к.н.
Морозов М.Ю.,ФИТ,,
Сидоров А.А.,ФУПМ,ассистент,
Волков М.Ю.,ФМиМ,профессор,к.н.
Сидоров К.М.,ФУПМ,доцент,к.н.
Кузнецов Г.Н.,ФМиЕН,,д.н.
Кузнецов В.И.,ИТМО,профессор,д.н.
Волков В.И.,ФЭТ,профессор,
Иванов Л.О.,ФРТ,,
Попов Г.Н.,ФУПМ,,к.н.
Соколов Л.О.,ФЭТ,ассистент,
Смирнов А.А.,ИТМО,профессор,
Петров В.И.,ФЭТ,ассистент,
Сидоров З.Т.,ФРТ,профессор,
Новиков К.М.,ИТМО,,д.н.
Соколов Б.В.,ФИТ,профессор,д.н.
Алексеев Л.О.,ФРТ,ассистент,д.н.
Сидоров В.И.,ФМиМ,ассистент,д.н.
Кузнецов Л.О.,ФРТ,,д.н.
Петров Д.С.,ИТМО,ассистент,д.н.
Петров Д.С.,ФФ,,д.н.
Соколов Б.В.,ФИТ,доцент,д.н.
Волков З.Т.,ФМиМ,доцент,
Волков Д.С.,ФМиМ,ассистент,
Смирнов М.Ю.,ФИТ,профессор,
Попов К.М.,ФПМИ,ассистент,д.н.
Смирнов В.И.,ФУПМ,,к.н.
Соколов З.Т.,ФМиЕН,ассистент,к.н.
Морозов В.И.,ФИВТ,,к.н.
Егоров К.М.,ФИВТ,профессор,к.н.
Попов К.М.,ФИТ,профессор,
Попов Ж.Р.,ФПМИ,доцент,д.н.
Семенов А.А.,ФИВТ,профессор,д.н.
Алексеев Ж.Р.,ФИВТ,,
Лебедев З.Т.,ФРТ,доцент,
Петров А.А.,ИТМО,ассистент,к.н.
Соколов Л.О.,ФИТ,профессор,д.н.
Морозов Д.С.,ФФ,ассистент,
Лебедев Ж.Р.,ФУПМ,ассистент,д.н.
Алексеев Е.П.,ФИТ,профессор,к.н.
Семенов Л.О.,ФИВТ,,д.н.
Волков Д.С.,ФИТ,ассистент,
Лебедев Л.О.,ФИТ,профессор,к.н.
Смирнов Д.С.,ФФ,профессор,д.н.
Попов Б.В.,ФРТ,,к.н.
Попов Г.Н.,ФЭТ,доцент,
Новиков А.А.,ИТМО,профессор,к.н.
Соколов К.М.,ФПМИ,доцент,
Морозов Е.П.,ФФ,ассистент,
Смирнов К.М.,ФУПМ,ассистент,
Попов К.М.,ФУПМ,доцент,к.н.
Лебедева Б.В.,ФИВТ,,д.н.
Козлов Ж.Р.,ИТМО,ассистент,д.н.
Волков Г.Н.,ФЭТ,доцент,к.н.
Соколов Б.В.,ФФ,,д.н.
Семенов З.Т.,ФРТ,,
Кузнецов Л.О.,ФПМИ,профессор,
Морозов Ж.Р.,ФИВТ,,к.н.
Соколов Е.П.,ИТМО,,к.н.
Лебедев Е.П.,ФИВТ,доцент,д.н.
Волков А.А.,ФМиЕН,,д.н.
Козлов М.Ю.,ФМиМ,доцент,д.н.
Козлов Д.С.,ФИВТ,ассистент,
Иванов Л.О.,ФФ,доцент,д.н.
Иванов Е.П.,ФЭТ,ассистент,к.н.
Лебедева З.Т.,ФЭТ,доцент,д.н.
Волков В.И.,ФИВТ,доцент,
Лебедев Ж.Р.,ИТМО,,к.н.
Семенов К.М.,ФУПМ,ассистент,д.н.
Попов Д.С.,ФЭТ,доцент,к.н.
Морозов З.Т.,ФФ,профессор,д.н.
Козлов Б.В.,ФЭТ,ассистент,к.н.
Смирнов В.И.,ФУПМ,ассистент,к.н.
Алексеев Б.В.,ФИТ,доцент,д.н.
Кузнецов К.М.,ФПМИ,профессор,к.н.
Иванов М.Ю.,ФФ,профессор,к.н.
Петров Б.В.,ФУПМ,ассистент,
Новиков Д.С.,ФИТ,ассистент,
Волков Г.Н.,ФРТ,ассистент,
Волков З.Т.,ФМиМ,доцент,к.н.
Семенов Л.О.,ФМиЕН,,
Сидоров К.М.,ФМиМ,ассистент,д.н.
Козлов З.Т.,ФМиЕН,профессор,д.н.
Алексеев Л.О.,ФРТ,,
Морозов В.И.,ФИВТ,доцент,к.н.
Волков А.А.,ИТМО,ассистент,
Петров Е.П.,ФРТ,доцент,
Алексеев Ж.Р.,ФПМИ,доцент,к.н.
Алексеев Л.О.,ФРТ,доцент,
Попов А.А.,ФРТ,,д.н.
Новиков Д.С.,ФРТ,,к.н.
Егоров Е.П.,ИТМО,,д.н.
Сидоров Б.В.,ФМиМ,ассистент,
Лебедева Е.П.,ФФ,профессор,
Сидоров В.И.,ФЭТ,,
Лебедева Ж.Р.,ФРТ,,
Козлов К.М.,ФПМИ,профессор,
Новиков А.А.,ФПМИ,профессор,
Лебедева Д.С.,ФРТ,профессор,д.н.
Соколов А.А.,ФПМИ,,к.н.
Сидоров И.К.,ИТМО,,
Семенов М.Ю.,ИТМО,,
Смирнов А.А.,ФИТ,профессор,
Иванов В.И.,ФРТ,ассистент,
Соколов Ж.Р.,ИТМО,доцент,к.н.
Петров Е.П.,ФПМИ,,
Кузнецов Б.В.,ФИТ,доцент,д.н.
Лебедева Б.В.,ФРТ,доцент,
Алексеев Е.П.,ФИВТ,,д.н.
Кузнецов В.И.,ФИВТ,доцент,
Попов Б.В.,ФМиМ,ассистент,к.н.
Семенов М.Ю.,ФУПМ,доцент,к.н.
Петров Д.С.,ФМиМ,ассистент,д.н.
Новиков К.М.,ФЭТ,,
Лебедев В.И.,ФРТ,доцент,д.н.
Морозов А.А.,ФРТ,ассистент,д.н.
Попов Л.О.,ФУПМ,ассистент,к.н.
Петров В.И.,ФУПМ,доцент,
Лебедев Д.С.,ИТМО,ассистент,к.н.
Лебедев М.Ю.,ФФ,доцент,к.н.
Попов К.М.,ФЭТ,ассистент,
Соколов Г.Н.,ФПМИ,профессор,к.н.
Иванов Ж.Р.,ФЭТ,ассистент,к.н.
Соколов Л.О.,ФПМИ,профессор,д.н.
Лебедев Г.Н.,ФУПМ,профессор,д.н.
Егоров Е.П.,ИТМО,ассистент,
Кузнецов Л.О.,ФИТ,профессор,д.н.
Алексеев А.А.,ФЭТ,профессор,д.н.
Лебедев К.М.,ФУПМ,ассистент,д.н.
Кузнецов И.К.,ИТМО,ассистент,
Козлов Д.С.,ФИТ,,д.н.
Лебедева Е.П.,ФИВТ,ассистент,
Козлов А.А.,ФИВТ,ассистент,к.н.
Лебедев В.И.,ФМиЕН,ассистент,
Сидоров Ж.Р.,ФИТ,,д.н.
Лебедева Ж.Р.,ФМиМ,доцент,
Лебедев И.К.,ФИВТ,профессор,д.н.
Новиков Л.О.,ФРТ,доцент,к.н.
Кузнецов Ж.Р.,ФФ,ассистент,к.н.
Смирнов Д.С.,ФФ,,д.н.
Новиков Е.П.,ИТМО,профессор,д.н.
Козлов К.М.,ФМиМ,,к.н.
Алексеев М.Ю.,ФИТ,профессор,к.н.
Иванов Б.В.,ФФ,доцент,
Волков Г.Н.,ФМиЕН,доцент,к.н.
Иванов К.М.,ФПМИ,доцент,д.н.
Волков Е.П.,ФРТ,доцент,к.н.
Семенов М.Ю.,ФЭТ,доцент,д.н.
Егоров Л.О.,ФИТ,профессор,
Лебедева Б.В.,ФРТ,,
Петров Г.Н.,ФРТ,,к.н.
Кузнецов Е.П.,ФИТ,доцент,
Лебедева И.К.,ФПМИ,,
Попов Ж.Р.,ФУПМ,,
Сидоров З.Т.,ФРТ,,д.н.
Семенов Е.П.,ФФ,,д.н.
Петров Б.В.,ФПМИ,ассистент,д.н.
Сидоров Д.С.,ФИТ,,
Смирнов Ж.Р.,ФИВТ,,д.н.
Кузнецов Л.О.,ФФ,доцент,к.н.
Алексеев В.И.,ФРТ,,
Лебедева Б.В.,ФФ,профессор,д.н.
Лебедев Д.С.,ФУПМ,ассистент,
Кузнецов И.К.,ИТМО,профессор,д.н.
Волков Г.Н.,ФМиМ,ассистент,к.н.
Лебедев К.М.,ФПМИ,,
Козлов Л.О.,ФЭТ,,
Кузнецов К.М.,ФУПМ,ассистент,к.н.
Попов К.М.,ФМиМ,профессор,
Морозов В.И.,ФИТ,доцент,к.н.
Лебедева М.Ю.,ИТМО,профессор,д.н.
Кузнецов Л.О.,ФМиМ,ассистент,
Волков Б.В.,ФИТ,доцент,д.н.
Семенов И.К.,ФУПМ,,
Петров А.А.,ФМиМ,профессор,к.н.
Волков Л.О.,ФФ,доцент,к.н.
Иванов Б.В.,ФИТ,ассистент,д.н.
Семенов И.К.,ФПМИ,профессор,
Попов В.И.,ФУПМ,ассистент,
Смирнов Д.С.,ФПМИ,профессор,
Семенов М.Ю.,ФФ,ассистент,
Петров М.Ю.,ФЭТ,профессор,д.н.
Волков К.М.,ФУПМ,доцент,
Морозов К.М.,ФУПМ,доцент,
Иванов Е.П.,ФМиМ,доцент,к.н.
Попов Ж.Р.,ФФ,доцент,
Козлов М.Ю.,ФМиЕН,доцент,к.н.
Егоров Г.Н.,ФИВТ,профессор,к.н.
Иванов Е.П.,ФУПМ,доцент,к.н.
Сидоров И.К.,ФФ,профессор,д.н.
Попов Ж.Р.,ФМиМ,ассистент,
Попов В.И.,ФРТ,профессор,к.н.
Волков Л.О.,ФМиМ,доцент,д.н.
Семенов З.Т.,ФФ,профессор,
Козлов З.Т.,ФПМИ,доцент,д.н.
Семенов З.Т.,ФМиЕН,ассистент,д.н.
Морозов В.И.,ФМиМ,,д.н.
Новиков Г.Н.,ФУПМ,ассистент,
Волков Б.В.,ФИТ,ассистент,д.н.
Иванов М.Ю.,ФПМИ,ассистент,
Морозов И.К.,ФМиЕН,,к.н.
Смирнов Л.О.,ФРТ,,к.н.
Морозов К.М.,ФЭТ,ассистент,к.н.
Попов К.М.,ФУПМ,ассистент,
Смирнов Е.П.,ИТМО,ассистент,к.н.
Сидоров Г.Н.,ФМиЕН,профессор,к.н.
Иванов И.К.,ФФ,ассистент,д.н.
Волков З.Т.,ФМиМ,доцент,к.н.
Петров И.К.,ФИТ,,к.н.
Сидоров З.Т.,ФЭТ,доцент,
Лебедева Л.О.,ФМиЕН,ассистент,к.н.
Попов Е.П.,ФПМИ,профессор,
Морозов М.Ю.,ФИВТ,ассистент,
Сидоров В.И.,ФИВТ,профессор,к.н.
Попов М.Ю.,ФЭТ,доцент,д.н.
Новиков З.Т.,ФПМИ,профессор,д.н.
Смирнов К.М.,ФИТ,,
Козлов М.Ю.,ФРТ,доцент,
Семенов К.М.,ФУПМ,ассистент,
Петров А.А.,ФМиМ,,д.н.
Сидоров М.Ю.,ИТМО,профессор,
Новиков Ж.Р.,ФИВТ,доцент,
Новиков Б.В.,ФМиЕН,ассистент,к.н.
Петров З.Т.,ФФ,доцент,к.н.
Иванов З.Т.,ФПМИ,доцент,к.н.
Новиков Б.В.,ФМиМ,профессор,к.н.
Кузнецов Ж.Р.,ФЭТ,ассистент,
Новиков Е.П.,ФРТ,ассистент,
Петров Б.В.,ФИТ,ассистент,к.н.
Козлов Е.П.,ФРТ,,
Морозов М.Ю.,ФИВТ,,к.н.
Семенов К.М.,ФЭТ,ассистент,к.н.
Лебедева Е.П.,ФМиЕН,профессор,д.н.
Кузнецов Б.В.,ФУПМ,профессор,
Морозов З.Т.,ФЭТ,профессор,к.н.
Иванов Д.С.,ФИВТ,профессор,
Новиков К.М.,ИТМО,ассистент,к.н.
Смирнов И.К.,ФИТ,профессор,
Волков Е.П.,ФИВТ,,к.н.
Попов А.А.,ФФ,,д.н.
Лебедев М.Ю.,ФРТ,,к.н.
Волков Л.О.,ФИВТ,ассистент,д.н.
Иванов А.А.,ФУПМ,профессор,к.н.
Новиков Б.В.,ИТМО,доцент,
Петров Г.Н.,ФПМИ,доцент,
Петров В.И.,ФМиМ,ассистент,
Козлов Г.Н.,ФФ,ассистент,
Лебедев Ж.Р.,ФЭТ,доцент,к.н.
Соколов Е.П.,ФИВТ,доцент,д.н.
Сидоров Ж.Р.,ФИТ,ассистент,
Смирнов Ж.Р.,ФРТ,доцент,
Соколов Л.О.,ИТМО,ассистент,
Новиков К.М.,ИТМО,доцент,к.н.
Соколов Л.О.,ФЭТ,ассистент,к.н.
Новиков Л.О.,ФЭТ,доцент,д.н.
Семенов В.И.,ФМиЕН,ассистент,
Лебедев М.Ю.,ФЭТ,ассистент,
Егоров Е.П.,ФПМИ,,д.н.
Новиков И.К.,ФФ,профессор,д.н.
Алексеев К.М.,ФУПМ,,к.н.
Попов М.Ю.,ФРТ,профессор,к.н.
Петров Б.В.,ФИВТ,,
Семенов Ж.Р.,ФМиЕН,доцент,к.н.
Морозов К.М.,ФЭТ,,
Сидоров А.А.,ФРТ,доцент,
Морозов Г.Н.,ФФ,профессор,
Иванов И.К.,ФМиЕН,доцент,д.н.
Лебедева М.Ю.,ИТМО,,к.н.
Козлов Б.В.,ФИВТ,ассистент,
Семенов Г.Н.,ФФ,профессор,
Иванов И.К.,ФУПМ,ассистент,к.н.
Козлов А.А.,ФУПМ,ассистент,
Сидоров Д.С.,ФИВТ,доцент,д.н.
Кузнецов В.И.,ФПМИ,,
Семенов И.К.,ФПМИ,профессор,к.н.
Петров А.А.,ФФ,,к.н.
Лебедев Л.О.,ФМиМ,доцент,к.н.
Кузнецов Г.Н.,ИТМО,профессор,
Попов Ж.Р.,ФРТ,,
Иванов Д.С.,ФМиМ,ассистент,
Кузнецов А.А.,ИТМО,профессор,д.н.
Кузнецов Д.С.,ФФ,,к.н.
Алексеев Ж.Р.,ИТМО,профессор,д.н.
Волков Ж.Р.,ФУПМ,,д.н.
Петров Ж.Р.,ФИТ,профессор,
Смирнов А.А.,ФИТ,ассистент,д.н.
Иванов А.А.,ФРТ,профессор,
Кузнецов А.А.,ФУПМ,доцент,
Смирнов М.Ю.,ФЭТ,профессор,к.н.
Новиков И.К.,ФИТ,ассистент,к.н.
Козлов М.Ю.,ФМиМ,профессор,д.н.
Лебедева М.Ю.,ФРТ,,
Смирнов А.А.,ФЭТ,,к.н.
Егоров З.Т.,ИТМО,,
Соколов М.Ю.,ФФ,профессор,к.н.
Сидоров Г.Н.,ФИТ,ассистент,
Петров И.К.,ИТМО,,д.н.
Алексеев Л.О.,ФИТ,ассистент,к.н.
Лебедев И.К.,ФПМИ,,д.н.
Лебедев Л.О.,ФФ,,к.н.
Кузнецов Б.В.,ФЭТ,,д.н.
Семенов Д.С.,ФЭТ,профессор,д.н.
Иванов К.М.,ФИВТ,ассистент,к.н.
Сидоров Г.Н.,ФРТ,доцент,д.н.
Иванов Г.Н.,ФЭТ,профессор,к.н.
Сидоров В.И.,ФФ,доцент,д.н.
Морозов Б.В.,ФЭТ,доцент,к.н.
Волков А.А.,ФИВТ,,д.н.
Морозов И.К.,ИТМО,профессор,к.н.
Козлов З.Т.,ФМиЕН,профессор,д.н.
Сидоров Ж.Р.,ФЭТ,,д.н.
Попов И.К.,ФЭТ,профессор,к.н.
Лебедева Д.С.,ФМиМ,ассистент,
Попов Д.С.,ФУПМ,,
Кузнецов И.К.,ФФ,профессор,к.н.
Волков Е.П.,ФМиЕН,ассистент,
Морозов Ж.Р.,ФУПМ,,д.н.
Козлов Г.Н.,ФФ,доцент,д.н.
Егоров Л.О.,ФПМИ,доцент,к.н.
Лебедев Б.В.,ФМиЕН,доцент,д.н.
Семенов Б.В.,ФПМИ,профессор,
Алексеев И.К.,ФИВТ,профессор,
Козлов Б.В.,ФРТ,,к.н.
Семенов З.Т.,ФИТ,ассистент,к.н.
Смирнов М.Ю.,ФРТ,доцент,
Лебедев Е.П.,ИТМО,ассистент,к.н.
Петров В.И.,ФПМИ,профессор,к.н.
Новиков Б.В.,ФРТ,ассистент,д.н.
Козлов З.Т.,ФФ,профессор,д.н.
Петров Б.В.,ФМиЕН,профессор,к.н.
Сидоров А.А.,ФФ,профессор,д.н.
Алексеев В.И.,ФПМИ,,к.н.
Петров В.И.,ФПМИ,ассистент,к.н.
Егоров Г.Н.,ФФ,доцент,д.н.
Лебедева А.А.,ФУПМ,ассистент,д.н.
Волков Ж.Р.,ИТМО,,д.н.
Семенов М.Ю.,ФИВТ,доцент,д.н.
Кузнецов А.А.,ФМиМ,доцент,д.н.
Лебедева Ж.Р.,ФЭТ,,
Волков Ж.Р.,ФЭТ,профессор,д.н.
Соколов В.И.,ФРТ,,к.н.
Попов Г.Н.,ФМиЕН,ассистент,
Соколов А.А.,ФИВТ,доцент,
Попов Е.П.,ФЭТ,,д.н.
Алексеев М.Ю.,ФУПМ,,
Волков Е.П.,ФПМИ,,
Семенов А.А.,ФУПМ,профессор,д.н.
Соколов Б.В.,ФРТ,доцент,д.н.
Лебедева И.К.,ФРТ,профессор,к.н.
Сидоров К.М.,ФРТ,,д.н.
Морозов И.К.,ФПМИ,,к.н.
Алексеев А.А.,ФМиМ,ассистент,д.н.
Морозов Ж.Р.,ИТМО,профессор,
Семенов К.М.,ФПМИ,доцент,
Иванов Е.П.,ФФ,ассистент,к.н.
Волков И.К.,ФИВТ,доцент,к.н.
Попов В.И.,ФРТ,ассистент,д.н.
Попов И.К.,ФРТ,,
Петров А.А.,ФРТ,,
Петров З.Т.,ФРТ,,д.н.
Козлов Г.Н.,ФИВТ,профессор,д.н.
Алексеев Ж.Р.,ФУПМ,,к.н.
Сидоров Б.В.,ФРТ,,
Лебедев Е.П.,ФИТ,,к.н.
Иванов З.Т.,ФПМИ,профессор,д.н.
Лебедева К.М.,ФПМИ,доцент,к.н.
Сидоров Б.В.,ФИТ,профессор,д.н.
Волков З.Т.,ФМиМ,профессор,
Соколов В.И.,ФРТ,профессор,д.н.
Лебедев А.А.,ФИВТ,доцент,
Сидоров З.Т.,ФРТ,,д.н.
Семенов Д.С.,ФУПМ,профессор,
Сидоров А.А.,ФМиМ,,д.н.
Попов И.К.,ФПМИ,,д.н.
Смирнов Л.О.,ФЭТ,доцент,д.н.
Алексеев Д.С.,ФУПМ,,
Семенов И.К.,ФИТ,ассистент,к.н.
Иванов М.Ю.,ФМиЕН,,д.н.
Лебедев Е.П.,ФРТ,,
Лебедева В.И.,ФПМИ,профессор,д.н.
Попов З.Т.,ФМиЕН,ассистент,д.н.
Новиков М.Ю.,ФМиЕН,доцент,
Соколов Л.О.,ФЭТ,доцент,к.н.
Егоров Г.Н.,ФМиЕН,ассистент,
Новиков М.Ю.,ФПМИ,доцент,
Попов Л.О.,ФЭТ,,
Семенов И.К.,ИТМО,профессор,к.н.
Лебедева Е.П.,ФРТ,ассистент,
Петров З.Т.,ФИВТ,доцент,
Алексеев Е.П.,ФУПМ,ассистент,
Егоров Л.О.,ФИТ,ассистент,к.н.
Кузнецов И.К.,ФПМИ,,к.н.
Иванов Ж.Р.,ФУПМ,,к.н.
Лебедева Е.П.,ФМиЕН,ассистент,к.н.
Лебедев К.М.,ФРТ,профессор,к.н.
Волков Г.Н.,ФФ,ассистент,
Кузнецов К.М.,ФЭТ,,д.н.
Егоров Г.Н.,ФПМИ,ассистент,д.н.
Лебедева Ж.Р.,ФИТ,ассистент,к.н.
Лебедев В.И.,ФМиЕН,доцент,
Семенов Ж.Р.,ФЭТ,профессор,д.н.
Лебедева Б.В.,ФРТ,ассистент,к.н.
Волков К.М.,ФУПМ,ассистент,к.н.
Петров Е.П.,ФЭТ,ассистент,к.н.
Морозов М.Ю.,ИТМО,доцент,
Кузнецов Е.П.,ФМиЕН,,к.н.
Лебедев Л.О.,ФЭТ,доцент,
Алексеев Б.В.,ФПМИ,доцент,
Морозов И.К.,ФЭТ,ассистент,
Лебедев А.А.,ФФ,доцент,к.н.
Алексеев В.И.,ФФ,,д.н.
Егоров К.М.,ИТМО,доцент,к.н.
Петров А.А.,ФЭТ,ассистент,к.н.
Волков А.А.,ФИТ,ассистент,д.н.
Лебедева Г.Н.,ФИВТ,,
Сидоров Ж.Р.,ФПМИ,ассистент,д.н.
Семенов М.Ю.,ФМиМ,,к.н.
Алексеев Г.Н.,ФМиЕН,профессор,к.н.
Лебедев З.Т.,ФМиМ,профессор,
Лебедева Г.Н.,ФФ,ассистент,д.н.
Волков А.А.,ФФ,ассистент,
Новиков А.А.,ФИТ,,
Новиков В.И.,ФУПМ,ассистент,к.н.
Морозов К.М.,ФМиМ,ассистент,к.н.
Лебедев Б.В.,ФПМИ,ассистент,
Лебедева М.Ю.,ФМиЕН,профессор,
Морозов Ж.Р.,ФИТ,ассистент,д.н.
Алексеев З.Т.,ФРТ,ассистент,д.н.
Лебедева А.А.,ФФ,профессор,к.н.
Волков И.К.,ФМиЕН,,
Попов Ж.Р.,ФИВТ,профессор,д.н.
Попов К.М.,ФРТ,,д.н.
Волков Л.О.,ФРТ,ассистент,д.н.
Семенов И.К.,ФРТ,доцент,д.н.
Соколов В.И.,ФРТ,доцент,д.н.
Лебедева В.И.,ФМиЕН,доцент,
Петров Г.Н.,ФФ,профессор,д.н.
Лебедев Л.О.,ФУПМ,доцент,д.н.
Смирнов В.И.,ИТМО,ассистент,д.н.
Семенов К.М.,ФМиМ,доцент,д.н.
Егоров Л.О.,ФМиМ,доцент,
Козлов Д.С.,ФФ,профессор,д.н.
Иванов Л.О.,ИТМО,профессор,д.н.
Новиков Г.Н.,ФПМИ,профессор,к.н.
Смирнов Б.В.,ФРТ,доцент,
Козлов Л.О.,ФЭТ,профессор,к.н.
Сидоров Ж.Р.,ИТМО,ассистент,д.н.
Смирнов А.А.,ИТМО,профессор,
Соколов З.Т.,ФЭТ,доцент,к.н.
Морозов М.Ю.,ФУПМ,доцент,
Волков Е.П.,ФИВТ,доцент,к.н.
Кузнецов Д.С.,ФМиЕН,,к.н.
Соколов А.А.,ФФ,,д.н.
Алексеев В.И.,ФФ,ассистент,д.н.
Сидоров Ж.Р.,ФИВТ,,д.н.
Попов Д.С.,ФПМИ,ассистент,к.н.
Петров Ж.Р.,ФУПМ,профессор,к.н.
Егоров Ж.Р.,ФЭТ,,к.н.
Кузнецов В.И.,ИТМО,профессор,
Морозов М.Ю.,ФМиМ,ассистент,к.н.
Морозов В.И.,ИТМО,,к.н.
Морозов М.Ю.,ФРТ,профессор,д.н.
Волков Д.С.,ФПМИ,ассистент,д.н.
Лебедев Б.В.,ФПМИ,,к.н.
Алексеев А.А.,ФРТ,,
Петров М.Ю.,ФФ,доцент,д.н.
Семенов Б.В.,ФПМИ,,к.н.
Соколов Е.П.,ФПМИ,,к.н.
Петров З.Т.,ФМиМ,профессор,д.н.
Попов Б.В.,ФФ,ассистент,д.н.
Алексеев З.Т.,ФИТ,доцент,к.н.
Волков М.Ю.,ФИВТ,ассистент,к.н.
Новиков Ж.Р.,ФЭТ,профессор,
Петров Ж.Р.,ФИВТ,профессор,к.н.
Кузнецов А.А.,ФПМИ,,д.н.
Петров З.Т.,ФМиМ,,
Попов З.Т.,ФМиМ,ассистент,д.н.
Морозов В.И.,ИТМО,профессор,
Смирнов Г.Н.,ФИВТ,,
Смирнов Ж.Р.,ФПМИ,профессор,к.н.
Петров М.Ю.,ФФ,доцент,д.н.
Соколов А.А.,ФПМИ,доцент,
Петров Л.О.,ИТМО,,д.н.
Алексеев А.А.,ФМиЕН,ассистент,д.н.
Морозов Д.С.,ИТМО,доцент,к.н.
Кузнецов Б.В.,ФИТ,,
Семенов В.И.,ФИТ,доцент,к.н.
Морозов Ж.Р.,ФИВТ,профессор,д.н.
Козлов Е.П.,ФЭТ,профессор,
Морозов Д.С.,ФПМИ,ассистент,д.н.
Лебедева И.К.,ФФ,ассистент,к.н.
Семенов Е.П.,ФФ,профессор,
Лебедев Л.О.,ФЭТ,профессор,д.н.
Петров И.К.,ФИВТ,профессор,к.н.
Лебедев Ж.Р.,ФМиЕН,,к.н.
Лебедева К.М.,ФИВТ,,
Кузнецов Л.О.,ФИТ,профессор,д.н.
Кузнецов Л.О.,ФМиМ,,д.н.
Иванов З.Т.,ФМиЕН,,к.н.
Попов М.Ю.,ФМиЕН,профессор,
Лебедева М.Ю.,ФФ,,д.н.
Лебедева Ж.Р.,ФУПМ,доцент,
Иванов К.М.,ФПМИ,профессор,
Волков К.М.,ФМиМ,профессор,
Алексеев И.К.,ФИТ,профессор,
Морозов Д.С.,ИТМО,,д.н.
Лебедева А.А.,ФИВТ,,д.н.
Попов М.Ю.,ФЭТ,ассистент,к.н.
Лебедев Е.П.,ФЭТ,профессор,к.н.
Смирнов Д.С.,ФИВТ,,д.н.
Козлов И.К.,ФИТ,доцент,к.н.
Сидоров Д.С.,ФИТ,профессор,д.н.
Козлов Е.П.,ФМиМ,доцент,
Иванов Д.С.,ФЭТ,ассистент,д.н.
Алексеев Ж.Р.,ФМиМ,доцент,д.н.
Козлов М.Ю.,ФИВТ,ассистент,
Новиков Г.Н.,ФЭТ,ассистент,к.н.
Кузнецов И.К.,ФРТ,доцент,к.н.
Сидоров З.Т.,ФПМИ,доцент,к.н.
Кузнецов Е.П.,ИТМО,доцент,к.н.
Алексеев А.А.,ФФ,доцент,
Семенов В.И.,ФИТ,,к.н.
Егоров Ж.Р.,ФИТ,доцент,д.н.
Семенов М.Ю.,ИТМО,профессор,к.н.
Егоров Д.С.,ФМиЕН,,
Иванов К.М.,ФМиЕН,ассистент,к.н.
Егоров Б.В.,ФЭТ,доцент,к.н.
Морозов Ж.Р.,ФФ,ассистент,д.н.
Сидоров К.М.,ФИВТ,ассистент,д.н.
Кузнецов Д.С.,ФМиМ,доцент,
Смирнов З.Т.,ФИТ,ассистент,
Сидоров З.Т.,ФУПМ,,к.н.
Семенов М.Ю.,ФФ,доцент,д.н.
Алексеев Л.О.,ФФ,профессор,
Соколов И.К.,ФМиЕН,профессор,к.н.
Волков Б.В.,ФИТ,профессор,д.н.
Лебедева К.М.,ИТМО,профессор,д.н.
Морозов М.Ю.,ФРТ,,
Иванов А.А.,ФМиЕН,профессор,д.н.
Лебедев Ж.Р.,ФИВТ,доцент,д.н.
Семенов К.М.,ФМиЕН,,к.н.
Лебедев М.Ю.,ФПМИ,профессор,
Лебедева К.М.,ФФ,профессор,
Попов В.И.,ФФ,доцент,
Лебедев К.М.,ФМиЕН,профессор,д.н.
Алексеев К.М.,ФЭТ,,
Морозов Л.О.,ФМиЕН,,д.н.
Смирнов В.И.,ФПМИ,доцент,д.н.
Кузнецов Г.Н.,ФРТ,доцент,д.н.
Козлов Е.П.,ФПМИ,профессор,
Егоров Г.Н.,ФМиЕН,,д.н.
Смирнов В.И.,ФФ,профессор,к.н.
Новиков Л.О.,ФМиМ,,д.н.
Лебедев М.Ю.,ФУПМ,доцент,д.н.
Лебедев Е.П.,ИТМО,ассистент,
Новиков А.А.,ФЭТ,профессор,
Иванов К.М.,ФИТ,доцент,
Морозов А.А.,ФЭТ,профессор,к.н.
Петров Ж.Р.,ФРТ,ассистент,
Кузнецов В.И.,ФИТ,,д.н.
Лебедев З.Т.,ФМиМ,ассистент,к.н.
Семенов Л.О.,ФРТ,,д.н.
Козлов Ж.Р.,ИТМО,доцент,
Лебедева Е.П.,ФФ,,
Семенов В.И.,ФЭТ,ассистент,д.н.
Соколов Е.П.,ФПМИ,доцент,к.н.
Алексеев И.К.,ФИТ,,
Сидоров Д.С.,ФМиМ,ассистент,д.н.
Кузнецов Г.Н.,ФРТ,профессор,
Попов В.И.,ФЭТ,профессор,
Соколов Л.О.,ФЭТ,,к.н.
Алексеев И.К.,ФФ,профессор,
Иванов Ж.Р.,ФИВТ,ассистент,
Сидоров Л.О.,ФФ,профессор,д.н.
Иванов Д.С.,ФУПМ,профессор,д.н.
Семенов Б.В.,ФМиЕН,доцент,к.н.
Волков З.Т.,ФРТ,ассистент,
Кузнецов Г.Н.,ФМиМ,ассистент,
Иванов Г.Н.,ФМиМ,ассистент,
Соколов К.М.,ИТМО,ассистент,
Смирнов Ж.Р.,ФМиЕН,,
Кузнецов Ж.Р.,ФИВТ,профессор,
Попов Г.Н.,ФМиМ,ассистент,д.н.
Алексеев Л.О.,ФМиМ,доцент,д.н.
Козлов А.А.,ФФ,,
Козлов Г.Н.,ФРТ,ассистент,к.н.
Егоров Е.П.,ИТМО,доцент,к.н.
Лебедев Г.Н.,ФМиЕН,доцент,
Алексеев Г.Н.,ФРТ,,
Егоров Д.С.,ФМиЕН,,к.н.
Лебедев Б.В.,ФИТ,профессор,к.н.
Козлов Г.Н.,ИТМО,профессор,
Соколов Д.С.,ФЭТ,ассистент,д.н.
Соколов Г.Н.,ФУПМ,,д.н.
Соколов А.А.,ФМиМ,доцент,д.н.
Иванов М.Ю.,ФЭТ,доцент,д.н.
Смирнов Е.П.,ФИВТ,ассистент,к.н.
Новиков З.Т.,ИТМО,доцент,
Волков К.М.,ИТМО,,к.н.
Семенов К.М.,ИТМО,доцент,
Егоров Ж.Р.,ФМиМ,профессор,д.н.
Лебедева М.Ю.,ИТМО,,
Иванов К.М.,ФУПМ,ассистент,к.н.
Кузнецов Ж.Р.,ФРТ,доцент,д.н.
Иванов Е.П.,ФМиМ,доцент,д.н.
Смирнов Д.С.,ФИТ,,д.н.
Морозов И.К.,ИТМО,ассистент,к.н.
Морозов Е.П.,ИТМО,доцент,к.н.
Смирнов М.Ю.,ФМиЕН,ассистент,
Кузнецов Л.О.,ФИТ,ассистент,к.н.
Сидоров Б.В.,ФЭТ,профессор,д.н.
Козлов И.К.,ФФ,профессор,д.н.
Смирнов Б.В.,ФФ,ассистент,д.н.
Егоров Д.С.,ФМиЕН,ассистент,к.н.
Соколов Г.Н.,ФИТ,доцент,к.н.
Морозов Е.П.,ФФ,профессор,к.н.
Алексеев К.М.,ФИТ,профессор,к.н.
Семенов З.Т.,ФМиЕН,доцент,
Алексеев А.А.,ФИВТ,доцент,к.н.
Лебедев Ж.Р.,ФЭТ,доцент,
Семенов А.А.,ФРТ,ассистент,д.н.
Семенов Е.П.,ФПМИ,профессор,
Морозов В.И.,ФИВТ,,
Кузнецов Ж.Р.,ФУПМ,доцент,к.н.
Козлов Б.В.,ФИВТ,профессор,к.н.
Егоров И.К.,ФФ,ассистент,к.н.
Лебедева И.К.,ФФ,профессор,к.н.
Лебедева В.И.,ИТМО,,к.н.
Лебедева К.М.,ФИТ,доцент,к.н.
Иванов К.М.,ФУПМ,профессор,к.н.
Морозов Д.С.,ФРТ,профессор,
Лебедев М.Ю.,ФИТ,доцент,к.н.
Лебедева Ж.Р.,ФУПМ,ассистент,д.н.
Лебедев А.А.,ФИВТ,профессор,
Петров К.М.,ФИТ,,
Соколов В.И.,ФМиМ,ассистент,к.н.
Сидоров М.Ю.,ФМиЕН,профессор,
Смирнов Д.С.,ФИВТ,,к.н.
Морозов Е.П.,ФМиМ,профессор,д.н.
Петров Г.Н.,ИТМО,доцент,
Алексеев Г.Н.,ФИВТ,профессор,д.н.
Волков Д.С.,ФПМИ,ассистент,к.н.
Лебедева Б.В.,ФФ,ассистент,д.н.
Сидоров Е.П.,ФЭТ,ассистент,к.н.
Попов К.М.,ФИВТ,ассистент,к.н.
Кузнецов З.Т.,ФМиЕН,доцент,
Морозов И.К.,ФУПМ,профессор,к.н.
Алексеев М.Ю.,ФФ,профессор,к.н.
Новиков З.Т.,ФЭТ,доцент,
Егоров И.К.,ФПМИ,,
Иванов Б.В.,ФЭТ,ассистент,д.н.
Морозов И.К.,ФУПМ,профессор,
Попов З.Т.,ФРТ,профессор,к.н.
Попов Д.С.,ФФ,ассистент,д.н.
Кузнецов З.Т.,ФФ,профессор,к.н.
Новиков Г.Н.,ФРТ,ассистент,к.н.
Сидоров Б.В.,ФМиМ,доцент,к.н.
Волков Б.В.,ФПМИ,профессор,
Смирнов Д.С.,ФФ,ассистент,д.н.
Лебедева И.К.,ФИВТ,,к.н.
Кузнецов И.К.,ФФ,ассистент,к.н.
Кузнецов Е.П.,ФРТ,профессор,д.н.
Соколов А.А.,ФФ,доцент,
Иванов Д.С.,ФУПМ,профессор,к.н.
Сидоров Д.С.,ФИВТ,профессор,к.н.
Новиков Л.О.,ФИТ,доцент,к.н.
Сидоров И.К.,ФФ,профессор,д.н.
Козлов Л.О.,ФИВТ,,
Соколов В.И.,ФУПМ,профессор,д.н.
Лебедева Л.О.,ФМиЕН,профессор,
Попов А.А.,ФМиЕН,,
Алексеев А.А.,ФИВТ,профессор,д.н.
Лебедев Д.С.,ФИВТ,профессор,д.н.
Лебедева М.Ю.,ФПМИ,ассистент,
Смирнов Б.В.,ФУПМ,ассистент,
Лебедева М.Ю.,ФЭТ,доцент,д.н.
Козлов Ж.Р.,ФФ,профессор,
Волков К.М.,ФФ,доцент,к.н.
Новиков М.Ю.,ФМиМ,доцент,к.н.
Волков В.И.,ФМиЕН,ассистент,д.н.
Козлов В.И.,ФЭТ,,д.н.
Смирнов З.Т.,ФИТ,доцент,д.н.
Смирнов З.Т.,ФФ,,
Алексеев Д.С.,ФЭТ,ассистент,д.н.
Смирнов Ж.Р.,ФИТ,профессор,д.н.
Смирнов Г.Н.,ФИВТ,ассистент,
Сидоров И.К.,ФУПМ,профессор,д.н.
Новиков Г.Н.,ФУПМ,ассистент,к.н.
Петров Д.С.,ФМиЕН,профессор,д.н.
Петров Е.П.,ФМиМ,профессор,
Новиков Д.С.,ФИВТ,,
Кузнецов Д.С.,ФИВТ,профессор,д.н.
Семенов К.М.,ФЭТ,доцент,
Сидоров Б.В.,ФИВТ,профессор,к.н.
Семенов К.М.,ИТМО,доцент,
Соколов В.И.,ФИВТ,профессор,д.н.
Кузнецов Б.В.,ФЭТ,доцент,
Козлов М.Ю.,ФИВТ,доцент,к.н.
Сидоров З.Т.,ФМиМ,профессор,к.н.
Алексеев Б.В.,ФИТ,,
Новиков И.К.,ФУПМ,ассистент,д.н.
Сидоров З.Т.,ИТМО,ассистент,к.н.
Егоров К.М.,ФПМИ,,к.н.
Сидоров И.К.,ИТМО,профессор,к.н.
Егоров Л.О.,ФИВТ,доцент,к.н.
Волков Л.О.,ФМиЕН,доцент,д.н.
Сидоров А.А.,ФУПМ,доцент,
Иванов М.Ю.,ИТМО,ассистент,
Козлов А.А.,ФИТ,ассистент,к.н.
Лебедева В.И.,ФРТ,профессор,
Соколов Д.С.,ФМиЕН,ассистент,к.н.
Лебедева Л.О.,ФМиМ,доцент,
Егоров М.Ю.,ФФ,доцент,д.н.
Лебедев Д.С.,ФИВТ,,д.н.
Егоров М.Ю.,ФПМИ,профессор,д.н.
Егоров К.М.,ФИТ,доцент,к.н.
Морозов Л.О.,ФИТ,доцент,
Сидоров Ж.Р.,ИТМО,ассистент,д.н.
Морозов Е.П.,ИТМО,ассистент,к.н.
Петров Л.О.,ФПМИ,,
Семенов Е.П.,ФИВТ,,
Петров Ж.Р.,ФИВТ,,
Козлов Б.В.,ФУПМ,ассистент,к.н.
Волков Д.С.,ФФ,доцент,д.н.
Смирнов К.М.,ФМиМ,ассистент,
Новиков Л.О.,ФЭТ,доцент,д.н.
Егоров Б.В.,ФИВТ,,д.н.
Лебедев И.К.,ФМиЕН,ассистент,
Соколов К.М.,ФМиЕН,доцент,к.н.
Петров Л.О.,ФПМИ,ассистент,д.н.
Морозов А.А.,ФМиЕН,,
Волков К.М.,ФМиМ,доцент,
Семенов Г.Н.,ФМиЕН,,д.н.
Лебедев И.К.,ФИТ,ассистент,
Лебедева З.Т.,ФПМИ,,д.н.
Петров Г.Н.,ФРТ,,к.н.
Смирнов И.К.,ИТМО,доцент,
Козлов Б.В.,ФИТ,профессор,
Попов А.А.,ФРТ,профессор,
Смирнов Ж.Р.,ФУПМ,,д.н.
Петров К.М.,ФИВТ,доцент,к.н.
Смирнов Б.В.,ФМиЕН,,к.н.
Кузнецов Д.С.,ФУПМ,,д.н.
Семенов Л.О.,ФРТ,,к.н.
Иванов Д.С.,ФПМИ,,
Смирнов З.Т.,ФПМИ,профессор,к.н.
Алексеев Д.С.,ФЭТ,профессор,
Смирнов А.А.,ИТМО,доцент,
Егоров Д.С.,ФИТ,доцент,к.н.
Лебедев В.И.,ФМиЕН,ассистент,к.н.
Семенов Л.О.,ФМиЕН,ассистент,д.н.
Морозов Д.С.,ФМиЕН,доцент,к.н.
Новиков Ж.Р.,ИТМО,доцент,д.н.
Попов Г.Н.,ФИВТ,профессор,д.н.
Лебедев И.К.,ФЭТ,доцент,к.н.
Лебедева М.Ю.,ИТМО,доцент,к.н.
Алексеев З.Т.,ФЭТ,,д.н.
Попов Б.В.,ФМиЕН,ассистент,
Петров Л.О.,ФМиМ,ассистент,к.н.
Новиков Д.С.,ФМиЕН,,д.н.
Волков Д.С.,ФИТ,профессор,к.н.
Иванов Г.Н.,ФРТ,профессор,к.н.
Егоров Д.С.,ФЭТ,,к.н.
Смирнов Ж.Р.,ФИВТ,доцент,к.н.
Волков Л.О.,ФПМИ,ассистент,д.н.
Лебедев М.Ю.,ФИТ,профессор,
Смирнов Ж.Р.,ФЭТ,профессор,
Смирнов Б.В.,ФУПМ,,
Алексеев В.И.,ФРТ,ассистент,к.н.
Егоров Б.В.,ФМиМ,профессор,к.н.
Егоров Б.В.,ФЭТ,,
Морозов Г.Н.,ФМиМ,,
Новиков К.М.,ФУПМ,,
Лебедева Д.С.,ФИТ,,
Попов В.И.,ФИВТ,,
Волков Ж.Р.,ФУПМ,,
Морозов Е.П.,ИТМО,ассистент,к.н.
Сидоров З.Т.,ФМиЕН,ассистент,
Петров М.Ю.,ФЭТ,ассистент,д.н.
Кузнецов А.А.,ФФ,профессор,д.н.
Лебедев Д.С.,ФМиЕН,ассистент,к.н.
Алексеев И.К.,ФРТ,доцент,к.н.
Иванов К.М.,ФИВТ,доцент,
Алексеев Б.В.,ФПМИ,,к.н.
Попов Б.В.,ФИТ,профессор,к.н.
Козлов И.К.,ФРТ,ассистент,к.н.
Семенов А.А.,ФИВТ,,
Волков Ж.Р.,ФИТ,доцент,д.н.
Соколов В.И.,ФПМИ,доцент,
Козлов Ж.Р.,ФПМИ,доцент,д.н.
Волков З.Т.,ФЭТ,ассистент,д.н.
Попов К.М.,ФЭТ,,к.н.
Иванов К.М.,ИТМО,профессор,
Морозов Г.Н.,ФМиМ,ассистент,
Алексеев В.И.,ФУПМ,доцент,к.н.
Лебедева Л.О.,ФИТ,,
Сидоров Ж.Р.,ФМиЕН,профессор,к.н.
Лебедев Л.О.,ФМиМ,доцент,
Петров К.М.,ИТМО,доцент,к.н.
Смирнов К.М.,ФРТ,профессор,
Иванов М.Ю.,ФИТ,доцент,
Иванов Л.О.,ИТМО,профессор,д.н.
Новиков М.Ю.,ФЭТ,ассистент,д.н.
Смирнов К.М.,ФЭТ,профессор,
Лебедева Г.Н.,ФПМИ,ассистент,к.н.
Козлов Ж.Р.,ФИТ,профессор,
Алексеев Д.С.,ФМиЕН,профессор,к.н.
Лебедев А.А.,ИТМО,,к.н.
Попов Е.П.,ФУПМ,ассистент,
Сидоров Г.Н.,ФУПМ,доцент,к.н.
Волков З.Т.,ФМиЕН,доцент,
Новиков Д.С.,ФФ,доцент,
Козлов И.К.,ФИТ,ассистент,
Алексеев М.Ю.,ФИВТ,доцент,
Кузнецов Б.В.,ФЭТ,профессор,к.н.
Лебедев М.Ю.,ФИТ,ассистент,д.н.
Семенов М.Ю.,ФИВТ,профессор,д.н.
Егоров З.Т.,ФИВТ,,к.н.
Иванов Б.В.,ФПМИ,ассистент,д.н.
Попов Г.Н.,ФПМИ,доцент,к.н.
Иванов Л.О.,ФПМИ,доцент,д.н.
Иванов М.Ю.,ФИТ,доцент,к.н.
Алексеев Б.В.,ФФ,профессор,к.н.
Семенов Л.О.,ИТМО,профессор,
Козлов Д.С.,ФМиМ,,к.н.
Иванов А.А.,ФИТ,ассистент,д.н.
Кузнецов Г.Н.,ФУПМ,ассистент,
Сидоров Л.О.,ФФ,,к.н.
Иванов З.Т.,ФИВТ,,д.н.
Козлов Г.Н.,ФМиМ,ассистент,
Попов К.М.,ФРТ,,к.н.
Алексеев Л.О.,ФМиМ,,к.н.
Лебедев А.А.,ФИТ,профессор,д.н.
Козлов Г.Н.,ФПМИ,доцент,
Козлов Е.П.,ФМиМ,профессор,
Морозов Г.Н.,ИТМО,ассистент,к.н.
Смирнов В.И.,ФМиЕН,доцент,д.н.
Соколов Л.О.,ФРТ,ассистент,
Алексеев В.И.,ФИТ,,д.н.
Попов И.К.,ФРТ,профессор,к.н.
Алексеев К.М.,ФРТ,ассистент,д.н.
Кузнецов К.М.,ИТМО,,к.н.
Морозов Д.С.,ФИТ,профессор,д.н.
Соколов А.А.,ФПМИ,ассистент,д.н.
Козлов Ж.Р.,ФИВТ,ассистент,
Петров Б.В.,ФИТ,,к.н.
Лебедева В.И.,ФФ,,к.н.
Петров З.Т.,ФЭТ,,д.н.
Новиков Б.В.,ФИВТ,,к.н.
Новиков Ж.Р.,ФФ,,к.н.
Кузнецов Ж.Р.,ФМиЕН,ассистент,д.н.
Егоров Л.О.,ФМиЕН,ассистент,к.н.
Волков Е.П.,ИТМО,профессор,д.н.
Морозов Г.Н.,ФУПМ,,
Иванов Е.П.,ИТМО,ассистент,
Кузнецов А.А.,ФПМИ,ассистент,
Соколов А.А.,ИТМО,профессор,д.н.
Алексеев Д.С.,ФИВТ,профессор,д.н.
Козлов К.М.,ФЭТ,ассистент,д.н.
Смирнов Ж.Р.,ФЭТ,ассистент,д.н.
Смирнов З.Т.,ФИТ,,д.н.
Волков М.Ю.,ФИВТ,профессор,к.н.
Петров Е.П.,ФИТ,,к.н.
Егоров Д.С.,ФРТ,профессор,к.н.
Смирнов Г.Н.,ФУПМ,ассистент,к.н.
Петров И.К.,ФРТ,,
Смирнов З.Т.,ФМиМ,доцент,д.н.
Соколов В.И.,ИТМО,доцент,к.н.
Лебедева И.К.,ФУПМ,профессор,
Волков З.Т.,ФПМИ,профессор,д.н.
Новиков Б.В.,ИТМО,ассистент,к.н.
Сидоров Г.Н.,ФПМИ,профессор,
Егоров К.М.,ФИВТ,,к.н.
Соколов Е.П.,ФРТ,,
Волков Е.П.,ФФ,ассистент,
Петров З.Т.,ФУПМ,ассистент,д.н.
Смирнов В.И.,ФРТ,ассистент,д.н.
Петров З.Т.,ФЭТ,профессор,к.н.
Морозов З.Т.,ФЭТ,доцент,д.н.
Семенов Д.С.,ФРТ,доцент,д.н.
Соколов М.Ю.,ФИТ,,к.н.
Петров В.И.,ФПМИ,доцент,
Новиков Е.П.,ФЭТ,профессор,д.н.
Сидоров А.А.,ФФ,,
Лебедева Б.В.,ФМиЕН,доцент,к.н.
Сидоров Ж.Р.,ФУПМ,,д.н.
Лебедев И.К.,ФУПМ,доцент,д.н.
Соколов И.К.,ФРТ,профессор,д.н.
Сидоров И.К.,ФУПМ,профессор,
Морозов Б.В.,ФМиЕН,ассистент,
Лебедева В.И.,ФИТ,,
Козлов К.М.,ФРТ,доцент,
Козлов Л.О.,ФМиМ,профессор,
Морозов М.Ю.,ФИВТ,ассистент,
Лебедев В.И.,ИТМО,профессор,д.н.
Козлов К.М.,ФПМИ,,
Егоров А.А.,ФИТ,доцент,
Морозов И.К.,ФРТ,,д.н.
Лебедев А.А.,ФМиЕН,профессор,
Морозов Е.П.,ИТМО,профессор,д.н.
Иванов И.К.,ФМиЕН,доцент,
Сидоров З.Т.,ФИТ,профессор,д.н.
Лебедева Б.В.,ФПМИ,профессор,
Попов Г.Н.,ФИТ,доцент,д.н.
Кузнецов Г.Н.,ФМиЕН,доцент,д.н.
Сидоров Ж.Р.,ФМиЕН,,к.н.
Кузнецов Ж.Р.,ФИВТ,доцент,к.н.
Петров А.А.,ФРТ,ассистент,д.н.
Петров И.К.,ФИТ,профессор,к.н.
Кузнецов Г.Н.,ФИВТ,,
Морозов Ж.Р.,ФМиМ,доцент,к.н.
Лебедева Ж.Р.,ФИВТ,,д.н.
Кузнецов З.Т.,ФМиМ,доцент,к.н.
Лебедева В.И.,ФМиЕН,ассистент,д.н.
Сидоров Г.Н.,ФМиМ,,
Лебедев З.Т.,ФИТ,,д.н.
Козлов Ж.Р.,ФИВТ,доцент,д.н.
Лебедева Ж.Р.,ФЭТ,ассистент,к.н.
Семенов Е.П.,ФИВТ,профессор,д.н.
Соколов Л.О.,ФРТ,доцент,к.н.
Смирнов Л.О.,ФРТ,доцент,
Смирнов Л.О.,ФИВТ,,д.н.
Иванов М.Ю.,ФУПМ,профессор,д.н.
Морозов Л.О.,ФМиМ,ассистент,д.н.
Волков В.И.,ФМиЕН,доцент,
Лебедев Д.С.,ФИВТ,,к.н.
Смирнов З.Т.,ФУПМ,доцент,
Лебедева Ж.Р.,ИТМО,профессор,д.н.
Семенов Л.О.,ФМиМ,,д.н.
Кузнецов Л.О.,ФФ,ассистент,к.н.
Кузнецов Е.П.,ФИТ,доцент,к.н.
Семенов Г.Н.,ФФ,профессор,д.н.
Лебедев Д.С.,ФМиМ,,к.н.
Новиков Л.О.,ФИВТ,доцент,
Семенов М.Ю.,ИТМО,доцент,к.н.
Петров Г.Н.,ФРТ,,д.н.
Попов Л.О.,ФРТ,доцент,к.н.
Семенов Ж.Р.,ФИВТ,профессор,д.н.
Смирнов Д.С.,ФУПМ,ассистент,д.н.
Сидоров В.И.,ФИТ,,
Волков Г.Н.,ФИВТ,профессор,д.н.
Попов Г.Н.,ФУПМ,ассистент,д.н.
Сидоров Б.В.,ФПМИ,ассистент,
Попов В.И.,ФЭТ,профессор,к.н.
Лебедева Б.В.,ФЭТ,ассистент,к.н.
Петров И.К.,ФМиМ,профессор,д.н.
Сидоров В.И.,ФМиМ,доцент,
Морозов И.К.,ФМиЕН,профессор,к.н.
Смирнов З.Т.,ФФ,ассистент,к.н.
Семенов Г.Н.,ФФ,,д.н.
Новиков З.Т.,ФЭТ,ассистент,
Соколов Б.В.,ФЭТ,,
Алексеев В.И.,ИТМО,профессор,к.н.
Семенов Е.П.,ФМиМ,ассистент,
Егоров Г.Н.,ФИВТ,доцент,к.н.
Смирнов Ж.Р.,ФФ,,к.н.
Сидоров Б.В.,ФЭТ,ассистент,
Сидоров Г.Н.,ФИТ,доцент,к.н.
Волков И.К.,ФИТ,доцент,д.н.
Петров З.Т.,ФФ,,д.н.
Козлов Л.О.,ФРТ,доцент,к.н.
Алексеев К.М.,ФФ,доцент,д.н.
Петров И.К.,ИТМО,доцент,
Сидоров Д.С.,ФМиЕН,ассистент,к.н.
Алексеев З.Т.,ФИТ,профессор,к.н.
Морозов Л.О.,ФЭТ,,д.н.
Козлов Б.В.,ФМиЕН,,
Морозов Л.О.,ИТМО,доцент,
Егоров Е.П.,ФРТ,ассистент,к.н.
Лебедева Д.С.,ФПМИ,доцент,к.н.
Лебедев Б.В.,ФФ,профессор,д.н.
Смирнов Е.П.,ИТМО,профессор,к.н.
Лебедев Л.О.,ФУПМ,ассистент,к.н.
Соколов К.М.,ФМиМ,,к.н.
Егоров Ж.Р.,ФФ,,д.н.
Волков Д.С.,ИТМО,доцент,
Морозов И.К.,ФУПМ,профессор,д.н.
Козлов А.А.,ФУПМ,доцент,д.н.
Соколов К.М.,ФЭТ,,
Соколов Е.П.,ФФ,доцент,
Лебедев М.Ю.,ФЭТ,профессор,
Иванов Г.Н.,ФИТ,,д.н.
Волков В.И.,ИТМО,,к.н.
Соколов М.Ю.,ФМиМ,,
Смирнов З.Т.,ФИТ,профессор,д.н.
Волков Е.П.,ФФ,доцент,д.н.
Смирнов Г.Н.,ФМиЕН,ассистент,
Семенов Ж.Р.,ФУПМ,доцент,д.н.
Сидоров Д.С.,ИТМО,,к.н.
Семенов Г.Н.,ФМиМ,профессор,д.н.
Иванов Д.С.,ФМиМ,,
Сидоров Г.Н.,ФИТ,ассистент,к.н.
Кузнецов Д.С.,ИТМО,доцент,
Волков Б.В.,ФФ,профессор,д.н.
Новиков Л.О.,ФРТ,,к.н.
Алексеев К.М.,ФИТ,ассистент,к.н.
Алексеев В.И.,ИТМО,ассистент,д.н.
Волков И.К.,ФЭТ,доцент,д.н.
Смирнов Е.П.,ФИВТ,ассистент,
Соколов И.К.,ФПМИ,,к.н.
Попов И.К.,ФПМИ,доцент,
Попов Г.Н.,ФФ,,д.н.
Лебедева Г.Н.,ФФ,доцент,к.н.
Лебедева Ж.Р.,ФПМИ,доцент,к.н.
Иванов Е.П.,ФУПМ,доцент,к.н.
Кузнецов Д.С.,ФМиМ,доцент,к.н.
Кузнецов З.Т.,ФМиМ,,д.н.
Алексеев И.К.,ИТМО,профессор,д.н.
Козлов В.И.,ФФ,доцент,д.н.
Алексеев Г.Н.,ФМиЕН,профессор,к.н.
Егоров Б.В.,ФУПМ,доцент,к.н.
Иванов И.К.,ИТМО,профессор,д.н.
Лебедев И.К.,ФМиЕН,профессор,д.н.
Кузнецов Е.П.,ФИТ,,к.н.
Соколов В.И.,ФФ,профессор,
Морозов А.А.,ФИВТ,,д.н.
Морозов Л.О.,ФМиМ,профессор,к.н.
Новиков В.И.,ФУПМ,,к.н.
Козлов З.Т.,ФМиМ,доцент,к.н.
Попов В.И.,ИТМО,профессор,
Смирнов А.А.,ФМиЕН,,к.н.
Алексеев Ж.Р.,ФФ,ассистент,
Егоров Ж.Р.,ФРТ,профессор,д.н.
Новиков Б.В.,ФИВТ,,д.н.
Волков Ж.Р.,ФПМИ,профессор,
Козлов А.А.,ФУПМ,доцент,к.н.
Петров Л.О.,ФУПМ,профессор,
Петров Ж.Р.,ФИТ,доцент,д.н.
Иванов И.К.,ИТМО,ассистент,д.н.
Козлов Е.П.,ИТМО,доцент,
Попов Б.В.,ФУПМ,доцент,д.н.
Егоров К.М.,ФИТ,доцент,к.н.
Петров М.Ю.,ФИТ,,
Морозов А.А.,ФПМИ,профессор,
Смирнов Е.П.,ИТМО,ассистент,
Соколов Б.В.,ФЭТ,профессор,к.н.
Алексеев М.Ю.,ФМиМ,,к.н.
Кузнецов М.Ю.,ФИТ,,д.н.
Новиков Б.В.,ФИВТ,доцент,д.н.
Соколов А.А.,ФФ,доцент,к.н.
Волков Б.В.,ФПМИ,ассистент,д.н.
Волков А.А.,ФПМИ,ассистент,
Сидоров Г.Н.,ФЭТ,ассистент,д.н.
Морозов А.А.,ФУПМ,ассистент,д.н.
Алексеев М.Ю.,ФИТ,доцент,д.н.
Лебедев И.К.,ФУПМ,ассистент,
Кузнецов Д.С.,ФИВТ,профессор,к.н.
Алексеев З.Т.,ФМиМ,доцент,
Кузнецов Г.Н.,ИТМО,ассистент,к.н.
Козлов Ж.Р.,ФМиМ,ассистент,д.н.
Егоров Е.П.,ФМиЕН,ассистент,д.н.
Егоров Д.С.,ФМиЕН,ассистент,
Козлов В.И.,ФПМИ,доцент,
Лебедева Ж.Р.,ФУПМ,ассистент,
Егоров Б.В.,ФЭТ,доцент,
Петров Л.О.,ФПМИ,профессор,д.н.
Морозов З.Т.,ФЭТ,профессор,
Волков И.К.,ФЭТ,доцент,к.н.
Смирнов М.Ю.,ФИВТ,,д.н.
Козлов К.М.,ФИТ,ассистент,д.н.
Козлов З.Т.,ФРТ,,к.н.
Лебедев М.Ю.,ФЭТ,профессор,к.н.
Волков Г.Н.,ФЭТ,,к.н.
Попов Ж.Р.,ИТМО,,к.н.
Волков З.Т.,ФИТ,доцент,к.н.
Сидоров Е.П.,ФФ,ассистент,к.н.
Семенов Л.О.,ИТМО,профессор,к.н.
Попов Ж.Р.,ИТМО,профессор,д.н.
Новиков Б.В.,ФИТ,профессор,к.н.
Семенов К.М.,ФИВТ,ассистент,д.н.
Волков Г.Н.,ФИТ,доцент,д.н.
Кузнецов М.Ю.,ФПМИ,ассистент,
Новиков Е.П.,ФИВТ,профессор,д.н.
Соколов Ж.Р.,ФПМИ,доцент,
Попов З.Т.,ФФ,ассистент,
Морозов В.И.,ФИВТ,профессор,д.н.
Иванов М.Ю.,ФУПМ,доцент,к.н.
Лебедев В.И.,ФИТ,ассистент,д.н.
Козлов К.М.,ФМиМ,профессор,
Кузнецов З.Т.,ФМиЕН,профессор,д.н.
Попов И.К.,ФРТ,профессор,
Волков Л.О.,ФЭТ,,к.н.
Волков Б.В.,ФФ,ассистент,д.н.
Алексеев Л.О.,ФУПМ,,к.н.
Волков В.И.,ФУПМ,профессор,д.н.
Семенов Г.Н.,ФУПМ,ассистент,д.н.
Козлов В.И.,ФЭТ,профессор,
Соколов В.И.,ФИТ,,д.н.
Егоров Л.О.,ФИТ,ассистент,к.н.
Сидоров И.К.,ФМиЕН,доцент,
Морозов Д.С.,ФМиМ,,
Новиков Е.П.,ФИВТ,,д.н.
Волков Ж.Р.,ФФ,профессор,
Волков В.И.,ФИВТ,,
Алексеев Б.В.,ФФ,доцент,
Смирнов К.М.,ФИТ,ассистент,
Кузнецов Л.О.,ФИВТ,профессор,д.н.
Козлов Л.О.,ФМиЕН,,к.н.
Козлов Г.Н.,ФМиЕН,доцент,д.н.
Попов Г.Н.,ФПМИ,ассистент,
Семенов Б.В.,ФПМИ,профессор,д.н.
Новиков И.К.,ФУПМ,,д.н.
Попов Д.С.,ФРТ,профессор,к.н.
Лебедев В.И.,ИТМО,,д.н.
Морозов Г.Н.,ФИВТ,доцент,
Волков Ж.Р.,ФФ,ассистент,
Попов Б.В.,ФРТ,профессор,к.н.
Лебедева А.А.,ИТМО,,д.н.
Кузнецов А.А.,ФМиМ,профессор,к.н.
Волков Г.Н.,ФПМИ,ассистент,к.н.
Смирнов И.К.,ИТМО,ассистент,к.н.
Алексеев К.М.,ИТМО,,д.н.
Лебедев В.И.,ФЭТ,,д.н.
Лебедев З.Т.,ФЭТ,доцент,
Кузнецов Ж.Р.,ФМиЕН,ассистент,
Смирнов Б.В.,ФМиЕН,ассистент,д.н.
Алексеев З.Т.,ФРТ,,к.н.
Смирнов А.А.,ФЭТ,ассистент,
Лебедева М.Ю.,ФИВТ,профессор,д.н.
Лебедев М.Ю.,ФМиМ,доцент,к.н.
Морозов В.И.,ИТМО,ассистент,
Попов Л.О.,ФПМИ,ассистент,к.н.
Лебедев Г.Н.,ФЭТ,,д.н.
Петров А.А.,ФФ,ассистент,
Иванов Б.В.,ФФ,профессор,
Соколов К.М.,ФПМИ,ассистент,к.н.
Иванов З.Т.,ФИТ,профессор,к.н.
Соколов З.Т.,ФУПМ,профессор,д.н.
Лебедев Е.П.,ФРТ,профессор,
Морозов Г.Н.,ФИТ,доцент,д.н.
Сидоров З.Т.,ФЭТ,,д.н.
Соколов М.Ю.,ФИТ,профессор,
Кузнецов К.М.,ФМиМ,,
Козлов Г.Н.,ФЭТ,ассистент,
Петров Д.С.,ФМиЕН,доцент,к.н.
Попов Л.О.,ФУПМ,,д.н.
Петров М.Ю.,ФИТ,,
Козлов М.Ю.,ФИВТ,,д.н.
Новиков Е.П.,ФМиМ,доцент,д.н.
Смирнов Б.В.,ИТМО,доцент,к.н.
Смирнов Ж.Р.,ФМиЕН,,д.н.
Кузнецов Д.С.,ФУПМ,профессор,
Кузнецов К.М.,ФИТ,ассистент,д.н.
Лебедева З.Т.,ИТМО,ассистент,
Смирнов М.Ю.,ФИВТ,ассистент,к.н.
Волков Д.С.,ФМиЕН,профессор,д.н.
Кузнецов В.И.,ФРТ,ассистент,к.н.
Иванов А.А.,ФПМИ,профессор,д.н.
Соколов З.Т.,ФЭТ,ассистент,д.н.
Лебедева З.Т.,ФУПМ,,д.н.
Сидоров И.К.,ФМиМ,доцент,к.н.
Морозов К.М.,ФМиЕН,,д.н.
Козлов И.К.,ИТМО,профессор,д.н.
Новиков И.К.,ФРТ,ассистент,
Смирнов Е.П.,ФИВТ,профессор,к.н.
Алексеев Г.Н.,ФФ,,к.н.
Волков Е.П.,ИТМО,,
Семенов В.И.,ФПМИ,ассистент,к.н.
Морозов А.А.,ФПМИ,ассистент,к.н.
Волков Д.С.,ФРТ,профессор,к.н.
Кузнецов Е.П.,ФПМИ,,
Козлов Л.О.,ИТМО,ассистент,
Лебедев Ж.Р.,ФМиМ,профессор,
Новиков Е.П.,ФМиМ,профессор,
Петров М.Ю.,ФПМИ,профессор,к.н.
Алексеев Д.С.,ФМиМ,ассистент,к.н.
Морозов Е.П.,ФИВТ,,к.н.
Лебедев Б.В.,ФИВТ,,
Лебедева И.К.,ФИТ,ассистент,д.н.
Лебедев И.К.,ФИВТ,ассистент,к.н.
Смирнов А.А.,ФРТ,профессор,
Алексеев М.Ю.,ФФ,доцент,
Семенов Л.О.,ФМиМ,ассистент,к.н.
Козлов А.А.,ФПМИ,профессор,д.н.
Егоров К.М.,ФИВТ,ассистент,д.н.
Соколов В.И.,ФМиМ,профессор,
Лебедев Л.О.,ФПМИ,профессор,
Козлов Б.В.,ФИВТ,профессор,к.н.
Кузнецов К.М.,ФИВТ,,д.н.
Лебедева Ж.Р.,ФИТ,ассистент,д.н.
Попов Б.В.,ФМиЕН,профессор,к.н.
Новиков Д.С.,ФМиЕН,ассистент,
Лебедев Е.П.,ИТМО,,
Новиков И.К.,ФПМИ,,к.н.
Егоров К.М.,ФМиМ,доцент,д.н.
Козлов Е.П.,ФФ,профессор,д.н.
Кузнецов Г.Н.,ФМиЕН,профессор,д.н.
Егоров Л.О.,ФЭТ,,д.н.
Волков А.А.,ФПМИ,ассистент,к.н.
Егоров Ж.Р.,ФПМИ,ассистент,к.н.
Егоров З.Т.,ИТМО,ассистент,к.н.
Иванов Ж.Р.,ФРТ,доцент,
Семенов Б.В.,ФМиЕН,профессор,
Семенов И.К.,ФИВТ,профессор,к.н.
Егоров Ж.Р.,ФУПМ,профессор,к.н.
Иванов В.И.,ИТМО,ассистент,
Попов К.М.,ФЭТ,доцент,к.н.
Соколов В.И.,ФИВТ,доцент,к.н.
Лебедева Л.О.,ФИТ,ассистент,к.н.
Волков Ж.Р.,ФФ,профессор,
Соколов Ж.Р.,ФРТ,профессор,к.н.
Волков Д.С.,ФИВТ,ассистент,
Козлов А.А.,ФМиЕН,доцент,д.н.
Семенов Ж.Р.,ФМиМ,ассистент,
Новиков Б.В.,ФИВТ,доцент,к.н.
Морозов К.М.,ФИВТ,,
Семенов В.И.,ФМиМ,доцент,д.н.
Соколов Г.Н.,ФМиЕН,профессор,
Смирнов И.К.,ФРТ,доцент,к.н.
Лебедев Д.С.,ФУПМ,,к.н.
Сидоров Ж.Р.,ФУПМ,профессор,к.н.
Петров Г.Н.,ФПМИ,профессор,
Козлов З.Т.,ФРТ,ассистент,
Морозов Ж.Р.,ФПМИ,,д.н.
Козлов К.М.,ФИТ,профессор,д.н.
Морозов И.К.,ФИТ,ассистент,
Лебедев З.Т.,ФИВТ,доцент,к.н.
Алексеев З.Т.,ФИВТ,ассистент,д.н.
Кузнецов А.А.,ФМиЕН,ассистент,д.н.
Соколов Д.С.,ФЭТ,доцент,д.н.
Волков Е.П.,ФМиЕН,,к.н.
Морозов И.К.,ФМиМ,профессор,к.н.
Морозов З.Т.,ИТМО,,к.н.
Лебедева Г.Н.,ФЭТ,доцент,д.н.
Кузнецов Г.Н.,ФПМИ,,д.н.
Лебедева Г.Н.,ФЭТ,,к.н.
Смирнов З.Т.,ФРТ,профессор,д.н.
Кузнецов А.А.,ФМиЕН,доцент,д.н.
Петров В.И.,ФПМИ,доцент,
Сидоров К.М.,ФПМИ,ассистент,д.н.
Смирнов М.Ю.,ФФ,,к.н.
Сидоров Д.С.,ФУПМ,ассистент,
Иванов И.К.,ФМиЕН,ассистент,к.н.
Алексеев Д.С.,ФМиМ,профессор,к.н.
Кузнецов Е.П.,ФМиМ,доцент,
Новиков Л.О.,ФМиМ,,д.н.
Семенов Д.С.,ФФ,,д.н.
Петров Е.П.,ФМиМ,доцент,к.н.
Петров Г.Н.,ФМиЕН,ассистент,к.н.
Кузнецов Л.О.,ФПМИ,доцент,д.н.
Лебедев К.М.,ФЭТ,доцент,к.н.
Козлов Б.В.,ИТМО,доцент,
Алексеев Е.П.,ИТМО,,к.н.
Новиков М.Ю.,ФИВТ,профессор,д.н.
Петров А.А.,ФПМИ,доцент,
Егоров А.А.,ФМиМ,,
Алексеев А.А.,ФЭТ,профессор,к.н.
Сидоров В.И.,ФЭТ,ассистент,д.н.
Алексеев И.К.,ФМиМ,ассистент,д.н.
Лебедев В.И.,ФМиМ,профессор,к.н.
Алексеев Д.С.,ФУПМ,,к.н.
Волков Л.О.,ФУПМ,доцент,д.н.
Лебедев В.И.,ИТМО,ассистент,к.н.
Алексеев М.Ю.,ФФ,,д.н.
Новиков Г.Н.,ФРТ,доцент,к.н.
Сидоров А.А.,ФПМИ,ассистент,д.н.
Попов Г.Н.,ФМиЕН,,
Петров И.К.,ФЭТ,доцент,
Козлов З.Т.,ФЭТ,профессор,д.н.
Кузнецов М.Ю.,ФФ,,
Новиков А.А.,ФФ,доцент,
Семенов И.К.,ИТМО,,д.н.
Сидоров Г.Н.,ФМиМ,профессор,к.н.
Алексеев К.М.,ФЭТ,доцент,д.н.
Петров К.М.,ФУПМ,,к.н.
Алексеев А.А.,ФУПМ,профессор,
Иванов Д.С.,ФИТ,ассистент,к.н.
Лебедев Е.П.,ФПМИ,профессор,д.н.
Новиков А.А.,ФИВТ,,д.н.
Морозов В.И.,ФИТ,ассистент,д.н.
Попов Д.С.,ФМиМ,,к.н.
Петров Г.Н.,ФПМИ,профессор,
Лебедев Б.В.,ФИТ,профессор,к.н.
Морозов З.Т.,ФРТ,профессор,д.н.
Иванов Г.Н.,ФИТ,профессор,
Петров И.К.,ФЭТ,,
Сидоров К.М.,ФМиМ,доцент,к.н.
Волков З.Т.,ФФ,профессор,
Егоров Б.В.,ФЭТ,ассистент,
Волков Л.О.,ФПМИ,,
Семенов Б.В.,ФПМИ,ассистент,к.н.
Волков В.И.,ФЭТ,,
Егоров К.М.,ФПМИ,,
Кузнецов И.К.,ФРТ,,к.н.
Козлов Ж.Р.,ФМиМ,ассистент,к.н.
Егоров К.М.,ФМиЕН,,д.н.
Новиков Л.О.,ФИТ,доцент,к.н.
Лебедева З.Т.,ФРТ,ассистент,д.н.
Петров М.Ю.,ФУПМ,профессор,к.н.
Петров Б.В.,ФИТ,доцент,д.н.
Морозов М.Ю.,ФПМИ,,
Новиков М.Ю.,ФУПМ,ассистент,
Алексеев К.М.,ФФ,профессор,д.н.
Волков А.А.,ФРТ,доцент,д.н.
Кузнецов З.Т.,ФМиЕН,доцент,к.н.
Сидоров Л.О.,ФМиЕН,доцент,д.н.
Волков И.К.,ФМиМ,доцент,к.н.
Сидоров Ж.Р.,ИТМО,доцент,к.н.
Алексеев Л.О.,ФИВТ,ассистент,к.н.
Лебедев Л.О.,ФМиМ,ассистент,
Волков Д.С.,ФЭТ,ассистент,к.н.
Морозов Д.С.,ФФ,профессор,к.н.
Соколов Ж.Р.,ФУПМ,ассистент,
Егоров Л.О.,ФИТ,доцент,к.н.
Козлов Л.О.,ФУПМ,доцент,д.н.
Лебедев Ж.Р.,ИТМО,доцент,к.н.
Морозов Л.О.,ФФ,,к.н.
Новиков Л.О.,ФУПМ,доцент,к.н.
Морозов Е.П.,ФФ,профессор,к.н.
Сидоров М.Ю.,ФМиЕН,доцент,
Сидоров Г.Н.,ФИВТ,ассистент,к.н.
Волков В.И.,ФУПМ,,к.н.
Семенов Е.П.,ФМиМ,ассистент,д.н.
Лебедева В.И.,ФФ,доцент,д.н.
Кузнецов Б.В.,ФИТ,,к.н.
Алексеев Д.С.,ФЭТ,доцент,к.н.
Алексеев А.А.,ФЭТ,доцент,
Козлов З.Т.,ФМиЕН,доцент,к.н.
Егоров Е.П.,ИТМО,профессор,
Попов В.И.,ФРТ,профессор,к.н.
Волков Д.С.,ФИТ,,к.н.
Лебедев В.И.,ФФ,ассистент,к.н.
Попов Д.С.,ФРТ,профессор,д.н.
Лебедева И.К.,ФИТ,ассистент,д.н.
Лебедева М.Ю.,ФИТ,ассистент,к.н.
Попов И.К.,ФЭТ,доцент,к.н.
Алексеев В.И.,ФУПМ,доцент,к.н.
Лебедев К.М.,ФПМИ,профессор,
Соколов Г.Н.,ФИТ,,
Соколов И.К.,ФЭТ,,к.н.
Козлов З.Т.,ФРТ,,
Смирнов И.К.,ФПМИ,профессор,д.н.
Сидоров З.Т.,ФМиМ,ассистент,д.н.
Волков Д.С.,ФУПМ,,
Сидоров Б.В.,ФЭТ,доцент,к.н.
Егоров Б.В.,ФЭТ,профессор,к.н.
Алексеев Ж.Р.,ФПМИ,доцент,д.н.
Морозов Д.С.,ФЭТ,ассистент,д.н.
Новиков Г.Н.,ФМиЕН,профессор,к.н.
Семенов И.К.,ФПМИ,доцент,д.н.
Лебедева Б.В.,ФМиМ,доцент,к.н.
Соколов Д.С.,ФПМИ,доцент,к.н.
Козлов Л.О.,ФИВТ,ассистент,д.н.
Морозов З.Т.,ФПМИ,профессор,к.н.
Лебедев М.Ю.,ФИВТ,,к.н.
Лебедева А.А.,ФУПМ,,
Попов М.Ю.,ФИТ,доцент,д.н.
Сидоров Д.С.,ИТМО,,д.н.
Козлов Б.В.,ФЭТ,,к.н.
Козлов З.Т.,ФИВТ,доцент,
Новиков Г.Н.,ФМиЕН,,к.н.
Иванов Б.В.,ФПМИ,профессор,к.н.
Соколов Д.С.,ФМиЕН,,к.н.
Алексеев Г.Н.,ФМиМ,доцент,д.н.
Кузнецов Ж.Р.,ФМиМ,,д.н.
Лебедева З.Т.,ФУПМ,,
Лебедев З.Т.,ИТМО,профессор,к.н.
Козлов Г.Н.,ФИТ,ассистент,
Новиков З.Т.,ФИВТ,профессор,д.н.
Смирнов В.И.,ФФ,,
Алексеев М.Ю.,ФМиЕН,профессор,
Сидоров Ж.Р.,ФФ,ассистент,к.н.
Петров В.И.,ФУПМ,ассистент,д.н.
Лебедев К.М.,ФЭТ,ассистент,д.н.
Лебедев Ж.Р.,ФФ,профессор,к.н.
Морозов М.Ю.,ИТМО,,к.н.
Кузнецов Г.Н.,ИТМО,,к.н.
Козлов Г.Н.,ФПМИ,доцент,д.н.
Петров Г.Н.,ФУПМ,ассистент,
Волков И.К.,ФИВТ,доцент,
Егоров Е.П.,ФУПМ,профессор,
Кузнецов Б.В.,ФРТ,ассистент,
Алексеев И.К.,ИТМО,доцент,д.н.
Сидоров В.И.,ФИТ,доцент,д.н.
Новиков В.И.,ФФ,доцент,к.н.
Лебедев А.А.,ФЭТ,доцент,
Смирнов Г.Н.,ФИТ,профессор,к.н.
Семенов Д.С.,ФМиЕН,профессор,
Егоров А.А.,ИТМО,,
Попов З.Т.,ФПМИ,,д.н.
Соколов А.А.,ФЭТ,ассистент,к.н.
Лебедева Л.О.,ФУПМ,ассистент,к.н.
Козлов Г.Н.,ФРТ,,д.н.
Волков З.Т.,ИТМО,доцент,
Соколов Ж.Р.,ФИВТ,профессор,
Новиков Г.Н.,ФЭТ,доцент,д.н.
Лебедев И.К.,ФПМИ,профессор,
Егоров В.И.,ФМиЕН,профессор,д.н.
Кузнецов Г.Н.,ФФ,доцент,
Петров И.К.,ФРТ,ассистент,
Лебедева Б.В.,ФМиЕН,доцент,к.н.
Морозов И.К.,ФУПМ,,
Егоров З.Т.,ФФ,профессор,к.н.
Алексеев И.К.,ИТМО,,д.н.
Соколов В.И.,ФИВТ,профессор,
Семенов М.Ю.,ФРТ,доцент,к.н.
Козлов Б.В.,ФПМИ,профессор,д.н.
Новиков Ж.Р.,ФПМИ,,д.н.
Лебедева В.И.,ФРТ,,
Петров З.Т.,ФУПМ,доцент,
Морозов Е.П.,ИТМО,доцент,
Петров Ж.Р.,ФУПМ,доцент,д.н.
Егоров Б.В.,ФЭТ,доцент,
Кузнецов М.Ю.,ФМиМ,ассистент,к.н.
Волков К.М.,ФЭТ,профессор,
Лебедева И.К.,ИТМО,,
Соколов Е.П.,ФМиМ,ассистент,
Козлов Л.О.,ФЭТ,доцент,к.н.
Смирнов Ж.Р.,ФЭТ,профессор,к.н.
Алексеев Е.П.,ФМиМ,ассистент,д.н.
Алексеев Е.П.,ФМиЕН,ассистент,
Лебедев Л.О.,ФМиМ,,к.н.
Лебедев Е.П.,ФПМИ,доцент,
Смирнов В.И.,ФЭТ,профессор,к.н.
Попов З.Т.,ФФ,ассистент,д.н.
Егоров Д.С.,ФПМИ,,к.н.
Иванов Ж.Р.,ФМиЕН,,к.н.
Соколов А.А.,ФИТ,,д.н.
Егоров Д.С.,ФИВТ,доцент,д.н.
Алексеев Е.П.,ФПМИ,,к.н.
Сидоров Л.О.,ФФ,,к.н.
Егоров К.М.,ИТМО,ассистент,д.н.
Егоров И.К.,ФФ,профессор,к.н.
Семенов Д.С.,ФМиЕН,,к.н.
Алексеев И.К.,ФУПМ,доцент,к.н.
Егоров В.И.,ФФ,доцент,
Соколов К.М.,ФРТ,профессор,д.н.
Кузнецов З.Т.,ФИТ,ассистент,
Лебедева Б.В.,ФУПМ,ассистент,д.н.
Лебедев Ж.Р.,ИТМО,доцент,к.н.
Лебедева А.А.,ФФ,профессор,д.н.
Козлов В.И.,ФЭТ,доцент,
Егоров Ж.Р.,ФИТ,,д.н.
Новиков Ж.Р.,ФМиМ,ассистент,д.н.
Сидоров М.Ю.,ФУПМ,доцент,д.н.
Семенов А.А.,ФИВТ,доцент,к.н.
Лебедева М.Ю.,ФИТ,ассистент,к.н.
Морозов В.И.,ФЭТ,профессор,д.н.
Волков А.А.,ФФ,ассистент,к.н.
Новиков А.А.,ФУПМ,ассистент,д.н.
Егоров К.М.,ФПМИ,профессор,
Лебедев К.М.,ФИВТ,,д.н.
Петров В.И.,ФУПМ,ассистент,к.н.
Иванов М.Ю.,ФРТ,ассистент,
Кузнецов Е.П.,ФИТ,доцент,д.н.
Соколов М.Ю.,ИТМО,доцент,д.н.
Семенов М.Ю.,ФМиМ,доцент,к.н.
Егоров В.И.,ФИТ,профессор,к.н.
Новиков Ж.Р.,ФУПМ,,
Новиков З.Т.,ФПМИ,профессор,д.н.
Лебедев А.А.,ФРТ,,д.н.
Морозов Л.О.,ФРТ,,д.н.
Егоров М.Ю.,ФЭТ,профессор,
Смирнов И.К.,ФФ,доцент,
Волков Л.О.,ФМиЕН,профессор,к.н.
Лебедева Г.Н.,ИТМО,ассистент,
Петров М.Ю.,ФИВТ,профессор,д.н.
Иванов М.Ю.,ФФ,ассистент,
Петров Б.В.,ФУПМ,,
Алексеев И.К.,ИТМО,профессор,д.н.
Семенов З.Т.,ФПМИ,,
Семенов Б.В.,ФИВТ,профессор,к.н.
Егоров М.Ю.,ИТМО,,к.н.
Попов Г.Н.,ФУПМ,ассистент,к.н.
Соколов Г.Н.,ФФ,ассистент,
Волков А.А.,ФПМИ,,д.н.
Соколов А.А.,ФИВТ,профессор,
Новиков Г.Н.,ФИВТ,доцент,к.н.
Козлов Л.О.,ФЭТ,,д.н.
Сидоров Б.В.,ФИТ,ассистент,
Новиков М.Ю.,ФЭТ,профессор,
Морозов М.Ю.,ИТМО,ассистент,к.н.
Егоров А.А.,ФФ,профессор,к.н.
Смирнов Ж.Р.,ФУПМ,профессор,д.н.
Новиков А.А.,ФИВТ,ассистент,к.н.
Смирнов В.И.,ФРТ,профессор,д.н.
Новиков Г.Н.,ФМиЕН,доцент,
Егоров Б.В.,ФИТ,,
Смирнов А.А.,ФМиМ,,к.н.
Соколов И.К.,ФРТ,доцент,д.н.
Иванов Д.С.,ФРТ,профессор,к.н.
Волков Д.С.,ФИТ,ассистент,к.н.
Новиков З.Т.,ФЭТ,,
Лебедев Б.В.,ФМиЕН,ассистент,д.н.
Петров М.Ю.,ФФ,ассистент,д.н.
Лебедев Б.В.,ФФ,профессор,к.н.
Лебедев В.И.,ФПМИ,доцент,к.н.
Егоров В.И.,ИТМО,,
Алексеев А.А.,ФУПМ,профессор,д.н.
Смирнов Ж.Р.,ФЭТ,ассистент,д.н.
Морозов Е.П.,ИТМО,профессор,
Соколов Б.В.,ФИВТ,ассистент,д.н.
Егоров И.К.,ФРТ,профессор,
Морозов Ж.Р.,ФИВТ,доцент,
Волков К.М.,ФМиЕН,профессор,к.н.
Алексеев Д.С.,ФУПМ,профессор,
Лебедев И.К.,ФМиМ,,к.н.
Алексеев Д.С.,ФМиМ,доцент,
Лебедев И.К.,ФИТ,профессор,д.н.
Кузнецов Д.С.,ФФ,,д.н.
Семенов А.А.,ФУПМ,доцент,к.н.
Новиков К.М.,ФПМИ,,
Алексеев А.А.,ФУПМ,ассистент,к.н.
Морозов И.К.,ФРТ,ассистент,
Петров Б.В.,ФИВТ,доцент,к.н.
Смирнов Ж.Р.,ФФ,доцент,д.н.
Сидоров Е.П.,ФЭТ,доцент,к.н.
Волков Ж.Р.,ФМиЕН,доцент,
Иванов М.Ю.,ФМиЕН,ассистент,к.н.
Морозов К.М.,ФМиМ,ассистент,
Петров Е.П.,ФПМИ,профессор,
Сидоров Б.В.,ФФ,ассистент,
Волков Ж.Р.,ФЭТ,профессор,д.н.
Егоров Б.В.,ФЭТ,,
Семенов З.Т.,ФИТ,доцент,
Соколов Е.П.,ФРТ,доцент,к.н.
Морозов К.М.,ИТМО,,к.н.
Егоров Е.П.,ФРТ,доцент,к.н.
Иванов Г.Н.,ФИТ,ассистент,
Волков Б.В.,ФМиЕН,доцент,к.н.
Морозов Ж.Р.,ИТМО,ассистент,к.н.
Лебедев Б.В.,ФУПМ,профессор,к.н.
Егоров Л.О.,ФУПМ,ассистент,к.н.
Сидоров З.Т.,ФПМИ,доцент,д.н.
Алексеев Е.П.,ФРТ,ассистент,д.н.
Семенов Д.С.,ФМиМ,профессор,к.н.
Сидоров А.А.,ФМиЕН,профессор,к.н.
Иванов З.Т.,ФМиЕН,доцент,д.н.
Семенов Е.П.,ФИВТ,профессор,к.н.
Волков М.Ю.,ФРТ,доцент,д.н.
Егоров И.К.,ФФ,ассистент,д.н.
Козлов Ж.Р.,ФРТ,доцент,д.н.
Козлов И.К.,ФИТ,доцент,к.н.
Лебедева К.М.,ФИВТ,,к.н.
Попов Б.В.,ФУПМ,ассистент,д.н.
Морозов К.М.,ФМиЕН,ассистент,
Морозов Е.П.,ФРТ,доцент,к.н.
Соколов И.К.,ФФ,профессор,к.н.
Егоров М.Ю.,ФУПМ,профессор,к.н.
Попов В.И.,ФРТ,профессор,
Петров И.К.,ФФ,,к.н.
Морозов В.И.,ФМиМ,,д.н.
Лебедев Б.В.,ФИВТ,доцент,к.н.
Кузнецов А.А.,ФРТ,,к.н.
Соколов Л.О.,ФУПМ,,д.н.
Алексеев К.М.,ФПМИ,профессор,д.н.
Сидоров В.И.,ФПМИ,доцент,д.н.
Смирнов З.Т.,ФПМИ,,к.н.
Лебедева Б.В.,ФРТ,профессор,
Алексеев А.А.,ФПМИ,ассистент,к.н.
Егоров Г.Н.,ФМиЕН,ассистент,к.н.
Петров М.Ю.,ИТМО,ассистент,к.н.
Егоров Е.П.,ФУПМ,доцент,к.н.
Егоров К.М.,ФУПМ,ассистент,
Кузнецов И.К.,ФУПМ,профессор,д.н.
Петров Д.С.,ФМиМ,профессор,
Алексеев М.Ю.,ФРТ,доцент,д.н.
Иванов Б.В.,ФМиМ,доцент,к.н.
Козлов М.Ю.,ФПМИ,ассистент,д.н.
Волков Г.Н.,ФМиМ,профессор,
Морозов В.И.,ФФ,ассистент,к.н.
Лебедева Г.Н.,ФЭТ,,
Смирнов Ж.Р.,ФИВТ,доцент,д.н.
Козлов Ж.Р.,ФМиМ,,д.н.
Иванов М.Ю.,ФРТ,ассистент,
Петров Г.Н.,ФЭТ,ассистент,
Сидоров Е.П.,ФМиЕН,ассистент,
Егоров И.К.,ФИВТ,,
Иванов Е.П.,ФИТ,доцент,к.н.
Новиков А.А.,ФЭТ,,
Петров Ж.Р.,ФИТ,ассистент,к.н.
Семенов М.Ю.,ФЭТ,доцент,
Егоров М.Ю.,ИТМО,доцент,
Смирнов Д.С.,ФФ,,
Иванов Г.Н.,ФПМИ,ассистент,к.н.
Алексеев А.А.,ФМиМ,ассистент,
Козлов Ж.Р.,ФМиМ,профессор,
Новиков К.М.,ФПМИ,ассистент,
Козлов Д.С.,ФУПМ,,
Морозов Е.П.,ФЭТ,ассистент,к.н.
Лебедева Ж.Р.,ФИТ,доцент,к.н.
Кузнецов Д.С.,ФМиМ,ассистент,
Петров З.Т.,ФМиМ,,к.н.
Попов Д.С.,ФМиМ,,к.н.
Новиков И.К.,ФМиМ,профессор,д.н.
Семенов З.Т.,ФМиЕН,доцент,к.н.
Иванов И.К.,ФПМИ,ассистент,д.н.
Лебедев В.И.,ФУПМ,доцент,к.н.
Иванов Л.О.,ФРТ,доцент,
Смирнов Б.В.,ФМиМ,ассистент,д.н.
Кузнецов Г.Н.,ФЭТ,доцент,д.н.
Алексеев Ж.Р.,ФРТ,доцент,к.н.
Попов М.Ю.,ФУПМ,,
Соколов Ж.Р.,ФМиМ,,
Семенов М.Ю.,ФИВТ,доцент,д.н.
Лебедева М.Ю.,ФМиМ,доцент,
Петров И.К.,ИТМО,профессор,к.н.
Попов А.А.,ФМиЕН,,к.н.
Петров М.Ю.,ФИВТ,профессор,к.н.
Егоров Л.О.,ФПМИ,доцент,к.н.
Морозов Е.П.,ФПМИ,профессор,д.н.
Козлов Д.С.,ФМиЕН,,д.н.
Алексеев А.А.,ФЭТ,,
Иванов З.Т.,ИТМО,,д.н.
Семенов Л.О.,ФФ,ассистент,д.н.
Соколов Б.В.,ФЭТ,доцент,к.н.
Егоров В.И.,ФУПМ,ассистент,к.н.
Лебедев Б.В.,ФМиЕН,,
Морозов Д.С.,ФИВТ,доцент,
Егоров Б.В.,ФРТ,профессор,к.н.
Новиков Ж.Р.,ФМиМ,профессор,к.н.
Алексеев В.И.,ФРТ,,
Смирнов Б.В.,ФИТ,,
Соколов А.А.,ИТМО,,д.н.
Семенов В.И.,ФРТ,доцент,д.н.
Иванов З.Т.,ФФ,профессор,к.н.
Морозов В.И.,ФПМИ,ассистент,д.н.
Соколов В.И.,ФПМИ,доцент,к.н.
Егоров В.И.,ФЭТ,ассистент,к.н.
Петров И.К.,ФУПМ,доцент,к.н.
Алексеев И.К.,ФПМИ,доцент,
Смирнов З.Т.,ФИВТ,,д.н.
Лебедева З.Т.,ФРТ,,
Волков Е.П.,ФЭТ,доцент,к.н.
Лебедев К.М.,ФФ,профессор,к.н.
Иванов К.М.,ИТМО,профессор,к.н.
Иванов З.Т.,ФИТ,ассистент,д.н.
Иванов М.Ю.,ФМиЕН,доцент,к.н.
Семенов Ж.Р.,ФУПМ,профессор,д.н.
Козлов И.К.,ФИВТ,,
Петров Г.Н.,ФУПМ,профессор,д.н.
Кузнецов М.Ю.,ФИВТ,профессор,
Кузнецов Л.О.,ФФ,ассистент,к.н.
Иванов Л.О.,ФМиЕН,,
Новиков Д.С.,ФУПМ,ассистент,к.н.
Иванов Л.О.,ФИТ,ассистент,д.н.
Морозов В.И.,ФИВТ,доцент,к.н.
Лебедева А.А.,ФЭТ,доцент,д.н.
Попов Д.С.,ИТМО,ассистент,к.н.
Лебедев Г.Н.,ФИТ,доцент,к.н.
Петров А.А.,ФИВТ,доцент,
Сидоров Е.П.,ФРТ,доцент,
Лебедева З.Т.,ИТМО,,
Козлов И.К.,ФПМИ,ассистент,
Соколов А.А.,ФИВТ,,
Иванов Е.П.,ФРТ,,
Сидоров Е.П.,ФРТ,профессор,к.н.
Сидоров А.А.,ФМиЕН,профессор,
Семенов Ж.Р.,ФИТ,профессор,к.н.
Козлов К.М.,ФРТ,ассистент,
Волков М.Ю.,ФМиЕН,ассистент,к.н.
Лебедева Д.С.,ФПМИ,доцент,к.н.
Козлов К.М.,ФРТ,,
Лебедев Д.С.,ФМиМ,профессор,
Волков Г.Н.,ФУПМ,доцент,
Козлов З.Т.,ФМиМ,доцент,д.н.
Егоров М.Ю.,ФЭТ,профессор,
Новиков И.К.,ФУПМ,ассистент,д.н.
Попов Б.В.,ФФ,,д.н.
Смирнов Е.П.,ИТМО,профессор,к.н.
Волков Е.П.,ФМиМ,профессор,к.н.
Иванов Д.С.,ФРТ,профессор,
Козлов К.М.,ФРТ,ассистент,д.н.
Волков В.И.,ФЭТ,профессор,
Волков М.Ю.,ФИТ,ассистент,
Алексеев И.К.,ФЭТ,доцент,к.н.
Попов В.И.,ФПМИ,доцент,к.н.
Морозов Е.П.,ФМиМ,доцент,д.н.
Новиков Б.В.,ФУПМ,доцент,к.н.
Петров А.А.,ФИТ,доцент,д.н.
Иванов И.К.,ФУПМ,ассистент,д.н.
Семенов М.Ю.,ФИТ,профессор,к.н.
Егоров Б.В.,ФФ,доцент,д.н.
Волков Л.О.,ФУПМ,ассистент,
Морозов З.Т.,ФУПМ,,
Смирнов А.А.,ФИТ,,д.н.
Морозов И.К.,ФФ,доцент,д.н.
Волков М.Ю.,ФФ,ассистент,д.н.
Алексеев З.Т.,ИТМО,ассистент,
Петров З.Т.,ФФ,ассистент,
Лебедева И.К.,ФУПМ,,д.н.
Иванов Ж.Р.,ФФ,,к.н.
Семенов З.Т.,ФМиМ,профессор,
Соколов М.Ю.,ФПМИ,ассистент,
Новиков В.И.,ФИТ,доцент,к.н.
Морозов К.М.,ФУПМ,доцент,к.н.
Смирнов Е.П.,ФФ,,к.н.
Козлов В.И.,ФЭТ,доцент,д.н.
Смирнов З.Т.,ФМиЕН,ассистент,
Попов Ж.Р.,ИТМО,,к.н.
Попов Е.П.,ФПМИ,профессор,д.н.
Алексеев Ж.Р.,ФМиЕН,профессор,
Сидоров К.М.,ИТМО,ассистент,д.н.
Смирнов З.Т.,ФФ,профессор,д.н.
Смирнов Г.Н.,ФМиМ,,д.н.
Егоров М.Ю.,ФРТ,профессор,к.н.
Алексеев Е.П.,ФМиЕН,доцент,д.н.
Попов Л.О.,ФМиМ,ассистент,к.н.
Алексеев Е.П.,ФРТ,,к.н.
Попов Б.В.,ФФ,профессор,
Лебедев Ж.Р.,ФМиМ,,к.н.
Волков З.Т.,ФМиЕН,профессор,к.н.
Егоров В.И.,ФРТ,,к.н.
Смирнов И.К.,ФИТ,доцент,
Кузнецов М.Ю.,ФМиМ,,д.н.
Сидоров К.М.,ФМиЕН,доцент,
Козлов Е.П.,ФЭТ,,д.н.
Соколов Е.П.,ФРТ,профессор,
Иванов Л.О.,ФМиЕН,профессор,
Иванов М.Ю.,ФРТ,,д.н.
Алексеев Б.В.,ИТМО,,
Новиков Ж.Р.,ФУПМ,ассистент,д.н.
Семенов Е.П.,ФМиМ,ассистент,
Морозов Б.В.,ФМиЕН,профессор,д.н.
Смирнов З.Т.,ФИТ,ассистент,
Морозов А.А.,ИТМО,,д.н.
Морозов М.Ю.,ФМиЕН,,к.н.
Петров М.Ю.,ФЭТ,,
Смирнов Е.П.,ИТМО,,
Алексеев В.И.,ФЭТ,доцент,
Лебедева И.К.,ФИВТ,профессор,к.н.
Алексеев Г.Н.,ИТМО,доцент,д.н.
Кузнецов И.К.,ФЭТ,ассистент,д.н.
Сидоров А.А.,ФМиЕН,ассистент,
Сидоров А.А.,ФМиМ,доцент,к.н.
Волков Б.В.,ФМиЕН,,д.н.
Лебедева Г.Н.,ФРТ,ассистент,к.н.
Козлов Е.П.,ФУПМ,профессор,д.н.
Новиков Л.О.,ФУПМ,профессор,к.н.
Лебедева В.И.,ФИВТ,,к.н.
Смирнов М.Ю.,ФИВТ,ассистент,д.н.
Петров Л.О.,ФЭТ,профессор,д.н.
Семенов К.М.,ФЭТ,,к.н.
Волков З.Т.,ИТМО,,д.н.
Попов Б.В.,ФЭТ,профессор,к.н.
Иванов Г.Н.,ФПМИ,,
Морозов Л.О.,ИТМО,профессор,д.н.
Новиков А.А.,ФРТ,доцент,д.н.
Смирнов К.М.,ФРТ,ассистент,д.н.
Петров М.Ю.,ФПМИ,ассистент,д.н.
Сидоров К.М.,ФИТ,,к.н.
Смирнов И.К.,ФМиЕН,доцент,к.н.
Лебедева И.К.,ФПМИ,,
Петров И.К.,ФПМИ,профессор,к.н.
Соколов М.Ю.,ФИТ,,
Алексеев М.Ю.,ФИТ,профессор,к.н.
Алексеев Д.С.,ФФ,ассистент,д.н.
Морозов З.Т.,ФЭТ,ассистент,д.н.
Лебедева Б.В.,ФИВТ,,
Лебедева Е.П.,ФРТ,доцент,к.н.
Волков Г.Н.,ФФ,доцент,д.н.
Козлов Л.О.,ФРТ,доцент,д.н.
Смирнов И.К.,ИТМО,,
Лебедев З.Т.,ФУПМ,профессор,к.н.
Новиков Ж.Р.,ФПМИ,,к.н.
Попов Г.Н.,ФФ,,к.н.
Петров Б.В.,ИТМО,,д.н.
Кузнецов К.М.,ИТМО,ассистент,
Морозов К.М.,ФФ,профессор,
Смирнов М.Ю.,ФФ,доцент,д.н.
Иванов И.К.,ФИВТ,ассистент,д.н.
Егоров К.М.,ФИВТ,доцент,д.н.
Козлов Л.О.,ФЭТ,ассистент,д.н.
Лебедева А.А.,ФИТ,профессор,к.н.
Иванов З.Т.,ФФ,доцент,
Морозов Л.О.,ФЭТ,ассистент,д.н.
Иванов Г.Н.,ФМиМ,ассистент,
Новиков Л.О.,ФУПМ,доцент,д.н.
Попов Л.О.,ФЭТ,ассистент,
Егоров К.М.,ИТМО,доцент,к.н.
Смирнов А.А.,ФЭТ,профессор,
Лебедева К.М.,ФМиМ,ассистент,к.н.
Попов А.А.,ФРТ,доцент,к.н.
Попов И.К.,ФФ,,
Семенов И.К.,ФИТ,доцент,
Петров З.Т.,ФИТ,профессор,д.н.
Новиков Ж.Р.,ФРТ,профессор,
Алексеев И.К.,ФПМИ,профессор,к.н.
Алексеев З.Т.,ФРТ,профессор,к.н.
Алексеев Б.В.,ФРТ,ассистент,
Петров Е.П.,ФЭТ,ассистент,к.н.
Сидоров К.М.,ФПМИ,,к.н.
Петров Е.П.,ФФ,профессор,д.н.
Попов Г.Н.,ФМиЕН,доцент,к.н.
Петров Л.О.,ФРТ,профессор,
Петров К.М.,ФЭТ,доцент,д.н.
Лебедева Ж.Р.,ФМиМ,профессор,к.н.
Новиков Г.Н.,ФУПМ,,
Петров И.К.,ФЭТ,профессор,к.н.
Попов Г.Н.,ФРТ,профессор,к.н.
Сидоров К.М.,ФИВТ,,д.н.
Лебедев Б.В.,ФУПМ,,д.н.
Смирнов И.К.,ФПМИ,ассистент,
Новиков Е.П.,ФМиЕН,,д.н.
Петров Г.Н.,ФПМИ,доцент,к.н.
Смирнов И.К.,ФИВТ,профессор,к.н.
Новиков Г.Н.,ИТМО,профессор,д.н.
Попов Ж.Р.,ФУПМ,профессор,
Козлов Г.Н.,ФИТ,профессор,к.н.
Семенов З.Т.,ФМиЕН,доцент,
Волков В.И.,ФПМИ,ассистент,
Кузнецов З.Т.,ФМиЕН,профессор,к.н.
Алексеев А.А.,ФЭТ,ассистент,
Попов Г.Н.,ФИТ,профессор,
Егоров Ж.Р.,ФФ,доцент,
Лебедева З.Т.,ИТМО,профессор,
Петров М.Ю.,ФИТ,ассистент,
Сидоров М.Ю.,ФМиМ,доцент,д.н.
Лебедев Д.С.,ИТМО,доцент,
Алексеев Л.О.,ФУПМ,,
Попов А.А.,ФУПМ,профессор,
Козлов К.М.,ФПМИ,профессор,д.н.
Алексеев Г.Н.,ФУПМ,ассистент,д.н.
Петров Г.Н.,ФМиЕН,,д.н.
Иванов В.И.,ФЭТ,доцент,
Иванов Д.С.,ФИТ,,
Попов В.И.,ФМиЕН,доцент,
Петров Г.Н.,ФУПМ,доцент,д.н.
Иванов В.И.,ФИТ,,д.н.
Волков А.А.,ИТМО,профессор,к.н.
Иванов Ж.Р.,ФЭТ,ассистент,к.н.
Морозов Л.О.,ИТМО,доцент,д.н.
Волков Г.Н.,ФУПМ,ассистент,к.н.
Новиков Б.В.,ИТМО,доцент,д.н.
Соколов Ж.Р.,ФМиЕН,,к.н.
Волков М.Ю.,ФИВТ,ассистент,к.н.
Морозов Л.О.,ФИВТ,доцент,к.н.
Волков З.Т.,ФИВТ,доцент,д.н.
Волков К.М.,ФИВТ,ассистент,
Сидоров А.А.,ФИТ,профессор,
Иванов М.Ю.,ФУПМ,профессор,
Егоров М.Ю.,ФЭТ,ассистент,д.н.
Кузнецов Б.В.,ФЭТ,доцент,к.н.
Попов Б.В.,ИТМО,профессор,
Морозов А.А.,ФЭТ,ассистент,к.н.
Кузнецов Б.В.,ФИВТ,профессор,д.н.
Лебедев Л.О.,ФИТ,профессор,
Семенов Е.П.,ФРТ,профессор,
Егоров Ж.Р.,ФМиЕН,,д.н.
Алексеев Д.С.,ФРТ,доцент,
Соколов М.Ю.,ИТМО,,
Иванов К.М.,ФПМИ,,
Петров А.А.,ФУПМ,,д.н.
Кузнецов Ж.Р.,ИТМО,профессор,д.н.
Смирнов М.Ю.,ФЭТ,доцент,д.н.
Егоров Л.О.,ФЭТ,ассистент,д.н.
Лебедева Д.С.,ИТМО,,
Семенов И.К.,ФПМИ,доцент,д.н.
Волков Д.С.,ФЭТ,,
Петров К.М.,ФМиЕН,ассистент,к.н.
Волков К.М.,ФМиЕН,,к.н.
Волков Е.П.,ФПМИ,профессор,
Морозов К.М.,ФУПМ,профессор,к.н.
Лебедева З.Т.,ФМиЕН,,д.н.
Волков З.Т.,ФУПМ,,д.н.
Сидоров В.И.,ФРТ,,д.н.
Козлов Ж.Р.,ФМиЕН,,к.н.
Морозов К.М.,ФИВТ,ассистент,к.н.
Лебедева Л.О.,ФРТ,,д.н.
Новиков В.И.,ФУПМ,ассистент,
Смирнов В.И.,ФРТ,ассистент,
Смирнов М.Ю.,ФРТ,,к.н.
Петров З.Т.,ИТМО,ассистент,к.н.
Попов И.К.,ФУПМ,профессор,д.н.
Соколов Д.С.,ИТМО,ассистент,к.н.
Смирнов З.Т.,ФМиМ,,
Смирнов Г.Н.,ФМиМ,доцент,
Петров К.М.,ФФ,доцент,к.н.
Попов З.Т.,ФМиЕН,профессор,к.н.
Иванов Л.О.,ФРТ,ассистент,
Егоров З.Т.,ИТМО,доцент,д.н.
Лебедева Е.П.,ФЭТ,доцент,д.н.
Морозов К.М.,ФИВТ,ассистент,
Морозов К.М.,ФУПМ,ассистент,д.н.
Морозов К.М.,ФИВТ,доцент,
Морозов Л.О.,ФИВТ,профессор,
Козлов З.Т.,ФПМИ,,к.н.
Козлов К.М.,ФУПМ,ассистент,к.н.
Козлов Д.С.,ФМиЕН,ассистент,к.н.
Смирнов М.Ю.,ФУПМ,ассистент,д.н.
Смирнов Ж.Р.,ФПМИ,ассистент,д.н.
Кузнецов А.А.,ФИТ,,к.н.
Алексеев Ж.Р.,ФУПМ,ассистент,д.н.
Лебедева А.А.,ФМиЕН,,
Козлов З.Т.,ФУПМ,доцент,д.н.
Новиков К.М.,ФМиЕН,ассистент,к.н.
Семенов А.А.,ИТМО,профессор,к.н.
Кузнецов Л.О.,ФМиМ,ассистент,к.н.
Морозов Г.Н.,ФИВТ,,
Лебедев З.Т.,ФИВТ,доцент,
Егоров М.Ю.,ИТМО,,
Сидоров К.М.,ФУПМ,профессор,к.н.
Смирнов Б.В.,ФУПМ,ассистент,д.н.
Соколов Е.П.,ФРТ,доцент,к.н.
Петров Д.С.,ФИВТ,ассистент,к.н.
Иванов К.М.,ФУПМ,профессор,д.н.
Волков И.К.,ФЭТ,доцент,к.н.
Смирнов А.А.,ИТМО,профессор,
Иванов Б.В.,ФУПМ,ассистент,
Кузнецов К.М.,ФУПМ,,к.н.
Лебедев Д.С.,ФПМИ,профессор,
Лебедев В.И.,ФМиЕН,,к.н.
Смирнов В.И.,ФЭТ,ассистент,
Сидоров К.М.,ФПМИ,профессор,д.н.
Лебедева М.Ю.,ФУПМ,доцент,д.н.
Алексеев М.Ю.,ФИВТ,ассистент,к.н.
Кузнецов А.А.,ФЭТ,профессор,к.н.
Соколов Л.О.,ИТМО,ассистент,д.н.
Сидоров М.Ю.,ФФ,доцент,
Новиков Ж.Р.,ФМиМ,профессор,к.н.
Егоров Г.Н.,ФПМИ,профессор,к.н.
Алексеев М.Ю.,ИТМО,доцент,
Егоров В.И.,ФФ,доцент,д.н.
Кузнецов А.А.,ИТМО,профессор,к.н.
Лебедев Б.В.,ИТМО,доцент,к.н.
Морозов З.Т.,ФМиМ,доцент,д.н.
Новиков Д.С.,ФИВТ,профессор,д.н.
Морозов Б.В.,ИТМО,профессор,к.н.
Соколов Ж.Р.,ФИТ,профессор,к.н.
Козлов Г.Н.,ФРТ,ассистент,
Лебедев А.А.,ИТМО,ассистент,д.н.
Петров Е.П.,ФМиМ,профессор,д.н.
Смирнов А.А.,ФУПМ,ассистент,к.н.
Соколов Д.С.,ФМиМ,доцент,к.н.
Лебедева Г.Н.,ФФ,профессор,к.н.
Новиков К.М.,ИТМО,ассистент,к.н.
Кузнецов Б.В.,ФЭТ,профессор,к.н.
Новиков Б.В.,ФИВТ,профессор,к.н.
Алексеев Б.В.,ФЭТ,профессор,к.н.
Сидоров А.А.,ФИВТ,,д.н.
Морозов Ж.Р.,ФМиЕН,,
Новиков Ж.Р.,ИТМО,доцент,
Козлов Ж.Р.,ИТМО,ассистент,к.н.
Лебедева Е.П.,ФПМИ,доцент,к.н.
Семенов Л.О.,ФМиМ,доцент,д.н.
Попов Ж.Р.,ФМиМ,,
Морозов Г.Н.,ФИВТ,профессор,
Соколов Д.С.,ФЭТ,профессор,
Алексеев Г.Н.,ФРТ,доцент,
Кузнецов В.И.,ИТМО,доцент,к.н.
Иванов З.Т.,ИТМО,доцент,к.н.
Соколов Ж.Р.,ИТМО,профессор,к.н.
Иванов И.К.,ФРТ,профессор,
Иванов Д.С.,ФМиЕН,ассистент,
Попов А.А.,ФМиМ,профессор,к.н.
Волков К.М.,ФУПМ,профессор,к.н.
Сидоров Л.О.,ФИТ,ассистент,д.н.
Морозов Б.В.,ФФ,ассистент,к.н.
Петров А.А.,ФУПМ,доцент,д.н.
Егоров В.И.,ИТМО,профессор,
Морозов М.Ю.,ФМиМ,профессор,к.н.
Алексеев А.А.,ФЭТ,доцент,д.н.
Сидоров Б.В.,ФЭТ,доцент,
Иванов Е.П.,ФРТ,ассистент,
Кузнецов З.Т.,ФМиМ,профессор,к.н.
Семенов Л.О.,ФРТ,профессор,д.н.
Семенов В.И.,ФИТ,,к.н.
Смирнов Л.О.,ФПМИ,,
Егоров В.И.,ФИВТ,,к.н.
Лебедев В.И.,ФУПМ,профессор,к.н.
Морозов Е.П.,ФЭТ,доцент,к.н.
Егоров Ж.Р.,ФИТ,профессор,д.н.
Сидоров К.М.,ФИВТ,доцент,
Лебедева М.Ю.,ФИВТ,ассистент,к.н.
Иванов Г.Н.,ФУПМ,доцент,д.н.
Иванов И.К.,ФФ,профессор,к.н.
Смирнов Ж.Р.,ФИВТ,профессор,д.н.
Алексеев К.М.,ФФ,профессор,
Лебедева Л.О.,ИТМО,профессор,к.н.
Иванов Б.В.,ФМиМ,доцент,д.н.
Козлов М.Ю.,ИТМО,профессор,
Лебедева А.А.,ФМиМ,доцент,д.н.
Новиков В.И.,ФУПМ,ассистент,
Попов Д.С.,ФЭТ,,
Волков Л.О.,ФИВТ,доцент,к.н.
Петров Б.В.,ФПМИ,доцент,
Смирнов М.Ю.,ФФ,профессор,
Морозов Б.В.,ФМиМ,профессор,
Лебедев Б.В.,ФЭТ,доцент,
Морозов Д.С.,ФРТ,ассистент,
Иванов Ж.Р.,ФИТ,ассистент,д.н.
Семенов Л.О.,ФУПМ,профессор,к.н.
Смирнов Д.С.,ФПМИ,,д.н.
Егоров Г.Н.,ФПМИ,,
Лебедева И.К.,ФРТ,ассистент,д.н.
Егоров И.К.,ИТМО,ассистент,д.н.
Алексеев З.Т.,ИТМО,профессор,
Козлов В.И.,ФЭТ,,к.н.
Морозов Б.В.,ФИТ,профессор,д.н.
Морозов Е.П.,ФРТ,профессор,к.н.
Соколов А.А.,ФРТ,профессор,д.н.
Лебедев К.М.,ФМиЕН,доцент,
Новиков К.М.,ФРТ,ассистент,д.н.
Попов К.М.,ФМиЕН,ассистент,к.н.
Новиков Г.Н.,ФМиЕН,доцент,к.н.
Попов А.А.,ФУПМ,профессор,
Петров М.Ю.,ФФ,,д.н.
Сидоров И.К.,ФПМИ,ассистент,
Лебедева К.М.,ФИТ,ассистент,
Егоров Г.Н.,ФМиЕН,,д.н.
Попов И.К.,ФМиМ,,к.н.
Лебедев Л.О.,ИТМО,,к.н.
Иванов К.М.,ФРТ,,
Егоров М.Ю.,ФИВТ,,к.н.
Козлов Д.С.,ФМиЕН,профессор,д.н.
Волков К.М.,ФЭТ,профессор,
Новиков Ж.Р.,ФИВТ,,
Морозов Г.Н.,ФФ,профессор,д.н.
Соколов Б.В.,ФЭТ,,к.н.
Сидоров М.Ю.,ФМиМ,,
Алексеев А.А.,ФИВТ,,д.н.
Попов Б.В.,ФЭТ,ассистент,
Кузнецов Е.П.,ФУПМ,ассистент,
Козлов Ж.Р.,ФУПМ,ассистент,д.н.
Егоров А.А.,ФЭТ,профессор,д.н.
Попов И.К.,ИТМО,доцент,к.н.
Алексеев Д.С.,ФМиМ,,
Лебедева В.И.,ИТМО,доцент,к.н.
Егоров Б.В.,ФИВТ,,д.н.
Кузнецов Е.П.,ФИТ,профессор,
Морозов В.И.,ФФ,профессор,
Иванов А.А.,ФФ,профессор,
Сидоров Г.Н.,ФМиЕН,профессор,д.н.
Морозов А.А.,ФЭТ,,к.н.
Смирнов А.А.,ФИВТ,,
Сидоров К.М.,ИТМО,доцент,
Лебедев Ж.Р.,ФИТ,профессор,д.н.
Попов З.Т.,ФРТ,,д.н.
Сидоров З.Т.,ФМиМ,ассистент,
Лебедев Б.В.,ФРТ,ассистент,
Иванов А.А.,ИТМО,профессор,
Иванов В.И.,ФПМИ,,д.н.
Лебедев К.М.,ФФ,доцент,
Новиков И.К.,ФИВТ,,д.н.
Сидоров З.Т.,ФФ,профессор,д.н.
Попов А.А.,ФИТ,,
Алексеев И.К.,ФМиМ,доцент,д.н.
Попов А.А.,ФФ,доцент,
Морозов К.М.,ФЭТ,доцент,к.н.
Смирнов Е.П.,ФФ,доцент,к.н.
Попов Л.О.,ФПМИ,,к.н.
Алексеев В.И.,ФЭТ,ассистент,
Сидоров В.И.,ФМиМ,ассистент,
Новиков Ж.Р.,ФМиЕН,,к.н.
Кузнецов М.Ю.,ФЭТ,ассистент,
Егоров Ж.Р.,ФУПМ,,д.н.
Лебедева Ж.Р.,ФМиЕН,доцент,
Попов М.Ю.,ФУПМ,профессор,
Кузнецов Ж.Р.,ФИВТ,доцент,д.н.
Волков М.Ю.,ФУПМ,ассистент,
Новиков Е.П.,ИТМО,доцент,к.н.
Иванов З.Т.,ФИТ,ассистент,
Новиков Ж.Р.,ФМиМ,доцент,д.н.
Новиков Д.С.,ФРТ,доцент,к.н.
Новиков Г.Н.,ФФ,доцент,к.н.
Козлов Л.О.,ФМиМ,,д.н.
Морозов Л.О.,ФМиМ,профессор,д.н.
Сидоров А.А.,ФРТ,профессор,д.н.
Козлов М.Ю.,ФПМИ,профессор,к.н.
Егоров К.М.,ИТМО,профессор,
Волков В.И.,ФИТ,доцент,
Сидоров Е.П.,ФУПМ,профессор,д.н.
Егоров Б.В.,ИТМО,,д.н.
Сидоров З.Т.,ФИТ,профессор,к.н.
Смирнов В.И.,ФМиЕН,,
Лебедев М.Ю.,ФПМИ,ассистент,к.н.
Смирнов Г.Н.,ФРТ,профессор,
Волков А.А.,ФЭТ,,д.н.
Петров Ж.Р.,ФИВТ,профессор,к.н.
Смирнов М.Ю.,ФУПМ,доцент,к.н.
Алексеев Г.Н.,ФМиМ,ассистент,к.н.
Козлов Ж.Р.,ФЭТ,профессор,
Петров З.Т.,ФМиМ,доцент,д.н.
Козлов Г.Н.,ФПМИ,ассистент,
Попов В.И.,ФИВТ,профессор,
Кузнецов Е.П.,ФФ,ассистент,д.н.
Семенов В.И.,ФМиЕН,,д.н.
Волков М.Ю.,ФПМИ,доцент,к.н.
Лебедева Г.Н.,ФРТ,,
Петров Ж.Р.,ФФ,доцент,
Семенов Д.С.,ФИВТ,ассистент,
Морозов К.М.,ФИВТ,профессор,
Соколов Ж.Р.,ФМиМ,доцент,к.н.
Сидоров Д.С.,ИТМО,,к.н.
Алексеев Г.Н.,ФМиЕН,,
Алексеев Д.С.,ФПМИ,профессор,
Сидоров Б.В.,ФУПМ,ассистент,д.н.
Иванов Е.П.,ФУПМ,,д.н.
Смирнов Б.В.,ФРТ,доцент,к.н.
Соколов И.К.,ИТМО,,
Смирнов Г.Н.,ФУПМ,доцент,
Семенов В.И.,ФМиМ,,
Лебедева М.Ю.,ФМиМ,,к.н.
Волков Б.В.,ФМиМ,,
Егоров А.А.,ИТМО,,д.н.
Смирнов Е.П.,ФМиЕН,доцент,к.н.
Лебедева А.А.,ФМиЕН,,д.н.
Алексеев З.Т.,ФРТ,доцент,
Морозов М.Ю.,ФПМИ,ассистент,к.н.
Егоров Ж.Р.,ФУПМ,,
Сидоров Л.О.,ИТМО,ассистент,к.н.
Козлов Ж.Р.,ФЭТ,,д.н.
Иванов Г.Н.,ФРТ,,д.н.
Морозов Б.В.,ФМиМ,доцент,к.н.
Сидоров Д.С.,ФУПМ,доцент,д.н.
Козлов А.А.,ФФ,профессор,д.н.
Морозов К.М.,ФРТ,доцент,д.н.
Кузнецов Ж.Р.,ФИВТ,доцент,д.н.
Егоров Л.О.,ФИТ,ассистент,
Лебедева Д.С.,ФМиМ,профессор,к.н.
Петров Г.Н.,ФМиМ,профессор,
Петров М.Ю.,ФМиМ,профессор,д.н.
Попов К.М.,ИТМО,ассистент,к.н.
Иванов А.А.,ФПМИ,профессор,д.н.
Кузнецов К.М.,ФЭТ,доцент,
Волков Г.Н.,ФФ,ассистент,
Новиков М.Ю.,ФРТ,ассистент,к.н.
Семенов З.Т.,ФРТ,ассистент,
Кузнецов И.К.,ФУПМ,доцент,
Лебедева Е.П.,ФПМИ,профессор,к.н.
Сидоров И.К.,ФЭТ,профессор,
Егоров Л.О.,ФМиЕН,,к.н.
Попов Г.Н.,ФИТ,ассистент,
Козлов Ж.Р.,ФМиЕН,ассистент,к.н.
Петров А.А.,ФМиМ,доцент,
Попов М.Ю.,ФФ,,
Кузнецов Г.Н.,ФРТ,ассистент,к.н.
Лебедев Ж.Р.,ФПМИ,ассистент,к.н.
Кузнецов Ж.Р.,ИТМО,доцент,д.н.
Кузнецов М.Ю.,ИТМО,,
Егоров Л.О.,ФРТ,доцент,д.н.
Егоров А.А.,ФЭТ,доцент,к.н.
Смирнов Л.О.,ФМиЕН,доцент,
Козлов И.К.,ФИТ,доцент,
Семенов Ж.Р.,ИТМО,профессор,д.н.
Смирнов Д.С.,ИТМО,профессор,
Семенов И.К.,ФМиМ,ассистент,
Кузнецов В.И.,ФЭТ,ассистент,д.н.
Новиков Е.П.,ФИТ,,
Попов З.Т.,ФИВТ,ассистент,д.н.
Кузнецов Е.П.,ФПМИ,,д.н.
Сидоров З.Т.,ФМиМ,доцент,к.н.
Кузнецов В.И.,ФМиЕН,,
Петров Е.П.,ФМиЕН,профессор,д.н.
Козлов В.И.,ИТМО,профессор,д.н.
Иванов Е.П.,ИТМО,профессор,д.н.
Волков И.К.,ФЭТ,,к.н.
Волков З.Т.,ФПМИ,доцент,д.н.
Кузнецов Б.В.,ФИТ,профессор,к.н.
Лебедева Д.С.,ФФ,доцент,к.н.
Волков М.Ю.,ФИВТ,доцент,д.н.
Козлов А.А.,ФУПМ,доцент,к.н.
Новиков Б.В.,ФФ,профессор,
Смирнов М.Ю.,ИТМО,ассистент,к.н.
Иванов М.Ю.,ФИТ,профессор,
Лебедев К.М.,ФПМИ,,
Морозов Г.Н.,ФМиМ,,д.н.
Новиков Г.Н.,ФИВТ,профессор,к.н.
Лебедева И.К.,ФЭТ,,
Новиков Г.Н.,ФИТ,,
Козлов В.И.,ФЭТ,ассистент,д.н.
Козлов З.Т.,ФМиЕН,,
Попов Г.Н.,ФФ,профессор,д.н.
Алексеев З.Т.,ФПМИ,профессор,
Козлов И.К.,ФИТ,ассистент,к.н.
Попов Д.С.,ФИВТ,,
Волков Е.П.,ФФ,профессор,д.н.
Козлов И.К.,ФМиМ,доцент,
Егоров М.Ю.,ФИТ,доцент,д.н.
Новиков Б.В.,ФЭТ,доцент,к.н.
Новиков Д.С.,ФЭТ,,к.н.
Петров З.Т.,ФМиЕН,доцент,
Семенов Ж.Р.,ФМиМ,профессор,д.н.
Петров Г.Н.,ИТМО,доцент,д.н.
Петров З.Т.,ФМиЕН,,
Морозов З.Т.,ФПМИ,доцент,к.н.
Лебедева В.И.,ФФ,профессор,д.н.
Семенов Е.П.,ФИВТ,,
Смирнов Б.В.,ФИВТ,,д.н.
Егоров Г.Н.,ФИТ,,к.н.
Алексеев Г.Н.,ФМиЕН,ассистент,к.н.
Соколов А.А.,ФИТ,доцент,д.н.
Кузнецов Г.Н.,ФМиМ,доцент,к.н.
Петров М.Ю.,ФРТ,доцент,
Сидоров Б.В.,ФМиЕН,ассистент,
Петров А.А.,ФФ,профессор,д.н.
Егоров Е.П.,ФМиЕН,доцент,к.н.
Попов З.Т.,ФУПМ,ассистент,к.н.
Морозов К.М.,ФИТ,профессор,д.н.
Егоров З.Т.,ФМиМ,ассистент,д.н.
Иванов И.К.,ФИВТ,ассистент,
Кузнецов К.М.,ФУПМ,доцент,д.н.
Кузнецов М.Ю.,ФИТ,ассистент,
Смирнов З.Т.,ФМиМ,ассистент,
Соколов Ж.Р.,ФРТ,ассистент,д.н.
Егоров К.М.,ФФ,профессор,
Лебедева Г.Н.,ФПМИ,ассистент,д.н.
Козлов Е.П.,ФФ,доцент,
Новиков Г.Н.,ФРТ,профессор,д.н.
Сидоров В.И.,ФИТ,,
Иванов Л.О.,ФФ,профессор,
Семенов М.Ю.,ФПМИ,доцент,д.н.
Соколов Л.О.,ФУПМ,доцент,д.н.
Новиков А.А.,ФИТ,,д.н.
Лебедев З.Т.,ФИВТ,доцент,
Петров Г.Н.,ФМиЕН,доцент,к.н.
Алексеев Е.П.,ИТМО,ассистент,
Волков Е.П.,ФИВТ,ассистент,к.н.
Егоров Б.В.,ФУПМ,,
Егоров М.Ю.,ФМиМ,доцент,
Семенов Л.О.,ФИВТ,ассистент,к.н.
Иванов Б.В.,ФУПМ,профессор,д.н.
Попов А.А.,ФФ,,к.н.
Соколов Д.С.,ФРТ,доцент,к.н.
Алексеев Г.Н.,ФЭТ,доцент,
Лебедев М.Ю.,ФФ,профессор,к.н.
Соколов Б.В.,ФИТ,,к.н.
Попов И.К.,ФМиЕН,профессор,
Иванов И.К.,ФИВТ,ассистент,
Егоров И.К.,ФМиМ,доцент,
Попов З.Т.,ФФ,ассистент,д.н.
Попов Е.П.,ФМиМ,доцент,
Новиков К.М.,ФФ,,
Соколов В.И.,ФИТ,профессор,д.н.
Смирнов И.К.,ФПМИ,профессор,
Волков Г.Н.,ФУПМ,,к.н.
Кузнецов А.А.,ФМиЕН,доцент,д.н.
Соколов Л.О.,ФФ,,
Попов Г.Н.,ФМиМ,,
Лебедев И.К.,ФФ,профессор,д.н.
Новиков И.К.,ФЭТ,,к.н.
Иванов Ж.Р.,ИТМО,ассистент,д.н.
Семенов Ж.Р.,ФРТ,ассистент,
Лебедева Ж.Р.,ФИВТ,,
Соколов Л.О.,ИТМО,профессор,
Новиков И.К.,ИТМО,,
Лебедев Г.Н.,ФРТ,доцент,к.н.
Козлов З.Т.,ФИТ,,
Новиков Б.В.,ФФ,ассистент,
Иванов Д.С.,ФМиЕН,ассистент,к.н.
Кузнецов М.Ю.,ФУПМ,профессор,
Волков Е.П.,ФФ,профессор,к.н.
Козлов М.Ю.,ФИВТ,доцент,к.н.
Егоров И.К.,ФЭТ,доцент,
Семенов К.М.,ФЭТ,,к.н.
Козлов А.А.,ФИВТ,профессор,к.н.
Лебедев А.А.,ФИТ,,
Сидоров Л.О.,ФМиМ,профессор,д.н.
Егоров М.Ю.,ФУПМ,,д.н.
Лебедев А.А.,ФРТ,доцент,к.н.
Новиков Б.В.,ФУПМ,ассистент,к.н.
Кузнецов Е.П.,ИТМО,доцент,к.н.
Новиков Д.С.,ФРТ,доцент,к.н.
Кузнецов К.М.,ФПМИ,доцент,д.н.
Лебедев Д.С.,ФМиЕН,доцент,к.н.
Алексеев А.А.,ФРТ,ассистент,
Смирнов К.М.,ФУПМ,профессор,к.н.
Иванов Л.О.,ФМиМ,ассистент,
Семенов И.К.,ФИВТ,профессор,к.н.
Лебедев Г.Н.,ФФ,профессор,к.н.
Попов Е.П.,ФИВТ,,д.н.
Новиков А.А.,ФИТ,доцент,к.н.
Петров Д.С.,ФЭТ,профессор,д.н.
Соколов Л.О.,ФУПМ,доцент,к.н.
Петров К.М.,ФФ,доцент,
Петров А.А.,ФРТ,доцент,к.н.
Семенов И.К.,ФИВТ,профессор,д.н.
Лебедев Г.Н.,ФЭТ,доцент,к.н.
Лебедева И.К.,ФЭТ,доцент,д.н.
Кузнецов И.К.,ФМиМ,ассистент,к.н.
Соколов Л.О.,ФМиЕН,доцент,
Алексеев Е.П.,ФРТ,доцент,
Соколов И.К.,ФИТ,ассистент,
Иванов Ж.Р.,ИТМО,доцент,к.н.
Морозов Е.П.,ФРТ,ассистент,д.н.
Смирнов Л.О.,ФМиМ,,
Попов Д.С.,ФУПМ,ассистент,к.н.
Егоров Л.О.,ФМиЕН,доцент,
Лебедева И.К.,ФИТ,доцент,к.н.
Иванов З.Т.,ИТМО,профессор,к.н.
Петров Б.В.,ИТМО,профессор,д.н.
Волков Д.С.,ФИВТ,,
Алексеев Е.П.,ФЭТ,доцент,д.н.
Попов В.И.,ФМиЕН,профессор,д.н.
Сидоров И.К.,ФУПМ,ассистент,д.н.
Лебедева В.И.,ФМиМ,ассистент,
Сидоров Л.О.,ФПМИ,профессор,
Попов В.И.,ФУПМ,профессор,д.н.
Соколов Е.П.,ФУПМ,,д.н.
Попов Г.Н.,ФМиЕН,доцент,к.н.
Сидоров Б.В.,ФМиМ,,к.н.
Новиков М.Ю.,ФМиМ,ассистент,д.н.
Соколов Б.В.,ФИТ,ассистент,к.н.
Алексеев Г.Н.,ФПМИ,ассистент,к.н.
Новиков И.К.,ФФ,профессор,д.н.
Смирнов И.К.,ФМиЕН,ассистент,д.н.
Семенов И.К.,ФИТ,доцент,д.н.
Егоров Л.О.,ФЭТ,,к.н.
Сидоров Б.В.,ФИТ,доцент,
Сидоров Г.Н.,ФЭТ,профессор,
Алексеев Д.С.,ФМиЕН,ассистент,д.н.
Лебедев К.М.,ФМиЕН,ассистент,к.н.
Попов В.И.,ФИВТ,ассистент,
Соколов И.К.,ФРТ,профессор,к.н.
Иванов Ж.Р.,ФЭТ,,к.н.
Лебедев Г.Н.,ФРТ,ассистент,д.н.
Морозов М.Ю.,ФМиМ,ассистент,к.н.
Лебедева Ж.Р.,ФФ,профессор,д.н.
Волков А.А.,ФМиМ,доцент,д.н.
Алексеев Л.О.,ФРТ,ассистент,
Иванов Г.Н.,ФРТ,,к.н.
Новиков Л.О.,ФЭТ,ассистент,к.н.
Козлов А.А.,ФРТ,,д.н.
Сидоров Д.С.,ФИТ,доцент,
Лебедев Д.С.,ФРТ,доцент,
Попов М.Ю.,ФМиЕН,,д.н.
Лебедев Д.С.,ИТМО,ассистент,д.н.
Иванов Д.С.,ФУПМ,профессор,
Лебедева К.М.,ФМиМ,ассистент,к.н.
Козлов Б.В.,ФМиЕН,профессор,д.н.
Волков М.Ю.,ИТМО,профессор,
Волков М.Ю.,ФФ,профессор,
Новиков А.А.,ФИВТ,ассистент,
Морозов Д.С.,ИТМО,ассистент,к.н.
Смирнов В.И.,ФМиМ,ассистент,д.н.
Петров Е.П.,ФМиЕН,ассистент,
Кузнецов В.И.,ФИТ,ассистент,д.н.
Алексеев К.М.,ФРТ,доцент,к.н.
Соколов В.И.,ФФ,профессор,
Иванов И.К.,ФПМИ,профессор,
Морозов Ж.Р.,ФРТ,,
Козлов Е.П.,ФФ,профессор,д.н.
Кузнецов Л.О.,ФФ,,
Волков Ж.Р.,ФИТ,профессор,д.н.
Петров В.И.,ФРТ,профессор,к.н.
Соколов В.И.,ФПМИ,ассистент,
Иванов Г.Н.,ФУПМ,профессор,к.н.
Алексеев В.И.,ФРТ,ассистент,к.н.
Петров Л.О.,ФФ,профессор,д.н.
Лебедева А.А.,ФПМИ,,д.н.
Сидоров Е.П.,ФУПМ,ассистент,д.н.
Сидоров И.К.,ФФ,профессор,к.н.
Иванов З.Т.,ФФ,профессор,к.н.
Новиков Б.В.,ФИТ,профессор,к.н.
Петров З.Т.,ФМиМ,,к.н.
Лебедева Г.Н.,ФРТ,,к.н.
Козлов Е.П.,ФЭТ,доцент,д.н.
Лебедева К.М.,ФПМИ,доцент,д.н.
Новиков Д.С.,ФФ,доцент,
Лебедева И.К.,ФУПМ,доцент,д.н.
Петров Ж.Р.,ФЭТ,ассистент,д.н.
Новиков К.М.,ФФ,,
Козлов Л.О.,ФИТ,ассистент,
Лебедев Ж.Р.,ФМиМ,,к.н.
Кузнецов К.М.,ФРТ,профессор,д.н.
Соколов В.И.,ФИВТ,,д.н.
Петров Г.Н.,ФИВТ,профессор,д.н.
Козлов Ж.Р.,ФМиМ,,д.н.
Лебедев Г.Н.,ФРТ,профессор,д.н.
Волков К.М.,ФМиМ,профессор,
Лебедев Ж.Р.,ФИВТ,ассистент,
Смирнов Л.О.,ИТМО,,к.н.
Попов Ж.Р.,ФФ,доцент,к.н.
Кузнецов М.Ю.,ФПМИ,профессор,к.н.
Сидоров М.Ю.,ФИТ,ассистент,д.н.
Сидоров Г.Н.,ФУПМ,ассистент,к.н.
Петров Г.Н.,ФМиМ,,
Кузнецов К.М.,ФМиЕН,,к.н.
Егоров М.Ю.,ФРТ,профессор,д.н.
Волков Д.С.,ФПМИ,ассистент,к.н.
Волков К.М.,ФМиМ,профессор,д.н.
Лебедева Г.Н.,ФИТ,доцент,д.н.
Соколов К.М.,ФМиМ,,к.н.
Семенов Г.Н.,ФМиЕН,профессор,д.н.
Лебедева Е.П.,ФРТ,,д.н.
Петров В.И.,ФМиМ,профессор,к.н.
Лебедев Л.О.,ФЭТ,доцент,д.н.
Козлов Е.П.,ИТМО,доцент,
Морозов И.К.,ФЭТ,,д.н.
Попов Ж.Р.,ФФ,доцент,
Кузнецов К.М.,ФМиЕН,доцент,к.н.
Лебедева Б.В.,ФЭТ,профессор,д.н.
Иванов Л.О.,ФУПМ,,д.н.
Смирнов М.Ю.,ФПМИ,доцент,
Кузнецов Д.С.,ФФ,ассистент,
Сидоров Л.О.,ФИВТ,доцент,к.н.
Новиков Л.О.,ФИТ,ассистент,к.н.
Алексеев Г.Н.,ФУПМ,ассистент,д.н.
Козлов Е.П.,ФМиЕН,профессор,
Сидоров К.М.,ФИТ,ассистент,д.н.
Петров Д.С.,ФМиЕН,ассистент,д.н.
Лебедева Д.С.,ФУПМ,ассистент,к.н.
Новиков М.Ю.,ФМиЕН,,к.н.
Смирнов З.Т.,ФМиМ,ассистент,
Козлов Г.Н.,ФИВТ,ассистент,д.н.
Лебедева Е.П.,ФРТ,ассистент,д.н.
Кузнецов К.М.,ФПМИ,ассистент,д.н.
Морозов А.А.,ФПМИ,ассистент,д.н.
Морозов К.М.,ФИТ,доцент,д.н.
Козлов Д.С.,ФУПМ,профессор,к.н.
Соколов В.И.,ФИВТ,доцент,д.н.
Егоров И.К.,ФУПМ,доцент,д.н.
Козлов Ж.Р.,ФУПМ,профессор,к.н.
Сидоров А.А.,ФФ,ассистент,
Смирнов Ж.Р.,ФУПМ,ассистент,
Иванов З.Т.,ФИТ,,д.н.
Алексеев А.А.,ФПМИ,доцент,к.н.
Лебедев А.А.,ФМиМ,доцент,д.н.
Иванов И.К.,ФПМИ,профессор,к.н.
Козлов Ж.Р.,ФРТ,,к.н.
Козлов К.М.,ФУПМ,профессор,к.н.
Соколов Е.П.,ИТМО,ассистент,д.н.
Попов Г.Н.,ФИВТ,профессор,д.н.
Сидоров М.Ю.,ФЭТ,,
Козлов М.Ю.,ФФ,ассистент,д.н.
Попов Ж.Р.,ФИТ,,д.н.
Кузнецов И.К.,ФФ,ассистент,д.н.
Петров Б.В.,ФМиЕН,профессор,
Соколов Г.Н.,ФРТ,ассистент,к.н.
Кузнецов А.А.,ФМиМ,профессор,д.н.
Новиков Ж.Р.,ФМиМ,,д.н.
Сидоров Б.В.,ИТМО,ассистент,к.н.
Попов А.А.,ФИВТ,ассистент,д.н.
Волков Ж.Р.,ФУПМ,,
Соколов А.А.,ФРТ,ассистент,
Семенов А.А.,ФИВТ,,
Егоров М.Ю.,ФЭТ,профессор,к.н.
Лебедев В.И.,ФМиЕН,,к.н.
Морозов Г.Н.,ФИВТ,доцент,
Смирнов Б.В.,ИТМО,доцент,д.н.
Попов Б.В.,ФИВТ,доцент,д.н.
Соколов В.И.,ФРТ,,к.н.
Лебедева Ж.Р.,ФФ,ассистент,д.н.
Новиков И.К.,ФУПМ,,д.н.
Иванов М.Ю.,ФИТ,доцент,д.н.
Егоров Г.Н.,ФПМИ,ассистент,к.н.
Лебедев Е.П.,ФРТ,ассистент,
Соколов И.К.,ФПМИ,,д.н.
Алексеев Е.П.,ФПМИ,,д.н.
Лебедева Л.О.,ИТМО,доцент,д.н.
Новиков К.М.,ФПМИ,доцент,
Иванов К.М.,ФМиЕН,доцент,к.н.
Иванов З.Т.,ФМиЕН,профессор,к.н.
Новиков И.К.,ИТМО,ассистент,д.н.
Волков М.Ю.,ФМиМ,профессор,
Соколов А.А.,ФРТ,ассистент,
Петров М.Ю.,ФЭТ,ассистент,д.н.
Лебедев З.Т.,ФФ,,д.н.
Козлов Д.С.,ФЭТ,ассистент,
Егоров Г.Н.,ФМиЕН,ассистент,
Лебедев В.И.,ФМиЕН,,
Кузнецов А.А.,ФМиЕН,доцент,д.н.
Козлов К.М.,ФУПМ,ассистент,к.н.
Волков Л.О.,ФПМИ,,
Волков А.А.,ФИВТ,доцент,к.н.
Козлов Е.П.,ФФ,доцент,к.н.
Иванов Г.Н.,ФПМИ,,к.н.
Новиков К.М.,ФУПМ,профессор,
Лебедев Б.В.,ФРТ,профессор,
Алексеев Г.Н.,ФЭТ,ассистент,
Козлов Г.Н.,ФМиМ,ассистент,д.н.
Новиков З.Т.,ФПМИ,ассистент,
Сидоров Б.В.,ФЭТ,профессор,д.н.
Сидоров Л.О.,ФЭТ,,
Новиков Б.В.,ФУПМ,доцент,д.н.
Смирнов З.Т.,ФФ,доцент,д.н.
Новиков Л.О.,ФУПМ,профессор,к.н.
Волков Ж.Р.,ФРТ,,
Козлов М.Ю.,ФЭТ,профессор,к.н.
Кузнецов И.К.,ФИВТ,профессор,к.н.
Лебедев М.Ю.,ФФ,ассистент,д.н.
Петров М.Ю.,ФРТ,доцент,
Соколов К.М.,ФМиЕН,профессор,д.н.
Кузнецов Б.В.,ФМиМ,,д.н.
Петров Б.В.,ФМиМ,доцент,
Козлов М.Ю.,ФМиМ,доцент,д.н.
Соколов А.А.,ФРТ,доцент,
Смирнов М.Ю.,ФМиЕН,,к.н.
Петров М.Ю.,ФИТ,профессор,к.н.
Лебедева Б.В.,ФПМИ,,к.н.
Козлов Л.О.,ФИТ,,д.н.
Сидоров Е.П.,ФМиМ,ассистент,
Морозов И.К.,ФМиМ,профессор,к.н.
Сидоров Г.Н.,ФИТ,профессор,
Попов М.Ю.,ФИТ,доцент,к.н.
Лебедева Г.Н.,ФУПМ,ассистент,д.н.
Соколов Е.П.,ИТМО,профессор,д.н.
Алексеев В.И.,ФЭТ,ассистент,к.н.
Иванов Г.Н.,ФИВТ,ассистент,
Лебедев Д.С.,ФМиМ,ассистент,д.н.
Алексеев В.И.,ФФ,профессор,д.н.
Иванов Г.Н.,ФЭТ,,к.н.
Алексеев М.Ю.,ФРТ,доцент,д.н.
Алексеев З.Т.,ФИТ,доцент,
Иванов Л.О.,ФПМИ,ассистент,к.н.
Алексеев А.А.,ФРТ,,к.н.
Попов Е.П.,ФИВТ,ассистент,
Морозов Ж.Р.,ФЭТ,доцент,к.н.
Волков Ж.Р.,ИТМО,ассистент,к.н.
Смирнов Д.С.,ИТМО,профессор,д.н.
Кузнецов М.Ю.,ФРТ,доцент,к.н.
Кузнецов Л.О.,ФРТ,профессор,к.н.
Петров В.И.,ФМиЕН,ассистент,
Иванов И.К.,ФПМИ,,д.н.
Сидоров А.А.,ФПМИ,профессор,д.н.
Волков А.А.,ФИВТ,ассистент,
Лебедев М.Ю.,ИТМО,,д.н.
Алексеев Ж.Р.,ФМиЕН,,
Петров В.И.,ФПМИ,,к.н.
Козлов А.А.,ФИВТ,доцент,д.н.
Попов Б.В.,ФМиЕН,,д.н.
Морозов Ж.Р.,ФПМИ,,
Сидоров Л.О.,ФФ,ассистент,д.н.
Смирнов З.Т.,ФМиЕН,ассистент,
Семенов Л.О.,ФПМИ,доцент,д.н.
Семенов Г.Н.,ФЭТ,ассистент,к.н.
Егоров Ж.Р.,ФИВТ,доцент,д.н.
Козлов Ж.Р.,ФИВТ,профессор,к.н.
Лебедева З.Т.,ФПМИ,доцент,к.н.
Козлов М.Ю.,ФЭТ,ассистент,д.н.
Кузнецов К.М.,ИТМО,профессор,к.н.
Алексеев З.Т.,ФИТ,ассистент,д.н.
Петров И.К.,ФФ,ассистент,д.н.
Лебедева К.М.,ИТМО,профессор,к.н.
Петров М.Ю.,ФРТ,ассистент,
Иванов К.М.,ФУПМ,,к.н.
Семенов Д.С.,ФРТ,ассистент,д.н.
Смирнов Ж.Р.,ФИТ,ассистент,д.н.
Соколов В.И.,ФМиМ,,к.н.
Морозов А.А.,ФЭТ,,к.н.
Смирнов Г.Н.,ФМиМ,профессор,к.н.
Петров Д.С.,ФПМИ,,
Козлов Б.В.,ФРТ,ассистент,к.н.
Петров А.А.,ИТМО,доцент,к.н.
Кузнецов К.М.,ФФ,доцент,д.н.
Алексеев М.Ю.,ФУПМ,профессор,д.н.
Новиков К.М.,ФМиМ,,д.н.
Кузнецов Ж.Р.,ИТМО,доцент,д.н.
Иванов К.М.,ФИТ,ассистент,к.н.
Егоров Ж.Р.,ФУПМ,ассистент,к.н.
Волков Л.О.,ИТМО,ассистент,д.н.
Волков Б.В.,ФИВТ,,д.н.
Лебедева Л.О.,ФМиЕН,профессор,к.н.
Лебедева И.К.,ФИВТ,,
Смирнов И.К.,ФУПМ,доцент,
Кузнецов Д.С.,ФМиЕН,профессор,
Волков И.К.,ФМиЕН,доцент,д.н.
Волков Д.С.,ФЭТ,доцент,к.н.
Волков М.Ю.,ФУПМ,ассистент,
Морозов З.Т.,ФПМИ,ассистент,
Егоров З.Т.,ФИВТ,доцент,
Кузнецов М.Ю.,ФЭТ,,
Попов Д.С.,ФПМИ,профессор,к.н.
Волков Ж.Р.,ФЭТ,,
Алексеев А.А.,ФИВТ,доцент,
Морозов Е.П.,ФРТ,профессор,д.н.
Кузнецов Б.В.,ФРТ,,
Лебедев Ж.Р.,ИТМО,доцент,д.н.
Попов Л.О.,ФИТ,ассистент,
Лебедев Г.Н.,ФРТ,профессор,
Лебедева А.А.,ФПМИ,ассистент,
Семенов А.А.,ФМиЕН,доцент,д.н.
Новиков К.М.,ФЭТ,профессор,
Лебедев З.Т.,ФИВТ,ассистент,
Козлов Л.О.,ИТМО,доцент,д.н.
Петров Л.О.,ФУПМ,доцент,к.н.
Смирнов Л.О.,ФФ,ассистент,
Иванов В.И.,ФМиЕН,доцент,д.н.
Иванов З.Т.,ФЭТ,ассистент,
Лебедева Е.П.,ФИТ,доцент,к.н.
Семенов Б.В.,ФРТ,,д.н.
Волков Г.Н.,ФФ,ассистент,
Лебедев В.И.,ФРТ,профессор,
Волков В.И.,ФИВТ,профессор,д.н.
Семенов Б.В.,ФМиЕН,доцент,
Попов Д.С.,ФЭТ,профессор,д.н.
Егоров К.М.,ФИТ,,к.н.
Попов В.И.,ФФ,,д.н.
Лебедев В.И.,ФЭТ,,
Иванов Б.В.,ИТМО,ассистент,
Морозов М.Ю.,ФИТ,доцент,д.н.
Новиков З.Т.,ФИВТ,профессор,
Алексеев А.А.,ИТМО,доцент,д.н.
Новиков Г.Н.,ФМиМ,ассистент,к.н.
Новиков Е.П.,ФЭТ,профессор,к.н.
Семенов В.И.,ФМиЕН,доцент,к.н.
Волков А.А.,ФИТ,профессор,д.н.
Петров З.Т.,ФИВТ,доцент,к.н.
Новиков З.Т.,ФФ,ассистент,д.н.
Волков А.А.,ФРТ,профессор,к.н.
Новиков З.Т.,ФУПМ,доцент,
Морозов Ж.Р.,ИТМО,ассистент,
Смирнов Г.Н.,ФФ,доцент,
Сидоров И.К.,ФМиЕН,,д.н.
Козлов Ж.Р.,ФИВТ,профессор,
Смирнов В.И.,ФУПМ,ассистент,
Кузнецов М.Ю.,ФУПМ,доцент,д.н.
Лебедев М.Ю.,ФПМИ,профессор,к.н.
Кузнецов Б.В.,ФМиМ,,
Иванов Б.В.,ФМиЕН,профессор,д.н.
Кузнецов Г.Н.,ФПМИ,доцент,д.н.
Иванов В.И.,ФМиЕН,,д.н.
Лебедев К.М.,ФЭТ,ассистент,к.н.
Петров Г.Н.,ФРТ,,к.н.
Лебедев М.Ю.,ФПМИ,доцент,
Кузнецов А.А.,ИТМО,профессор,
Смирнов М.Ю.,ФИВТ,профессор,
Семенов З.Т.,ФИВТ,профессор,
Лебедева Д.С.,ФИВТ,ассистент,д.н.
Лебедева В.И.,ФМиЕН,ассистент,
Сидоров К.М.,ФРТ,ассистент,к.н.
Егоров Л.О.,ФУПМ,профессор,
Смирнов А.А.,ФПМИ,профессор,д.н.
Попов Ж.Р.,ФФ,профессор,д.н.
Алексеев Д.С.,ФФ,ассистент,
Сидоров Г.Н.,ФМиЕН,профессор,
Алексеев В.И.,ФИТ,доцент,к.н.
Лебедева М.Ю.,ФФ,ассистент,
Сидоров Е.П.,ФИВТ,ассистент,к.н.
Соколов З.Т.,ФИВТ,доцент,д.н.
Петров Г.Н.,ФФ,,
Новиков Е.П.,ФПМИ,ассистент,к.н.
Лебедев А.А.,ФЭТ,доцент,д.н.
Попов В.И.,ФМиМ,доцент,д.н.
Новиков М.Ю.,ФРТ,ассистент,к.н.
Иванов Е.П.,ФФ,доцент,д.н.
Сидоров Л.О.,ФИВТ,доцент,
Соколов Д.С.,ФМиМ,,
Соколов Д.С.,ФУПМ,профессор,
Козлов Г.Н.,ФМиМ,доцент,к.н.
Смирнов Л.О.,ФЭТ,,
Козлов А.А.,ФИТ,доцент,
Иванов Д.С.,ФМиЕН,ассистент,
Егоров А.А.,ФПМИ,,к.н.
Сидоров И.К.,ФРТ,,к.н.
Волков Г.Н.,ФМиМ,доцент,д.н.
Петров З.Т.,ФИТ,ассистент,д.н.
Алексеев К.М.,ФУПМ,ассистент,д.н.
Волков В.И.,ИТМО,ассистент,д.н.
Попов И.К.,ФПМИ,,к.н.
Егоров И.К.,ФФ,,д.н.
Лебедева К.М.,ФУПМ,доцент,к.н.
Алексеев З.Т.,ФИВТ,,д.н.
Лебедева Л.О.,ФИТ,доцент,к.н.
Иванов Б.В.,ФПМИ,профессор,
Лебедева М.Ю.,ФУПМ,,к.н.
Соколов Е.П.,ФФ,профессор,д.н.
Волков И.К.,ФРТ,,к.н.
Иванов В.И.,ФИВТ,,д.н.
Попов Б.В.,ФФ,ассистент,
Волков Ж.Р.,ФМиМ,профессор,д.н.
Волков В.И.,ФМиЕН,ассистент,к.н.
Соколов В.И.,ФПМИ,,д.н.
Волков М.Ю.,ФПМИ,,к.н.
Алексеев И.К.,ФИВТ,доцент,к.н.
Лебедев Е.П.,ФИВТ,ассистент,
Морозов Е.П.,ФМиМ,,д.н.
Попов Д.С.,ФПМИ,профессор,
Егоров И.К.,ФРТ,ассистент,
Смирнов А.А.,ФМиМ,профессор,к.н.
Семенов К.М.,ИТМО,,к.н.
Кузнецов И.К.,ФПМИ,ассистент,к.н.
Лебедев Л.О.,ФИВТ,ассистент,к.н.
Петров В.И.,ФИВТ,профессор,
Морозов Д.С.,ФМиЕН,доцент,к.н.
Лебедев В.И.,ФИВТ,ассистент,
Попов В.И.,ФФ,ассистент,
Соколов Е.П.,ФУПМ,,к.н.
Егоров К.М.,ФИВТ,,к.н.
Лебедева И.К.,ФУПМ,ассистент,д.н.
Семенов Ж.Р.,ФМиМ,,к.н.
Попов Д.С.,ФИТ,доцент,к.н.
Лебедева Ж.Р.,ФМиЕН,,
Попов К.М.,ИТМО,,д.н.
Лебедев Л.О.,ФЭТ,доцент,
Лебедева Б.В.,ФМиМ,ассистент,д.н.
Сидоров Л.О.,ФПМИ,профессор,д.н.
Смирнов И.К.,ФУПМ,доцент,
Лебедев И.К.,ФФ,профессор,к.н.
Морозов К.М.,ФМиМ,ассистент,д.н.
Морозов И.К.,ФПМИ,профессор,к.н.
Смирнов Б.В.,ФПМИ,профессор,
Иванов М.Ю.,ФФ,ассистент,д.н.
Алексеев Е.П.,ФПМИ,профессор,
Петров К.М.,ФУПМ,ассистент,д.н.
Попов Д.С.,ФИВТ,профессор,д.н.
Кузнецов Г.Н.,ФИТ,,
Лебедева В.И.,ФФ,профессор,
Петров В.И.,ФПМИ,профессор,к.н.
Семенов А.А.,ФПМИ,профессор,д.н.
Алексеев Б.В.,ФУПМ,профессор,
Соколов Д.С.,ФМиЕН,,
Кузнецов Г.Н.,ФРТ,,к.н.
Лебедева Л.О.,ФИТ,ассистент,
Сидоров Б.В.,ФМиЕН,профессор,д.н.
Волков А.А.,ФМиЕН,ассистент,д.н.
Семенов В.И.,ФПМИ,профессор,д.н.
Лебедева В.И.,ИТМО,профессор,
Смирнов К.М.,ФИВТ,,
Волков И.К.,ФФ,,д.н.
Петров В.И.,ФЭТ,доцент,
Петров З.Т.,ФФ,ассистент,к.н.
Новиков Л.О.,ФПМИ,ассистент,д.н.
Семенов Б.В.,ИТМО,доцент,д.н.
Алексеев Г.Н.,ИТМО,,д.н.
Смирнов Д.С.,ФИВТ,профессор,
Алексеев М.Ю.,ФПМИ,доцент,
Морозов Л.О.,ФМиЕН,доцент,
Волков Л.О.,ФУПМ,профессор,к.н.
Соколов Ж.Р.,ФРТ,,
Кузнецов Е.П.,ФМиМ,ассистент,д.н.
Кузнецов М.Ю.,ФИТ,доцент,д.н.
Попов А.А.,ФМиМ,,к.н.
Попов И.К.,ФФ,доцент,к.н.
Морозов К.М.,ФЭТ,ассистент,
Попов К.М.,ИТМО,профессор,
Егоров Л.О.,ФРТ,ассистент,к.н.
Лебедев В.И.,ФПМИ,ассистент,
Волков Д.С.,ФИТ,профессор,
Попов Д.С.,ФУПМ,,к.н.
Иванов М.Ю.,ФИТ,,
Алексеев М.Ю.,ФРТ,ассистент,д.н.
Козлов А.А.,ФИТ,ассистент,к.н.
Алексеев К.М.,ФРТ,доцент,д.н.
Морозов А.А.,ФПМИ,доцент,д.н.
Волков М.Ю.,ФИТ,,к.н.
Соколов Г.Н.,ФМиЕН,профессор,к.н.
Новиков Г.Н.,ФМиЕН,доцент,к.н.
Попов М.Ю.,ФФ,профессор,д.н.
Сидоров К.М.,ФУПМ,профессор,д.н.
Новиков М.Ю.,ФФ,ассистент,к.н.
Лебедева Д.С.,ФРТ,профессор,к.н.
Морозов В.И.,ФУПМ,профессор,к.н.
Соколов М.Ю.,ФРТ,,
Сидоров Л.О.,ФМиМ,профессор,к.н.
Сидоров Е.П.,ФИТ,профессор,к.н.
Смирнов Д.С.,ФИТ,ассистент,д.н.
Козлов Д.С.,ФУПМ,,д.н.
Соколов Г.Н.,ФИТ,профессор,д.н.
Новиков М.Ю.,ФИТ,ассистент,
Петров Б.В.,ФИТ,ассистент,д.н.
Семенов В.И.,ФУПМ,доцент,к.н.
Попов В.И.,ФРТ,,
Соколов Д.С.,ИТМО,,
Кузнецов И.К.,ФЭТ,,д.н.
Смирнов А.А.,ФПМИ,доцент,
Козлов В.И.,ФУПМ,доцент,
Петров Е.П.,ФИТ,ассистент,
Егоров Л.О.,ФМиЕН,ассистент,к.н.
Козлов Д.С.,ФПМИ,,к.н.
Попов З.Т.,ФИВТ,доцент,д.н.
Соколов Д.С.,ФПМИ,,д.н.
Смирнов И.К.,ИТМО,доцент,к.н.
Смирнов Ж.Р.,ФУПМ,,д.н.
Волков А.А.,ИТМО,профессор,д.н.
Волков Б.В.,ФИВТ,ассистент,к.н.
Семенов М.Ю.,ИТМО,ассистент,д.н.
Смирнов Л.О.,ФПМИ,профессор,к.н.
Морозов Г.Н.,ФМиЕН,,д.н.
Лебедева М.Ю.,ИТМО,профессор,к.н.
Петров Л.О.,ИТМО,доцент,д.н.
Петров К.М.,ФРТ,доцент,д.н.
Семенов З.Т.,ФИТ,ассистент,к.н.
Попов З.Т.,ФРТ,ассистент,к.н.
Попов А.А.,ФПМИ,,д.н.
Соколов З.Т.,ФМиМ,,
Лебедев Б.В.,ФИВТ,,к.н.
Лебедева Ж.Р.,ФФ,профессор,д.н.
Кузнецов Е.П.,ФРТ,профессор,
Кузнецов Е.П.,ФУПМ,доцент,д.н.
Егоров Е.П.,ФРТ,ассистент,
Смирнов И.К.,ФРТ,,д.н.
Соколов Ж.Р.,ФПМИ,доцент,
Кузнецов Л.О.,ФИТ,ассистент,к.н.
Попов К.М.,ФПМИ,ассистент,к.н.
Семенов А.А.,ФИВТ,доцент,к.н.
Сидоров А.А.,ФЭТ,профессор,д.н.
Попов В.И.,ФУПМ,профессор,д.н.
Козлов К.М.,ФФ,доцент,д.н.
Кузнецов Е.П.,ФЭТ,,к.н.
Алексеев К.М.,ФПМИ,,д.н.
Козлов А.А.,ФИТ,,д.н.
Петров Е.П.,ФМиЕН,,д.н.
Егоров В.И.,ФРТ,доцент,д.н.
Морозов Л.О.,ФУПМ,ассистент,к.н.
Волков Е.П.,ФМиЕН,профессор,к.н.
Сидоров Е.П.,ФМиЕН,доцент,
Сидоров Л.О.,ФИВТ,ассистент,д.н.
Смирнов Л.О.,ФУПМ,доцент,
Иванов И.К.,ФИТ,доцент,к.н.
Смирнов В.И.,ФМиМ,ассистент,
Петров З.Т.,ФИТ,профессор,
Смирнов Б.В.,ФИВТ,доцент,
Соколов Е.П.,ФУПМ,ассистент,д.н.
Лебедев Л.О.,ФПМИ,ассистент,д.н.
Егоров Ж.Р.,ФУПМ,,
Козлов М.Ю.,ФУПМ,доцент,к.н.
Петров Ж.Р.,ФИТ,ассистент,к.н.
Смирнов И.К.,ФМиЕН,доцент,д.н.
Иванов А.А.,ФМиМ,доцент,
Морозов Е.П.,ФФ,ассистент,к.н.
Семенов Д.С.,ФИТ,,к.н.
Кузнецов К.М.,ФПМИ,ассистент,
Соколов Л.О.,ФФ,ассистент,д.н.
Лебедева М.Ю.,ФМиМ,,д.н.
Морозов Ж.Р.,ИТМО,,д.н.
Смирнов И.К.,ФРТ,,
Смирнов Д.С.,ФМиЕН,,
Волков З.Т.,ФФ,профессор,
Попов М.Ю.,ФИВТ,ассистент,к.н.
Сидоров Ж.Р.,ФМиМ,профессор,
Семенов К.М.,ФМиЕН,доцент,д.н.
Лебедева Л.О.,ФИТ,профессор,
Козлов Е.П.,ФИВТ,,д.н.
Попов З.Т.,ИТМО,ассистент,
Петров Л.О.,ФМиМ,доцент,д.н.
Новиков М.Ю.,ФПМИ,ассистент,
Кузнецов Г.Н.,ФМиМ,профессор,к.н.
Сидоров З.Т.,ФИВТ,профессор,к.н.
Алексеев Г.Н.,ФФ,ассистент,д.н.
Смирнов Г.Н.,ИТМО,,к.н.
Лебедева З.Т.,ФИТ,доцент,д.н.
Попов И.К.,ФИВТ,,д.н.
Алексеев Г.Н.,ФЭТ,доцент,д.н.
Петров М.Ю.,ФИВТ,,к.н.
Егоров Л.О.,ФИВТ,профессор,
Смирнов Д.С.,ФЭТ,профессор,
Смирнов З.Т.,ФФ,ассистент,д.н.
Лебедев Д.С.,ФПМИ,профессор,к.н.
Козлов А.А.,ИТМО,,
Егоров А.А.,ФИВТ,,к.н.
Кузнецов Л.О.,ФФ,,к.н.
Сидоров Е.П.,ФИВТ,ассистент,д.н.
Алексеев И.К.,ФПМИ,профессор,д.н.
Козлов Д.С.,ФМиМ,доцент,д.н.
Лебедева Г.Н.,ФФ,профессор,д.н.
Семенов М.Ю.,ИТМО,профессор,д.н.
Смирнов А.А.,ФУПМ,,д.н.
Козлов И.К.,ФПМИ,профессор,д.н.
Егоров Г.Н.,ФМиМ,,
Алексеев Е.П.,ФМиМ,,д.н.
Егоров М.Ю.,ФФ,доцент,
Козлов Е.П.,ФЭТ,,к.н.
Иванов Г.Н.,ФМиЕН,профессор,
Иванов Л.О.,ФПМИ,доцент,к.н.
Алексеев В.И.,ФФ,ассистент,к.н.
Новиков К.М.,ФМиЕН,,к.н.
Алексеев И.К.,ИТМО,доцент,к.н.
Сидоров Ж.Р.,ФМиМ,профессор,к.н.
Петров Е.П.,ИТМО,доцент,д.н.
Смирнов Г.Н.,ФПМИ,профессор,д.н.
Семенов Д.С.,ФФ,профессор,
Сидоров В.И.,ФУПМ,доцент,к.н.
Иванов З.Т.,ФУПМ,доцент,д.н.
Смирнов В.И.,ФИВТ,профессор,к.н.
Алексеев Б.В.,ИТМО,доцент,д.н.
Смирнов М.Ю.,ФФ,доцент,д.н.
Кузнецов А.А.,ФИТ,профессор,д.н.
Семенов К.М.,ФРТ,доцент,к.н.
Волков Л.О.,ФМиМ,ассистент,д.н.
Соколов В.И.,ФФ,доцент,д.н.
Семенов Л.О.,ФРТ,доцент,д.н.
Попов В.И.,ФРТ,,к.н.
Волков Ж.Р.,ФУПМ,,д.н.
Кузнецов М.Ю.,ФМиЕН,ассистент,к.н.
Кузнецов И.К.,ФУПМ,ассистент,
Волков К.М.,ФФ,доцент,д.н.
Кузнецов З.Т.,ФИВТ,,
Смирнов А.А.,ИТМО,доцент,к.н.
Петров Б.В.,ИТМО,,д.н.
Соколов К.М.,ФИВТ,ассистент,к.н.
Лебедев Г.Н.,ФМиЕН,,к.н.
Соколов Д.С.,ФМиЕН,ассистент,
Смирнов Г.Н.,ФЭТ,доцент,д.н.
Соколов Д.С.,ФМиЕН,профессор,д.н.
Иванов Ж.Р.,ФПМИ,ассистент,д.н.
Попов А.А.,ФУПМ,,
Попов Б.В.,ФИВТ,,
Смирнов З.Т.,ФПМИ,ассистент,к.н.
Сидоров В.И.,ФФ,профессор,к.н.
Лебедева А.А.,ФМиМ,,
Новиков В.И.,ФФ,,д.н.
Петров Ж.Р.,ФИВТ,ассистент,д.н.
Лебедева А.А.,ФМиЕН,ассистент,
Новиков Л.О.,ИТМО,,д.н.
Лебедева В.И.,ФУПМ,ассистент,к.н.
Волков А.А.,ФИТ,доцент,д.н.
Сидоров Д.С.,ФМиЕН,доцент,д.н.
Петров Л.О.,ФПМИ,профессор,д.н.
Козлов Ж.Р.,ФМиМ,профессор,
Козлов З.Т.,ИТМО,доцент,
Новиков Ж.Р.,ИТМО,,к.н.
Соколов Б.В.,ФФ,доцент,к.н.
Кузнецов Б.В.,ФПМИ,,к.н.
Лебедев З.Т.,ФРТ,,
Егоров Г.Н.,ФРТ,профессор,
Кузнецов А.А.,ФФ,доцент,к.н.
Морозов В.И.,ФРТ,профессор,д.н.
Волков В.И.,ФМиЕН,профессор,д.н.
Попов М.Ю.,ФМиЕН,ассистент,к.н.
Алексеев Д.С.,ФУПМ,доцент,д.н.
Кузнецов А.А.,ИТМО,профессор,к.н.
Иванов З.Т.,ФИТ,ассистент,к.н.
Морозов В.И.,ФМиЕН,доцент,д.н.
Соколов М.Ю.,ИТМО,,д.н.
Волков А.А.,ИТМО,доцент,
Сидоров Е.П.,ФРТ,,к.н.
Соколов Е.П.,ИТМО,доцент,д.н.
Попов А.А.,ФРТ,,к.н.
Морозов И.К.,ФИТ,ассистент,
Лебедева Ж.Р.,ФМиМ,,к.н.
Волков З.Т.,ФИВТ,профессор,д.н.
Кузнецов К.М.,ФЭТ,,к.н.
Алексеев И.К.,ФИВТ,ассистент,
Лебедева З.Т.,ФПМИ,профессор,к.н.
Морозов Ж.Р.,ФЭТ,,к.н.
Семенов В.И.,ФРТ,,
Морозов Е.П.,ФИВТ,ассистент,
Петров Л.О.,ФЭТ,доцент,к.н.
Семенов К.М.,ФФ,,
Сидоров Ж.Р.,ФЭТ,,д.н.
Новиков М.Ю.,ФРТ,доцент,к.н.
Сидоров Д.С.,ФМиМ,профессор,д.н.
Соколов К.М.,ФМиЕН,доцент,
Попов Г.Н.,ФФ,,д.н.
Морозов Д.С.,ФИВТ,ассистент,
Петров А.А.,ФИВТ,профессор,к.н.
Петров З.Т.,ФМиМ,доцент,д.н.
Кузнецов М.Ю.,ФПМИ,,к.н.
Смирнов И.К.,ФФ,профессор,д.н.
Семенов Л.О.,ФУПМ,профессор,д.н.
Соколов А.А.,ФРТ,доцент,д.н.
Волков А.А.,ФФ,профессор,д.н.
Лебедева Л.О.,ФФ,ассистент,
Иванов Л.О.,ФФ,ассистент,
Попов Е.П.,ФФ,,к.н.
Смирнов Б.В.,ФМиМ,ассистент,
Семенов Е.П.,ФИТ,профессор,
Семенов З.Т.,ФФ,профессор,
Семенов Б.В.,ФПМИ,профессор,д.н.
Лебедева И.К.,ФМиЕН,доцент,к.н.
Петров Б.В.,ФМиЕН,,
Лебедева К.М.,ФРТ,профессор,д.н.
Сидоров Г.Н.,ФФ,доцент,к.н.
Соколов М.Ю.,ФМиЕН,ассистент,к.н.
Сидоров М.Ю.,ФПМИ,доцент,д.н.
Лебедев А.А.,ФЭТ,профессор,
Смирнов Е.П.,ФРТ,доцент,д.н.
Семенов Г.Н.,ФФ,ассистент,
Иванов Б.В.,ФМиМ,профессор,д.н.
Соколов Д.С.,ФРТ,ассистент,к.н.
Козлов К.М.,ФУПМ,ассистент,д.н.
Попов Г.Н.,ФРТ,ассистент,д.н.
Лебедев Д.С.,ФЭТ,доцент,д.н.
Смирнов Г.Н.,ИТМО,ассистент,д.н.
Алексеев А.А.,ФЭТ,ассистент,к.н.
Новиков Л.О.,ИТМО,,
Сидоров М.Ю.,ФМиЕН,,
Морозов И.К.,ФМиЕН,ассистент,
Кузнецов Б.В.,ФПМИ,доцент,
Алексеев Б.В.,ФИВТ,,д.н.
Новиков Г.Н.,ФПМИ,ассистент,к.н.
Егоров Е.П.,ФМиЕН,ассистент,
Петров А.А.,ФПМИ,ассистент,к.н.
Козлов Е.П.,ФПМИ,профессор,
Семенов Л.О.,ФРТ,,к.н.
Семенов Л.О.,ФИВТ,доцент,
Морозов Г.Н.,ФУПМ,доцент,к.н.
Семенов А.А.,ФПМИ,,д.н.
Петров К.М.,ФЭТ,профессор,
Кузнецов Е.П.,ФУПМ,,
Сидоров Б.В.,ФИВТ,доцент,к.н.
Лебедева Е.П.,ФУПМ,профессор,
Морозов И.К.,ФИТ,профессор,
Морозов М.Ю.,ФЭТ,,к.н.
Лебедева А.А.,ФМиЕН,профессор,к.н.
Петров З.Т.,ФЭТ,профессор,д.н.
Морозов А.А.,ФЭТ,,д.н.
Морозов А.А.,ФИВТ,,д.н.
Егоров Л.О.,ФУПМ,профессор,к.н.
Кузнецов Д.С.,ФИВТ,доцент,к.н.
Козлов Ж.Р.,ФИВТ,ассистент,
Лебедева Д.С.,ФМиМ,профессор,д.н.
Петров Л.О.,ФЭТ,доцент,
Смирнов Б.В.,ИТМО,,к.н.
Алексеев К.М.,ФМиЕН,профессор,д.н.
Морозов А.А.,ФРТ,доцент,д.н.
Соколов Б.В.,ФИВТ,,к.н.
Иванов Г.Н.,ФИТ,доцент,
Кузнецов Г.Н.,ФРТ,доцент,д.н.
Петров Л.О.,ИТМО,,
Козлов З.Т.,ФИТ,профессор,к.н.
Смирнов Б.В.,ИТМО,доцент,
Лебедев Е.П.,ИТМО,доцент,д.н.
Иванов Г.Н.,ФПМИ,,д.н.
Петров И.К.,ФУПМ,ассистент,д.н.
Петров Г.Н.,ФФ,доцент,к.н.
Морозов Ж.Р.,ФПМИ,профессор,
Соколов М.Ю.,ФПМИ,,
Козлов К.М.,ФЭТ,доцент,
Новиков М.Ю.,ФИВТ,доцент,
Смирнов А.А.,ФМиЕН,профессор,к.н.
Егоров Б.В.,ФПМИ,ассистент,д.н.
Иванов М.Ю.,ФРТ,,
Петров Л.О.,ФПМИ,,д.н.
Морозов Д.С.,ФРТ,доцент,д.н.
Новиков М.Ю.,ФМиМ,,д.н.
Смирнов К.М.,ФМиЕН,профессор,к.н.
Петров Ж.Р.,ФИТ,доцент,д.н.
Козлов Д.С.,ФПМИ,доцент,д.н.
Соколов Ж.Р.,ФФ,ассистент,
Козлов И.К.,ФЭТ,,
Алексеев Ж.Р.,ФИВТ,профессор,д.н.
Лебедева И.К.,ФМиМ,профессор,к.н.
Кузнецов А.А.,ФФ,ассистент,к.н.
Лебедев Д.С.,ФМиМ,доцент,
Иванов М.Ю.,ФИВТ,доцент,
Кузнецов Ж.Р.,ФЭТ,доцент,
Волков Ж.Р.,ФМиЕН,профессор,д.н.
Петров Д.С.,ФИВТ,доцент,д.н.
Лебедев К.М.,ФПМИ,доцент,
Лебедева Ж.Р.,ФПМИ,профессор,д.н.
Сидоров Л.О.,ФЭТ,,к.н.
Новиков Л.О.,ФПМИ,доцент,д.н.
Смирнов З.Т.,ФПМИ,,
Козлов Е.П.,ФИТ,ассистент,д.н.
Морозов Д.С.,ИТМО,,к.н.
Попов В.И.,ФЭТ,ассистент,
Попов Д.С.,ФМиМ,,д.н.
Кузнецов К.М.,ФМиМ,ассистент,д.н.
Алексеев Ж.Р.,ФФ,профессор,
Смирнов В.И.,ФМиЕН,,
Петров Е.П.,ФУПМ,ассистент,к.н.
Соколов Л.О.,ФМиМ,,д.н.
Смирнов А.А.,ФЭТ,доцент,к.н.
Морозов З.Т.,ФЭТ,доцент,д.н.
Морозов Л.О.,ФМиЕН,,к.н.
Сидоров Ж.Р.,ФИВТ,ассистент,д.н.
Попов Е.П.,ФРТ,профессор,
Егоров Л.О.,ФИВТ,,
Семенов И.К.,ФЭТ,доцент,д.н.
Новиков А.А.,ФРТ,ассистент,к.н.
Петров Г.Н.,ФМиЕН,доцент,к.н.
Козлов Г.Н.,ФУПМ,профессор,к.н.
Кузнецов М.Ю.,ФМиМ,ассистент,
Попов Ж.Р.,ИТМО,профессор,
Козлов Д.С.,ИТМО,профессор,д.н.
Кузнецов В.И.,ФФ,,д.н.
Лебедев З.Т.,ФРТ,доцент,
Иванов Г.Н.,ИТМО,,
Кузнецов К.М.,ФЭТ,доцент,к.н.
Егоров Л.О.,ИТМО,доцент,д.н.
Иванов В.И.,ИТМО,доцент,д.н.
Новиков Ж.Р.,ФПМИ,профессор,д.н.
Козлов А.А.,ФИТ,ассистент,к.н.
Смирнов З.Т.,ФМиМ,профессор,к.н.
Соколов Е.П.,ФРТ,профессор,к.н.
Сидоров З.Т.,ФФ,ассистент,
Попов Г.Н.,ФУПМ,,д.н.
Лебедева К.М.,ФИТ,,к.н.
Волков М.Ю.,ФПМИ,профессор,
Сидоров М.Ю.,ФРТ,доцент,к.н.
Петров К.М.,ФРТ,профессор,д.н.
Смирнов Б.В.,ФФ,профессор,к.н.
Егоров Л.О.,ФПМИ,,д.н.
Семенов Г.Н.,ФЭТ,,д.н.
Козлов Е.П.,ФЭТ,профессор,к.н.
Смирнов Л.О.,ФИВТ,,д.н.
Алексеев Л.О.,ФПМИ,профессор,д.н.
Попов Г.Н.,ФПМИ,доцент,
Лебедева В.И.,ФРТ,ассистент,к.н.
Соколов В.И.,ФМиМ,профессор,д.н.
Иванов Г.Н.,ФФ,доцент,д.н.
Новиков Л.О.,ФПМИ,,д.н.
Петров Г.Н.,ФИТ,профессор,д.н.
Кузнецов И.К.,ФМиМ,,к.н.
Волков Д.С.,ФУПМ,доцент,
Морозов Б.В.,ФИТ,,д.н.
Иванов А.А.,ФРТ,,к.н.
Егоров Б.В.,ФПМИ,,
Лебедева Б.В.,ФПМИ,ассистент,д.н.
Иванов Г.Н.,ФРТ,,к.н.
Лебедев В.И.,ФМиМ,профессор,к.н.
Петров И.К.,ИТМО,доцент,к.н.
Лебедева И.К.,ФУПМ,доцент,
Петров И.К.,ФЭТ,ассистент,
Новиков В.И.,ФИТ,доцент,д.н.
Попов А.А.,ФФ,ассистент,к.н.
Сидоров Б.В.,ФМиМ,ассистент,д.н.
Попов И.К.,ФЭТ,,
Волков Д.С.,ФУПМ,профессор,д.н.
Лебедев Л.О.,ФФ,ассистент,к.н.
Семенов Е.П.,ФПМИ,доцент,д.н.
Лебедева Е.П.,ФМиМ,доцент,к.н.
Соколов Ж.Р.,ФФ,профессор,к.н.
Лебедев А.А.,ФПМИ,ассистент,
Попов Д.С.,ИТМО,профессор,к.н.
Кузнецов К.М.,ФЭТ,профессор,
Смирнов Ж.Р.,ФПМИ,ассистент,
Лебедев И.К.,ФМиЕН,,д.н.
Иванов Д.С.,ФРТ,доцент,к.н.
Петров Д.С.,ФФ,ассистент,д.н.
Новиков Г.Н.,ФМиМ,профессор,к.н.
Сидоров И.К.,ФФ,ассистент,
Волков И.К.,ИТМО,доцент,
Петров И.К.,ФПМИ,ассистент,д.н.
Алексеев Л.О.,ФИВТ,доцент,д.н.
Козлов Г.Н.,ФПМИ,ассистент,к.н.
Кузнецов Д.С.,ФРТ,,
Попов А.А.,ФРТ,,к.н.
Морозов И.К.,ИТМО,,к.н.
Алексеев А.А.,ФЭТ,ассистент,д.н.
Петров З.Т.,ФФ,доцент,
Морозов А.А.,ИТМО,ассистент,д.н.
Алексеев А.А.,ФИВТ,профессор,к.н.
Семенов З.Т.,ФЭТ,доцент,д.н.
Попов В.И.,ФИВТ,доцент,д.н.
Кузнецов Д.С.,ФУПМ,профессор,к.н.
Петров А.А.,ФИТ,доцент,к.н.
Лебедев Б.В.,ФУПМ,ассистент,
Новиков З.Т.,ФИТ,профессор,д.н.
Козлов К.М.,ФРТ,доцент,
Егоров Л.О.,ФПМИ,,д.н.
Соколов Г.Н.,ФМиМ,,
Козлов Е.П.,ФМиМ,,д.н.
Алексеев Д.С.,ФУПМ,,к.н.
Козлов К.М.,ФПМИ,профессор,к.н.
Козлов К.М.,ИТМО,доцент,к.н.
Семенов Е.П.,ФФ,профессор,д.н.
Егоров Д.С.,ФМиМ,доцент,к.н.
Сидоров Е.П.,ФМиМ,ассистент,
Козлов Б.В.,ФУПМ,,д.н.
Морозов Ж.Р.,ФИТ,доцент,д.н.
Лебедев Б.В.,ФФ,,к.н.
Алексеев К.М.,ФУПМ,ассистент,д.н.
Новиков И.К.,ФПМИ,доцент,д.н.
Егоров Ж.Р.,ФИТ,ассистент,д.н.
Лебедева З.Т.,ФЭТ,ассистент,
Попов К.М.,ИТМО,ассистент,
Козлов Б.В.,ФРТ,профессор,д.н.
Семенов Е.П.,ФУПМ,профессор,к.н.
Попов Г.Н.,ФИТ,профессор,д.н.
Сидоров М.Ю.,ФФ,ассистент,
Кузнецов И.К.,ФИТ,ассистент,д.н.
Егоров А.А.,ФУПМ,,
Новиков В.И.,ФМиЕН,ассистент,
Соколов Д.С.,ФФ,доцент,к.н.
Новиков З.Т.,ФРТ,,д.н.
Лебедев Ж.Р.,ФЭТ,доцент,
Сидоров Ж.Р.,ФМиМ,,
Морозов Д.С.,ФРТ,,к.н.
Новиков М.Ю.,ФПМИ,ассистент,к.н.
Сидоров Е.П.,ФФ,ассистент,
Волков Д.С.,ФУПМ,профессор,к.н.
Соколов М.Ю.,ФИВТ,профессор,к.н.
Попов И.К.,ФРТ,ассистент,к.н.
Смирнов И.К.,ФИТ,доцент,д.н.
Алексеев Г.Н.,ФРТ,доцент,
Волков Л.О.,ФФ,,к.н.
Смирнов Л.О.,ФФ,доцент,
Семенов М.Ю.,ИТМО,ассистент,к.н.
Лебедева М.Ю.,ФЭТ,профессор,
Морозов Б.В.,ФУПМ,доцент,д.н.
Петров З.Т.,ФИВТ,доцент,к.н.
Сидоров Л.О.,ФМиМ,ассистент,д.н.
Смирнов В.И.,ФРТ,ассистент,к.н.
Семенов Г.Н.,ИТМО,ассистент,к.н.
Петров М.Ю.,ФИТ,ассистент,
Волков В.И.,ФМиМ,,
Лебедев Л.О.,ФМиМ,доцент,
Волков Г.Н.,ФПМИ,,к.н.
Алексеев З.Т.,ФИТ,профессор,д.н.
Егоров И.К.,ФМиЕН,,к.н.
Козлов Д.С.,ФМиМ,профессор,к.н.
Новиков М.Ю.,ФРТ,профессор,
Иванов Г.Н.,ФМиЕН,профессор,к.н.
Сидоров И.К.,ФФ,ассистент,д.н.
Петров И.К.,ФФ,доцент,д.н.
Сидоров Г.Н.,ФРТ,профессор,д.н.
Соколов М.Ю.,ФМиМ,,
Новиков З.Т.,ФМиЕН,ассистент,д.н.
Морозов Е.П.,ФУПМ,ассистент,к.н.
Соколов Л.О.,ФЭТ,доцент,д.н.
Кузнецов К.М.,ФИТ,,д.н.
Семенов Д.С.,ФЭТ,,
Петров М.Ю.,ФИВТ,доцент,д.н.
Лебедев Д.С.,ФИВТ,доцент,к.н.
Лебедев Л.О.,ФПМИ,,к.н.
Лебедева Ж.Р.,ФИВТ,,к.н.
Сидоров А.А.,ФУПМ,ассистент,д.н.
Сидоров И.К.,ФУПМ,профессор,
Попов Б.В.,ФФ,доцент,к.н.
Соколов А.А.,ИТМО,доцент,
Новиков И.К.,ФМиМ,ассистент,
Козлов Б.В.,ФИВТ,ассистент,к.н.
Волков З.Т.,ФРТ,профессор,д.н.
Лебедев А.А.,ФФ,профессор,д.н.
Алексеев Ж.Р.,ФФ,профессор,к.н.
Новиков З.Т.,ИТМО,профессор,
Кузнецов В.И.,ФРТ,доцент,д.н.
Егоров И.К.,ФИТ,доцент,
Новиков И.К.,ФФ,ассистент,к.н.
Кузнецов К.М.,ФМиМ,ассистент,
Новиков Е.П.,ФЭТ,,д.н.
Алексеев В.И.,ФМиМ,доцент,д.н.
Егоров М.Ю.,ФПМИ,,к.н.
Алексеев В.И.,ИТМО,профессор,
Лебедев А.А.,ФИТ,доцент,к.н.
Морозов Д.С.,ФИВТ,,
Алексеев Г.Н.,ФРТ,,к.н.
Сидоров Б.В.,ФПМИ,ассистент,к.н.
Сидоров Д.С.,ФПМИ,профессор,
Лебедев Б.В.,ФИТ,профессор,д.н.
Смирнов И.К.,ФИВТ,,
Соколов Д.С.,ФМиМ,ассистент,д.н.
Козлов З.Т.,ФРТ,профессор,д.н.
Алексеев З.Т.,ФФ,доцент,к.н.
Смирнов В.И.,ФМиМ,профессор,к.н.
Козлов М.Ю.,ИТМО,доцент,к.н.
Иванов Л.О.,ФМиЕН,,д.н.
Морозов Е.П.,ФИВТ,доцент,д.н.
Соколов К.М.,ФФ,доцент,
Лебедева К.М.,ФРТ,ассистент,
Лебедева А.А.,ФФ,ассистент,д.н.
Козлов Е.П.,ФРТ,профессор,д.н.
Семенов М.Ю.,ФФ,ассистент,к.н.
Новиков З.Т.,ИТМО,ассистент,к.н.
Морозов М.Ю.,ФМиЕН,ассистент,
Попов Д.С.,ФИВТ,,
Семенов Д.С.,ИТМО,профессор,
Волков К.М.,ФФ,,д.н.
Егоров Д.С.,ФФ,,к.н.
Егоров И.К.,ИТМО,ассистент,
Лебедев Г.Н.,ФРТ,ассистент,к.н.
Алексеев Б.В.,ИТМО,доцент,д.н.
Новиков А.А.,ФФ,,д.н.
Волков Д.С.,ФУПМ,профессор,к.н.
Семенов А.А.,ФРТ,ассистент,
Сидоров Ж.Р.,ФПМИ,ассистент,
Волков А.А.,ФПМИ,доцент,
Алексеев Д.С.,ИТМО,доцент,к.н.
Егоров Е.П.,ФФ,профессор,к.н.
Соколов Е.П.,ФПМИ,профессор,к.н.
Морозов К.М.,ФПМИ,доцент,д.н.
Морозов Д.С.,ИТМО,,
Козлов Д.С.,ФПМИ,профессор,
Семенов В.И.,ФПМИ,доцент,к.н.
Сидоров Е.П.,ФРТ,доцент,д.н.
Волков Л.О.,ФМиМ,,
Козлов Е.П.,ФУПМ,,
Алексеев И.К.,ФФ,,
Петров В.И.,ФИТ,ассистент,к.н.
Морозов Л.О.,ФМиЕН,профессор,д.н.
Волков Д.С.,ФМиЕН,,к.н.
Егоров К.М.,ФЭТ,доцент,
Петров Е.П.,ФИВТ,,
Попов И.К.,ФФ,профессор,к.н.
Новиков В.И.,ФУПМ,ассистент,
Попов Е.П.,ФУПМ,ассистент,д.н.
Кузнецов М.Ю.,ИТМО,,к.н.
Лебедева М.Ю.,ФИВТ,ассистент,д.н.
Волков З.Т.,ФРТ,,
Новиков К.М.,ФИТ,доцент,д.н.
Соколов Л.О.,ФЭТ,доцент,к.н.
Егоров К.М.,ФМиЕН,профессор,д.н.
Лебедев Б.В.,ФИТ,,д.н.
Лебедева А.А.,ФЭТ,доцент,д.н.
Попов Е.П.,ФРТ,доцент,д.н.
Попов В.И.,ФИВТ,доцент,д.н.
Козлов А.А.,ФИВТ,профессор,
Лебедев В.И.,ФИВТ,профессор,к.н.
Смирнов Е.П.,ИТМО,профессор,
Иванов Г.Н.,ФИТ,ассистент,д.н.
Лебедев В.И.,ФФ,доцент,
Иванов М.Ю.,ФРТ,профессор,
Иванов А.А.,ФМиМ,ассистент,д.н.
Морозов Г.Н.,ФМиЕН,профессор,д.н.
Лебедев К.М.,ФФ,профессор,д.н.
Лебедев В.И.,ФМиЕН,,
Семенов Л.О.,ФРТ,ассистент,к.н.
Лебедева Г.Н.,ФФ,,
Смирнов М.Ю.,ФИТ,профессор,к.н.
Иванов А.А.,ФМиМ,доцент,
Семенов В.И.,ФПМИ,доцент,
Семенов М.Ю.,ФИВТ,,
Иванов З.Т.,ФИТ,доцент,
Козлов Ж.Р.,ИТМО,профессор,к.н.
Сидоров Л.О.,ФИТ,ассистент,
Иванов Д.С.,ФУПМ,,к.н.
Волков Л.О.,ФПМИ,,д.н.
Егоров К.М.,ФЭТ,,к.н.
Козлов К.М.,ИТМО,,к.н.
Новиков А.А.,ФИТ,ассистент,д.н.
Соколов Г.Н.,ФИВТ,,
Новиков М.Ю.,ФМиЕН,профессор,к.н.
Егоров М.Ю.,ФРТ,профессор,к.н.
Морозов З.Т.,ФРТ,профессор,к.н.
Лебедева Г.Н.,ФИВТ,профессор,
Соколов Д.С.,ФИВТ,,д.н.
Попов Г.Н.,ФУПМ,,д.н.
Попов Е.П.,ФМиМ,доцент,к.н.
Петров И.К.,ФИВТ,профессор,д.н.
Козлов З.Т.,ФРТ,ассистент,
Петров И.К.,ФМиМ,доцент,
Морозов З.Т.,ФРТ,профессор,д.н.
Кузнецов Д.С.,ФУПМ,,д.н.
Кузнецов И.К.,ИТМО,доцент,д.н.
Соколов Б.В.,ФУПМ,профессор,
Морозов Д.С.,ФФ,ассистент,д.н.
Петров Ж.Р.,ФИТ,ассистент,к.н.
Лебедева Ж.Р.,ФИВТ,ассистент,
Семенов А.А.,ФПМИ,,д.н.
Семенов В.И.,ФМиМ,профессор,
Кузнецов Д.С.,ФЭТ,ассистент,
Алексеев М.Ю.,ФИТ,доцент,
Соколов В.И.,ФРТ,доцент,
Сидоров Е.П.,ИТМО,профессор,д.н.
Волков Е.П.,ФИТ,доцент,к.н.
Волков Б.В.,ФРТ,профессор,
Волков Д.С.,ФИВТ,доцент,д.н.
Волков Г.Н.,ФИВТ,ассистент,
Попов З.Т.,ФФ,профессор,к.н.
Иванов А.А.,ИТМО,ассистент,к.н.
Лебедева Ж.Р.,ФЭТ,ассистент,к.н.
Козлов Б.В.,ФИВТ,ассистент,
Соколов Б.В.,ФМиЕН,,д.н.
Лебедева Б.В.,ФУПМ,ассистент,
Сидоров Б.В.,ФРТ,,
Волков А.А.,ФФ,доцент,д.н.
Алексеев Ж.Р.,ФЭТ,ассистент,д.н.
Смирнов Л.О.,ФПМИ,доцент,
Кузнецов Л.О.,ФМиЕН,ассистент,
Попов Г.Н.,ФРТ,доцент,
Семенов Б.В.,ФУПМ,доцент,
Сидоров Г.Н.,ФФ,профессор,
Козлов Е.П.,ФУПМ,профессор,к.н.
Иванов Д.С.,ФМиЕН,,к.н.
Сидоров Е.П.,ФМиМ,ассистент,к.н.
Волков Ж.Р.,ФРТ,ассистент,д.н.
Морозов И.К.,ФЭТ,,д.н.
Егоров Ж.Р.,ФЭТ,профессор,д.н.
Лебедев Е.П.,ФИВТ,доцент,к.н.
Алексеев З.Т.,ФИВТ,доцент,к.н.
Волков М.Ю.,ФРТ,профессор,
Лебедев В.И.,ФЭТ,профессор,
Иванов А.А.,ФРТ,доцент,к.н.
Соколов Г.Н.,ФМиЕН,профессор,
Лебедев Д.С.,ФПМИ,доцент,
Семенов Е.П.,ФМиМ,доцент,
Егоров М.Ю.,ФИВТ,доцент,
Лебедева А.А.,ФМиЕН,доцент,
Сидоров В.И.,ФРТ,профессор,
Волков З.Т.,ИТМО,ассистент,к.н.
Семенов Г.Н.,ФМиЕН,,
Лебедев А.А.,ФЭТ,ассистент,
Сидоров Е.П.,ФМиМ,,
Новиков З.Т.,ФУПМ,ассистент,д.н.
Иванов Б.В.,ФУПМ,,к.н.
Морозов Б.В.,ФИВТ,ассистент,к.н.
Егоров В.И.,ФПМИ,доцент,д.н.
Соколов М.Ю.,ФРТ,,
Иванов Б.В.,ФРТ,ассистент,д.н.
Лебедев Д.С.,ФМиМ,ассистент,к.н.
Лебедев В.И.,ФУПМ,ассистент,
Попов И.К.,ФРТ,профессор,
Новиков Г.Н.,ФРТ,ассистент,к.н.
Семенов М.Ю.,ФИВТ,доцент,к.н.
Егоров З.Т.,ФРТ,профессор,
Лебедева М.Ю.,ФМиМ,профессор,к.н.
Петров Е.П.,ФРТ,доцент,
Соколов З.Т.,ФРТ,профессор,д.н.
Иванов К.М.,ФЭТ,доцент,
Лебедев Д.С.,ФРТ,профессор,д.н.
Кузнецов З.Т.,ИТМО,доцент,
Егоров Л.О.,ФИВТ,профессор,
Козлов Ж.Р.,ФФ,ассистент,к.н.
Соколов Г.Н.,ФЭТ,доцент,к.н.
Попов Г.Н.,ИТМО,профессор,к.н.
Новиков М.Ю.,ФЭТ,ассистент,к.н.
Иванов М.Ю.,ФИВТ,доцент,к.н.
Попов Е.П.,ФФ,ассистент,
Алексеев М.Ю.,ФИТ,ассистент,д.н.
Семенов М.Ю.,ФУПМ,,д.н.
Соколов Д.С.,ФМиЕН,,д.н.
Смирнов А.А.,ФМиМ,ассистент,к.н.
Егоров Г.Н.,ФМиМ,профессор,к.н.
Петров А.А.,ФЭТ,доцент,д.н.
Волков З.Т.,ФФ,доцент,д.н.
Лебедев К.М.,ФУПМ,профессор,к.н.
Семенов Л.О.,ФУПМ,профессор,
Лебедева К.М.,ФИТ,ассистент,д.н.
Козлов А.А.,ФЭТ,,к.н.
Петров Л.О.,ФИТ,доцент,к.н.
Козлов Г.Н.,ФПМИ,профессор,к.н.
Соколов Л.О.,ФИТ,ассистент,
Петров Б.В.,ФУПМ,профессор,
Семенов Г.Н.,ФФ,,к.н.
Кузнецов А.А.,ФМиМ,доцент,д.н.
Егоров Д.С.,ФПМИ,,
Козлов Ж.Р.,ФИТ,доцент,к.н.
Попов В.И.,ФФ,профессор,
Лебедева Е.П.,ФИВТ,,
Новиков Д.С.,ФУПМ,профессор,к.н.
Алексеев Ж.Р.,ФИТ,,к.н.
Петров М.Ю.,ФМиМ,доцент,
Кузнецов Ж.Р.,ФЭТ,,к.н.
Кузнецов Д.С.,ФЭТ,профессор,к.н.
Попов З.Т.,ФПМИ,профессор,
Кузнецов А.А.,ФФ,ассистент,
Петров Г.Н.,ФЭТ,,
Попов В.И.,ФИТ,,к.н.
Волков Г.Н.,ФИТ,профессор,д.н.
Соколов Г.Н.,ФПМИ,,д.н.
Иванов Г.Н.,ФПМИ,доцент,к.н.
Иванов Г.Н.,ИТМО,профессор,д.н.
Лебедева И.К.,ФИВТ,ассистент,
Петров Ж.Р.,ФМиМ,профессор,
Алексеев Д.С.,ФЭТ,ассистент,
Петров Ж.Р.,ФПМИ,доцент,д.н.
Алексеев К.М.,ФРТ,профессор,к.н.
Лебедева Л.О.,ФМиЕН,профессор,д.н.
Попов В.И.,ФИТ,ассистент,к.н.
Новиков К.М.,ФМиЕН,профессор,д.н.
Соколов Д.С.,ФЭТ,ассистент,к.н.
Сидоров Л.О.,ФЭТ,,к.н.
Сидоров Д.С.,ФМиЕН,профессор,
Лебедев Е.П.,ФЭТ,ассистент,к.н.
Иванов В.И.,ФМиЕН,ассистент,д.н.
Петров И.К.,ФИВТ,ассистент,д.н.
Смирнов Л.О.,ФПМИ,,д.н.
Новиков М.Ю.,ФРТ,доцент,д.н.
Иванов Е.П.,ФРТ,ассистент,
Кузнецов Ж.Р.,ФМиМ,ассистент,к.н.
Лебедева Б.В.,ИТМО,профессор,к.н.
Сидоров А.А.,ФФ,профессор,
Попов Ж.Р.,ФУПМ,,д.н.
Иванов Л.О.,ФФ,доцент,д.н.
Смирнов Г.Н.,ФЭТ,профессор,к.н.
Соколов В.И.,ИТМО,,к.н.
Морозов М.Ю.,ФРТ,доцент,д.н.
Семенов И.К.,ФМиМ,доцент,к.н.
Волков Б.В.,ФФ,профессор,к.н.
Волков И.К.,ФИТ,доцент,к.н.
Кузнецов З.Т.,ФПМИ,,д.н.
Волков Л.О.,ФИВТ,доцент,к.н.
Лебедева И.К.,ФПМИ,,д.н.
Петров З.Т.,ФФ,ассистент,д.н.
Козлов Е.П.,ФПМИ,,к.н.
Алексеев М.Ю.,ФПМИ,ассистент,
Смирнов Г.Н.,ИТМО,,
Попов А.А.,ИТМО,ассистент,к.н.
Сидоров З.Т.,ФУПМ,ассистент,к.н.
Лебедев В.И.,ФИТ,профессор,д.н.
Кузнецов В.И.,ФРТ,ассистент,д.н.
Попов З.Т.,ФФ,профессор,
Морозов А.А.,ФРТ,,
Сидоров Л.О.,ФФ,,д.н.
Смирнов Ж.Р.,ФУПМ,ассистент,к.н.
Соколов А.А.,ФИТ,профессор,
Смирнов Д.С.,ФМиМ,доцент,
Попов К.М.,ФМиЕН,доцент,
Морозов А.А.,ФЭТ,,к.н.
Соколов Б.В.,ФФ,профессор,
Соколов В.И.,ФФ,ассистент,д.н.
Иванов В.И.,ФМиМ,профессор,к.н.
Смирнов З.Т.,ФЭТ,доцент,д.н.
Алексеев В.И.,ФФ,ассистент,
Алексеев А.А.,ФИВТ,доцент,д.н.
Иванов Д.С.,ФРТ,,к.н.
Сидоров З.Т.,ФПМИ,доцент,д.н.
Новиков А.А.,ФРТ,профессор,д.н.
Егоров Е.П.,ФИТ,,
Волков Л.О.,ФИВТ,доцент,
Морозов Е.П.,ФЭТ,,д.н.
Алексеев Д.С.,ФМиЕН,доцент,
Сидоров М.Ю.,ФЭТ,ассистент,к.н.
Сидоров Б.В.,ФПМИ,доцент,
Егоров К.М.,ФПМИ,профессор,д.н.
Сидоров Г.Н.,ФЭТ,ассистент,к.н.
Петров Д.С.,ИТМО,ассистент,д.н.
Кузнецов М.Ю.,ФИТ,профессор,
Морозов З.Т.,ИТМО,ассистент,к.н.
Козлов А.А.,ФИВТ,доцент,к.н.
Иванов З.Т.,ИТМО,доцент,
Смирнов А.А.,ФУПМ,,к.н.
Иванов И.К.,ФРТ,,д.н.
Иванов Б.В.,ФУПМ,доцент,д.н.
Попов В.И.,ФРТ,,
Семенов Е.П.,ФРТ,доцент,к.н.
Волков Е.П.,ФИТ,ассистент,
Сидоров Е.П.,ФИВТ,доцент,к.н.
Кузнецов М.Ю.,ФФ,профессор,
Попов Ж.Р.,ФФ,ассистент,к.н.
Егоров В.И.,ФФ,доцент,к.н.
Алексеев И.К.,ФМиЕН,ассистент,д.н.
Лебедева Д.С.,ФФ,ассистент,д.н.
Козлов Г.Н.,ФУПМ,доцент,к.н.
Волков Д.С.,ФМиЕН,профессор,д.н.
Петров Л.О.,ФУПМ,,
Новиков А.А.,ФИТ,профессор,
Соколов К.М.,ФЭТ,ассистент,к.н.
Морозов Д.С.,ФИТ,профессор,д.н.
Козлов М.Ю.,ФМиЕН,профессор,к.н.
Иванов К.М.,ФИТ,ассистент,
Лебедева А.А.,ФЭТ,,
Алексеев З.Т.,ФФ,,к.н.
Смирнов Б.В.,ФФ,профессор,
Семенов А.А.,ФМиЕН,ассистент,
Петров Д.С.,ФРТ,,
Петров Д.С.,ФМиМ,доцент,к.н.
Смирнов З.Т.,ФМиМ,профессор,
Иванов И.К.,ФУПМ,ассистент,д.н.
Семенов Л.О.,ФИТ,ассистент,д.н.
Смирнов И.К.,ФУПМ,профессор,
Волков Л.О.,ФЭТ,,
Смирнов Ж.Р.,ФФ,ассистент,к.н.
Сидоров К.М.,ФЭТ,доцент,д.н.
Егоров И.К.,ФМиЕН,,
Кузнецов Ж.Р.,ФУПМ,,к.н.
Попов Д.С.,ФМиЕН,профессор,д.н.
Морозов Д.С.,ФМиМ,,д.н.
Козлов З.Т.,ФИВТ,профессор,
Иванов И.К.,ФМиЕН,профессор,к.н.
Попов Г.Н.,ФМиМ,доцент,
Попов Г.Н.,ФПМИ,профессор,
Кузнецов М.Ю.,ФИТ,ассистент,к.н.
Козлов В.И.,ФУПМ,профессор,д.н.
Попов М.Ю.,ФПМИ,профессор,к.н.
Новиков Е.П.,ФРТ,профессор,
Волков К.М.,ФМиМ,профессор,к.н.
Морозов З.Т.,ФМиМ,профессор,
Волков Г.Н.,ФФ,,к.н.
Алексеев Е.П.,ФРТ,,д.н.
Козлов В.И.,ФМиМ,профессор,
Алексеев В.И.,ИТМО,профессор,
Соколов Д.С.,ФПМИ,,к.н.
Морозов М.Ю.,ФЭТ,доцент,д.н.
Соколов Г.Н.,ФФ,,к.н.
Петров В.И.,ФРТ,профессор,д.н.
Лебедева Б.В.,ФРТ,профессор,д.н.
Сидоров В.И.,ФМиЕН,,
Алексеев Л.О.,ФРТ,доцент,д.н.
Волков К.М.,ФЭТ,ассистент,д.н.
Новиков Ж.Р.,ФЭТ,,д.н.
Кузнецов Е.П.,ФПМИ,,д.н.
Семенов Л.О.,ИТМО,доцент,к.н.
Сидоров М.Ю.,ФФ,доцент,
Иванов М.Ю.,ФМиМ,доцент,к.н.
Лебедев Л.О.,ФУПМ,профессор,д.н.
Лебедева А.А.,ФЭТ,ассистент,д.н.
Егоров З.Т.,ФЭТ,профессор,д.н.
Семенов Л.О.,ФМиМ,,к.н.
Кузнецов К.М.,ФПМИ,ассистент,
Кузнецов И.К.,ФИВТ,ассистент,д.н.
Волков Д.С.,ФФ,доцент,
Козлов М.Ю.,ФИТ,доцент,к.н.
Смирнов Ж.Р.,ФИВТ,доцент,д.н.
Иванов З.Т.,ФЭТ,ассистент,к.н.
Морозов К.М.,ФИТ,доцент,
Лебедева Г.Н.,ИТМО,доцент,
Кузнецов В.И.,ФФ,,д.н.
Новиков В.И.,ФРТ,доцент,д.н.
Иванов З.Т.,ФРТ,,д.н.
Соколов В.И.,ФЭТ,доцент,к.н.
Егоров Д.С.,ФЭТ,ассистент,
Лебедев В.И.,ФМиЕН,ассистент,
Лебедев Л.О.,ФРТ,ассистент,
Лебедева Ж.Р.,ФИТ,ассистент,д.н.
Егоров Д.С.,ФПМИ,профессор,
Морозов Ж.Р.,ФФ,профессор,д.н.
Соколов З.Т.,ФИВТ,доцент,
Новиков Ж.Р.,ФИВТ,,
Волков Л.О.,ИТМО,,к.н.
Лебедева К.М.,ФИТ,ассистент,
Попов В.И.,ФРТ,,д.н.
Смирнов В.И.,ФФ,,к.н.
Морозов Д.С.,ФПМИ,,к.н.
Лебедев Б.В.,ФФ,доцент,к.н.
Смирнов Д.С.,ФФ,доцент,д.н.
Новиков А.А.,ФМиЕН,профессор,д.н.
Новиков А.А.,ФУПМ,профессор,к.н.
Попов В.И.,ФИТ,профессор,д.н.
Егоров Е.П.,ФФ,профессор,д.н.
Лебедева К.М.,ФИТ,ассистент,
Смирнов И.К.,ФИВТ,ассистент,
Соколов Ж.Р.,ФРТ,,к.н.
Семенов М.Ю.,ФИТ,ассистент,к.н.
Петров А.А.,ФИВТ,профессор,д.н.
Кузнецов Д.С.,ФИВТ,ассистент,
Егоров Д.С.,ФРТ,доцент,к.н.
Иванов В.И.,ФУПМ,профессор,
Кузнецов Л.О.,ФМиМ,доцент,д.н.
Новиков З.Т.,ФФ,профессор,к.н.
Иванов Л.О.,ИТМО,профессор,к.н.
Морозов Г.Н.,ФЭТ,доцент,д.н.
Соколов Д.С.,ФРТ,,к.н.
Сидоров М.Ю.,ФРТ,доцент,к.н.
Новиков Е.П.,ФМиМ,доцент,к.н.
Попов Б.В.,ИТМО,ассистент,к.н.
Новиков А.А.,ФЭТ,ассистент,д.н.
Попов Ж.Р.,ФИВТ,доцент,д.н.
Соколов Б.В.,ФФ,ассистент,к.н.
Семенов Г.Н.,ИТМО,профессор,д.н.
Иванов В.И.,ФЭТ,ассистент,
Семенов В.И.,ФЭТ,ассистент,д.н.
Егоров А.А.,ФФ,ассистент,к.н.
Козлов Г.Н.,ФИТ,ассистент,д.н.
Алексеев К.М.,ФИВТ,доцент,
Смирнов И.К.,ФМиМ,ассистент,
Лебедев И.К.,ФПМИ,профессор,д.н.
Волков Ж.Р.,ФУПМ,ассистент,к.н.
Лебедева Д.С.,ФМиЕН,,д.н.
Кузнецов Е.П.,ФУПМ,,к.н.
Волков В.И.,ФИТ,ассистент,д.н.
Сидоров Г.Н.,ФУПМ,ассистент,к.н.
Соколов И.К.,ИТМО,доцент,д.н.
Волков М.Ю.,ФИТ,доцент,к.н.
Новиков К.М.,ФПМИ,ассистент,д.н.
Лебедева З.Т.,ФРТ,доцент,д.н.
Соколов К.М.,ФИТ,,к.н.
Алексеев З.Т.,ФИТ,профессор,к.н.
Волков Д.С.,ФИТ,профессор,
Лебедева В.И.,ФИВТ,профессор,
Иванов И.К.,ФМиЕН,доцент,к.н.
Егоров М.Ю.,ФЭТ,,к.н.
Морозов И.К.,ФЭТ,,
Лебедев И.К.,ФИВТ,,д.н.
Смирнов Л.О.,ФИВТ,доцент,
Козлов Е.П.,ФПМИ,,
Алексеев К.М.,ФИВТ,ассистент,
Морозов З.Т.,ФМиМ,ассистент,к.н.
Кузнецов М.Ю.,ФЭТ,,к.н.
Алексеев Г.Н.,ФРТ,профессор,д.н.
Соколов К.М.,ФМиЕН,профессор,д.н.
Смирнов А.А.,ФРТ,,
Лебедев Е.П.,ФИТ,,
Петров Ж.Р.,ФФ,,д.н.
Лебедева М.Ю.,ФИВТ,доцент,д.н.
Новиков Б.В.,ФРТ,доцент,
Попов Г.Н.,ФФ,доцент,д.н.
Лебедев Е.П.,ФРТ,ассистент,
Попов И.К.,ФУПМ,доцент,
Соколов Ж.Р.,ФЭТ,профессор,
Сидоров З.Т.,ФФ,,д.н.
Егоров М.Ю.,ФЭТ,ассистент,
Новиков В.И.,ИТМО,,к.н.
Сидоров З.Т.,ФРТ,доцент,
Лебедев В.И.,ФУПМ,ассистент,д.н.
Лебедев А.А.,ФМиМ,профессор,д.н.
Новиков И.К.,ФЭТ,ассистент,
Козлов Ж.Р.,ФМиМ,доцент,
Лебедев Е.П.,ФУПМ,доцент,к.н.
Кузнецов Ж.Р.,ИТМО,доцент,д.н.
Сидоров В.И.,ИТМО,профессор,
Алексеев Б.В.,ФМиМ,ассистент,
Алексеев М.Ю.,ФИВТ,ассистент,д.н.
Егоров Г.Н.,ФФ,профессор,к.н.
Соколов Ж.Р.,ФПМИ,профессор,д.н.
Кузнецов Г.Н.,ФИТ,профессор,д.н.
Петров З.Т.,ФФ,доцент,д.н.
Иванов Г.Н.,ФПМИ,доцент,д.н.
Алексеев В.И.,ФМиЕН,,
Лебедева Б.В.,ФРТ,профессор,
Волков З.Т.,ФРТ,профессор,д.н.
Петров Ж.Р.,ФМиЕН,доцент,к.н.
Иванов З.Т.,ФРТ,,д.н.
Лебедев Б.В.,ФМиМ,ассистент,к.н.
Смирнов Е.П.,ФМиМ,ассистент,
Морозов К.М.,ФЭТ,доцент,к.н.
Козлов Г.Н.,ФРТ,ассистент,
Семенов В.И.,ФМиЕН,профессор,к.н.
Соколов М.Ю.,ФЭТ,,д.н.
Лебедева А.А.,ФИТ,ассистент,к.н.
Семенов Л.О.,ФИВТ,ассистент,к.н.
Кузнецов А.А.,ФПМИ,доцент,д.н.
Лебедев Г.Н.,ФМиМ,доцент,д.н.
Новиков Д.С.,ФИВТ,ассистент,к.н.
Семенов З.Т.,ФУПМ,доцент,к.н.
Новиков Е.П.,ФИТ,профессор,
Иванов Л.О.,ФРТ,доцент,
Морозов З.Т.,ФИТ,доцент,к.н.
Попов Б.В.,ФЭТ,профессор,к.н.
Соколов М.Ю.,ФИВТ,профессор,д.н.
Сидоров В.И.,ИТМО,доцент,д.н.
Алексеев К.М.,ФЭТ,ассистент,
Лебедев Д.С.,ФПМИ,доцент,
Петров Л.О.,ФМиЕН,,д.н.
Смирнов Е.П.,ФИТ,,д.н.
Морозов Ж.Р.,ФМиЕН,доцент,
Лебедев А.А.,ФИТ,доцент,к.н.
Козлов Д.С.,ИТМО,ассистент,д.н.
Лебедев Л.О.,ФФ,,к.н.
Иванов Б.В.,ФФ,профессор,к.н.
Новиков М.Ю.,ФУПМ,профессор,д.н.
Лебедева Г.Н.,ИТМО,ассистент,
Кузнецов Д.С.,ФУПМ,,д.н.
Егоров Л.О.,ФМиМ,ассистент,к.н.
Лебедев Ж.Р.,ФРТ,ассистент,
Лебедев Б.В.,ФМиЕН,ассистент,
Сидоров Л.О.,ФМиМ,,
Петров Ж.Р.,ФИТ,ассистент,д.н.
Петров А.А.,ФИТ,профессор,
Лебедев Д.С.,ФМиЕН,профессор,
Лебедев З.Т.,ФПМИ,ассистент,д.н.
Попов И.К.,ИТМО,профессор,к.н.
Морозов Д.С.,ФМиМ,доцент,
Петров Е.П.,ФМиМ,профессор,
Попов Б.В.,ФФ,,к.н.
Волков Л.О.,ФФ,профессор,д.н.
Смирнов К.М.,ФИТ,ассистент,к.н.
Иванов К.М.,ФЭТ,ассистент,д.н.
Иванов Г.Н.,ФРТ,ассистент,
Алексеев Г.Н.,ФМиЕН,профессор,к.н.
Петров Е.П.,ИТМО,,
Морозов В.И.,ФЭТ,,д.н.
Попов Ж.Р.,ФЭТ,доцент,д.н.
Соколов З.Т.,ФЭТ,ассистент,
Волков В.И.,ИТМО,профессор,к.н.
Попов Ж.Р.,ФРТ,доцент,к.н.
Семенов З.Т.,ФУПМ,ассистент,
Лебедева Б.В.,ФЭТ,доцент,к.н.
Лебедева Б.В.,ФЭТ,профессор,к.н.
Егоров В.И.,ФМиМ,,к.н.
Волков Г.Н.,ФМиЕН,доцент,д.н.
Лебедева Д.С.,ФУПМ,,к.н.
Волков Д.С.,ФМиМ,профессор,к.н.
Алексеев И.К.,ФМиМ,,к.н.
Лебедев А.А.,ФПМИ,доцент,д.н.
Попов И.К.,ФМиМ,профессор,к.н.
Иванов Л.О.,ФПМИ,,д.н.
Морозов И.К.,ФМиМ,ассистент,д.н.
Морозов В.И.,ФПМИ,доцент,к.н.
Волков М.Ю.,ФЭТ,ассистент,д.н.
Алексеев Ж.Р.,ФПМИ,профессор,
Иванов М.Ю.,ФУПМ,профессор,д.н.
Волков М.Ю.,ИТМО,доцент,д.н.
Попов Г.Н.,ФФ,,к.н.
Морозов А.А.,ФИВТ,ассистент,к.н.
Морозов Е.П.,ФИТ,,к.н.
Соколов М.Ю.,ФИТ,ассистент,д.н.
Петров В.И.,ФИВТ,профессор,д.н.
Семенов В.И.,ФИТ,профессор,д.н.
Иванов Ж.Р.,ФЭТ,доцент,д.н.
Лебедева И.К.,ФМиЕН,профессор,к.н.
Попов Б.В.,ФПМИ,ассистент,д.н.
Алексеев З.Т.,ФРТ,ассистент,
Козлов Л.О.,ФРТ,,к.н.
Волков И.К.,ФФ,,
Иванов Б.В.,ФРТ,доцент,
Петров В.И.,ФМиМ,ассистент,
Козлов Ж.Р.,ФМиЕН,доцент,д.н.
Лебедев А.А.,ФПМИ,ассистент,к.н.
Смирнов З.Т.,ФИВТ,профессор,к.н.
Иванов И.К.,ФМиМ,,к.н.
Лебедева И.К.,ФЭТ,ассистент,
Егоров Л.О.,ФЭТ,профессор,к.н.
Сидоров Л.О.,ФПМИ,ассистент,
Иванов К.М.,ФМиЕН,профессор,к.н.
Петров К.М.,ФФ,ассистент,
Сидоров Г.Н.,ИТМО,доцент,д.н.
Петров Б.В.,ИТМО,ассистент,д.н.
Новиков М.Ю.,ФЭТ,профессор,д.н.
Соколов Е.П.,ФПМИ,ассистент,к.н.
Петров Л.О.,ФРТ,ассистент,к.н.
Новиков М.Ю.,ФИВТ,профессор,к.н.
Сидоров Е.П.,ФРТ,,д.н.
Кузнецов Е.П.,ФМиЕН,доцент,д.н.
Сидоров А.А.,ФИТ,доцент,к.н.
Морозов Г.Н.,ИТМО,,к.н.
Лебедева А.А.,ИТМО,ассистент,к.н.
Смирнов М.Ю.,ФРТ,доцент,к.н.
Лебедев Л.О.,ФРТ,ассистент,д.н.
Петров Д.С.,ИТМО,,
Егоров Л.О.,ИТМО,,к.н.
Попов К.М.,ФИТ,профессор,
Попов Е.П.,ИТМО,ассистент,к.н.
Лебедев З.Т.,ФМиМ,профессор,д.н.
Волков Ж.Р.,ФМиЕН,профессор,д.н.
Лебедев И.К.,ФЭТ,ассистент,
Егоров В.И.,ИТМО,доцент,к.н.
Волков В.И.,ФМиМ,,д.н.
Смирнов И.К.,ФФ,доцент,к.н.
Смирнов Л.О.,ФМиЕН,профессор,к.н.
Сидоров Е.П.,ФРТ,профессор,
Кузнецов В.И.,ФМиМ,профессор,
Егоров Л.О.,ИТМО,доцент,к.н.
Иванов М.Ю.,ФРТ,ассистент,
Алексеев А.А.,ИТМО,доцент,д.н.
Алексеев Г.Н.,ФМиЕН,доцент,д.н.
Егоров Б.В.,ФУПМ,доцент,к.н.
Семенов Л.О.,ФМиЕН,доцент,к.н.
Лебедева Б.В.,ФФ,,к.н.
Лебедев Ж.Р.,ФИТ,профессор,д.н.
Козлов И.К.,ФМиЕН,ассистент,д.н.
Новиков Г.Н.,ФМиМ,профессор,
Соколов Б.В.,ФМиЕН,,д.н.
Лебедева З.Т.,ФМиМ,,к.н.
Новиков К.М.,ФИВТ,профессор,
Семенов К.М.,ФМиМ,,к.н.
Сидоров Г.Н.,ФПМИ,,д.н.
Лебедева Л.О.,ФЭТ,,к.н.
Попов В.И.,ФУПМ,,
Иванов Г.Н.,ФПМИ,ассистент,
Новиков И.К.,ФЭТ,профессор,к.н.
Попов Б.В.,ФМиМ,ассистент,д.н.
Петров М.Ю.,ФУПМ,,д.н.
Егоров З.Т.,ФИВТ,доцент,д.н.
Семенов Г.Н.,ФМиЕН,ассистент,д.н.
Егоров Л.О.,ФПМИ,ассистент,д.н.
Волков Е.П.,ФПМИ,ассистент,к.н.
Алексеев Г.Н.,ФРТ,профессор,д.н.
Козлов Г.Н.,ИТМО,профессор,
Иванов З.Т.,ФЭТ,профессор,к.н.
Попов Л.О.,ФФ,,к.н.
Новиков Г.Н.,ФРТ,доцент,д.н.
Козлов А.А.,ФРТ,профессор,
Новиков Д.С.,ФИВТ,доцент,к.н.
Алексеев Ж.Р.,ФЭТ,ассистент,д.н.
Новиков А.А.,ФРТ,профессор,
Соколов Г.Н.,ФМиМ,доцент,д.н.
Кузнецов Б.В.,ФФ,,к.н.
Кузнецов И.К.,ФМиМ,ассистент,к.н.
Смирнов К.М.,ФМиЕН,доцент,к.н.
Кузнецов Д.С.,ИТМО,,к.н.
Лебедева Д.С.,ФЭТ,,к.н.
Смирнов Е.П.,ФМиМ,доцент,к.н.
Алексеев Б.В.,ФЭТ,профессор,к.н.
Алексеев Г.Н.,ФУПМ,профессор,
Новиков Д.С.,ФФ,профессор,
Сидоров И.К.,ФПМИ,ассистент,
Морозов Д.С.,ФМиЕН,,д.н.
Лебедева В.И.,ФИВТ,доцент,д.н.
Волков Л.О.,ФПМИ,профессор,
Смирнов К.М.,ФМиМ,,
Егоров Е.П.,ФФ,ассистент,
Морозов А.А.,ФИТ,ассистент,
Смирнов И.К.,ФУПМ,,к.н.
Кузнецов К.М.,ФЭТ,,д.н.
Волков Е.П.,ФУПМ,доцент,
Егоров А.А.,ФФ,профессор,д.н.
Кузнецов Г.Н.,ФФ,доцент,д.н.
Соколов И.К.,ФРТ,,
Волков М.Ю.,ФПМИ,ассистент,к.н.
Козлов А.А.,ФЭТ,профессор,д.н.
Кузнецов Е.П.,ФУПМ,,
Соколов К.М.,ИТМО,доцент,к.н.
Козлов М.Ю.,ФИВТ,,к.н.
Лебедев А.А.,ФИВТ,профессор,
Новиков Л.О.,ФМиЕН,профессор,д.н.
Иванов К.М.,ФПМИ,,
Кузнецов М.Ю.,ФПМИ,доцент,к.н.
Алексеев А.А.,ФИТ,ассистент,д.н.
Лебедева А.А.,ФИВТ,,
Лебедев З.Т.,ФПМИ,доцент,к.н.
Попов Л.О.,ФФ,ассистент,
Семенов Г.Н.,ФМиЕН,ассистент,к.н.
Козлов И.К.,ФИТ,профессор,к.н.
Соколов Г.Н.,ФПМИ,ассистент,д.н.
Кузнецов М.Ю.,ФИВТ,профессор,
Алексеев В.И.,ФИТ,ассистент,
Лебедева В.И.,ФМиЕН,ассистент,к.н.
Сидоров К.М.,ФМиМ,,д.н.
Попов Д.С.,ФРТ,профессор,к.н.
Новиков Б.В.,ИТМО,,
Сидоров Л.О.,ФМиЕН,профессор,д.н.
Козлов Б.В.,ФУПМ,ассистент,к.н.
Иванов М.Ю.,ФРТ,доцент,
Лебедев Л.О.,ФПМИ,доцент,к.н.
Сидоров А.А.,ФУПМ,,
Козлов А.А.,ИТМО,профессор,к.н.
Смирнов Г.Н.,ФЭТ,,д.н.
Петров Е.П.,ФУПМ,,д.н.
Попов Б.В.,ФФ,ассистент,д.н.
Иванов Б.В.,ФМиЕН,профессор,к.н.
Егоров К.М.,ФУПМ,профессор,д.н.
Соколов Е.П.,ФФ,,
Алексеев К.М.,ФУПМ,ассистент,д.н.
Кузнецов А.А.,ФРТ,ассистент,
Попов Ж.Р.,ФМиМ,профессор,д.н.
Кузнецов Г.Н.,ФМиМ,,к.н.
Семенов Ж.Р.,ФЭТ,доцент,
Лебедев Л.О.,ФИВТ,ассистент,
Семенов Г.Н.,ФПМИ,доцент,
Козлов А.А.,ФРТ,доцент,к.н.
Новиков Д.С.,ФМиМ,профессор,к.н.
Новиков Л.О.,ФИТ,ассистент,д.н.
Морозов Г.Н.,ИТМО,доцент,к.н.
Иванов Е.П.,ФУПМ,,
Сидоров И.К.,ФФ,ассистент,д.н.
Лебедева И.К.,ФУПМ,,д.н.
Кузнецов Ж.Р.,ФРТ,доцент,к.н.
Лебедева И.К.,ФИВТ,доцент,
Лебедева З.Т.,ФПМИ,ассистент,
Попов Е.П.,ФМиМ,доцент,
Лебедева К.М.,ИТМО,ассистент,
Семенов М.Ю.,ФПМИ,доцент,к.н.
Волков А.А.,ФЭТ,,д.н.
Новиков К.М.,ФИТ,ассистент,к.н.
Егоров Л.О.,ИТМО,ассистент,
Петров Л.О.,ФЭТ,доцент,
Новиков И.К.,ФИВТ,,д.н.
Соколов Г.Н.,ФМиМ,,к.н.
Новиков И.К.,ФМиЕН,ассистент,д.н.
Егоров А.А.,ФПМИ,ассистент,
Смирнов К.М.,ФМиЕН,,д.н.
Алексеев К.М.,ИТМО,,
Новиков М.Ю.,ФЭТ,профессор,
Козлов М.Ю.,ФУПМ,ассистент,к.н.
Морозов В.И.,ФРТ,,
Иванов Л.О.,ФИВТ,ассистент,
Лебедева К.М.,ФПМИ,доцент,к.н.
Смирнов Е.П.,ФУПМ,профессор,
Смирнов Л.О.,ФПМИ,профессор,д.н.
Кузнецов Ж.Р.,ФРТ,доцент,к.н.
Алексеев М.Ю.,ФИТ,,д.н.
Егоров Л.О.,ФИТ,ассистент,к.н.
Иванов К.М.,ФМиЕН,,к.н.
Иванов А.А.,ФИТ,ассистент,
Козлов В.И.,ФИВТ,,д.н.
Козлов Д.С.,ФМиЕН,профессор,д.н.
Кузнецов Л.О.,ФМиЕН,ассистент,к.н.
Попов И.К.,ФФ,ассистент,к.н.
Новиков З.Т.,ФЭТ,ассистент,д.н.
Новиков Л.О.,ФМиМ,ассистент,д.н.
Соколов А.А.,ФИТ,профессор,к.н.
Козлов Д.С.,ИТМО,профессор,к.н.
Новиков З.Т.,ФМиЕН,,
Морозов Д.С.,ФРТ,ассистент,к.н.
Смирнов Е.П.,ФПМИ,ассистент,к.н.
Алексеев В.И.,ФИВТ,профессор,к.н.
Лебедев И.К.,ФЭТ,доцент,
Попов Е.П.,ФУПМ,профессор,
Алексеев М.Ю.,ФИВТ,профессор,
Лебедев Г.Н.,ФУПМ,,к.н.
Соколов Ж.Р.,ФМиМ,,д.н.
Козлов К.М.,ФМиМ,доцент,д.н.
Морозов Б.В.,ФМиМ,,к.н.
Лебедев Д.С.,ФПМИ,ассистент,
Кузнецов А.А.,ФИТ,профессор,к.н.
Смирнов В.И.,ФИВТ,ассистент,д.н.
Соколов Е.П.,ФИВТ,профессор,к.н.
Козлов В.И.,ФИВТ,ассистент,д.н.
Сидоров Д.С.,ФРТ,,
Петров Ж.Р.,ФРТ,профессор,к.н.
Петров Д.С.,ФЭТ,ассистент,к.н.
Морозов Л.О.,ФРТ,,д.н.
Кузнецов Е.П.,ФМиЕН,ассистент,д.н.
Морозов Ж.Р.,ФЭТ,доцент,к.н.
Иванов Б.В.,ФПМИ,ассистент,к.н.
Лебедева И.К.,ИТМО,ассистент,
Сидоров З.Т.,ФРТ,доцент,д.н.
Попов Г.Н.,ФФ,,
Семенов Е.П.,ИТМО,профессор,д.н.
Морозов Е.П.,ФФ,профессор,к.н.
Соколов И.К.,ФРТ,,к.н.
Сидоров В.И.,ФЭТ,профессор,к.н.
Попов К.М.,ФФ,,д.н.
Новиков Л.О.,ФМиМ,доцент,к.н.
Морозов Е.П.,ФПМИ,,
Лебедева А.А.,ИТМО,профессор,к.н.
Козлов Б.В.,ФЭТ,профессор,д.н.
Сидоров В.И.,ФРТ,,к.н.
Козлов Л.О.,ФИВТ,ассистент,
Морозов Д.С.,ФРТ,доцент,
Кузнецов Д.С.,ФПМИ,профессор,
Сидоров М.Ю.,ФФ,доцент,к.н.
Козлов Б.В.,ФФ,,д.н.
Соколов К.М.,ФМиЕН,профессор,к.н.
Алексеев Д.С.,ФЭТ,доцент,д.н.
Семенов М.Ю.,ФМиЕН,профессор,к.н.
Алексеев М.Ю.,ФПМИ,,
Петров В.И.,ФЭТ,,
Алексеев Д.С.,ФПМИ,доцент,д.н.
Алексеев Б.В.,ФЭТ,,к.н.
Новиков Д.С.,ФМиЕН,доцент,к.н.
Петров Е.П.,ФИТ,ассистент,
Смирнов Е.П.,ФРТ,доцент,к.н.
Егоров Е.П.,ФПМИ,профессор,
Лебедева Е.П.,ИТМО,ассистент,д.н.
Иванов К.М.,ФРТ,профессор,к.н.
Сидоров В.И.,ФУПМ,доцент,
Сидоров Г.Н.,ФФ,,д.н.
Егоров М.Ю.,ФИВТ,доцент,к.н.
Петров Ж.Р.,ФМиЕН,,д.н.
Алексеев Г.Н.,ФРТ,доцент,д.н.
Егоров М.Ю.,ФМиЕН,доцент,к.н.
Лебедев Д.С.,ФРТ,профессор,к.н.
Морозов В.И.,ФРТ,,к.н.
Новиков В.И.,ИТМО,доцент,д.н.
Смирнов К.М.,ФМиМ,,к.н.
Смирнов В.И.,ФМиМ,доцент,д.н.
Соколов А.А.,ФМиЕН,доцент,
Семенов К.М.,ФМиЕН,доцент,к.н.
Попов М.Ю.,ФПМИ,,д.н.
Козлов Ж.Р.,ФРТ,профессор,д.н.
Кузнецов А.А.,ФФ,профессор,
Семенов Г.Н.,ИТМО,профессор,к.н.
Козлов Л.О.,ФУПМ,профессор,
Смирнов Е.П.,ФИВТ,профессор,к.н.
Козлов Л.О.,ФПМИ,ассистент,д.н.
Попов К.М.,ФРТ,профессор,к.н.
Алексеев Г.Н.,ИТМО,доцент,д.н.
Петров И.К.,ИТМО,доцент,к.н.
Иванов Д.С.,ИТМО,ассистент,
Волков Д.С.,ИТМО,доцент,к.н.
Лебедев А.А.,ФУПМ,профессор,к.н.
Кузнецов Г.Н.,ИТМО,,
Лебедев М.Ю.,ФФ,доцент,д.н.
Петров Ж.Р.,ФФ,,к.н.
Иванов А.А.,ФИТ,профессор,к.н.
Семенов Л.О.,ФМиЕН,доцент,
Петров К.М.,ФИВТ,,
Новиков Е.П.,ФФ,ассистент,д.н.
Новиков Г.Н.,ФМиЕН,,д.н.
Козлов Е.П.,ФРТ,ассистент,д.н.
Козлов Д.С.,ФЭТ,,к.н.
Иванов З.Т.,ФУПМ,,д.н.
Лебедева А.А.,ФМиМ,,
Кузнецов Г.Н.,ФЭТ,доцент,к.н.
Сидоров И.К.,ИТМО,профессор,д.н.
Смирнов К.М.,ФФ,,д.н.
Алексеев А.А.,ФУПМ,профессор,к.н.
Петров М.Ю.,ФИВТ,,
Кузнецов К.М.,ФУПМ,,
Новиков К.М.,ФМиЕН,ассистент,
Соколов М.Ю.,ФРТ,профессор,к.н.
Егоров А.А.,ФЭТ,,
Семенов К.М.,ФФ,профессор,к.н.
Лебедева А.А.,ФПМИ,ассистент,
Козлов Ж.Р.,ФИТ,,д.н.
Новиков З.Т.,ФМиМ,доцент,
Лебедев Б.В.,ФИТ,,д.н.
Соколов Л.О.,ФЭТ,профессор,д.н.
Семенов М.Ю.,ФИВТ,профессор,
Иванов Д.С.,ФПМИ,профессор,
Новиков К.М.,ФИТ,ассистент,д.н.
Смирнов Д.С.,ФИТ,ассистент,к.н.
Алексеев Ж.Р.,ФЭТ,доцент,
Сидоров Б.В.,ФПМИ,,д.н.
Кузнецов М.Ю.,ФМиМ,ассистент,
Смирнов М.Ю.,ФИВТ,доцент,
Иванов Ж.Р.,ИТМО,профессор,
Смирнов В.И.,ФПМИ,профессор,к.н.
Волков Б.В.,ФИВТ,ассистент,к.н.
Кузнецов И.К.,ФЭТ,доцент,д.н.
Сидоров З.Т.,ФРТ,,
Соколов И.К.,ФРТ,профессор,д.н.
Попов Л.О.,ФИВТ,профессор,д.н.
Иванов Ж.Р.,ФУПМ,профессор,
Алексеев М.Ю.,ФПМИ,,
Соколов М.Ю.,ФФ,доцент,
Егоров З.Т.,ФУПМ,ассистент,к.н.
Новиков Б.В.,ФМиМ,профессор,д.н.
Лебедев Л.О.,ФФ,доцент,
Козлов И.К.,ИТМО,профессор,д.н.
Петров К.М.,ФИВТ,ассистент,д.н.
Алексеев Е.П.,ФФ,ассистент,д.н.
Егоров Б.В.,ФМиМ,,
Семенов Л.О.,ФМиМ,профессор,
Алексеев З.Т.,ФУПМ,доцент,д.н.
Волков Л.О.,ФЭТ,профессор,
Новиков К.М.,ФРТ,профессор,к.н.
Попов И.К.,ФЭТ,профессор,
Соколов К.М.,ФРТ,доцент,
Сидоров Л.О.,ФИТ,профессор,к.н.
Петров М.Ю.,ФЭТ,,д.н.
Соколов К.М.,ФЭТ,профессор,к.н.
Новиков И.К.,ФФ,доцент,к.н.
Егоров Г.Н.,ФПМИ,ассистент,к.н.
Егоров В.И.,ФМиЕН,ассистент,
Лебедев К.М.,ФИВТ,профессор,
Морозов Г.Н.,ФПМИ,ассистент,к.н.
Лебедев М.Ю.,ФФ,доцент,
Семенов Ж.Р.,ФРТ,,д.н.
Лебедева М.Ю.,ФПМИ,профессор,
Морозов М.Ю.,ФЭТ,профессор,
Морозов Е.П.,ФФ,,
Петров Б.В.,ФИТ,доцент,д.н.
Иванов М.Ю.,ФИТ,профессор,
Семенов Б.В.,ФМиМ,доцент,
Попов К.М.,ФМиЕН,,
Новиков Ж.Р.,ФМиМ,профессор,д.н.
Иванов З.Т.,ФПМИ,ассистент,
Иванов Д.С.,ФИВТ,профессор,д.н.
Соколов Ж.Р.,ФИВТ,доцент,
Попов З.Т.,ФРТ,,д.н.
Кузнецов Д.С.,ФЭТ,ассистент,
Соколов А.А.,ФУПМ,,д.н.
Новиков Л.О.,ФУПМ,профессор,к.н.
Лебедева Г.Н.,ИТМО,доцент,д.н.
Петров Д.С.,ФФ,профессор,д.н.
Козлов М.Ю.,ФМиМ,ассистент,к.н.
Морозов Ж.Р.,ФПМИ,ассистент,к.н.
Егоров В.И.,ФРТ,,к.н.
Волков М.Ю.,ФПМИ,профессор,
Лебедева А.А.,ИТМО,ассистент,
Морозов Д.С.,ФМиМ,доцент,
Алексеев М.Ю.,ФМиЕН,,
Алексеев М.Ю.,ФУПМ,,д.н.
Лебедев Е.П.,ФИВТ,,д.н.
Козлов Д.С.,ИТМО,доцент,к.н.
Егоров Л.О.,ФФ,доцент,к.н.
Сидоров А.А.,ФИТ,профессор,к.н.
Новиков Е.П.,ИТМО,доцент,к.н.
Семенов В.И.,ФМиЕН,профессор,к.н.
Иванов А.А.,ФУПМ,доцент,к.н.
Сидоров Е.П.,ФМиМ,,
Попов М.Ю.,ФЭТ,доцент,
Сидоров М.Ю.,ФИТ,доцент,д.н.
Лебедев К.М.,ФПМИ,профессор,д.н.
Семенов В.И.,ФИВТ,профессор,д.н.
Волков Д.С.,ФПМИ,,
Кузнецов В.И.,ИТМО,профессор,
Петров А.А.,ФЭТ,доцент,д.н.
Иванов И.К.,ИТМО,ассистент,д.н.
Морозов И.К.,ИТМО,,
Семенов А.А.,ФМиМ,профессор,
Новиков Д.С.,ФЭТ,,к.н.
Волков М.Ю.,ФРТ,ассистент,к.н.
Лебедева И.К.,ФМиЕН,,
Кузнецов Д.С.,ФМиЕН,ассистент,д.н.
Волков Б.В.,ФМиЕН,ассистент,
Морозов В.И.,ФРТ,,к.н.
Алексеев Д.С.,ФЭТ,доцент,д.н.
Петров А.А.,ФПМИ,ассистент,д.н.
Новиков Б.В.,ФЭТ,профессор,к.н.
Кузнецов З.Т.,ФРТ,профессор,
Лебедев В.И.,ФРТ,ассистент,д.н.
Лебедев И.К.,ФИВТ,доцент,
Егоров З.Т.,ФУПМ,профессор,к.н.
Петров М.Ю.,ФРТ,ассистент,д.н.
Лебедев З.Т.,ФИТ,доцент,
Сидоров Д.С.,ФИВТ,,
Смирнов В.И.,ФМиЕН,ассистент,д.н.
Семенов Е.П.,ФИВТ,,
Морозов Д.С.,ФФ,профессор,д.н.
Новиков Л.О.,ФУПМ,,
Лебедева Е.П.,ИТМО,доцент,к.н.
Сидоров Г.Н.,ФРТ,,
Козлов Ж.Р.,ФУПМ,,к.н.
Смирнов И.К.,ФИТ,ассистент,д.н.
Егоров Е.П.,ФИТ,доцент,к.н.
Егоров К.М.,ФИТ,профессор,
Петров Ж.Р.,ФЭТ,профессор,к.н.
Волков В.И.,ФИВТ,,к.н.
Иванов Ж.Р.,ФЭТ,профессор,д.н.
Соколов Л.О.,ФПМИ,профессор,д.н.
Лебедев А.А.,ФИТ,профессор,д.н.
Козлов Д.С.,ФМиЕН,,д.н.
Иванов Б.В.,ФЭТ,доцент,д.н.
Семенов В.И.,ФИТ,профессор,
Попов Ж.Р.,ФРТ,доцент,
Иванов К.М.,ФМиЕН,профессор,д.н.
Сидоров М.Ю.,ФРТ,доцент,к.н.
Сидоров И.К.,ФМиЕН,профессор,к.н.
Семенов А.А.,ФМиМ,доцент,к.н.
Лебедев А.А.,ФМиМ,профессор,
Алексеев К.М.,ФИТ,,
Козлов И.К.,ФФ,доцент,д.н.
Морозов Е.П.,ФИВТ,ассистент,
Иванов М.Ю.,ФПМИ,ассистент,
Иванов Л.О.,ФУПМ,ассистент,
Смирнов В.И.,ФЭТ,профессор,к.н.
Соколов А.А.,ФПМИ,,д.н.
Морозов И.К.,ФФ,,д.н.
Петров К.М.,ФФ,доцент,д.н.
Козлов М.Ю.,ФИВТ,,д.н.
Иванов А.А.,ФРТ,ассистент,к.н.
Волков Д.С.,ФМиМ,,к.н.
Морозов И.К.,ФМиМ,ассистент,
Новиков И.К.,ФМиЕН,ассистент,к.н.
Новиков Г.Н.,ФМиЕН,,д.н.
Алексеев Б.В.,ФФ,профессор,к.н.
Новиков Г.Н.,ФУПМ,,
Кузнецов Л.О.,ФУПМ,доцент,д.н.
Петров К.М.,ФУПМ,доцент,д.н.
Новиков В.И.,ФУПМ,профессор,
Козлов К.М.,ИТМО,,
Попов К.М.,ФМиМ,,
Морозов Д.С.,ФИВТ,ассистент,д.н.
Лебедев В.И.,ФРТ,,
Новиков Е.П.,ФМиМ,ассистент,д.н.
Кузнецов З.Т.,ФМиЕН,профессор,
Кузнецов Е.П.,ИТМО,доцент,к.н.
Сидоров Е.П.,ИТМО,ассистент,
Морозов К.М.,ФПМИ,профессор,д.н.
Козлов З.Т.,ФМиЕН,профессор,к.н.
Егоров З.Т.,ФИВТ,профессор,
Смирнов Ж.Р.,ФРТ,ассистент,д.н.
Сидоров М.Ю.,ФМиЕН,,д.н.
Морозов З.Т.,ФМиМ,ассистент,к.н.
Попов М.Ю.,ФМиЕН,,к.н.
Сидоров Е.П.,ФПМИ,,д.н.
Смирнов М.Ю.,ФИТ,,
Морозов Д.С.,ФПМИ,ассистент,к.н.
Лебедев Ж.Р.,ФРТ,доцент,д.н.
Козлов М.Ю.,ФФ,,к.н.
Лебедева Б.В.,ФФ,,
Кузнецов Ж.Р.,ИТМО,ассистент,д.н.
Лебедев З.Т.,ФИТ,ассистент,д.н.
Морозов Е.П.,ФИТ,доцент,
Волков А.А.,ФУПМ,профессор,д.н.
Волков Л.О.,ФРТ,профессор,к.н.
Кузнецов К.М.,ФИВТ,ассистент,
Волков Ж.Р.,ФИВТ,доцент,
Морозов Д.С.,ФИТ,ассистент,к.н.
Козлов Е.П.,ФМиМ,ассистент,
Кузнецов Ж.Р.,ФРТ,доцент,к.н.
Смирнов А.А.,ФФ,ассистент,д.н.
Кузнецов К.М.,ФРТ,доцент,
Соколов Ж.Р.,ФЭТ,ассистент,д.н.
Алексеев Ж.Р.,ФУПМ,ассистент,
Новиков К.М.,ФФ,профессор,к.н.
Сидоров К.М.,ФЭТ,профессор,
Волков Г.Н.,ИТМО,профессор,
Новиков М.Ю.,ФИТ,,д.н.
Морозов Б.В.,ФПМИ,профессор,к.н.
Лебедев Б.В.,ФПМИ,ассистент,д.н.
Морозов Д.С.,ФПМИ,доцент,к.н.
Кузнецов З.Т.,ФПМИ,доцент,к.н.
Попов З.Т.,ФФ,доцент,к.н.
Морозов К.М.,ФМиЕН,ассистент,д.н.
Козлов З.Т.,ФИВТ,ассистент,к.н.
Иванов Е.П.,ФФ,,к.н.
Алексеев Ж.Р.,ФМиЕН,,
Семенов Ж.Р.,ФЭТ,ассистент,к.н.
Смирнов Д.С.,ФИТ,ассистент,к.н.
Семенов Г.Н.,ИТМО,доцент,к.н.
Соколов Л.О.,ИТМО,доцент,к.н.
Попов Б.В.,ФУПМ,профессор,к.н.
Сидоров К.М.,ФИВТ,профессор,д.н.
Кузнецов А.А.,ФПМИ,ассистент,к.н.
Лебедева Л.О.,ФФ,доцент,д.н.
Новиков И.К.,ФМиМ,,
Егоров К.М.,ФПМИ,доцент,
Петров Б.В.,ФУПМ,ассистент,д.н.
Козлов А.А.,ФПМИ,,
Новиков Б.В.,ФМиЕН,доцент,
Семенов З.Т.,ФИВТ,доцент,д.н.
Петров Б.В.,ФИТ,профессор,д.н.
Новиков Е.П.,ФУПМ,ассистент,д.н.
Смирнов Д.С.,ФРТ,ассистент,д.н.
Смирнов Б.В.,ФИВТ,доцент,д.н.
Сидоров Д.С.,ФИТ,,д.н.
Егоров И.К.,ФМиМ,доцент,к.н.
Иванов З.Т.,ИТМО,ассистент,
Егоров В.И.,ФФ,ассистент,к.н.
Волков М.Ю.,ФИТ,доцент,
Алексеев Г.Н.,ФФ,профессор,
Алексеев Д.С.,ФЭТ,профессор,к.н.
Козлов З.Т.,ФПМИ,,д.н.
Сидоров Е.П.,ФФ,профессор,д.н.
Иванов В.И.,ФЭТ,профессор,д.н.
Смирнов Д.С.,ФМиЕН,,
Соколов Д.С.,ФМиЕН,ассистент,
Волков Е.П.,ФРТ,доцент,д.н.
Волков В.И.,ФПМИ,доцент,к.н.
Егоров Е.П.,ФМиЕН,профессор,д.н.
Лебедев Л.О.,ФРТ,профессор,к.н.
Егоров К.М.,ФИТ,,
Морозов З.Т.,ФИВТ,доцент,д.н.
Егоров Г.Н.,ФУПМ,доцент,д.н.
Сидоров М.Ю.,ИТМО,,к.н.
Сидоров З.Т.,ФПМИ,профессор,к.н.
Алексеев Г.Н.,ФПМИ,,к.н.
Попов А.А.,ФИВТ,,д.н.
Егоров Б.В.,ФФ,профессор,д.н.
Морозов Б.В.,ФФ,,
Сидоров Г.Н.,ФМиМ,доцент,д.н.
Соколов В.И.,ФИВТ,доцент,
Волков Д.С.,ИТМО,,к.н.
Егоров Е.П.,ФФ,профессор,
Егоров Ж.Р.,ИТМО,ассистент,д.н.
Морозов М.Ю.,ФМиМ,доцент,к.н.
Иванов Е.П.,ФИВТ,,
Кузнецов И.К.,ФФ,профессор,д.н.
Кузнецов А.А.,ФМиМ,доцент,к.н.
Алексеев Д.С.,ФЭТ,,д.н.
Попов З.Т.,ФМиМ,ассистент,д.н.
Семенов Г.Н.,ФЭТ,доцент,д.н.
Семенов Б.В.,ФРТ,,
Алексеев Ж.Р.,ФФ,доцент,д.н.
Морозов В.И.,ФУПМ,,д.н.
Попов А.А.,ФМиМ,ассистент,к.н.
Иванов К.М.,ИТМО,профессор,
Семенов М.Ю.,ФРТ,профессор,д.н.
Кузнецов З.Т.,ФМиЕН,доцент,д.н.
Морозов З.Т.,ФИТ,,д.н.
Попов К.М.,ФФ,ассистент,
Новиков А.А.,ИТМО,профессор,д.н.
Смирнов Ж.Р.,ФМиЕН,ассистент,к.н.
Волков Б.В.,ФУПМ,профессор,к.н.
Смирнов Д.С.,ФУПМ,профессор,к.н.
Морозов Д.С.,ФУПМ,доцент,
Лебедев М.Ю.,ФУПМ,ассистент,к.н.
Алексеев А.А.,ФИТ,ассистент,к.н.
Новиков З.Т.,ФПМИ,ассистент,к.н.
Лебедева К.М.,ФМиМ,ассистент,к.н.
Козлов М.Ю.,ФИТ,доцент,
Новиков Л.О.,ФИВТ,,
Семенов Ж.Р.,ФИТ,,
Новиков Д.С.,ФИТ,,
Новиков З.Т.,ФРТ,ассистент,к.н.
Алексеев М.Ю.,ФИВТ,доцент,к.н.
Алексеев Б.В.,ИТМО,,д.н.
Волков З.Т.,ФПМИ,,
Лебедев Е.П.,ФИТ,ассистент,д.н.
Семенов К.М.,ФМиЕН,ассистент,
Кузнецов Г.Н.,ФМиЕН,профессор,д.н.
Кузнецов И.К.,ИТМО,,к.н.
Морозов М.Ю.,ИТМО,,д.н.
Алексеев Д.С.,ИТМО,профессор,
Новиков З.Т.,ФИВТ,ассистент,
Лебедев Ж.Р.,ИТМО,доцент,к.н.
Попов Е.П.,ФИТ,ассистент,
Козлов М.Ю.,ФМиМ,,к.н.
Морозов З.Т.,ФМиЕН,,
Петров Г.Н.,ФРТ,доцент,
Морозов М.Ю.,ФПМИ,доцент,к.н.
Соколов М.Ю.,ФИВТ,ассистент,
Егоров Л.О.,ФМиЕН,профессор,
Морозов Д.С.,ФУПМ,профессор,
Лебедева Б.В.,ФЭТ,ассистент,д.н.
Егоров Е.П.,ФИВТ,доцент,к.н.
Волков Б.В.,ФИВТ,доцент,д.н.
Сидоров З.Т.,ИТМО,профессор,д.н.
Егоров Ж.Р.,ИТМО,,к.н.
Волков Ж.Р.,ФПМИ,ассистент,к.н.
Сидоров Б.В.,ФУПМ,,
Егоров И.К.,ФФ,,к.н.
Кузнецов Е.П.,ФЭТ,ассистент,д.н.
Козлов Е.П.,ФРТ,,д.н.
Семенов З.Т.,ФФ,ассистент,д.н.
Иванов З.Т.,ФИВТ,ассистент,д.н.
Иванов К.М.,ИТМО,доцент,
Козлов В.И.,ФМиМ,профессор,
Новиков Ж.Р.,ФИВТ,профессор,к.н.
Петров Б.В.,ФМиЕН,профессор,д.н.
Соколов В.И.,ФПМИ,профессор,к.н.
Соколов Б.В.,ФПМИ,,д.н.
Лебедева Ж.Р.,ФИТ,,к.н.
Лебедева М.Ю.,ФМиМ,,к.н.
Попов Д.С.,ФПМИ,профессор,д.н.
Кузнецов В.И.,ФФ,ассистент,к.н.
Смирнов З.Т.,ФЭТ,доцент,
Козлов М.Ю.,ФИВТ,ассистент,д.н.
Козлов Е.П.,ФМиЕН,профессор,д.н.
Лебедева Л.О.,ФИВТ,,к.н.
Морозов З.Т.,ФИТ,,д.н.
Петров Г.Н.,ФМиЕН,ассистент,д.н.
Соколов И.К.,ФПМИ,профессор,
Соколов Б.В.,ФРТ,ассистент,к.н.
Алексеев И.К.,ИТМО,доцент,
Смирнов Е.П.,ФРТ,ассистент,
Иванов В.И.,ФЭТ,доцент,д.н.
Петров И.К.,ФУПМ,ассистент,
Смирнов А.А.,ФИВТ,ассистент,
Сидоров А.А.,ФЭТ,доцент,к.н.
Соколов И.К.,ФПМИ,профессор,к.н.
Сидоров К.М.,ФУПМ,профессор,д.н.
Лебедев М.Ю.,ФИТ,,
Новиков М.Ю.,ИТМО,профессор,д.н.
Иванов А.А.,ФЭТ,профессор,
Семенов В.И.,ИТМО,,к.н.
Новиков К.М.,ФМиЕН,,
Козлов Е.П.,ФМиМ,доцент,д.н.
Егоров В.И.,ФРТ,доцент,
Соколов К.М.,ФМиМ,ассистент,
Сидоров А.А.,ФЭТ,доцент,
Кузнецов А.А.,ФУПМ,профессор,д.н.
Семенов М.Ю.,ФИТ,ассистент,
Смирнов З.Т.,ФРТ,доцент,д.н.
Лебедева И.К.,ФМиЕН,,к.н.
Смирнов И.К.,ФМиМ,профессор,к.н.
Семенов Б.В.,ФПМИ,ассистент,д.н.
Попов Л.О.,ФУПМ,ассистент,д.н.
Новиков З.Т.,ФМиМ,ассистент,д.н.
Соколов Г.Н.,ФПМИ,ассистент,д.н.
Волков Г.Н.,ФМиМ,профессор,
Волков Е.П.,ФЭТ,,д.н.
Попов Д.С.,ФМиЕН,доцент,д.н.
Морозов Д.С.,ФУПМ,,д.н.
Морозов В.И.,ФМиМ,,
Смирнов Е.П.,ФМиЕН,доцент,к.н.
Морозов М.Ю.,ФМиМ,доцент,к.н.
Новиков З.Т.,ФИТ,профессор,
Соколов В.И.,ИТМО,доцент,к.н.
Семенов Д.С.,ФМиЕН,доцент,
Козлов А.А.,ФМиЕН,,д.н.
Егоров Ж.Р.,ФУПМ,профессор,
Петров Б.В.,ФМиЕН,доцент,
Егоров А.А.,ФМиМ,профессор,д.н.
Семенов А.А.,ФИВТ,доцент,
Петров Г.Н.,ФЭТ,доцент,к.н.
Волков Ж.Р.,ФУПМ,профессор,д.н.
Морозов М.Ю.,ФПМИ,ассистент,д.н.
Лебедев К.М.,ФПМИ,ассистент,к.н.
Морозов А.А.,ФМиМ,ассистент,
Волков З.Т.,ФМиМ,профессор,
Лебедев Л.О.,ФФ,,
Морозов Л.О.,ИТМО,ассистент,д.н.
Кузнецов Д.С.,ФПМИ,профессор,
Лебедев Ж.Р.,ФФ,профессор,
Кузнецов Б.В.,ФЭТ,профессор,д.н.
Козлов В.И.,ФИТ,,д.н.
Лебедев К.М.,ФУПМ,ассистент,д.н.
Иванов Г.Н.,ФИТ,профессор,д.н.
Кузнецов Л.О.,ФИВТ,,к.н.
Соколов К.М.,ФПМИ,,д.н.
Лебедева М.Ю.,ФМиМ,,к.н.
Лебедева Е.П.,ФФ,,
Попов З.Т.,ФМиЕН,профессор,
Семенов Л.О.,ФУПМ,профессор,
Смирнов И.К.,ФУПМ,ассистент,д.н.
Лебедева Г.Н.,ФЭТ,профессор,к.н.
Петров М.Ю.,ФРТ,,к.н.
Петров Г.Н.,ФПМИ,ассистент,к.н.
Козлов В.И.,ФПМИ,,д.н.
Лебедев Л.О.,ФРТ,профессор,к.н.
Семенов Г.Н.,ФФ,,к.н.
Козлов Б.В.,ИТМО,ассистент,
Иванов Л.О.,ФИВТ,доцент,
Семенов З.Т.,ИТМО,ассистент,к.н.
Козлов М.Ю.,ФИТ,,д.н.
Иванов В.И.,ФРТ,доцент,к.н.
Петров Л.О.,ФРТ,доцент,д.н.
Смирнов И.К.,ФЭТ,доцент,д.н.
Соколов Г.Н.,ФМиЕН,ассистент,к.н.
Лебедева М.Ю.,ФИВТ,профессор,к.н.
Соколов И.К.,ФПМИ,доцент,
Сидоров Б.В.,ФЭТ,доцент,
Попов А.А.,ФМиЕН,ассистент,
Алексеев В.И.,ФИВТ,профессор,д.н.
Соколов З.Т.,ФИВТ,,
Кузнецов Ж.Р.,ИТМО,профессор,к.н.
Соколов Л.О.,ФУПМ,доцент,
Попов Д.С.,ФФ,,к.н.
Иванов И.К.,ФМиМ,профессор,
Козлов Б.В.,ИТМО,ассистент,к.н.
Иванов Е.П.,ИТМО,профессор,
Лебедев А.А.,ФМиЕН,,
Лебедев Г.Н.,ФМиМ,,
Новиков И.К.,ИТМО,ассистент,
Волков Б.В.,ФИВТ,доцент,д.н.
Семенов Л.О.,ФФ,доцент,к.н.
Морозов В.И.,ФИТ,профессор,
Козлов К.М.,ФМиЕН,,д.н.
Сидоров Л.О.,ФФ,профессор,д.н.
Соколов Г.Н.,ФИТ,доцент,к.н.
Егоров Б.В.,ФИВТ,доцент,д.н.
Иванов Ж.Р.,ФИТ,,д.н.
Волков И.К.,ФЭТ,ассистент,д.н.
Иванов Д.С.,ИТМО,ассистент,
Попов Г.Н.,ФМиМ,ассистент,к.н.
Новиков Б.В.,ФЭТ,ассистент,к.н.
Соколов Л.О.,ФИВТ,профессор,
Сидоров Е.П.,ФМиМ,профессор,д.н.
Новиков Л.О.,ФМиЕН,доцент,
Кузнецов Б.В.,ФЭТ,доцент,
Лебедева Е.П.,ФИТ,доцент,к.н.
Семенов Б.В.,ФФ,доцент,
Козлов Ж.Р.,ФУПМ,ассистент,к.н.
Петров А.А.,ФРТ,ассистент,
Иванов В.И.,ФФ,профессор,к.н.
Волков М.Ю.,ФИТ,ассистент,
Петров Д.С.,ФРТ,профессор,к.н.
Волков М.Ю.,ФРТ,ассистент,к.н.
Новиков А.А.,ФУПМ,профессор,к.н.
Егоров М.Ю.,ФИТ,доцент,д.н.
Семенов Б.В.,ИТМО,ассистент,к.н.
Сидоров З.Т.,ФРТ,,
Лебедева В.И.,ФУПМ,,д.н.
Козлов Г.Н.,ФУПМ,,д.н.
Алексеев Е.П.,ФФ,профессор,
Лебедев Б.В.,ФИТ,,д.н.
Попов А.А.,ФИТ,,д.н.
Иванов М.Ю.,ФУПМ,профессор,д.н.
Лебедева Г.Н.,ФПМИ,профессор,к.н.
Волков Д.С.,ФИТ,профессор,
Егоров Б.В.,ИТМО,ассистент,
Морозов Е.П.,ФФ,профессор,
Лебедева М.Ю.,ФИТ,профессор,
Попов В.И.,ФМиМ,профессор,д.н.
Петров Е.П.,ФМиЕН,доцент,к.н.
Сидоров Л.О.,ФИТ,,к.н.
Новиков А.А.,ИТМО,,к.н.
Семенов К.М.,ФИВТ,доцент,
Петров З.Т.,ФПМИ,ассистент,д.н.
Морозов М.Ю.,ФЭТ,доцент,д.н.
Лебедев А.А.,ФУПМ,ассистент,д.н.
Попов Ж.Р.,ФМиЕН,ассистент,
Кузнецов З.Т.,ФУПМ,профессор,
Лебедева Л.О.,ФМиЕН,,д.н.
Иванов М.Ю.,ФИТ,ассистент,к.н.
Алексеев К.М.,ФИТ,ассистент,к.н.
Козлов Е.П.,ФФ,доцент,
Кузнецов К.М.,ФРТ,,д.н.
Егоров И.К.,ФМиМ,ассистент,к.н.
Сидоров И.К.,ФМиМ,ассистент,
Алексеев Г.Н.,ФУПМ,ассистент,
Лебедев Г.Н.,ФУПМ,профессор,д.н.
Петров И.К.,ФПМИ,профессор,
Козлов Д.С.,ФФ,профессор,
Алексеев К.М.,ФУПМ,ассистент,
Семенов А.А.,ИТМО,доцент,к.н.
Кузнецов Г.Н.,ФИТ,доцент,д.н.
Попов А.А.,ФФ,доцент,
Кузнецов Ж.Р.,ФПМИ,доцент,д.н.
Волков Г.Н.,ФМиЕН,ассистент,к.н.
Семенов К.М.,ФМиЕН,доцент,
Семенов В.И.,ФМиМ,доцент,
Алексеев А.А.,ФМиМ,,
Волков З.Т.,ФУПМ,профессор,
Семенов Г.Н.,ФИТ,доцент,
Сидоров М.Ю.,ФПМИ,ассистент,д.н.
Попов Е.П.,ФМиМ,ассистент,
Сидоров З.Т.,ФИТ,ассистент,к.н.
Смирнов Г.Н.,ФПМИ,,д.н.
Попов И.К.,ФИВТ,доцент,д.н.
Кузнецов Л.О.,ФМиЕН,доцент,
Новиков Д.С.,ФИТ,ассистент,к.н.
Лебедев Ж.Р.,ФРТ,профессор,к.н.
Иванов Е.П.,ФФ,доцент,к.н.
Морозов Г.Н.,ФПМИ,профессор,д.н.
Иванов А.А.,ФРТ,ассистент,д.н.
Иванов Б.В.,ФЭТ,профессор,д.н.
Новиков Б.В.,ФРТ,ассистент,к.н.
Козлов К.М.,ИТМО,ассистент,к.н.
Новиков Д.С.,ФФ,ассистент,д.н.
Семенов И.К.,ФРТ,доцент,
Козлов И.К.,ФИВТ,,д.н.
Новиков В.И.,ФМиЕН,доцент,д.н.
Морозов Б.В.,ФФ,ассистент,д.н.
Смирнов Е.П.,ФЭТ,,к.н.
Соколов А.А.,ФИТ,профессор,д.н.
Смирнов М.Ю.,ФПМИ,профессор,к.н.
Морозов Г.Н.,ИТМО,доцент,д.н.
Кузнецов В.И.,ФЭТ,,к.н.
Петров Б.В.,ФИТ,,д.н.
Волков И.К.,ФМиЕН,ассистент,к.н.
Алексеев И.К.,ФИВТ,,к.н.
Морозов Г.Н.,ФМиМ,ассистент,к.н.
Егоров Л.О.,ИТМО,доцент,
Лебедев А.А.,ФЭТ,доцент,
Алексеев Ж.Р.,ФРТ,ассистент,д.н.
Смирнов Б.В.,ФРТ,профессор,
Смирнов Е.П.,ФМиМ,доцент,
Сидоров И.К.,ИТМО,доцент,д.н.
Кузнецов И.К.,ИТМО,доцент,к.н.
Козлов З.Т.,ФМиМ,профессор,
Сидоров В.И.,ФМиЕН,профессор,
Иванов Е.П.,ФУПМ,,д.н.
Иванов З.Т.,ФРТ,,
Семенов З.Т.,ФПМИ,профессор,д.н.
Волков И.К.,ФФ,,
Семенов М.Ю.,ФЭТ,профессор,к.н.
Смирнов З.Т.,ФУПМ,ассистент,д.н.
Соколов И.К.,ФПМИ,профессор,
Алексеев Ж.Р.,ФЭТ,,д.н.
Иванов В.И.,ФУПМ,профессор,д.н.
Сидоров М.Ю.,ФУПМ,ассистент,
Смирнов Е.П.,ФИТ,доцент,д.н.
Смирнов И.К.,ФРТ,,к.н.
Сидоров Г.Н.,ИТМО,ассистент,
Иванов Б.В.,ФУПМ,,д.н.
Волков Ж.Р.,ИТМО,доцент,
Лебедев И.К.,ФПМИ,профессор,
Иванов Д.С.,ИТМО,,д.н.
Егоров Л.О.,ФФ,ассистент,д.н.
Новиков З.Т.,ФРТ,доцент,
Соколов З.Т.,ФИВТ,доцент,к.н.
Семенов Д.С.,ФЭТ,ассистент,д.н.
Лебедева Е.П.,ФИВТ,доцент,д.н.
Новиков К.М.,ИТМО,,
Егоров М.Ю.,ФУПМ,ассистент,д.н.
Алексеев Г.Н.,ФЭТ,доцент,
Морозов М.Ю.,ФЭТ,профессор,д.н.
Попов Ж.Р.,ФМиМ,профессор,к.н.
Волков Д.С.,ФРТ,доцент,к.н.
Семенов Г.Н.,ФУПМ,,к.н.
Семенов В.И.,ФРТ,ассистент,
Алексеев И.К.,ФУПМ,,д.н.
Иванов Г.Н.,ФЭТ,доцент,д.н.
Семенов Г.Н.,ФМиЕН,доцент,к.н.
Егоров З.Т.,ФМиЕН,ассистент,д.н.
Лебедева Ж.Р.,ФИТ,ассистент,к.н.
Волков Г.Н.,ФИВТ,,к.н.
Егоров Д.С.,ИТМО,профессор,к.н.
Егоров В.И.,ФЭТ,,к.н.
Лебедев З.Т.,ФФ,доцент,
Попов А.А.,ИТМО,доцент,д.н.
Морозов И.К.,ФИТ,,к.н.
Попов И.К.,ФУПМ,доцент,д.н.
Сидоров З.Т.,ФРТ,ассистент,
Козлов В.И.,ФПМИ,ассистент,
Егоров Ж.Р.,ФУПМ,ассистент,д.н.
Кузнецов К.М.,ИТМО,доцент,к.н.
Кузнецов Б.В.,ФУПМ,,к.н.
Попов К.М.,ФМиЕН,профессор,к.н.
Сидоров К.М.,ИТМО,ассистент,д.н.
Соколов М.Ю.,ФМиМ,ассистент,к.н.
Лебедева Ж.Р.,ФРТ,доцент,
Попов Г.Н.,ФРТ,,к.н.
Иванов Д.С.,ФИТ,доцент,д.н.
Попов З.Т.,ФМиЕН,профессор,к.н.
Алексеев З.Т.,ФИТ,доцент,д.н.
Иванов Д.С.,ФИВТ,ассистент,
Соколов Д.С.,ФМиЕН,ассистент,
Семенов А.А.,ФРТ,доцент,д.н.
Алексеев В.И.,ФПМИ,,
Волков Б.В.,ФМиЕН,профессор,к.н.
Петров К.М.,ФМиМ,профессор,
Волков Г.Н.,ФИВТ,профессор,д.н.
Соколов Л.О.,ФФ,профессор,
Егоров Д.С.,ФФ,профессор,д.н.
Петров М.Ю.,ИТМО,профессор,к.н.
Смирнов Б.В.,ФМиЕН,ассистент,к.н.
Петров Ж.Р.,ФПМИ,профессор,к.н.
Волков Е.П.,ФИВТ,,к.н.
Сидоров А.А.,ФПМИ,ассистент,
Соколов К.М.,ФМиЕН,профессор,д.н.
Егоров Е.П.,ФИТ,профессор,
Петров З.Т.,ФИТ,ассистент,
Соколов Г.Н.,ФИТ,профессор,к.н.
Волков А.А.,ФИВТ,ассистент,к.н.
Морозов А.А.,ФМиМ,,
Морозов В.И.,ФИВТ,доцент,к.н.
Волков Ж.Р.,ФЭТ,ассистент,д.н.
Иванов В.И.,ФЭТ,,д.н.
Морозов В.И.,ИТМО,профессор,д.н.
Семенов Ж.Р.,ФИВТ,,к.н.
Лебедев К.М.,ФЭТ,профессор,д.н.
Попов В.И.,ФИТ,,
Алексеев Г.Н.,ФМиЕН,ассистент,
Попов З.Т.,ИТМО,ассистент,
Иванов Ж.Р.,ФМиМ,профессор,
Иванов Л.О.,ФРТ,доцент,д.н.
Алексеев В.И.,ФПМИ,доцент,
Петров Е.П.,ФИТ,,
Алексеев А.А.,ФМиЕН,профессор,к.н.
Волков В.И.,ИТМО,доцент,к.н.
Лебедев А.А.,ФИВТ,доцент,
Лебедева И.К.,ФИТ,профессор,
Алексеев Л.О.,ФПМИ,профессор,к.н.
Попов К.М.,ФИВТ,ассистент,
Волков З.Т.,ФПМИ,доцент,
Иванов Ж.Р.,ФУПМ,профессор,к.н.
Иванов Л.О.,ФУПМ,,к.н.
Козлов В.И.,ФФ,ассистент,д.н.
Сидоров Д.С.,ФИВТ,профессор,
Соколов В.И.,ФМиЕН,ассистент,
Попов А.А.,ФИВТ,доцент,д.н.
Семенов З.Т.,ФЭТ,профессор,
Козлов Е.П.,ФФ,профессор,к.н.
Смирнов Б.В.,ФМиМ,ассистент,д.н.
Морозов В.И.,ФФ,ассистент,
Волков Г.Н.,ФМиМ,,
Попов Д.С.,ФМиЕН,доцент,к.н.
Соколов А.А.,ФРТ,ассистент,д.н.
Волков Ж.Р.,ФРТ,профессор,д.н.
Лебедев Г.Н.,ФМиЕН,доцент,
Кузнецов И.К.,ФМиЕН,ассистент,
Семенов В.И.,ФФ,,
Иванов А.А.,ФРТ,,д.н.
Алексеев Л.О.,ФЭТ,,к.н.
Иванов Д.С.,ФРТ,,к.н.
Кузнецов Л.О.,ФПМИ,профессор,д.н.
Егоров Д.С.,ФМиЕН,ассистент,д.н.
Егоров К.М.,ИТМО,профессор,
Волков М.Ю.,ФПМИ,,д.н.
Семенов Г.Н.,ФИВТ,профессор,
Кузнецов В.И.,ФФ,профессор,
Семенов Д.С.,ФПМИ,,к.н.
Кузнецов В.И.,ФМиЕН,профессор,д.н.
Иванов И.К.,ФФ,,д.н.
Смирнов З.Т.,ФРТ,профессор,д.н.
Иванов З.Т.,ФМиМ,ассистент,
Волков И.К.,ФЭТ,доцент,
Петров М.Ю.,ФМиЕН,ассистент,
Лебедева К.М.,ФПМИ,ассистент,
Смирнов Б.В.,ФМиЕН,,к.н.
Сидоров Б.В.,ФФ,профессор,к.н.
Попов А.А.,ФПМИ,ассистент,д.н.
Петров А.А.,ФФ,профессор,
Лебедева А.А.,ФРТ,профессор,
Морозов К.М.,ФЭТ,доцент,к.н.
Сидоров М.Ю.,ФУПМ,доцент,
Смирнов М.Ю.,ФИВТ,профессор,
Лебедев А.А.,ФПМИ,профессор,д.н.
Соколов Д.С.,ФФ,доцент,д.н.
Иванов Л.О.,ФМиМ,ассистент,д.н.
Смирнов М.Ю.,ФФ,ассистент,
Кузнецов Д.С.,ФЭТ,ассистент,д.н.
Новиков К.М.,ФУПМ,ассистент,к.н.
Волков В.И.,ФФ,,
Иванов М.Ю.,ФМиЕН,профессор,к.н.
Семенов Б.В.,ФИТ,ассистент,
Семенов Г.Н.,ФРТ,профессор,
Семенов З.Т.,ФИТ,профессор,к.н.
Морозов Ж.Р.,ФФ,,д.н.
Морозов Г.Н.,ФИТ,,
Лебедев Ж.Р.,ФУПМ,ассистент,к.н.
Новиков Д.С.,ФРТ,доцент,
Иванов М.Ю.,ФМиМ,доцент,
Егоров К.М.,ФФ,ассистент,д.н.
Лебедев И.К.,ФФ,ассистент,д.н.
Кузнецов В.И.,ФРТ,ассистент,д.н.
Лебедева А.А.,ФМиЕН,профессор,
Кузнецов Д.С.,ФПМИ,,
Лебедева Л.О.,ФЭТ,,к.н.
Лебедев М.Ю.,ФРТ,доцент,к.н.
Морозов Г.Н.,ИТМО,доцент,к.н.
Новиков Ж.Р.,ФПМИ,профессор,к.н.
Семенов Е.П.,ФИВТ,,
Егоров К.М.,ФИВТ,профессор,к.н.
Волков М.Ю.,ФФ,ассистент,д.н.
Иванов З.Т.,ФРТ,доцент,
Волков Е.П.,ФФ,профессор,
Новиков Б.В.,ФМиЕН,,д.н.
Алексеев Е.П.,ФИВТ,,к.н.
Петров В.И.,ИТМО,доцент,д.н.
Морозов К.М.,ФМиЕН,профессор,
Семенов К.М.,ФФ,ассистент,к.н.
Кузнецов И.К.,ФМиЕН,ассистент,
Семенов И.К.,ФИТ,,к.н.
Сидоров Д.С.,ФЭТ,ассистент,
Соколов Л.О.,ФПМИ,доцент,
Егоров Ж.Р.,ФРТ,профессор,к.н.
Смирнов К.М.,ФЭТ,профессор,д.н.
Смирнов М.Ю.,ИТМО,ассистент,
Кузнецов Д.С.,ФУПМ,профессор,
Смирнов К.М.,ФУПМ,,к.н.
Сидоров М.Ю.,ФРТ,ассистент,к.н.
Волков К.М.,ФРТ,профессор,д.н.
Волков З.Т.,ФМиЕН,профессор,д.н.
Кузнецов И.К.,ИТМО,профессор,д.н.
Алексеев В.И.,ФМиМ,доцент,
Лебедева З.Т.,ИТМО,,д.н.
Смирнов Д.С.,ФМиМ,,д.н.
Лебедева Л.О.,ИТМО,профессор,к.н.
Иванов Д.С.,ФЭТ,доцент,к.н.
Новиков А.А.,ФПМИ,профессор,д.н.
Алексеев М.Ю.,ФФ,ассистент,
Лебедева Г.Н.,ФМиМ,доцент,к.н.
Егоров Ж.Р.,ФПМИ,ассистент,
Волков Ж.Р.,ФИТ,ассистент,д.н.
Лебедев К.М.,ФУПМ,доцент,
Семенов М.Ю.,ИТМО,,к.н.
Семенов К.М.,ИТМО,ассистент,д.н.
Козлов К.М.,ФПМИ,ассистент,к.н.
Алексеев Е.П.,ФИТ,доцент,д.н.
Кузнецов А.А.,ФИТ,,к.н.
Лебедев А.А.,ФЭТ,,к.н.
Смирнов М.Ю.,ФФ,профессор,к.н.
Алексеев Д.С.,ФПМИ,профессор,д.н.
Сидоров Г.Н.,ФФ,профессор,
Лебедева Л.О.,ФПМИ,профессор,д.н.
Морозов В.И.,ФИТ,доцент,к.н.
Смирнов И.К.,ФЭТ,профессор,
Лебедев Е.П.,ФЭТ,доцент,к.н.
Лебедев Г.Н.,ИТМО,,д.н.
Морозов Л.О.,ФМиМ,доцент,д.н.
Волков В.И.,ФЭТ,профессор,
Петров Г.Н.,ФИВТ,профессор,к.н.
Смирнов К.М.,ФФ,ассистент,
Петров К.М.,ФПМИ,ассистент,к.н.
Кузнецов Л.О.,ФУПМ,,
Волков Ж.Р.,ФИТ,профессор,
Попов З.Т.,ФПМИ,,д.н.
Лебедева К.М.,ФИТ,доцент,
Сидоров Г.Н.,ФИТ,профессор,к.н.
Семенов Л.О.,ФУПМ,,
Козлов Б.В.,ФИВТ,,
Морозов В.И.,ФЭТ,профессор,
Алексеев К.М.,ФМиЕН,профессор,д.н.
Лебедева И.К.,ФЭТ,ассистент,
Смирнов Д.С.,ФФ,доцент,к.н.
Новиков Л.О.,ФРТ,доцент,д.н.
Козлов М.Ю.,ФИВТ,ассистент,д.н.
Иванов И.К.,ФЭТ,профессор,к.н.
Алексеев А.А.,ФМиМ,профессор,к.н.
Иванов И.К.,ИТМО,профессор,к.н.
Семенов Л.О.,ФУПМ,профессор,д.н.
Козлов М.Ю.,ФИВТ,,д.н.
Лебедева Л.О.,ИТМО,профессор,д.н.
Козлов З.Т.,ИТМО,профессор,
Волков Е.П.,ФИТ,профессор,
Морозов Г.Н.,ФПМИ,ассистент,
Семенов Е.П.,ФМиЕН,доцент,
Лебедева М.Ю.,ФРТ,профессор,к.н.
Лебедев В.И.,ФРТ,доцент,к.н.
Алексеев А.А.,ФИТ,,
Семенов З.Т.,ФИТ,профессор,
Сидоров В.И.,ФИВТ,доцент,д.н.
Смирнов Д.С.,ФИТ,профессор,
Волков Д.С.,ФПМИ,ассистент,
Соколов К.М.,ФУПМ,профессор,д.н.
Сидоров З.Т.,ИТМО,доцент,к.н.
Новиков Ж.Р.,ФРТ,ассистент,д.н.
Попов Д.С.,ФИТ,ассистент,д.н.
Семенов М.Ю.,ФМиМ,,д.н.
Алексеев Л.О.,ФРТ,ассистент,к.н.
Кузнецов Б.В.,ФПМИ,доцент,д.н.
Лебедева Л.О.,ФУПМ,доцент,д.н.
Семенов В.И.,ФФ,профессор,к.н.
Семенов Д.С.,ФПМИ,профессор,
Лебедева В.И.,ФФ,профессор,к.н.
Семенов М.Ю.,ФПМИ,профессор,к.н.
Алексеев Д.С.,ФПМИ,доцент,к.н.
Лебедева М.Ю.,ФИВТ,ассистент,к.н.
Новиков Е.П.,ФМиЕН,,
Волков Е.П.,ФУПМ,ассистент,д.н.
Лебедева В.И.,ФФ,доцент,д.н.
Соколов И.К.,ИТМО,,к.н.
Сидоров Б.В.,ФМиМ,доцент,д.н.
Морозов В.И.,ИТМО,доцент,
Алексеев Е.П.,ФФ,доцент,д.н.
Смирнов К.М.,ФИТ,профессор,
Сидоров Г.Н.,ФИТ,доцент,
Сидоров Е.П.,ФФ,доцент,
Алексеев К.М.,ФМиЕН,профессор,
Новиков Б.В.,ФПМИ,ассистент,д.н.
Смирнов Б.В.,ФМиМ,доцент,
Петров Ж.Р.,ФЭТ,ассистент,д.н.
Петров Д.С.,ФМиМ,,к.н.
Козлов З.Т.,ФФ,доцент,д.н.
Лебедев В.И.,ФИВТ,,д.н.
Лебедева Г.Н.,ФЭТ,профессор,д.н.
Егоров Б.В.,ФИВТ,,д.н.
Попов З.Т.,ФМиМ,ассистент,
Попов В.И.,ФЭТ,профессор,к.н.
Волков К.М.,ФУПМ,,
Лебедева Е.П.,ФФ,доцент,к.н.
Петров Б.В.,ФЭТ,,
Попов Б.В.,ФРТ,профессор,
Лебедева Л.О.,ФМиМ,,
Смирнов Ж.Р.,ФПМИ,ассистент,д.н.
Петров Л.О.,ФМиМ,,д.н.
Новиков З.Т.,ФРТ,профессор,к.н.
Алексеев Г.Н.,ФИВТ,профессор,к.н.
Новиков Г.Н.,ФФ,ассистент,
Семенов Б.В.,ФУПМ,профессор,к.н.
Смирнов З.Т.,ФИТ,профессор,к.н.
Петров К.М.,ФМиМ,,
Попов В.И.,ФМиМ,,к.н.
Егоров Е.П.,ФПМИ,,к.н.
Попов Ж.Р.,ФРТ,ассистент,
Козлов Ж.Р.,ФИТ,профессор,
Алексеев Л.О.,ФФ,доцент,к.н.
Иванов Б.В.,ФИТ,,д.н.
Кузнецов А.А.,ФМиМ,ассистент,к.н.
Петров Д.С.,ФЭТ,профессор,д.н.
Сидоров М.Ю.,ФФ,профессор,
Соколов Е.П.,ФМиМ,ассистент,
Смирнов М.Ю.,ФУПМ,,
Волков М.Ю.,ФУПМ,,д.н.
Сидоров И.К.,ФЭТ,профессор,к.н.
Алексеев Б.В.,ФИВТ,ассистент,д.н.
Лебедева М.Ю.,ФРТ,ассистент,к.н.
Козлов А.А.,ФУПМ,профессор,д.н.
Соколов Ж.Р.,ФМиЕН,профессор,
Волков Л.О.,ФЭТ,доцент,
Морозов З.Т.,ФМиМ,профессор,д.н.
Сидоров М.Ю.,ФИТ,ассистент,
Лебедева Г.Н.,ФИТ,,к.н.
Козлов К.М.,ФЭТ,ассистент,к.н.
Кузнецов И.К.,ФМиМ,ассистент,
Егоров Г.Н.,ФРТ,профессор,
Смирнов З.Т.,ФИВТ,доцент,
Попов К.М.,ФПМИ,доцент,к.н.
Семенов З.Т.,ФИВТ,доцент,к.н.
Иванов Л.О.,ФИВТ,,
Петров Л.О.,ФУПМ,доцент,
Петров Е.П.,ФУПМ,профессор,к.н.
Смирнов И.К.,ФИТ,ассистент,к.н.
Лебедев И.К.,ФМиЕН,,д.н.
Семенов К.М.,ФУПМ,ассистент,
Алексеев К.М.,ИТМО,доцент,к.н.
Новиков Б.В.,ФМиЕН,ассистент,д.н.
Козлов Д.С.,ФУПМ,,к.н.
Соколов Б.В.,ФМиМ,доцент,
Волков Ж.Р.,ФФ,,д.н.
Кузнецов И.К.,ФФ,,к.н.
Егоров И.К.,ФИВТ,,к.н.
Волков З.Т.,ФЭТ,профессор,к.н.
Егоров И.К.,ИТМО,,д.н.
Морозов М.Ю.,ФМиМ,доцент,
Егоров Г.Н.,ФМиЕН,,д.н.
Волков Ж.Р.,ФИТ,доцент,
Смирнов А.А.,ФУПМ,ассистент,д.н.
Алексеев З.Т.,ИТМО,,
Кузнецов М.Ю.,ФРТ,ассистент,д.н.
Алексеев Б.В.,ФМиЕН,доцент,
Лебедев Л.О.,ФМиЕН,,к.н.
Лебедев Д.С.,ФЭТ,,
Петров И.К.,ФРТ,ассистент,д.н.
Новиков В.И.,ИТМО,профессор,
Лебедев И.К.,ИТМО,профессор,
Сидоров Г.Н.,ФИВТ,доцент,к.н.
Козлов Е.П.,ФМиМ,,к.н.
Лебедева Г.Н.,ФМиЕН,профессор,к.н.
Егоров З.Т.,ФУПМ,ассистент,к.н.
Лебедев Ж.Р.,ФЭТ,доцент,д.н.
Иванов Г.Н.,ФМиМ,ассистент,к.н.
Морозов Г.Н.,ФИВТ,профессор,д.н.
Соколов Е.П.,ФМиЕН,доцент,
Соколов Е.П.,ФИТ,доцент,д.н.
Петров К.М.,ФЭТ,,
Волков Л.О.,ИТМО,ассистент,д.н.
Егоров З.Т.,ФИВТ,профессор,
Петров Г.Н.,ФИТ,,к.н.
Соколов Б.В.,ФМиЕН,доцент,к.н.
Семенов Л.О.,ФИВТ,ассистент,к.н.
Алексеев Ж.Р.,ФЭТ,ассистент,д.н.
Попов З.Т.,ФИТ,,
Морозов Ж.Р.,ИТМО,ассистент,д.н.
Сидоров Ж.Р.,ФУПМ,ассистент,
Семенов Д.С.,ФЭТ,профессор,к.н.
Лебедева М.Ю.,ФРТ,профессор,к.н.
Соколов Ж.Р.,ФМиМ,доцент,
Лебедев А.А.,ФПМИ,,д.н.
Алексеев К.М.,ФМиЕН,доцент,д.н.
Егоров Д.С.,ФФ,ассистент,
Сидоров Ж.Р.,ФМиЕН,,к.н.
Лебедев Г.Н.,ФЭТ,,д.н.
Смирнов Б.В.,ФПМИ,,д.н.
Попов В.И.,ФМиМ,профессор,
Петров А.А.,ФПМИ,,
Иванов Ж.Р.,ФИТ,,д.н.
Соколов Г.Н.,ИТМО,профессор,
Морозов В.И.,ФИТ,доцент,
Соколов Г.Н.,ИТМО,профессор,д.н.
Смирнов Г.Н.,ФИВТ,ассистент,
Семенов А.А.,ФИТ,,
Алексеев В.И.,ФМиЕН,,д.н.
Алексеев Б.В.,ИТМО,,
Сидоров М.Ю.,ФПМИ,доцент,д.н.
Лебедев Б.В.,ФРТ,профессор,д.н.
Алексеев А.А.,ФИТ,ассистент,к.н.
Смирнов Д.С.,ФФ,профессор,
Попов Е.П.,ФИТ,доцент,
Петров Е.П.,ФУПМ,,д.н.
Козлов Л.О.,ФИТ,ассистент,
Смирнов И.К.,ФУПМ,ассистент,к.н.
Иванов Г.Н.,ФУПМ,,д.н.
Кузнецов Е.П.,ФРТ,,
Егоров В.И.,ФИТ,,
Козлов Е.П.,ФИВТ,профессор,к.н.
Козлов Л.О.,ФИВТ,доцент,
Смирнов И.К.,ФПМИ,,к.н.
Егоров Д.С.,ИТМО,,к.н.
Петров Ж.Р.,ФМиМ,профессор,
Морозов З.Т.,ИТМО,ассистент,к.н.
Соколов З.Т.,ФМиЕН,профессор,д.н.
Петров Д.С.,ФМиМ,ассистент,
Иванов Ж.Р.,ФРТ,,д.н.
Козлов Г.Н.,ФУПМ,доцент,к.н.
Смирнов В.И.,ФЭТ,доцент,к.н.
Алексеев И.К.,ФФ,доцент,к.н.
Морозов Г.Н.,ФМиМ,ассистент,
Алексеев И.К.,ФЭТ,ассистент,д.н.
Иванов Ж.Р.,ФМиЕН,профессор,к.н.
Козлов К.М.,ФФ,,д.н.
Петров И.К.,ФМиЕН,профессор,
Волков В.И.,ФУПМ,профессор,
Новиков Б.В.,ФПМИ,,
Егоров З.Т.,ФМиМ,доцент,
Сидоров Е.П.,ФРТ,,д.н.
Соколов К.М.,ФМиЕН,доцент,
Волков И.К.,ФПМИ,профессор,
Лебедева М.Ю.,ИТМО,профессор,д.н.
Волков В.И.,ФУПМ,профессор,д.н.
Егоров М.Ю.,ФРТ,,к.н.
Попов А.А.,ФФ,доцент,к.н.
Алексеев М.Ю.,ФИВТ,профессор,к.н.
Морозов Ж.Р.,ФИВТ,,к.н.
Лебедев Л.О.,ФРТ,ассистент,
Морозов А.А.,ФЭТ,доцент,д.н.
Волков И.К.,ФУПМ,профессор,
Соколов Б.В.,ФУПМ,профессор,
Козлов И.К.,ФФ,ассистент,
Лебедева Л.О.,ФРТ,доцент,к.н.
Морозов Г.Н.,ФУПМ,доцент,д.н.
Морозов З.Т.,ФИТ,ассистент,к.н.
Сидоров И.К.,ФМиМ,доцент,к.н.
Иванов Ж.Р.,ФУПМ,ассистент,д.н.
Попов М.Ю.,ФПМИ,,д.н.
Петров М.Ю.,ФМиЕН,,
Соколов З.Т.,ФУПМ,,
Смирнов Ж.Р.,ФЭТ,профессор,
Лебедев Ж.Р.,ФФ,профессор,
Новиков Ж.Р.,ФУПМ,ассистент,к.н.
Козлов А.А.,ФИВТ,профессор,к.н.
Иванов И.К.,ИТМО,доцент,к.н.
Соколов И.К.,ФПМИ,профессор,к.н.
Новиков А.А.,ФЭТ,ассистент,к.н.
Козлов Д.С.,ФИТ,доцент,д.н.
Иванов Б.В.,ФРТ,ассистент,д.н.
Иванов З.Т.,ФМиМ,,д.н.
Петров Д.С.,ФУПМ,доцент,к.н.
Кузнецов И.К.,ФРТ,,
Сидоров А.А.,ФМиМ,профессор,
Егоров В.И.,ФЭТ,профессор,к.н.
Новиков Б.В.,ФИВТ,ассистент,к.н.
Иванов В.И.,ФРТ,профессор,к.н.
Волков В.И.,ФМиЕН,профессор,к.н.
Лебедева В.И.,ФФ,ассистент,д.н.
Волков Ж.Р.,ФИВТ,профессор,к.н.
Алексеев З.Т.,ФИВТ,доцент,к.н.
Семенов К.М.,ФМиМ,профессор,к.н.
Козлов Л.О.,ФИВТ,ассистент,д.н.
Лебедева Л.О.,ФМиМ,,
Кузнецов Л.О.,ФМиЕН,,д.н.
Кузнецов Л.О.,ФПМИ,профессор,д.н.
Иванов Б.В.,ФИТ,ассистент,
Лебедева Д.С.,ФФ,ассистент,д.н.
Волков Л.О.,ФРТ,профессор,д.н.
Алексеев Л.О.,ФМиЕН,,
Семенов Д.С.,ФУПМ,профессор,д.н.
Морозов Д.С.,ФУПМ,доцент,к.н.
Волков М.Ю.,ФИВТ,ассистент,
Егоров М.Ю.,ФМиМ,профессор,
Козлов Д.С.,ИТМО,ассистент,к.н.
Кузнецов Б.В.,ФФ,ассистент,к.н.
Иванов И.К.,ФЭТ,,к.н.
Кузнецов А.А.,ИТМО,ассистент,д.н.
Семенов М.Ю.,ФПМИ,доцент,к.н.
Лебедев Ж.Р.,ФИВТ,профессор,д.н.
Морозов М.Ю.,ФПМИ,доцент,
Козлов И.К.,ФПМИ,ассистент,к.н.
Морозов Г.Н.,ФМиМ,доцент,к.н.
Иванов И.К.,ФФ,,к.н.
Волков М.Ю.,ФРТ,профессор,
Семенов Д.С.,ФФ,профессор,
Смирнов Ж.Р.,ФРТ,,к.н.
Сидоров Г.Н.,ФМиЕН,,д.н.
Соколов Ж.Р.,ИТМО,,д.н.
Волков Д.С.,ФПМИ,профессор,
Соколов Ж.Р.,ФУПМ,доцент,
Соколов Ж.Р.,ФЭТ,,
Семенов Г.Н.,ФУПМ,доцент,д.н.
Соколов В.И.,ФПМИ,профессор,
Семенов Л.О.,ФФ,профессор,
Семенов Л.О.,ИТМО,доцент,к.н.
Соколов Б.В.,ФМиМ,ассистент,д.н.
Попов И.К.,ФИТ,доцент,д.н.
Лебедева З.Т.,ФФ,ассистент,д.н.
Егоров И.К.,ФМиМ,профессор,
Волков И.К.,ФЭТ,ассистент,д.н.
Смирнов А.А.,ФЭТ,профессор,
Кузнецов Л.О.,ФИВТ,доцент,д.н.
Соколов М.Ю.,ФИВТ,доцент,д.н.
Козлов Е.П.,ФЭТ,,
Петров Г.Н.,ФИТ,,д.н.
Сидоров Д.С.,ФМиЕН,,
Морозов Д.С.,ФЭТ,ассистент,
Морозов Л.О.,ФРТ,доцент,
Волков Г.Н.,ФЭТ,,к.н.
Новиков Г.Н.,ИТМО,профессор,д.н.
Алексеев Г.Н.,ФЭТ,ассистент,
Семенов Л.О.,ФЭТ,доцент,д.н.
Морозов З.Т.,ФПМИ,ассистент,к.н.
Волков М.Ю.,ФМиМ,,к.н.
Алексеев А.А.,ФЭТ,доцент,
Алексеев А.А.,ИТМО,,д.н.
Новиков А.А.,ФИВТ,ассистент,
Егоров Е.П.,ФМиЕН,доцент,к.н.
Смирнов И.К.,ФЭТ,ассистент,к.н.
Кузнецов З.Т.,ФИВТ,ассистент,д.н.
Козлов Г.Н.,ФЭТ,профессор,
Волков А.А.,ФРТ,профессор,д.н.
Петров И.К.,ФУПМ,,
Семенов Л.О.,ФМиЕН,ассистент,д.н.
Иванов Б.В.,ФИТ,профессор,д.н.
Кузнецов И.К.,ФПМИ,,
Семенов Г.Н.,ФРТ,,
Волков В.И.,ФРТ,профессор,д.н.
Лебедев Д.С.,ФМиЕН,доцент,
Попов Е.П.,ФМиМ,ассистент,д.н.
Козлов Г.Н.,ФМиМ,,
Смирнов Д.С.,ФУПМ,ассистент,д.н.
Лебедев Г.Н.,ФМиЕН,профессор,к.н.
Егоров А.А.,ФИТ,профессор,к.н.
Соколов З.Т.,ФПМИ,профессор,к.н.
Кузнецов Ж.Р.,ФУПМ,,к.н.
Петров Ж.Р.,ФРТ,ассистент,
Новиков З.Т.,ИТМО,профессор,к.н.
Новиков Е.П.,ФЭТ,,
Соколов Ж.Р.,ФИТ,,д.н.
Сидоров К.М.,ФРТ,профессор,д.н.
Лебедев М.Ю.,ФУПМ,профессор,к.н.
Петров Е.П.,ФУПМ,доцент,
Сидоров Б.В.,ФМиМ,профессор,
Семенов З.Т.,ИТМО,ассистент,
Сидоров Л.О.,ФИВТ,профессор,к.н.
Лебедева Л.О.,ФЭТ,доцент,
Лебедев Г.Н.,ФИВТ,ассистент,к.н.
Семенов К.М.,ФМиМ,доцент,к.н.
Кузнецов А.А.,ФРТ,ассистент,д.н.
Соколов З.Т.,ФМиЕН,,д.н.
Петров Г.Н.,ФИТ,профессор,
Сидоров И.К.,ФИВТ,ассистент,д.н.
Лебедева И.К.,ФЭТ,доцент,д.н.
Сидоров Г.Н.,ФУПМ,ассистент,д.н.
Сидоров Г.Н.,ФМиЕН,,
Новиков Ж.Р.,ФМиЕН,профессор,к.н.
Алексеев Ж.Р.,ФИТ,,д.н.
Морозов А.А.,ФРТ,профессор,д.н.
Семенов В.И.,ФЭТ,профессор,к.н.
Иванов Ж.Р.,ФМиЕН,профессор,д.н.
Смирнов К.М.,ФМиЕН,ассистент,д.н.
Морозов Л.О.,ФИТ,,к.н.
Егоров Е.П.,ФФ,доцент,к.н.
Иванов А.А.,ИТМО,доцент,д.н.
Алексеев Б.В.,ФМиЕН,доцент,д.н.
Иванов Д.С.,ФИТ,ассистент,к.н.
Егоров Г.Н.,ИТМО,профессор,
Семенов В.И.,ФИТ,доцент,д.н.
Смирнов И.К.,ФМиМ,ассистент,д.н.
Морозов Е.П.,ФЭТ,ассистент,д.н.
Морозов В.И.,ФПМИ,доцент,к.н.
Егоров А.А.,ФИТ,профессор,к.н.
Егоров К.М.,ФФ,,д.н.
Семенов К.М.,ФФ,профессор,д.н.
Новиков М.Ю.,ФЭТ,доцент,д.н.
Иванов Г.Н.,ФФ,профессор,д.н.
Кузнецов В.И.,ФФ,профессор,
Волков К.М.,ФФ,профессор,к.н.
Лебедев Л.О.,ФМиЕН,ассистент,к.н.
Егоров Б.В.,ФМиМ,,д.н.
Петров З.Т.,ФПМИ,доцент,к.н.
Смирнов И.К.,ФУПМ,доцент,к.н.
Лебедева Г.Н.,ФЭТ,профессор,
Петров Г.Н.,ФПМИ,,
Попов Ж.Р.,ФМиЕН,,к.н.
Егоров В.И.,ФПМИ,профессор,к.н.
Сидоров Ж.Р.,ФРТ,доцент,к.н.
Кузнецов Е.П.,ФПМИ,профессор,д.н.
Соколов Д.С.,ФМиЕН,,
Морозов Ж.Р.,ФИВТ,ассистент,д.н.
Смирнов Д.С.,ФМиЕН,,
Лебедев Д.С.,ФМиМ,профессор,
Егоров К.М.,ФИВТ,,к.н.
Алексеев И.К.,ФУПМ,,д.н.
Волков Г.Н.,ФУПМ,профессор,
Новиков М.Ю.,ФЭТ,доцент,к.н.
Лебедева В.И.,ФЭТ,доцент,д.н.
Семенов Ж.Р.,ФЭТ,ассистент,
Семенов А.А.,ФИТ,профессор,
Козлов Б.В.,ФМиЕН,доцент,д.н.
Сидоров Л.О.,ФРТ,профессор,к.н.
Петров Е.П.,ИТМО,профессор,д.н.
Лебедев К.М.,ИТМО,профессор,к.н.
Кузнецов Б.В.,ФУПМ,,д.н.
Егоров К.М.,ФМиЕН,профессор,
Смирнов Д.С.,ФРТ,доцент,
Семенов Г.Н.,ФИТ,ассистент,
Петров К.М.,ФФ,доцент,к.н.
Сидоров Ж.Р.,ФПМИ,доцент,к.н.
Новиков Ж.Р.,ФМиМ,,
Алексеев Б.В.,ФИТ,ассистент,к.н.
Морозов З.Т.,ФИВТ,доцент,к.н.
Алексеев Ж.Р.,ФИВТ,ассистент,к.н.
Смирнов И.К.,ФМиМ,профессор,
Морозов Е.П.,ФМиМ,доцент,д.н.
Кузнецов Д.С.,ИТМО,профессор,к.н.
Петров И.К.,ФРТ,,д.н.
Семенов З.Т.,ФЭТ,ассистент,
Семенов Л.О.,ФРТ,ассистент,к.н.
Егоров Л.О.,ФПМИ,ассистент,
Смирнов А.А.,ФРТ,профессор,к.н.
Петров Е.П.,ФФ,доцент,д.н.
Попов М.Ю.,ФРТ,ассистент,к.н.
Лебедев Л.О.,ФМиМ,,д.н.
Лебедев Б.В.,ФПМИ,доцент,к.н.
Новиков Г.Н.,ФРТ,ассистент,к.н.
Волков З.Т.,ФМиЕН,ассистент,
Волков Д.С.,ФРТ,профессор,
Лебедева М.Ю.,ФПМИ,ассистент,к.н.
Козлов К.М.,ФЭТ,ассистент,к.н.
Лебедева В.И.,ФИВТ,ассистент,
Козлов А.А.,ФУПМ,профессор,к.н.
Козлов К.М.,ФРТ,ассистент,д.н.
Сидоров А.А.,ФИВТ,ассистент,
Соколов Б.В.,ФИТ,,
Попов А.А.,ФИВТ,доцент,д.н.
Попов Г.Н.,ФПМИ,ассистент,к.н.
Лебедева Ж.Р.,ФУПМ,ассистент,
Петров Г.Н.,ИТМО,,
Лебедева Б.В.,ФМиМ,профессор,к.н.
Семенов Л.О.,ФМиМ,,к.н.
Козлов Г.Н.,ФМиМ,ассистент,д.н.
Алексеев З.Т.,ФФ,ассистент,
Смирнов Д.С.,ИТМО,доцент,к.н.
Алексеев М.Ю.,ФИТ,ассистент,д.н.
Лебедева З.Т.,ФИВТ,профессор,
Кузнецов А.А.,ФИВТ,ассистент,д.н.
Кузнецов Ж.Р.,ФИВТ,доцент,к.н.
Семенов А.А.,ФРТ,ассистент,
Козлов В.И.,ФЭТ,доцент,д.н.
Лебедев В.И.,ФФ,ассистент,д.н.
Морозов Г.Н.,ФФ,профессор,к.н.
Лебедева В.И.,ФУПМ,,д.н.
Лебедева К.М.,ИТМО,,д.н.
Лебедева Б.В.,ФПМИ,доцент,д.н.
Егоров Б.В.,ФМиМ,доцент,
Новиков З.Т.,ФУПМ,профессор,
Новиков М.Ю.,ФРТ,доцент,
Лебедев А.А.,ФУПМ,ассистент,д.н.
Лебедева М.Ю.,ИТМО,,к.н.
Сидоров Г.Н.,ФУПМ,профессор,
Морозов К.М.,ФИТ,ассистент,
Лебедева Б.В.,ФЭТ,ассистент,
Новиков Е.П.,ФМиМ,доцент,д.н.
Волков Д.С.,ФФ,,
Алексеев А.А.,ФМиМ,профессор,к.н.
Лебедева И.К.,ФИТ,профессор,к.н.
Петров Б.В.,ФУПМ,,д.н.
Петров Ж.Р.,ФРТ,доцент,
Козлов М.Ю.,ФЭТ,,д.н.
Морозов М.Ю.,ИТМО,,к.н.
Новиков Л.О.,ФФ,профессор,д.н.
Козлов Е.П.,ФРТ,,д.н.
Кузнецов К.М.,ФМиМ,ассистент,к.н.
Волков Ж.Р.,ИТМО,,к.н.
Егоров Д.С.,ФМиМ,ассистент,
Козлов Б.В.,ФРТ,профессор,к.н.
Иванов Ж.Р.,ФПМИ,ассистент,д.н.
Волков З.Т.,ФМиМ,ассистент,
Соколов М.Ю.,ФИТ,ассистент,д.н.
Алексеев Л.О.,ФМиМ,профессор,д.н.
Новиков К.М.,ФРТ,профессор,
Егоров З.Т.,ФМиМ,ассистент,
Морозов И.К.,ФУПМ,профессор,д.н.
Волков Д.С.,ФЭТ,профессор,к.н.
Попов Ж.Р.,ИТМО,,
Лебедева В.И.,ФУПМ,,к.н.
Сидоров И.К.,ФЭТ,,
Новиков Б.В.,ФМиЕН,ассистент,
Семенов В.И.,ИТМО,,к.н.
Иванов Д.С.,ФРТ,,к.н.
Лебедева Л.О.,ФИВТ,профессор,д.н.
Морозов М.Ю.,ФЭТ,доцент,к.н.
Козлов З.Т.,ФУПМ,профессор,д.н.
Волков В.И.,ФУПМ,,д.н.
Смирнов К.М.,ФМиМ,доцент,д.н.
Семенов Г.Н.,ФУПМ,,
Волков Г.Н.,ФФ,доцент,д.н.
Волков Ж.Р.,ФМиЕН,доцент,к.н.
Петров И.К.,ФУПМ,профессор,
Семенов М.Ю.,ФФ,профессор,к.н.
Лебедев Г.Н.,ФМиМ,,д.н.
Сидоров А.А.,ФИТ,ассистент,д.н.
Морозов Ж.Р.,ИТМО,,
Соколов Ж.Р.,ФУПМ,профессор,к.н.
Алексеев Е.П.,ФМиМ,ассистент,к.н.
Семенов Г.Н.,ФУПМ,ассистент,д.н.
Кузнецов И.К.,ФЭТ,ассистент,
Волков М.Ю.,ФПМИ,доцент,
Петров Г.Н.,ИТМО,доцент,к.н.
Сидоров А.А.,ФМиМ,,к.н.
Новиков З.Т.,ФМиЕН,,
Морозов Е.П.,ФУПМ,профессор,к.н.
Смирнов И.К.,ИТМО,ассистент,д.н.
Попов А.А.,ФИВТ,ассистент,д.н.
Сидоров Г.Н.,ИТМО,ассистент,
Семенов Б.В.,ФУПМ,доцент,к.н.
Кузнецов К.М.,ФПМИ,,д.н.
Алексеев М.Ю.,ИТМО,профессор,
Новиков Е.П.,ФИВТ,ассистент,д.н.
Новиков Г.Н.,ФФ,профессор,к.н.
Егоров Л.О.,ФРТ,профессор,к.н.
Егоров И.К.,ФУПМ,профессор,к.н.
Иванов В.И.,ФРТ,,
Волков А.А.,ФФ,доцент,
Попов Г.Н.,ФМиЕН,,к.н.
Попов Ж.Р.,ФФ,,к.н.
Сидоров А.А.,ФМиМ,доцент,д.н.
Волков Г.Н.,ИТМО,,д.н.
Лебедева Д.С.,ФИВТ,доцент,
Соколов М.Ю.,ФРТ,ассистент,к.н.
Иванов Д.С.,ФИВТ,доцент,к.н.
Козлов Е.П.,ФПМИ,доцент,д.н.
Морозов Ж.Р.,ФПМИ,,д.н.
Волков З.Т.,ИТМО,ассистент,д.н.
Козлов К.М.,ФУПМ,доцент,
Семенов Г.Н.,ФРТ,,к.н.
Соколов Ж.Р.,ФФ,доцент,к.н.
Лебедева К.М.,ФФ,ассистент,
Сидоров М.Ю.,ФФ,,
Егоров А.А.,ИТМО,доцент,
Иванов Д.С.,ФМиЕН,,к.н.
Егоров Е.П.,ФФ,профессор,д.н.
Егоров Г.Н.,ФПМИ,ассистент,
Сидоров Г.Н.,ИТМО,доцент,к.н.
Семенов В.И.,ФЭТ,ассистент,
Волков З.Т.,ФМиЕН,,
Иванов К.М.,ФФ,ассистент,к.н.
Семенов А.А.,ФИВТ,,д.н.
Иванов Е.П.,ФМиМ,доцент,д.н.
Егоров К.М.,ФПМИ,доцент,д.н.
Смирнов Л.О.,ФМиЕН,доцент,к.н.
Волков А.А.,ИТМО,,к.н.
Егоров В.И.,ФУПМ,,к.н.
Соколов Г.Н.,ФИВТ,профессор,д.н.
Лебедева Б.В.,ФЭТ,ассистент,
Сидоров И.К.,ФМиМ,ассистент,к.н.
Соколов З.Т.,ФПМИ,ассистент,
Иванов В.И.,ФМиЕН,доцент,
Смирнов Е.П.,ФМиЕН,ассистент,к.н.
Петров В.И.,ИТМО,профессор,д.н.
Попов М.Ю.,ФУПМ,доцент,д.н.
Смирнов А.А.,ФМиМ,,
Козлов Б.В.,ФЭТ,ассистент,
Лебедева К.М.,ФФ,доцент,к.н.
Иванов Е.П.,ФМиЕН,ассистент,к.н.
Морозов Ж.Р.,ФУПМ,доцент,д.н.
Кузнецов Д.С.,ИТМО,профессор,д.н.
Егоров Е.П.,ФПМИ,,
Алексеев Д.С.,ФИТ,,
Смирнов В.И.,ФИВТ,доцент,
Лебедева Б.В.,ФИВТ,доцент,к.н.
Кузнецов Ж.Р.,ФУПМ,ассистент,д.н.
Алексеев И.К.,ФУПМ,,
Алексеев Л.О.,ФУПМ,профессор,д.н.
Новиков Л.О.,ФПМИ,профессор,
Лебедева Л.О.,ФФ,профессор,д.н.
Семенов Ж.Р.,ФИВТ,ассистент,д.н.
Сидоров Е.П.,ФПМИ,,д.н.
Семенов Г.Н.,ФЭТ,доцент,
Лебедев Б.В.,ФИТ,ассистент,д.н.
Егоров З.Т.,ФУПМ,,к.н.
Соколов Г.Н.,ФИТ,ассистент,д.н.
Лебедев И.К.,ФПМИ,доцент,д.н.
Петров Е.П.,ФФ,доцент,
Алексеев К.М.,ФФ,доцент,к.н.
Соколов Е.П.,ФМиЕН,доцент,к.н.
Кузнецов А.А.,ФИВТ,доцент,д.н.
Смирнов А.А.,ФМиМ,профессор,к.н.
Иванов Е.П.,ФУПМ,,к.н.
Козлов М.Ю.,ФПМИ,профессор,д.н.
Егоров Л.О.,ФФ,доцент,к.н.
Иванов Д.С.,ФМиМ,,
Попов Д.С.,ФУПМ,доцент,к.н.
Соколов Ж.Р.,ФПМИ,ассистент,
Смирнов З.Т.,ИТМО,,
Новиков Б.В.,ФМиЕН,,
Иванов В.И.,ФЭТ,доцент,к.н.
Новиков Г.Н.,ИТМО,,к.н.
Егоров К.М.,ФИТ,доцент,к.н.
Козлов Л.О.,ФМиЕН,ассистент,
Волков К.М.,ФМиМ,ассистент,д.н.
Смирнов Б.В.,ФМиЕН,,к.н.
Морозов А.А.,ИТМО,,к.н.
Лебедев В.И.,ИТМО,профессор,к.н.
Лебедев К.М.,ФРТ,ассистент,д.н.
Попов А.А.,ФИВТ,ассистент,д.н.
Алексеев Б.В.,ИТМО,доцент,д.н.
Волков Г.Н.,ФИТ,профессор,
Лебедев З.Т.,ФИВТ,ассистент,д.н.
Морозов Д.С.,ФИТ,доцент,к.н.
Морозов Д.С.,ФПМИ,доцент,
Семенов Г.Н.,ФМиЕН,профессор,к.н.
Иванов Е.П.,ФУПМ,,
Козлов Д.С.,ФУПМ,ассистент,
Волков Г.Н.,ФМиМ,,
Лебедева З.Т.,ФМиЕН,ассистент,к.н.
Соколов В.И.,ФМиЕН,ассистент,к.н.
Новиков Л.О.,ФИТ,ассистент,д.н.
Морозов М.Ю.,ФЭТ,профессор,к.н.
Лебедев М.Ю.,ФПМИ,профессор,к.н.
Лебедев Д.С.,ФМиМ,ассистент,д.н.
Козлов Ж.Р.,ФРТ,профессор,
Смирнов Л.О.,ФМиМ,,
Козлов И.К.,ФИВТ,ассистент,
Соколов К.М.,ФПМИ,ассистент,к.н.
Соколов Л.О.,ФУПМ,ассистент,д.н.
Соколов Л.О.,ФМиМ,ассистент,
Алексеев Б.В.,ФИТ,ассистент,к.н.
Семенов Е.П.,ФЭТ,ассистент,
Лебедева И.К.,ФМиМ,доцент,к.н.
Лебедева Г.Н.,ФПМИ,,к.н.
Новиков Б.В.,ФЭТ,,д.н.
Козлов В.И.,ФПМИ,,
Петров И.К.,ФФ,профессор,д.н.
Козлов В.И.,ФФ,,
Морозов Е.П.,ФИТ,ассистент,д.н.
Соколов И.К.,ФПМИ,,
Козлов Б.В.,ФРТ,ассистент,к.н.
Морозов Е.П.,ФПМИ,доцент,
Алексеев Г.Н.,ФПМИ,ассистент,
Алексеев И.К.,ФФ,ассистент,д.н.
Волков В.И.,ФУПМ,профессор,к.н.
Иванов И.К.,ФМиМ,ассистент,
Иванов З.Т.,ФМиМ,ассистент,
Лебедева Ж.Р.,ФПМИ,ассистент,
Егоров З.Т.,ФИВТ,профессор,
Лебедева М.Ю.,ФМиЕН,доцент,
Сидоров Ж.Р.,ИТМО,ассистент,д.н.
Алексеев В.И.,ФФ,ассистент,к.н.
Лебедев Ж.Р.,ФМиЕН,,к.н.
Смирнов Е.П.,ФЭТ,ассистент,
Кузнецов Б.В.,ФМиМ,доцент,
Попов Ж.Р.,ФРТ,доцент,д.н.
Егоров А.А.,ФИВТ,,д.н.
Семенов Л.О.,ФРТ,профессор,д.н.
Сидоров Г.Н.,ФФ,ассистент,д.н.
Алексеев В.И.,ИТМО,доцент,д.н.
Сидоров Л.О.,ФФ,ассистент,к.н.
Соколов И.К.,ФИТ,,д.н.
Попов Е.П.,ФУПМ,,д.н.
Петров А.А.,ФРТ,ассистент,к.н.
Алексеев В.И.,ФРТ,профессор,
Кузнецов И.К.,ФИТ,доцент,к.н.
Лебедев Б.В.,ФРТ,,
Соколов Л.О.,ФРТ,,д.н.
Соколов З.Т.,ФМиМ,профессор,к.н.
Егоров И.К.,ФИТ,ассистент,к.н.
Иванов Е.П.,ФФ,профессор,
Новиков М.Ю.,ФМиМ,доцент,
Морозов Е.П.,ФИТ,профессор,д.н.
Смирнов И.К.,ИТМО,ассистент,
Морозов Л.О.,ФЭТ,,к.н.
Иванов Б.В.,ФМиМ,ассистент,д.н.
Козлов Е.П.,ФМиМ,ассистент,к.н.
Лебедева Л.О.,ФПМИ,доцент,
Новиков Ж.Р.,ФПМИ,доцент,к.н.
Семенов Д.С.,ФИВТ,,
Иванов Е.П.,ФИВТ,доцент,
Попов М.Ю.,ФИТ,доцент,д.н.
Алексеев Г.Н.,ФМиМ,доцент,д.н.
Семенов Д.С.,ФПМИ,ассистент,
Алексеев М.Ю.,ФПМИ,доцент,к.н.
Кузнецов К.М.,ФЭТ,,к.н.
Лебедев Л.О.,ФПМИ,доцент,к.н.
Смирнов Д.С.,ФМиМ,доцент,
Сидоров К.М.,ФЭТ,доцент,
Лебедева Г.Н.,ФМиМ,,д.н.
Алексеев Е.П.,ФФ,доцент,
Егоров Е.П.,ФУПМ,,к.н.
Морозов Г.Н.,ФМиМ,,
Кузнецов В.И.,ФФ,доцент,
Иванов В.И.,ФМиЕН,ассистент,к.н.
Егоров А.А.,ФЭТ,доцент,д.н.
Новиков М.Ю.,ФПМИ,,к.н.
Семенов Г.Н.,ФУПМ,ассистент,
Лебедев Ж.Р.,ФМиМ,,д.н.
Лебедева В.И.,ФИТ,доцент,
Алексеев А.А.,ФПМИ,,
Лебедев Е.П.,ИТМО,доцент,к.н.
Волков В.И.,ФИТ,ассистент,
Морозов А.А.,ИТМО,профессор,
Семенов Г.Н.,ФМиМ,профессор,
Попов З.Т.,ФУПМ,доцент,к.н.
Козлов М.Ю.,ФЭТ,ассистент,д.н.
Козлов Г.Н.,ФМиМ,ассистент,
Новиков Е.П.,ИТМО,доцент,к.н.
Алексеев А.А.,ФИТ,доцент,д.н.
Смирнов И.К.,ФРТ,профессор,
Кузнецов З.Т.,ФЭТ,ассистент,д.н.
Петров Е.П.,ФФ,,
Новиков М.Ю.,ФИВТ,доцент,к.н.
Сидоров Б.В.,ФМиМ,доцент,д.н.
Морозов Ж.Р.,ФМиМ,доцент,к.н.
Новиков Б.В.,ФФ,,д.н.
Попов Д.С.,ФФ,профессор,
Волков Д.С.,ФФ,профессор,д.н.
Козлов И.К.,ФИВТ,доцент,д.н.
Попов Г.Н.,ИТМО,,к.н.
Иванов Д.С.,ФЭТ,,
Кузнецов И.К.,ФИВТ,доцент,д.н.
Соколов А.А.,ФРТ,профессор,к.н.
Лебедев И.К.,ФФ,профессор,к.н.
Алексеев М.Ю.,ФМиЕН,,
Смирнов Д.С.,ФМиМ,,д.н.
Волков Б.В.,ФУПМ,,к.н.
Смирнов И.К.,ФМиМ,,к.н.
Смирнов Ж.Р.,ФМиМ,,д.н.
Новиков И.К.,ФРТ,профессор,к.н.
Козлов К.М.,ФМиЕН,доцент,к.н.
Соколов А.А.,ФЭТ,доцент,
Новиков В.И.,ФЭТ,профессор,к.н.
Новиков Г.Н.,ФРТ,профессор,к.н.
Егоров Д.С.,ФМиЕН,доцент,к.н.
Попов Г.Н.,ФМиЕН,профессор,
Сидоров З.Т.,ФИВТ,ассистент,д.н.
Кузнецов З.Т.,ИТМО,профессор,к.н.
Семенов Ж.Р.,ФМиМ,профессор,
Кузнецов Б.В.,ФМиМ,профессор,д.н.
Петров Ж.Р.,ФМиМ,,к.н.
Семенов Г.Н.,ИТМО,профессор,к.н.
Алексеев Д.С.,ФУПМ,ассистент,к.н.
Соколов В.И.,ФУПМ,ассистент,д.н.
Кузнецов М.Ю.,ФЭТ,ассистент,
Соколов М.Ю.,ФМиМ,доцент,
Волков Б.В.,ФМиМ,доцент,
Семенов Е.П.,ФМиЕН,ассистент,д.н.
Семенов Л.О.,ФФ,ассистент,
Соколов Г.Н.,ИТМО,профессор,к.н.
Морозов Л.О.,ФИТ,,к.н.
Волков Д.С.,ФПМИ,доцент,д.н.
Волков Б.В.,ФИТ,профессор,к.н.
Семенов Е.П.,ФУПМ,доцент,к.н.
Морозов Л.О.,ФПМИ,профессор,
Волков Е.П.,ФРТ,профессор,д.н.
Лебедева И.К.,ФРТ,,д.н.
Егоров В.И.,ФИВТ,профессор,к.н.
Новиков М.Ю.,ФПМИ,профессор,
Попов Г.Н.,ФИВТ,ассистент,д.н.
Волков Е.П.,ФМиМ,профессор,к.н.
Волков З.Т.,ФПМИ,доцент,к.н.
Морозов К.М.,ФУПМ,ассистент,к.н.
Егоров М.Ю.,ФРТ,,
Смирнов Ж.Р.,ИТМО,,к.н.
Лебедев К.М.,ФПМИ,доцент,д.н.
Козлов Л.О.,ФМиЕН,профессор,
Новиков К.М.,ФИВТ,профессор,к.н.
Иванов З.Т.,ФИВТ,профессор,к.н.
Смирнов Л.О.,ФЭТ,профессор,д.н.
Петров В.И.,ФПМИ,ассистент,
Кузнецов Б.В.,ФРТ,ассистент,д.н.
Смирнов М.Ю.,ФМиЕН,ассистент,
Петров И.К.,ФЭТ,доцент,к.н.
Смирнов Ж.Р.,ФРТ,профессор,к.н.
Лебедева М.Ю.,ФМиМ,доцент,
Алексеев М.Ю.,ФФ,доцент,д.н.
Егоров И.К.,ИТМО,доцент,д.н.
Лебедева К.М.,ФУПМ,профессор,
Волков З.Т.,ФИВТ,доцент,
Козлов Г.Н.,ФИВТ,профессор,
Волков Б.В.,ИТМО,доцент,
Лебедева Б.В.,ФПМИ,ассистент,
Смирнов Ж.Р.,ИТМО,,
Егоров Г.Н.,ФМиЕН,доцент,к.н.
Лебедев В.И.,ФМиМ,ассистент,к.н.
Соколов Ж.Р.,ФИВТ,ассистент,д.н.
Иванов М.Ю.,ФФ,доцент,д.н.
Кузнецов Е.П.,ФИТ,ассистент,
Кузнецов Д.С.,ФИВТ,профессор,к.н.
Волков И.К.,ФПМИ,доцент,
Козлов К.М.,ФИТ,профессор,д.н.
Морозов В.И.,ФМиМ,доцент,к.н.
Морозов Г.Н.,ФМиМ,ассистент,д.н.
Морозов А.А.,ФИТ,доцент,д.н.
Семенов А.А.,ФУПМ,ассистент,
Сидоров Ж.Р.,ФМиЕН,,
Козлов Ж.Р.,ФИВТ,доцент,
Лебедева Л.О.,ФРТ,профессор,д.н.
Семенов З.Т.,ФИВТ,,
Попов М.Ю.,ИТМО,ассистент,
Сидоров Е.П.,ИТМО,доцент,д.н.
Алексеев Е.П.,ФИТ,профессор,к.н.
Козлов Ж.Р.,ФМиЕН,,к.н.
Смирнов К.М.,ФИТ,,к.н.
Лебедев Л.О.,ФИВТ,доцент,к.н.
Волков Ж.Р.,ФИТ,ассистент,
Новиков В.И.,ФМиМ,доцент,д.н.
Новиков М.Ю.,ФИВТ,,
Егоров Л.О.,ФРТ,ассистент,д.н.
Егоров Г.Н.,ФРТ,ассистент,к.н.
Алексеев Е.П.,ИТМО,профессор,к.н.
Морозов М.Ю.,ФМиЕН,профессор,д.н.
Смирнов К.М.,ФФ,доцент,
Козлов А.А.,ИТМО,ассистент,к.н.
Попов Л.О.,ФУПМ,ассистент,
Семенов А.А.,ФЭТ,,
Лебедев М.Ю.,ФМиЕН,ассистент,д.н.
Лебедева Ж.Р.,ФУПМ,профессор,
Соколов И.К.,ИТМО,ассистент,к.н.
Петров Л.О.,ФУПМ,профессор,д.н.
Морозов Б.В.,ФФ,ассистент,к.н.
Новиков Л.О.,ФИТ,ассистент,д.н.
Сидоров К.М.,ФПМИ,доцент,
Семенов Е.П.,ФИТ,ассистент,
Кузнецов А.А.,ФИТ,доцент,д.н.
Семенов Л.О.,ФФ,ассистент,
Егоров Г.Н.,ФИВТ,ассистент,к.н.
Семенов Л.О.,ФМиЕН,ассистент,д.н.
Кузнецов З.Т.,ФМиМ,доцент,к.н.
Петров Л.О.,ФУПМ,,д.н.
Петров Б.В.,ФФ,ассистент,д.н.
Петров Г.Н.,ФРТ,,к.н.
Кузнецов И.К.,ФИТ,доцент,к.н.
Петров К.М.,ФФ,ассистент,к.н.
Егоров И.К.,ФЭТ,ассистент,к.н.
Кузнецов К.М.,ФЭТ,,
Лебедев Д.С.,ФМиМ,,к.н.
Смирнов Л.О.,ФЭТ,ассистент,д.н.
Новиков К.М.,ФИТ,ассистент,к.н.
Иванов Б.В.,ФМиЕН,,д.н.
Сидоров А.А.,ФИТ,доцент,д.н.
Козлов А.А.,ИТМО,доцент,д.н.
Волков А.А.,ФМиМ,доцент,
Кузнецов Е.П.,ФФ,,
Лебедева И.К.,ФЭТ,,д.н.
Сидоров М.Ю.,ФРТ,профессор,
Иванов Л.О.,ФИВТ,,
Лебедев А.А.,ФМиЕН,доцент,к.н.
Лебедев Л.О.,ФФ,доцент,к.н.
Козлов М.Ю.,ФУПМ,доцент,д.н.
Сидоров Л.О.,ФЭТ,,к.н.
Волков И.К.,ИТМО,профессор,к.н.
Морозов М.Ю.,ФУПМ,,д.н.
Морозов Д.С.,ИТМО,профессор,д.н.
Лебедева Л.О.,ФМиМ,доцент,к.н.
Новиков К.М.,ФФ,ассистент,
Сидоров Е.П.,ФРТ,доцент,
Соколов И.К.,ФУПМ,профессор,д.н.
Попов З.Т.,ФМиЕН,профессор,к.н.
Лебедев К.М.,ИТМО,доцент,д.н.
Лебедева З.Т.,ФМиЕН,ассистент,д.н.
Смирнов Ж.Р.,ФРТ,,д.н.
Новиков Л.О.,ФИТ,профессор,д.н.
Козлов Ж.Р.,ИТМО,доцент,
Семенов Е.П.,ФИВТ,ассистент,к.н.
Смирнов А.А.,ФЭТ,ассистент,
Егоров И.К.,ФЭТ,доцент,к.н.
Козлов Е.П.,ФМиМ,доцент,к.н.
Волков М.Ю.,ФПМИ,профессор,
Волков Г.Н.,ФФ,доцент,д.н.
Лебедева Г.Н.,ФРТ,доцент,д.н.
Соколов К.М.,ФЭТ,профессор,к.н.
Соколов Е.П.,ФЭТ,,д.н.
Лебедева Г.Н.,ФУПМ,доцент,д.н.
Морозов Г.Н.,ФИТ,профессор,к.н.
Алексеев В.И.,ФМиЕН,доцент,к.н.
Попов А.А.,ФУПМ,ассистент,к.н.
Иванов А.А.,ФМиМ,,
Лебедева Д.С.,ИТМО,доцент,к.н.
Иванов Г.Н.,ФПМИ,профессор,
Семенов Д.С.,ФМиЕН,профессор,д.н.
Козлов И.К.,ФМиЕН,ассистент,
Егоров В.И.,ИТМО,профессор,
Волков Б.В.,ФЭТ,,д.н.
Смирнов Б.В.,ИТМО,профессор,д.н.
Козлов Б.В.,ФФ,ассистент,
Волков Г.Н.,ФЭТ,,д.н.
Лебедев И.К.,ИТМО,профессор,д.н.
Семенов А.А.,ФИВТ,ассистент,д.н.
Козлов Г.Н.,ФИТ,доцент,
Кузнецов И.К.,ФЭТ,,
Морозов З.Т.,ФРТ,ассистент,д.н.
Иванов Л.О.,ФПМИ,ассистент,к.н.
Соколов Ж.Р.,ФМиЕН,,
Егоров В.И.,ФФ,,
Егоров Ж.Р.,ФМиЕН,доцент,д.н.
Козлов Ж.Р.,ФМиМ,,
Семенов А.А.,ФФ,ассистент,
Кузнецов Б.В.,ФУПМ,профессор,
Иванов Г.Н.,ФИТ,,д.н.
Смирнов Е.П.,ИТМО,ассистент,д.н.
Смирнов А.А.,ФУПМ,ассистент,д.н.
Лебедев Г.Н.,ИТМО,доцент,к.н.
Кузнецов Е.П.,ИТМО,ассистент,к.н.
Петров Е.П.,ФФ,доцент,
Семенов Д.С.,ФМиМ,,к.н.
Лебедева В.И.,ФИТ,доцент,
Попов И.К.,ФМиЕН,доцент,д.н.
Смирнов З.Т.,ФРТ,,д.н.
Петров В.И.,ФУПМ,доцент,к.н.
Морозов М.Ю.,ФПМИ,доцент,к.н.
Волков К.М.,ФЭТ,доцент,к.н.
Иванов Е.П.,ФУПМ,,д.н.
Иванов Г.Н.,ФЭТ,доцент,д.н.
Семенов Б.В.,ФИВТ,доцент,
Кузнецов М.Ю.,ФИТ,ассистент,к.н.
Морозов Г.Н.,ФМиМ,ассистент,д.н.
Смирнов А.А.,ФФ,профессор,д.н.
Алексеев З.Т.,ИТМО,доцент,
Попов З.Т.,ФЭТ,ассистент,д.н.
Лебедев К.М.,ФМиЕН,ассистент,
Иванов Б.В.,ФМиЕН,профессор,
Смирнов Ж.Р.,ФМиМ,профессор,к.н.
Попов М.Ю.,ФИВТ,профессор,
Новиков М.Ю.,ФИВТ,ассистент,к.н.
Егоров А.А.,ФЭТ,,д.н.
Алексеев К.М.,ФУПМ,профессор,д.н.
Петров Е.П.,ФЭТ,доцент,д.н.
Петров А.А.,ФМиМ,доцент,
Волков Б.В.,ФИТ,ассистент,
Смирнов Б.В.,ФФ,ассистент,к.н.
Козлов М.Ю.,ФУПМ,ассистент,к.н.
Козлов М.Ю.,ФПМИ,доцент,д.н.
Козлов М.Ю.,ФПМИ,,д.н.
Петров Д.С.,ФПМИ,ассистент,д.н.
Кузнецов Ж.Р.,ФУПМ,доцент,к.н.
Попов Е.П.,ФУПМ,профессор,к.н.
Петров И.К.,ФМиЕН,,
Лебедева Д.С.,ФРТ,,
Лебедев Е.П.,ФРТ,ассистент,
Семенов Л.О.,ФИВТ,профессор,д.н.
Соколов А.А.,ИТМО,профессор,
Алексеев Б.В.,ФМиМ,доцент,
Попов М.Ю.,ФИВТ,профессор,к.н.
Морозов М.Ю.,ФПМИ,ассистент,д.н.
Семенов К.М.,ФИВТ,ассистент,д.н.
Сидоров Г.Н.,ФЭТ,,
Алексеев М.Ю.,ФИТ,профессор,
Смирнов А.А.,ФРТ,доцент,д.н.
Морозов Л.О.,ФУПМ,ассистент,
Лебедев Д.С.,ИТМО,доцент,к.н.
Петров К.М.,ИТМО,доцент,
Волков В.И.,ФПМИ,профессор,
Петров Б.В.,ФЭТ,профессор,к.н.
Лебедев М.Ю.,ИТМО,доцент,
Петров Ж.Р.,ФФ,,д.н.
Смирнов З.Т.,ИТМО,ассистент,д.н.
Сидоров Л.О.,ИТМО,профессор,д.н.
Смирнов Л.О.,ФМиЕН,ассистент,
Семенов Л.О.,ФМиМ,профессор,д.н.
Лебедев В.И.,ФРТ,,
Попов Б.В.,ФРТ,,
Егоров Б.В.,ФМиМ,,д.н.
Лебедева М.Ю.,ФИТ,доцент,д.н.
Козлов К.М.,ФИВТ,ассистент,к.н.
Иванов Е.П.,ФПМИ,доцент,
Петров Б.В.,ФМиЕН,,
Иванов Д.С.,ФФ,доцент,
Петров В.И.,ФУПМ,ассистент,д.н.
Волков М.Ю.,ФРТ,доцент,
Петров Е.П.,ФИВТ,доцент,
Волков Л.О.,ФПМИ,профессор,к.н.
Лебедев А.А.,ФРТ,доцент,
Смирнов Г.Н.,ФПМИ,доцент,к.н.
Морозов Л.О.,ФУПМ,доцент,к.н.
Петров К.М.,ФЭТ,ассистент,д.н.
Алексеев И.К.,ФФ,доцент,к.н.
Лебедева Г.Н.,ФЭТ,ассистент,д.н.
Семенов М.Ю.,ФРТ,профессор,к.н.
Козлов Л.О.,ФМиЕН,профессор,д.н.
Козлов Д.С.,ФПМИ,профессор,д.н.
Лебедев Л.О.,ФМиМ,профессор,д.н.
Лебедев З.Т.,ИТМО,ассистент,к.н.
Семенов З.Т.,ФМиЕН,,д.н.
Петров Г.Н.,ИТМО,ассистент,
Кузнецов Л.О.,ФМиМ,доцент,
Семенов Л.О.,ФФ,ассистент,д.н.
Лебедева И.К.,ФИТ,ассистент,к.н.
Сидоров Б.В.,ФУПМ,доцент,к.н.
Соколов В.И.,ФМиЕН,профессор,к.н.
Егоров И.К.,ФФ,профессор,
Попов М.Ю.,ФЭТ,,д.н.
Алексеев И.К.,ФМиЕН,ассистент,д.н.
Сидоров И.К.,ФМиЕН,профессор,к.н.
Морозов Б.В.,ФИВТ,,
Новиков М.Ю.,ФИТ,доцент,к.н.
Петров Б.В.,ФПМИ,доцент,
Попов К.М.,ФУПМ,доцент,д.н.
Морозов В.И.,ФУПМ,профессор,д.н.
Волков В.И.,ФРТ,ассистент,к.н.
Волков Б.В.,ФМиЕН,профессор,д.н.
Алексеев А.А.,ФЭТ,,к.н.
Семенов Ж.Р.,ФПМИ,профессор,д.н.
Сидоров В.И.,ФЭТ,,к.н.
Козлов К.М.,ФУПМ,профессор,к.н.
Козлов Г.Н.,ФИВТ,,д.н.
Соколов Д.С.,ФМиМ,,
Лебедев А.А.,ФИВТ,профессор,к.н.
Смирнов В.И.,ФУПМ,ассистент,
Попов Б.В.,ФУПМ,профессор,к.н.
Волков М.Ю.,ИТМО,,к.н.
Иванов Г.Н.,ФМиМ,ассистент,к.н.
Егоров Г.Н.,ФМиЕН,профессор,
Кузнецов А.А.,ФРТ,профессор,
Семенов И.К.,ФМиЕН,,д.н.
Петров Л.О.,ФЭТ,,к.н.
Семенов А.А.,ФРТ,,
Семенов А.А.,ИТМО,профессор,
Сидоров Ж.Р.,ФИТ,профессор,к.н.
Соколов Б.В.,ФМиЕН,,
Волков Д.С.,ФРТ,ассистент,к.н.
Кузнецов Д.С.,ФИВТ,,
Егоров Б.В.,ФФ,ассистент,д.н.
Лебедева Л.О.,ИТМО,,д.н.
Козлов Г.Н.,ФМиЕН,профессор,
Лебедева З.Т.,ФЭТ,ассистент,
Новиков А.А.,ИТМО,доцент,к.н.
Семенов И.К.,ФПМИ,,к.н.
Волков Е.П.,ФИТ,ассистент,
Попов К.М.,ФУПМ,доцент,д.н.
Иванов Д.С.,ИТМО,ассистент,к.н.
Козлов К.М.,ФИВТ,профессор,к.н.
Сидоров Б.В.,ИТМО,,
Алексеев Ж.Р.,ФПМИ,ассистент,д.н.
Сидоров Л.О.,ФФ,ассистент,д.н.
Козлов Б.В.,ФЭТ,,к.н.
Кузнецов М.Ю.,ИТМО,доцент,к.н.
Смирнов К.М.,ФПМИ,,к.н.
Волков В.И.,ФМиЕН,доцент,к.н.
Сидоров А.А.,ФУПМ,профессор,д.н.
Волков Е.П.,ИТМО,доцент,к.н.
Сидоров Ж.Р.,ФМиМ,профессор,д.н.
Смирнов Б.В.,ФИВТ,,
Новиков К.М.,ФИВТ,ассистент,д.н.
Иванов Г.Н.,ФИВТ,,д.н.
Морозов Д.С.,ФИТ,доцент,д.н.
Егоров Ж.Р.,ИТМО,доцент,к.н.
Егоров Е.П.,ИТМО,доцент,к.н.
Семенов З.Т.,ФЭТ,доцент,
Новиков Б.В.,ФПМИ,доцент,д.н.
Семенов И.К.,ФМиМ,доцент,д.н.
Петров Ж.Р.,ФИВТ,,
Попов И.К.,ФФ,доцент,д.н.
Егоров Г.Н.,ФРТ,доцент,д.н.
Иванов А.А.,ФФ,ассистент,
Новиков К.М.,ФФ,ассистент,
Семенов Г.Н.,ФИТ,,к.н.
Семенов З.Т.,ИТМО,профессор,к.н.
Семенов И.К.,ФМиМ,ассистент,д.н.
Семенов З.Т.,ФФ,доцент,д.н.
Волков Б.В.,ФУПМ,профессор,к.н.
Попов К.М.,ФМиМ,ассистент,
Морозов Е.П.,ФУПМ,ассистент,д.н.
Волков М.Ю.,ФИТ,доцент,д.н.
Волков А.А.,ФМиМ,ассистент,к.н.
Семенов К.М.,ФРТ,ассистент,к.н.
Морозов Ж.Р.,ФИВТ,,
Морозов Г.Н.,ФИТ,доцент,
Смирнов Ж.Р.,ИТМО,доцент,к.н.
Лебедев Е.П.,ФРТ,ассистент,д.н.
Соколов Г.Н.,ФМиМ,,
Новиков Л.О.,ФИВТ,профессор,
Егоров М.Ю.,ФИВТ,профессор,д.н.
Смирнов К.М.,ФМиЕН,,д.н.
Семенов Е.П.,ФЭТ,профессор,к.н.
Козлов Ж.Р.,ФМиЕН,профессор,к.н.
Новиков В.И.,ФПМИ,профессор,д.н.
Кузнецов К.М.,ФФ,ассистент,к.н.
Попов Д.С.,ФУПМ,ассистент,к.н.
Козлов Л.О.,ИТМО,,
Лебедева В.И.,ФУПМ,,
Лебедев К.М.,ФПМИ,ассистент,к.н.
Иванов Г.Н.,ФИТ,доцент,
Иванов А.А.,ФРТ,профессор,д.н.
Волков В.И.,ФИТ,доцент,к.н.
Петров М.Ю.,ФЭТ,ассистент,
Лебедев Г.Н.,ИТМО,доцент,к.н.
Козлов З.Т.,ФПМИ,доцент,к.н.
Лебедева З.Т.,ФМиМ,доцент,
Иванов Е.П.,ФПМИ,профессор,к.н.
Смирнов К.М.,ФМиМ,профессор,к.н.
Соколов Л.О.,ИТМО,доцент,д.н.
Сидоров Е.П.,ФУПМ,ассистент,к.н.
Лебедева Е.П.,ФПМИ,,д.н.
Иванов В.И.,ФФ,доцент,к.н.
Егоров Д.С.,ФУПМ,,д.н.
Лебедева М.Ю.,ФУПМ,доцент,
Сидоров Г.Н.,ФМиЕН,профессор,к.н.
Волков И.К.,ФФ,доцент,д.н.
Иванов Л.О.,ФМиМ,профессор,д.н.
Егоров М.Ю.,ФИВТ,доцент,д.н.
Новиков Б.В.,ФПМИ,доцент,
Морозов Б.В.,ИТМО,доцент,д.н.
Лебедев З.Т.,ФПМИ,профессор,к.н.
Новиков Ж.Р.,ФИВТ,,к.н.
Смирнов Г.Н.,ФИТ,доцент,к.н.
Соколов Г.Н.,ФИТ,,
Егоров З.Т.,ИТМО,ассистент,к.н.
Семенов Л.О.,ФИТ,ассистент,к.н.
Смирнов М.Ю.,ФЭТ,ассистент,
Петров А.А.,ФИТ,доцент,д.н.
Козлов И.К.,ФУПМ,,д.н.
Смирнов З.Т.,ФФ,профессор,д.н.
Иванов Л.О.,ФУПМ,доцент,
Козлов И.К.,ФИТ,,к.н.
Соколов Е.П.,ФРТ,,д.н.
Смирнов Е.П.,ФФ,профессор,
Соколов Ж.Р.,ФМиМ,доцент,
Кузнецов Е.П.,ИТМО,профессор,к.н.
Морозов К.М.,ИТМО,профессор,
Смирнов Г.Н.,ФИВТ,,к.н.
Лебедев Г.Н.,ИТМО,ассистент,
Сидоров И.К.,ФИТ,,к.н.
Алексеев А.А.,ФУПМ,профессор,
Соколов Г.Н.,ФУПМ,ассистент,к.н.
Морозов Д.С.,ФИТ,доцент,д.н.
Петров Л.О.,ФИТ,профессор,к.н.
Лебедева И.К.,ФИВТ,доцент,к.н.
Волков Е.П.,ФРТ,профессор,
Новиков К.М.,ФМиМ,профессор,
Попов Г.Н.,ФИВТ,профессор,
Попов К.М.,ФЭТ,доцент,
Попов Ж.Р.,ФМиМ,,д.н.
Попов Д.С.,ФЭТ,ассистент,д.н.
Смирнов Д.С.,ФФ,,к.н.
Волков В.И.,ФИТ,профессор,к.н.
Петров Г.Н.,ИТМО,доцент,д.н.
Соколов Л.О.,ИТМО,,к.н.
Смирнов А.А.,ФПМИ,,д.н.
Соколов В.И.,ФИТ,профессор,д.н.
Кузнецов В.И.,ФПМИ,ассистент,
Лебедева Е.П.,ИТМО,профессор,д.н.
Сидоров Д.С.,ФУПМ,доцент,к.н.
Иванов А.А.,ФПМИ,,
Волков И.К.,ФМиМ,доцент,к.н.
Егоров М.Ю.,ФМиЕН,,д.н.
Смирнов Д.С.,ФЭТ,профессор,к.н.
Алексеев З.Т.,ФИВТ,доцент,д.н.
Новиков В.И.,ФЭТ,доцент,к.н.
Лебедев В.И.,ИТМО,доцент,
Иванов А.А.,ФРТ,,к.н.
Волков И.К.,ФУПМ,ассистент,д.н.
Смирнов Е.П.,ФИТ,профессор,
Егоров Л.О.,ФРТ,доцент,
Попов М.Ю.,ФПМИ,,к.н.
Иванов Г.Н.,ФМиМ,профессор,д.н.
Соколов К.М.,ФМиМ,профессор,к.н.
Лебедева М.Ю.,ФПМИ,профессор,д.н.
Сидоров В.И.,ФРТ,,к.н.
Новиков К.М.,ФРТ,,к.н.
Морозов З.Т.,ФИВТ,,к.н.
Соколов З.Т.,ФЭТ,,
Лебедева И.К.,ФИВТ,ассистент,
Козлов Л.О.,ФФ,доцент,д.н.
Попов Е.П.,ФЭТ,доцент,д.н.
Сидоров Б.В.,ФИВТ,ассистент,д.н.
Петров Г.Н.,ФИТ,профессор,
Егоров З.Т.,ФМиЕН,доцент,д.н.
Сидоров Л.О.,ИТМО,ассистент,
Кузнецов К.М.,ФЭТ,,к.н.
Лебедева К.М.,ФИТ,ассистент,
Сидоров А.А.,ФПМИ,ассистент,
Иванов Д.С.,ФФ,ассистент,к.н.
Морозов Е.П.,ФМиЕН,профессор,д.н.
Новиков Г.Н.,ФЭТ,профессор,к.н.
Петров М.Ю.,ФЭТ,доцент,к.н.
Соколов Л.О.,ФМиМ,ассистент,
Новиков Г.Н.,ФЭТ,доцент,д.н.
Козлов Л.О.,ФУПМ,доцент,к.н.
Кузнецов А.А.,ФИВТ,,
Сидоров А.А.,ФМиМ,ассистент,к.н.
Кузнецов М.Ю.,ФРТ,профессор,д.н.
Кузнецов Е.П.,ФЭТ,,
Морозов Д.С.,ФИТ,ассистент,
Петров Е.П.,ФРТ,ассистент,к.н.
Лебедев И.К.,ИТМО,,к.н.
Морозов Е.П.,ИТМО,профессор,д.н.
Кузнецов В.И.,ФИВТ,,к.н.
Семенов Л.О.,ИТМО,профессор,к.н.
Иванов Д.С.,ФМиЕН,ассистент,д.н.
Петров Г.Н.,ФИТ,профессор,к.н.
Смирнов Е.П.,ФИТ,профессор,д.н.
Иванов И.К.,ФИТ,профессор,
Смирнов З.Т.,ИТМО,ассистент,д.н.
Семенов И.К.,ФРТ,доцент,д.н.
Лебедева Л.О.,ФУПМ,профессор,к.н.
Егоров И.К.,ФМиМ,,
Лебедев В.И.,ФПМИ,,
Волков К.М.,ФИТ,,д.н.
Смирнов К.М.,ФРТ,профессор,д.н.
Новиков Д.С.,ФМиМ,доцент,к.н.
Морозов З.Т.,ФИВТ,доцент,
Лебедев Е.П.,ФИТ,профессор,к.н.
Смирнов М.Ю.,ФФ,,
Петров Е.П.,ФИВТ,,к.н.
Алексеев З.Т.,ФУПМ,профессор,к.н.
Соколов И.К.,ФИТ,доцент,
Волков Г.Н.,ФИВТ,профессор,к.н.
Волков Л.О.,ФПМИ,,к.н.
Волков И.К.,ФПМИ,профессор,
Сидоров В.И.,ФУПМ,,
Алексеев Г.Н.,ФИВТ,ассистент,
Козлов В.И.,ФМиЕН,профессор,д.н.
Новиков К.М.,ФМиМ,доцент,
Егоров Г.Н.,ФМиЕН,профессор,д.н.
Лебедев Е.П.,ФИВТ,доцент,д.н.
Лебедев А.А.,ФМиМ,профессор,
Попов Б.В.,ФМиЕН,,к.н.
Попов З.Т.,ФФ,профессор,
Сидоров И.К.,ФИТ,ассистент,
Алексеев А.А.,ФЭТ,ассистент,к.н.
Алексеев Л.О.,ФИТ,ассистент,
Петров З.Т.,ФФ,доцент,к.н.
Егоров Ж.Р.,ИТМО,профессор,к.н.
Попов А.А.,ФЭТ,ассистент,д.н.
Козлов Ж.Р.,ФЭТ,ассистент,
Алексеев Б.В.,ФМиМ,,
Волков М.Ю.,ФУПМ,ассистент,д.н.
Смирнов Г.Н.,ФИВТ,ассистент,
Смирнов И.К.,ФФ,ассистент,к.н.
Козлов Г.Н.,ФУПМ,доцент,
Новиков А.А.,ФМиМ,ассистент,к.н.
Лебедев Г.Н.,ФРТ,профессор,
Лебедева К.М.,ФФ,ассистент,д.н.
Алексеев З.Т.,ФУПМ,доцент,
Петров Ж.Р.,ФПМИ,,к.н.
Новиков И.К.,ФПМИ,,
Егоров Д.С.,ФИВТ,профессор,д.н.
Лебедев Ж.Р.,ИТМО,профессор,к.н.
Кузнецов Г.Н.,ФИВТ,,к.н.
Семенов В.И.,ФМиЕН,ассистент,д.н.
Кузнецов Д.С.,ФПМИ,ассистент,д.н.
Сидоров Г.Н.,ФМиМ,,д.н.
Кузнецов А.А.,ФИВТ,,к.н.
Алексеев Б.В.,ФИВТ,доцент,
Смирнов Д.С.,ФФ,,к.н.
Семенов Ж.Р.,ФМиЕН,ассистент,д.н.
Семенов Г.Н.,ФИВТ,доцент,д.н.
Козлов Ж.Р.,ФМиМ,ассистент,
Морозов В.И.,ФИВТ,доцент,д.н.
Алексеев Ж.Р.,ФМиМ,,к.н.
Семенов В.И.,ФМиМ,,д.н.
Смирнов Б.В.,ФФ,профессор,д.н.
Козлов В.И.,ФМиЕН,ассистент,к.н.
Кузнецов А.А.,ФФ,ассистент,д.н.
Волков М.Ю.,ФИВТ,доцент,д.н.
Егоров Ж.Р.,ФИВТ,,к.н.
Лебедев Д.С.,ФМиЕН,доцент,
Иванов З.Т.,ФПМИ,доцент,д.н.
Алексеев А.А.,ФЭТ,профессор,
Петров В.И.,ИТМО,доцент,д.н.
Иванов Ж.Р.,ФИТ,доцент,
Волков Г.Н.,ФУПМ,профессор,д.н.
Волков А.А.,ФИТ,доцент,
Сидоров Е.П.,ФМиМ,ассистент,д.н.
Козлов Ж.Р.,ФПМИ,доцент,
Волков Г.Н.,ФМиЕН,профессор,д.н.
Козлов В.И.,ФФ,ассистент,к.н.
Лебедева К.М.,ФПМИ,профессор,д.н.
Петров И.К.,ИТМО,доцент,к.н.
Козлов Г.Н.,ФЭТ,профессор,
Петров Е.П.,ФУПМ,,д.н.
Козлов В.И.,ФРТ,,к.н.
Новиков Е.П.,ФМиМ,доцент,
Смирнов В.И.,ФИТ,,
Алексеев Л.О.,ФИТ,ассистент,д.н.
Козлов Д.С.,ФРТ,доцент,к.н.
Лебедев А.А.,ФРТ,профессор,д.н.
Волков Б.В.,ФИВТ,доцент,д.н.
Кузнецов К.М.,ФЭТ,,
Сидоров Е.П.,ИТМО,ассистент,
Сидоров Д.С.,ФМиМ,ассистент,к.н.
Морозов К.М.,ФУПМ,ассистент,к.н.
Семенов М.Ю.,ФИТ,профессор,
Новиков Ж.Р.,ФМиЕН,ассистент,к.н.
Петров Д.С.,ФИТ,ассистент,д.н.
Волков Б.В.,ФФ,профессор,к.н.
Козлов М.Ю.,ФФ,,к.н.
Смирнов К.М.,ФРТ,ассистент,
Иванов А.А.,ФПМИ,профессор,
Лебедев К.М.,ФМиЕН,,к.н.
Петров Б.В.,ФИТ,,д.н.
Егоров М.Ю.,ФИТ,ассистент,
Соколов Л.О.,ФРТ,ассистент,к.н.
Смирнов В.И.,ФРТ,профессор,
Соколов Л.О.,ФЭТ,ассистент,к.н.
Лебедева Г.Н.,ФРТ,доцент,д.н.
Алексеев Д.С.,ФФ,профессор,д.н.
Кузнецов К.М.,ИТМО,доцент,к.н.
Петров А.А.,ФИТ,,
Кузнецов Е.П.,ФУПМ,доцент,к.н.
Алексеев Л.О.,ФИВТ,ассистент,
Попов В.И.,ФПМИ,профессор,к.н.
Козлов З.Т.,ФМиМ,доцент,д.н.
Лебедева Е.П.,ФЭТ,доцент,д.н.
Соколов И.К.,ФРТ,доцент,к.н.
Алексеев Б.В.,ФМиМ,профессор,к.н.
Соколов В.И.,ИТМО,ассистент,к.н.
Попов К.М.,ИТМО,доцент,д.н.
Морозов И.К.,ФМиЕН,профессор,д.н.
Петров В.И.,ФМиМ,,к.н.
Лебедева Л.О.,ФИВТ,ассистент,к.н.
Соколов Б.В.,ФИТ,ассистент,к.н.
Морозов Г.Н.,ФМиМ,,к.н.
Егоров З.Т.,ФЭТ,доцент,к.н.
Лебедева Д.С.,ФУПМ,,
Алексеев Б.В.,ФМиЕН,ассистент,
Егоров Б.В.,ФИТ,доцент,д.н.
Алексеев И.К.,ФФ,профессор,к.н.
Морозов Г.Н.,ФМиМ,профессор,к.н.
Егоров Д.С.,ФФ,профессор,
Сидоров В.И.,ФИВТ,профессор,д.н.
Попов В.И.,ФУПМ,ассистент,д.н.
Петров А.А.,ФПМИ,доцент,д.н.
Иванов М.Ю.,ФПМИ,,к.н.
Кузнецов Ж.Р.,ФИТ,,д.н.
Петров Ж.Р.,ФЭТ,профессор,д.н.
Алексеев З.Т.,ИТМО,,к.н.
Петров А.А.,ФФ,доцент,
Новиков К.М.,ФМиМ,профессор,
Алексеев А.А.,ФФ,ассистент,к.н.
Попов М.Ю.,ФИВТ,,д.н.
Семенов А.А.,ФРТ,,д.н.
Морозов К.М.,ФЭТ,доцент,к.н.
Иванов Л.О.,ФРТ,ассистент,д.н.
Смирнов М.Ю.,ФМиЕН,ассистент,к.н.
Новиков Е.П.,ФУПМ,профессор,к.н.
Смирнов И.К.,ИТМО,,
Иванов К.М.,ФМиМ,доцент,к.н.
Смирнов М.Ю.,ФМиМ,доцент,к.н.
Попов М.Ю.,ФИВТ,профессор,к.н.
Иванов М.Ю.,ФМиЕН,,д.н.
Волков К.М.,ФФ,,
Попов Е.П.,ФЭТ,ассистент,
Козлов И.К.,ФУПМ,ассистент,д.н.
Петров А.А.,ИТМО,профессор,д.н.
Соколов К.М.,ФМиМ,профессор,
Петров Г.Н.,ИТМО,ассистент,д.н.
Козлов Г.Н.,ФПМИ,,д.н.
Новиков К.М.,ФМиЕН,доцент,
Лебедева А.А.,ФМиЕН,профессор,
Соколов Л.О.,ФРТ,ассистент,д.н.
Семенов А.А.,ФФ,ассистент,к.н.
Иванов А.А.,ФМиЕН,доцент,
Кузнецов Д.С.,ФПМИ,ассистент,к.н.
Егоров Д.С.,ФМиЕН,доцент,
Лебедев Б.В.,ФЭТ,доцент,д.н.
Волков К.М.,ФРТ,доцент,
Лебедев В.И.,ФПМИ,,д.н.
Семенов Д.С.,ИТМО,доцент,к.н.
Соколов Г.Н.,ФУПМ,доцент,
Алексеев В.И.,ИТМО,профессор,к.н.
Семенов А.А.,ФМиЕН,доцент,к.н.
Алексеев З.Т.,ФМиМ,профессор,д.н.
Новиков А.А.,ИТМО,профессор,
Соколов Д.С.,ФПМИ,ассистент,к.н.
Лебедева В.И.,ФУПМ,доцент,д.н.
Лебедев Ж.Р.,ФЭТ,,
Иванов Б.В.,ИТМО,профессор,к.н.
Кузнецов Е.П.,ФРТ,,к.н.
Попов В.И.,ФМиМ,профессор,к.н.
Иванов Г.Н.,ФФ,ассистент,д.н.
Козлов И.К.,ФИТ,доцент,д.н.
Морозов М.Ю.,ИТМО,ассистент,к.н.
Егоров Ж.Р.,ФМиМ,,
Иванов Л.О.,ФМиЕН,ассистент,
Соколов В.И.,ФМиМ,доцент,
Козлов Д.С.,ФЭТ,профессор,
Семенов И.К.,ФЭТ,доцент,д.н.
Семенов К.М.,ФМиЕН,доцент,д.н.
Лебедева Б.В.,ФРТ,ассистент,
Козлов Г.Н.,ФЭТ,,
Иванов Ж.Р.,ФУПМ,доцент,
Лебедев Е.П.,ФУПМ,профессор,
Лебедева Е.П.,ФИТ,ассистент,д.н.
Егоров Л.О.,ФРТ,доцент,к.н.
Попов М.Ю.,ФИВТ,профессор,
Кузнецов К.М.,ФПМИ,профессор,к.н.
Сидоров З.Т.,ФЭТ,,д.н.
Иванов М.Ю.,ФИВТ,ассистент,к.н.
Попов Г.Н.,ФИТ,профессор,д.н.
Семенов Е.П.,ФУПМ,,
Морозов Д.С.,ИТМО,доцент,к.н.
Петров А.А.,ФМиЕН,доцент,к.н.
Егоров З.Т.,ФФ,профессор,к.н.
Алексеев А.А.,ФМиМ,профессор,д.н.
Смирнов В.И.,ФЭТ,ассистент,к.н.
Попов Г.Н.,ФЭТ,профессор,
Алексеев Д.С.,ФИТ,профессор,к.н.
Сидоров В.И.,ФПМИ,доцент,
Волков Б.В.,ФИТ,доцент,
Попов Л.О.,ФИТ,доцент,д.н.
Попов Ж.Р.,ФПМИ,профессор,к.н.
Смирнов В.И.,ФПМИ,,д.н.
Иванов Д.С.,ФМиЕН,доцент,д.н.
Сидоров И.К.,ИТМО,доцент,к.н.
Морозов Л.О.,ФЭТ,профессор,к.н.
Лебедева Ж.Р.,ФМиМ,ассистент,д.н.
Иванов М.Ю.,ФРТ,,
Соколов Д.С.,ИТМО,профессор,
Иванов К.М.,ФФ,профессор,д.н.
Алексеев Д.С.,ФУПМ,ассистент,
Сидоров Г.Н.,ФЭТ,профессор,к.н.
Козлов Л.О.,ФФ,,
Алексеев М.Ю.,ФИТ,доцент,
Иванов Б.В.,ФИВТ,доцент,д.н.
Морозов А.А.,ИТМО,профессор,к.н.
Козлов М.Ю.,ИТМО,доцент,д.н.
Алексеев К.М.,ФФ,доцент,д.н.
Смирнов Б.В.,ИТМО,профессор,д.н.
Козлов Д.С.,ФМиЕН,,д.н.
Козлов Д.С.,ИТМО,доцент,к.н.
Козлов Г.Н.,ФЭТ,профессор,
Семенов Ж.Р.,ФМиЕН,доцент,д.н.
Морозов Г.Н.,ФИВТ,ассистент,к.н.
Морозов Д.С.,ФУПМ,профессор,д.н.
Лебедев Ж.Р.,ФИВТ,профессор,д.н.
Лебедева Е.П.,ФИТ,ассистент,к.н.
Соколов М.Ю.,ФФ,профессор,к.н.
Алексеев Ж.Р.,ФЭТ,профессор,к.н.
Волков З.Т.,ФМиМ,,д.н.
Лебедев М.Ю.,ИТМО,доцент,д.н.
Семенов З.Т.,ФРТ,доцент,д.н.
Семенов К.М.,ФУПМ,профессор,к.н.
Алексеев Г.Н.,ФИВТ,доцент,
Иванов М.Ю.,ФЭТ,,д.н.
Егоров З.Т.,ФПМИ,профессор,д.н.
Сидоров Д.С.,ФЭТ,доцент,к.н.
Кузнецов М.Ю.,ФЭТ,доцент,к.н.
Семенов А.А.,ФЭТ,,
Петров Д.С.,ФУПМ,профессор,
Иванов Е.П.,ФРТ,профессор,
Новиков И.К.,ФМиЕН,доцент,к.н.
Козлов Д.С.,ФПМИ,ассистент,к.н.
Лебедева И.К.,ФРТ,ассистент,к.н.
Морозов Ж.Р.,ФИТ,доцент,д.н.
Попов К.М.,ФМиМ,доцент,к.н.
Семенов А.А.,ФРТ,,к.н.
Попов В.И.,ФМиМ,доцент,к.н.
Попов Б.В.,ФИВТ,,
Семенов В.И.,ФМиМ,доцент,д.н.
Попов Е.П.,ФИТ,ассистент,д.н.
Козлов Ж.Р.,ФИВТ,доцент,к.н.
Лебедев Ж.Р.,ФИТ,ассистент,
Семенов А.А.,ФФ,ассистент,д.н.
Кузнецов Д.С.,ФЭТ,профессор,к.н.
Семенов К.М.,ФМиЕН,,к.н.
Кузнецов М.Ю.,ФПМИ,профессор,к.н.
Сидоров Е.П.,ФРТ,доцент,
Алексеев Г.Н.,ФМиЕН,доцент,
Семенов Г.Н.,ФИТ,,к.н.
Сидоров Ж.Р.,ИТМО,доцент,д.н.
Попов Ж.Р.,ФМиЕН,профессор,к.н.
Кузнецов Л.О.,ФЭТ,профессор,к.н.
Лебедев И.К.,ФПМИ,доцент,к.н.
Попов М.Ю.,ФИВТ,доцент,д.н.
Егоров Б.В.,ФФ,доцент,к.н.
Козлов К.М.,ФФ,ассистент,к.н.
Петров Е.П.,ИТМО,ассистент,
Иванов И.К.,ФМиЕН,профессор,
Алексеев М.Ю.,ФМиЕН,ассистент,к.н.
Попов З.Т.,ФФ,ассистент,д.н.
Козлов А.А.,ФУПМ,,
Лебедева И.К.,ФРТ,ассистент,д.н.
Смирнов З.Т.,ФМиМ,профессор,д.н.
Петров З.Т.,ФИВТ,,д.н.
Соколов Е.П.,ФРТ,ассистент,к.н.
Кузнецов Л.О.,ФМиЕН,,к.н.
Соколов Л.О.,ФФ,доцент,д.н.
Новиков Б.В.,ФФ,доцент,к.н.
Волков Г.Н.,ФИВТ,ассистент,к.н.
Сидоров Д.С.,ФМиЕН,,д.н.
Сидоров Л.О.,ФУПМ,доцент,к.н.
Петров М.Ю.,ФМиЕН,,к.н.
Козлов Г.Н.,ФИВТ,ассистент,к.н.
Петров Ж.Р.,ФРТ,ассистент,д.н.
Морозов И.К.,ФИВТ,профессор,
Морозов Г.Н.,ФМиМ,доцент,к.н.
Сидоров З.Т.,ИТМО,доцент,к.н.
Соколов А.А.,ФПМИ,ассистент,
Егоров В.И.,ФРТ,доцент,
Новиков Г.Н.,ФИВТ,,
Смирнов Ж.Р.,ФРТ,ассистент,к.н.
Соколов В.И.,ФЭТ,доцент,д.н.
Сидоров Е.П.,ФРТ,доцент,к.н.
Иванов Б.В.,ФИВТ,доцент,к.н.
Соколов К.М.,ФПМИ,ассистент,к.н.
Соколов Е.П.,ФПМИ,профессор,
Смирнов З.Т.,ИТМО,профессор,к.н.
Семенов И.К.,ФПМИ,профессор,к.н.
Сидоров Г.Н.,ФМиМ,ассистент,к.н.
Соколов Д.С.,ФУПМ,профессор,
Лебедева В.И.,ИТМО,,к.н.
Лебедев М.Ю.,ФУПМ,доцент,
Смирнов К.М.,ФФ,ассистент,д.н.
Новиков И.К.,ФПМИ,доцент,
Семенов К.М.,ФФ,,д.н.
Алексеев Л.О.,ФИВТ,,к.н.
Соколов К.М.,ФИТ,,к.н.
Морозов З.Т.,ФИТ,,
Кузнецов Г.Н.,ИТМО,,д.н.
Алексеев Д.С.,ФУПМ,,к.н.
Морозов А.А.,ФРТ,ассистент,
Егоров А.А.,ФЭТ,доцент,
Лебедев Л.О.,ИТМО,,
Волков В.И.,ФРТ,ассистент,к.н.
Лебедева В.И.,ФИТ,ассистент,д.н.
Семенов Д.С.,ФМиМ,доцент,д.н.
Соколов Л.О.,ИТМО,,
Семенов Б.В.,ФПМИ,ассистент,к.н.
Егоров К.М.,ФЭТ,,к.н.
Морозов Л.О.,ФМиЕН,профессор,к.н.
Иванов Б.В.,ФРТ,профессор,д.н.
Сидоров К.М.,ФИВТ,профессор,
Сидоров Д.С.,ФИВТ,,к.н.
Волков Д.С.,ФМиМ,профессор,к.н.
Смирнов З.Т.,ИТМО,ассистент,к.н.
Козлов Б.В.,ФПМИ,доцент,
Смирнов А.А.,ФИТ,доцент,
Сидоров Ж.Р.,ФИТ,доцент,д.н.
Смирнов З.Т.,ФИТ,ассистент,к.н.
Алексеев В.И.,ФРТ,ассистент,д.н.
Новиков Б.В.,ФУПМ,,д.н.
Егоров Д.С.,ФФ,доцент,к.н.
Сидоров А.А.,ФФ,,к.н.
Лебедева Д.С.,ФМиМ,доцент,
Иванов Л.О.,ФУПМ,профессор,
Волков Ж.Р.,ФПМИ,ассистент,к.н.
Сидоров Л.О.,ФУПМ,профессор,д.н.
Новиков Д.С.,ИТМО,ассистент,к.н.
Алексеев З.Т.,ФЭТ,профессор,к.н.
Алексеев В.И.,ФРТ,,д.н.
Лебедев В.И.,ФРТ,,д.н.
Лебедев М.Ю.,ФПМИ,профессор,д.н.
Кузнецов З.Т.,ФМиЕН,профессор,
Семенов Ж.Р.,ФИТ,ассистент,
Иванов К.М.,ФИВТ,,
Попов З.Т.,ФПМИ,профессор,к.н.
Петров Л.О.,ФРТ,ассистент,
Сидоров З.Т.,ИТМО,ассистент,д.н.
Егоров И.К.,ФФ,профессор,к.н.
Кузнецов В.И.,ФФ,,д.н.
Семенов Б.В.,ФРТ,,к.н.
Козлов З.Т.,ИТМО,профессор,к.н.
Петров Л.О.,ФПМИ,ассистент,д.н.
Смирнов А.А.,ФЭТ,,д.н.
Кузнецов З.Т.,ФЭТ,профессор,
Иванов З.Т.,ФФ,,д.н.
Семенов И.К.,ФРТ,профессор,
Лебедев Ж.Р.,ФРТ,доцент,
Смирнов И.К.,ФМиМ,ассистент,д.н.
Кузнецов З.Т.,ФИТ,доцент,д.н.
Лебедев М.Ю.,ФРТ,,к.н.
Алексеев З.Т.,ФМиМ,,
Волков М.Ю.,ФМиЕН,ассистент,д.н.
Попов В.И.,ФМиМ,доцент,к.н.
Лебедева Ж.Р.,ФПМИ,,
Лебедева Ж.Р.,ФЭТ,профессор,д.н.
Попов И.К.,ФРТ,доцент,
Лебедева И.К.,ФМиМ,доцент,к.н.
Сидоров В.И.,ФМиМ,ассистент,
Козлов М.Ю.,ФУПМ,ассистент,
Иванов И.К.,ФИТ,ассистент,д.н.
Кузнецов Д.С.,ФУПМ,доцент,
Семенов Д.С.,ФИВТ,профессор,к.н.
Смирнов И.К.,ФМиМ,ассистент,
Егоров К.М.,ФМиМ,профессор,к.н.
Сидоров Г.Н.,ИТМО,доцент,
Сидоров Ж.Р.,ИТМО,,к.н.
Петров К.М.,ФПМИ,профессор,к.н.
Егоров Е.П.,ФМиЕН,,
Егоров Г.Н.,ФПМИ,,д.н.
Козлов Д.С.,ФМиМ,профессор,
Иванов Г.Н.,ФИТ,ассистент,д.н.
Лебедева З.Т.,ФИВТ,профессор,
Морозов Ж.Р.,ФПМИ,доцент,к.н.
Смирнов Ж.Р.,ФРТ,,д.н.
Петров Ж.Р.,ФЭТ,доцент,д.н.
Волков З.Т.,ФМиМ,,к.н.
Петров Д.С.,ФРТ,профессор,
Козлов Д.С.,ФМиМ,профессор,
Лебедева Л.О.,ФУПМ,,д.н.
Иванов К.М.,ФИВТ,доцент,к.н.
Лебедев Д.С.,ФФ,доцент,д.н.
Морозов М.Ю.,ФЭТ,,к.н.
Соколов З.Т.,ФФ,,д.н.
Семенов З.Т.,ФЭТ,ассистент,к.н.
Лебедев Л.О.,ИТМО,,д.н.
Попов Д.С.,ФМиМ,ассистент,
Лебедев Д.С.,ФЭТ,,д.н.
Смирнов К.М.,ФФ,доцент,д.н.
Волков Л.О.,ФПМИ,ассистент,д.н.
Петров А.А.,ИТМО,,д.н.
Новиков Г.Н.,ИТМО,профессор,
Егоров И.К.,ФИВТ,ассистент,к.н.
Лебедев Д.С.,ИТМО,доцент,д.н.
Семенов Д.С.,ФИВТ,доцент,
Смирнов И.К.,ФМиМ,профессор,к.н.
Егоров Л.О.,ФПМИ,ассистент,д.н.
Сидоров Л.О.,ФИВТ,ассистент,
Сидоров И.К.,ФИВТ,ассистент,
Лебедев В.И.,ФРТ,ассистент,к.н.
Петров Ж.Р.,ФФ,доцент,
Новиков Ж.Р.,ИТМО,ассистент,к.н.
Кузнецов Л.О.,ФМиМ,профессор,д.н.
Волков И.К.,ФУПМ,профессор,к.н.
Морозов Ж.Р.,ФМиЕН,,к.н.
Лебедев Б.В.,ФЭТ,профессор,д.н.
Козлов Б.В.,ФРТ,профессор,к.н.
Лебедева М.Ю.,ФИВТ,профессор,к.н.
Попов М.Ю.,ФИТ,профессор,
Попов Ж.Р.,ФЭТ,профессор,
Козлов В.И.,ФУПМ,ассистент,д.н.
Семенов Д.С.,ФМиМ,профессор,к.н.
Петров М.Ю.,ИТМО,ассистент,к.н.
Иванов М.Ю.,ФМиЕН,ассистент,
Смирнов Л.О.,ИТМО,доцент,д.н.
Лебедева Е.П.,ФИВТ,ассистент,
Сидоров Е.П.,ФЭТ,профессор,д.н.
Петров К.М.,ФИТ,доцент,к.н.
Иванов И.К.,ФПМИ,доцент,
Алексеев Г.Н.,ФПМИ,доцент,
Лебедева Л.О.,ФФ,ассистент,д.н.
Сидоров М.Ю.,ФПМИ,,д.н.
Сидоров Ж.Р.,ФМиЕН,доцент,к.н.
Семенов А.А.,ФПМИ,доцент,д.н.
Кузнецов З.Т.,ФЭТ,доцент,д.н.
Лебедев М.Ю.,ФПМИ,,д.н.
Сидоров И.К.,ИТМО,,
Лебедева К.М.,ФФ,профессор,д.н.
Лебедева Л.О.,ФИВТ,профессор,
Алексеев Г.Н.,ФИВТ,профессор,д.н.
Алексеев Л.О.,ИТМО,,к.н.
Новиков Л.О.,ИТМО,доцент,к.н.
Смирнов Д.С.,ФПМИ,доцент,
Козлов Л.О.,ФМиМ,,
Сидоров Г.Н.,ФМиМ,доцент,
Кузнецов Б.В.,ФФ,профессор,д.н.
Егоров И.К.,ФМиМ,профессор,
Кузнецов А.А.,ФМиЕН,профессор,д.н.
Попов З.Т.,ФИВТ,,д.н.
Козлов Б.В.,ФМиЕН,,к.н.
Кузнецов В.И.,ФРТ,доцент,
Егоров М.Ю.,ФУПМ,профессор,к.н.
Алексеев В.И.,ФМиЕН,,д.н.
Кузнецов Ж.Р.,ФЭТ,,д.н.
Алексеев В.И.,ФИТ,доцент,к.н.
Петров Б.В.,ФМиМ,ассистент,к.н.
Морозов Ж.Р.,ФМиМ,профессор,к.н.
Новиков М.Ю.,ФРТ,,д.н.
Козлов Л.О.,ФФ,,к.н.
Соколов Г.Н.,ФМиЕН,,к.н.
Кузнецов М.Ю.,ФИТ,ассистент,к.н.
Морозов Г.Н.,ИТМО,профессор,
Соколов Г.Н.,ФИВТ,доцент,
Козлов А.А.,ФРТ,доцент,к.н.
Новиков З.Т.,ФРТ,профессор,д.н.
Алексеев В.И.,ФПМИ,профессор,д.н.
Кузнецов В.И.,ФИТ,ассистент,к.н.
Петров З.Т.,ФРТ,ассистент,д.н.
Иванов Г.Н.,ФИТ,доцент,к.н.
Егоров И.К.,ФМиМ,,д.н.
Лебедева А.А.,ФИВТ,профессор,д.н.
Кузнецов И.К.,ФРТ,ассистент,д.н.
Попов Б.В.,ФИТ,профессор,д.н.
Новиков В.И.,ФИТ,,д.н.
Попов Г.Н.,ФИТ,профессор,
Егоров Д.С.,ФИВТ,доцент,д.н.
Сидоров В.И.,ФФ,ассистент,к.н.
Кузнецов З.Т.,ФУПМ,доцент,д.н.
Семенов В.И.,ФУПМ,доцент,д.н.
Сидоров Ж.Р.,ФИТ,доцент,
Кузнецов К.М.,ФМиМ,,
Семенов Б.В.,ФРТ,доцент,д.н.
Семенов Ж.Р.,ФПМИ,ассистент,к.н.
Кузнецов Г.Н.,ФИТ,,к.н.
Морозов З.Т.,ФУПМ,доцент,д.н.
Морозов Ж.Р.,ФФ,,к.н.
Смирнов Д.С.,ФИВТ,доцент,
Сидоров Ж.Р.,ФМиМ,ассистент,д.н.
Иванов К.М.,ФИВТ,,к.н.
Семенов К.М.,ФПМИ,ассистент,к.н.
Новиков Л.О.,ФРТ,профессор,
Петров Б.В.,ФФ,доцент,д.н.
Козлов И.К.,ФФ,доцент,
Попов Ж.Р.,ФИВТ,,д.н.
Смирнов Л.О.,ФПМИ,ассистент,
Егоров Е.П.,ФМиМ,профессор,
Егоров Б.В.,ФИВТ,доцент,к.н.
Кузнецов К.М.,ФМиМ,профессор,к.н.
Лебедева В.И.,ФМиМ,,
Лебедева М.Ю.,ФИТ,профессор,
Лебедева Д.С.,ФМиМ,,д.н.
Соколов И.К.,ФФ,профессор,
Лебедева Е.П.,ФИТ,,
Егоров З.Т.,ФРТ,,д.н.
Новиков Г.Н.,ФМиМ,профессор,
Егоров Л.О.,ФУПМ,доцент,к.н.
Семенов И.К.,ФИВТ,доцент,д.н.
Соколов А.А.,ФУПМ,ассистент,к.н.
Морозов Л.О.,ФРТ,,д.н.
Петров Ж.Р.,ФМиМ,профессор,д.н.
Петров Б.В.,ФИТ,доцент,д.н.
Морозов В.И.,ФИВТ,доцент,д.н.
Семенов А.А.,ФРТ,профессор,к.н.
Волков З.Т.,ФЭТ,ассистент,
Иванов М.Ю.,ФРТ,,д.н.
Смирнов Л.О.,ФРТ,доцент,к.н.
Семенов Б.В.,ФПМИ,ассистент,
Морозов К.М.,ФИВТ,доцент,д.н.
Лебедева К.М.,ФМиМ,,
Петров З.Т.,ФПМИ,доцент,к.н.
Сидоров Л.О.,ИТМО,ассистент,к.н.
Козлов К.М.,ФРТ,профессор,
Смирнов З.Т.,ФИВТ,ассистент,к.н.
Лебедева Л.О.,ФМиМ,доцент,
Петров Б.В.,ФИТ,ассистент,
Егоров Б.В.,ФРТ,доцент,к.н.
Сидоров И.К.,ФИВТ,доцент,д.н.
Новиков Д.С.,ФМиЕН,ассистент,д.н.
Лебедев Л.О.,ФМиМ,,
Лебедев Е.П.,ИТМО,ассистент,д.н.
Кузнецов Е.П.,ФФ,профессор,к.н.
Смирнов Ж.Р.,ФРТ,доцент,к.н.
Иванов В.И.,ИТМО,профессор,к.н.
Волков Е.П.,ФЭТ,доцент,к.н.
Попов Д.С.,ФИВТ,ассистент,к.н.
Иванов Б.В.,ИТМО,доцент,к.н.
Петров Е.П.,ФЭТ,ассистент,
Иванов В.И.,ФФ,ассистент,
Алексеев А.А.,ФРТ,,
Морозов В.И.,ФИТ,,к.н.
Лебедев И.К.,ФПМИ,,к.н.
Сидоров Б.В.,ФРТ,доцент,к.н.
Новиков К.М.,ФРТ,ассистент,
Новиков Л.О.,ИТМО,,
Соколов Л.О.,ИТМО,профессор,д.н.
Новиков Д.С.,ФЭТ,профессор,к.н.
Новиков К.М.,ФУПМ,доцент,к.н.
Лебедев Б.В.,ФМиЕН,доцент,
Петров Д.С.,ФРТ,,
Морозов Г.Н.,ФУПМ,ассистент,к.н.
Лебедева Г.Н.,ФФ,ассистент,д.н.
Волков Л.О.,ФМиЕН,ассистент,д.н.
Попов И.К.,ФФ,доцент,к.н.
Соколов М.Ю.,ФЭТ,,д.н.
Семенов А.А.,ФИТ,,к.н.
Волков А.А.,ФМиЕН,доцент,д.н.
Петров Е.П.,ФИВТ,профессор,
Смирнов Д.С.,ФМиМ,доцент,к.н.
Кузнецов К.М.,ФИТ,,д.н.
Смирнов Л.О.,ФМиЕН,ассистент,д.н.
Лебедева Б.В.,ФФ,,
Егоров Б.В.,ФМиМ,профессор,к.н.
Волков Е.П.,ФМиМ,профессор,к.н.
Козлов Б.В.,ФЭТ,ассистент,д.н.
Семенов В.И.,ИТМО,,
Кузнецов А.А.,ФМиМ,,д.н.
Иванов М.Ю.,ФИТ,,
Козлов Е.П.,ФМиМ,,
Кузнецов И.К.,ФИВТ,доцент,д.н.
Петров А.А.,ФИВТ,ассистент,к.н.
Попов Е.П.,ФПМИ,,к.н.
Кузнецов З.Т.,ФФ,ассистент,
Лебедев Б.В.,ФМиМ,профессор,
Лебедева Б.В.,ИТМО,доцент,
Иванов Б.В.,ФЭТ,ассистент,
Егоров И.К.,ФЭТ,профессор,к.н.
Волков Д.С.,ФИВТ,доцент,
Лебедева К.М.,ФМиМ,профессор,д.н.
Смирнов Ж.Р.,ФУПМ,профессор,д.н.
Попов К.М.,ФМиМ,ассистент,к.н.
Морозов Ж.Р.,ФМиМ,ассистент,к.н.
Попов Ж.Р.,ФУПМ,,
Егоров Д.С.,ФПМИ,,к.н.
Соколов Б.В.,ФЭТ,,д.н.
Соколов Л.О.,ФФ,,
Алексеев В.И.,ФИТ,,д.н.
Семенов В.И.,ИТМО,доцент,
Петров М.Ю.,ФЭТ,профессор,д.н.
Соколов Б.В.,ФИТ,,к.н.
Морозов З.Т.,ФИТ,ассистент,д.н.
Соколов Е.П.,ФЭТ,профессор,к.н.
Морозов Б.В.,ФУПМ,ассистент,д.н.
Сидоров И.К.,ФУПМ,,
Сидоров М.Ю.,ФФ,доцент,
Попов Е.П.,ФЭТ,ассистент,д.н.
Сидоров И.К.,ФМиМ,профессор,д.н.
Иванов К.М.,ФМиМ,профессор,д.н.
Кузнецов Л.О.,ФМиЕН,профессор,
Волков Б.В.,ФИТ,,к.н.
Петров А.А.,ФУПМ,профессор,к.н.
Кузнецов Л.О.,ФМиЕН,ассистент,д.н.
Петров И.К.,ФМиЕН,,к.н.
Лебедева Л.О.,ФФ,ассистент,д.н.
Попов З.Т.,ФПМИ,,к.н.
Соколов Л.О.,ФПМИ,доцент,
Семенов Е.П.,ФПМИ,доцент,к.н.
Сидоров И.К.,ФФ,доцент,к.н.
Кузнецов А.А.,ФФ,профессор,к.н.
Кузнецов В.И.,ФФ,профессор,
Сидоров К.М.,ФИВТ,ассистент,д.н.
Новиков Д.С.,ФМиМ,доцент,к.н.
Волков К.М.,ФФ,профессор,к.н.
Новиков Ж.Р.,ИТМО,,к.н.
Алексеев З.Т.,ФРТ,профессор,к.н.
Лебедев В.И.,ФИТ,ассистент,д.н.
Алексеев А.А.,ФМиМ,профессор,д.н.
Лебедев В.И.,ФМиМ,доцент,
Козлов Е.П.,ФПМИ,профессор,д.н.
Лебедева Е.П.,ФФ,,к.н.
Петров Л.О.,ФМиЕН,ассистент,
Попов Г.Н.,ФИТ,доцент,к.н.
Кузнецов Е.П.,ФМиЕН,доцент,
Попов Е.П.,ФИТ,ассистент,к.н.
Новиков М.Ю.,ФПМИ,профессор,д.н.
Семенов Д.С.,ФФ,профессор,к.н.
Сидоров Г.Н.,ФЭТ,доцент,
Семенов В.И.,ФМиМ,,
Егоров И.К.,ФИВТ,доцент,д.н.
Волков В.И.,ФИВТ,,
Лебедева Б.В.,ФПМИ,ассистент,д.н.
Смирнов В.И.,ФУПМ,доцент,
Иванов В.И.,ФИТ,доцент,к.н.
Козлов Е.П.,ФМиМ,доцент,
Лебедев А.А.,ФПМИ,доцент,
Смирнов В.И.,ИТМО,профессор,к.н.
Козлов Ж.Р.,ФРТ,ассистент,к.н.
Иванов М.Ю.,ФМиМ,доцент,к.н.
Морозов Г.Н.,ИТМО,профессор,к.н.
Петров К.М.,ФИВТ,,
Лебедев Д.С.,ФПМИ,ассистент,к.н.
Кузнецов М.Ю.,ФМиЕН,,к.н.
Лебедева Б.В.,ФРТ,профессор,
Кузнецов А.А.,ИТМО,профессор,
Новиков Б.В.,ФМиМ,доцент,д.н.
Алексеев Ж.Р.,ФИТ,ассистент,к.н.
Новиков И.К.,ФЭТ,профессор,к.н.
Морозов Ж.Р.,ФМиЕН,,д.н.
Новиков В.И.,ФЭТ,ассистент,
Петров М.Ю.,ФПМИ,ассистент,д.н.
Соколов Л.О.,ФИВТ,,
Лебедева В.И.,ФИТ,,
Алексеев Ж.Р.,ФЭТ,доцент,
Иванов И.К.,ФЭТ,,
Сидоров Б.В.,ФМиЕН,профессор,к.н.
Волков Д.С.,ФМиЕН,ассистент,
Лебедев И.К.,ФУПМ,,д.н.
Кузнецов К.М.,ФИВТ,профессор,к.н.
Лебедева М.Ю.,ФПМИ,доцент,
Морозов Б.В.,ФФ,,
Лебедева М.Ю.,ФРТ,ассистент,д.н.
Волков М.Ю.,ФМиЕН,,д.н.
Семенов В.И.,ФМиЕН,профессор,
Смирнов И.К.,ФМиМ,ассистент,
Сидоров Ж.Р.,ФФ,ассистент,д.н.
Семенов Ж.Р.,ФПМИ,ассистент,
Петров М.Ю.,ФРТ,профессор,
Кузнецов Г.Н.,ФФ,профессор,
Морозов Л.О.,ФМиМ,,к.н.
Лебедев З.Т.,ФМиМ,,д.н.
Егоров Ж.Р.,ФЭТ,доцент,к.н.
Смирнов Г.Н.,ФПМИ,доцент,д.н.
Иванов И.К.,ИТМО,доцент,к.н.
Смирнов Г.Н.,ФФ,ассистент,
Попов М.Ю.,ФИВТ,доцент,д.н.
Козлов З.Т.,ФУПМ,профессор,к.н.
Козлов М.Ю.,ФПМИ,профессор,
Кузнецов Ж.Р.,ФМиМ,профессор,к.н.
Лебедева З.Т.,ФИВТ,ассистент,к.н.
Петров Б.В.,ФИВТ,профессор,д.н.
Смирнов К.М.,ФИТ,профессор,к.н.
Лебедев Л.О.,ФИТ,доцент,д.н.
Семенов К.М.,ИТМО,,д.н.
Алексеев Е.П.,ИТМО,ассистент,к.н.
Петров Л.О.,ФМиМ,ассистент,к.н.
Козлов Ж.Р.,ИТМО,,к.н.
Лебедев Ж.Р.,ФИВТ,профессор,
Петров Л.О.,ФЭТ,,к.н.
Петров Б.В.,ФФ,ассистент,
Сидоров А.А.,ФФ,ассистент,к.н.
Алексеев Ж.Р.,ФМиМ,доцент,к.н.
Смирнов Л.О.,ФИТ,доцент,к.н.
Иванов А.А.,ФИТ,ассистент,д.н.
Петров Л.О.,ФЭТ,ассистент,
Иванов М.Ю.,ФМиМ,профессор,к.н.
Козлов В.И.,ФПМИ,,
Кузнецов Е.П.,ИТМО,профессор,к.н.
Алексеев Ж.Р.,ФМиЕН,ассистент,к.н.
Лебедева Ж.Р.,ФРТ,ассистент,д.н.
Лебедев Б.В.,ФИВТ,ассистент,
Петров Б.В.,ФИТ,ассистент,
Алексеев К.М.,ФИВТ,ассистент,
Петров Б.В.,ФПМИ,ассистент,к.н.
Егоров А.А.,ИТМО,доцент,
Смирнов А.А.,ФФ,профессор,к.н.
Смирнов Е.П.,ФРТ,доцент,
Смирнов Д.С.,ФИТ,ассистент,к.н.
Козлов М.Ю.,ФПМИ,,
Волков А.А.,ФИТ,доцент,к.н.
Соколов З.Т.,ФРТ,доцент,к.н.
Семенов А.А.,ФМиЕН,профессор,д.н.
Кузнецов Ж.Р.,ФИТ,доцент,
Попов М.Ю.,ФУПМ,ассистент,к.н.
Иванов А.А.,ФМиЕН,доцент,д.н.
Семенов Ж.Р.,ФМиМ,профессор,к.н.
Сидоров Ж.Р.,ФМиЕН,,д.н.
Смирнов Б.В.,ФРТ,доцент,
Волков А.А.,ФМиЕН,профессор,д.н.
Сидоров В.И.,ФЭТ,,к.н.
Морозов З.Т.,ФЭТ,ассистент,
Егоров Ж.Р.,ФРТ,,
Новиков М.Ю.,ФИВТ,ассистент,к.н.
Соколов К.М.,ФФ,профессор,д.н.
Морозов В.И.,ФИВТ,профессор,д.н.
Новиков З.Т.,ФУПМ,ассистент,д.н.
Смирнов Д.С.,ФМиЕН,ассистент,к.н.
Иванов М.Ю.,ФФ,,к.н.
Кузнецов Д.С.,ФМиЕН,ассистент,к.н.
Смирнов З.Т.,ФИВТ,ассистент,д.н.
Семенов А.А.,ФЭТ,профессор,д.н.
Иванов В.И.,ФФ,,
Соколов А.А.,ФМиМ,ассистент,к.н.
Лебедева М.Ю.,ИТМО,профессор,д.н.
Лебедев Д.С.,ФРТ,профессор,
Лебедев Б.В.,ФРТ,ассистент,
Егоров Д.С.,ФИВТ,ассистент,д.н.
Лебедева К.М.,ФИВТ,ассистент,д.н.
Козлов Г.Н.,ФМиЕН,,
Петров Л.О.,ФМиМ,доцент,
Кузнецов Г.Н.,ИТМО,ассистент,к.н.
Егоров Л.О.,ФМиМ,профессор,
Смирнов Д.С.,ФФ,,д.н.
Сидоров Е.П.,ИТМО,,к.н.
Иванов А.А.,ФПМИ,,д.н.
Лебедев Г.Н.,ФФ,доцент,к.н.
Егоров К.М.,ФФ,профессор,к.н.
Егоров Ж.Р.,ФМиМ,ассистент,д.н.
Семенов Г.Н.,ИТМО,ассистент,д.н.
Козлов И.К.,ФИВТ,профессор,
Егоров М.Ю.,ФИТ,ассистент,д.н.
Попов В.И.,ФЭТ,,д.н.
Петров Л.О.,ФУПМ,профессор,д.н.
Козлов Ж.Р.,ФМиМ,доцент,к.н.
Сидоров К.М.,ФИТ,доцент,д.н.
Лебедев Л.О.,ФРТ,,д.н.
Морозов З.Т.,ИТМО,доцент,д.н.
Козлов И.К.,ФМиЕН,,
Смирнов З.Т.,ФИТ,доцент,
Семенов М.Ю.,ФИВТ,ассистент,
Лебедева З.Т.,ИТМО,доцент,
Смирнов Е.П.,ФМиМ,,к.н.
Морозов М.Ю.,ФФ,профессор,д.н.
Иванов Е.П.,ФУПМ,,
Козлов Л.О.,ФМиЕН,профессор,
Иванов Ж.Р.,ФУПМ,,
Смирнов Б.В.,ФРТ,доцент,д.н.
Новиков М.Ю.,ИТМО,,к.н.
Волков М.Ю.,ФФ,,д.н.
Сидоров З.Т.,ФЭТ,,к.н.
Алексеев Д.С.,ИТМО,,к.н.
Егоров В.И.,ФМиМ,,д.н.
Попов К.М.,ФУПМ,профессор,
Лебедев З.Т.,ИТМО,ассистент,
Алексеев А.А.,ФФ,ассистент,
Волков Е.П.,ФПМИ,доцент,д.н.
Морозов М.Ю.,ИТМО,доцент,
Волков Л.О.,ФМиМ,,к.н.
Смирнов А.А.,ФРТ,профессор,к.н.
Лебедев А.А.,ФИТ,,д.н.
Козлов Ж.Р.,ФРТ,доцент,к.н.
Алексеев Б.В.,ФФ,,
Лебедева Г.Н.,ИТМО,профессор,
Кузнецов Б.В.,ФМиМ,доцент,д.н.
Лебедев З.Т.,ИТМО,доцент,
Попов Ж.Р.,ФМиМ,доцент,
Смирнов А.А.,ФПМИ,доцент,д.н.
Смирнов Б.В.,ФМиМ,доцент,д.н.
Иванов Б.В.,ФПМИ,доцент,к.н.
Петров Ж.Р.,ФИВТ,,д.н.
Волков А.А.,ФПМИ,,
Кузнецов А.А.,ФЭТ,,
Соколов Д.С.,ФПМИ,,
Попов Г.Н.,ФИВТ,ассистент,д.н.
Лебедев А.А.,ФМиЕН,профессор,д.н.
Сидоров Д.С.,ФИВТ,,
Новиков М.Ю.,ФРТ,ассистент,
Петров Г.Н.,ИТМО,ассистент,
Смирнов В.И.,ФФ,доцент,к.н.
Козлов Ж.Р.,ФМиЕН,ассистент,д.н.
Егоров М.Ю.,ИТМО,ассистент,
Алексеев Ж.Р.,ФФ,доцент,
Иванов Д.С.,ФМиМ,профессор,
Новиков К.М.,ФИВТ,профессор,
Смирнов Ж.Р.,ФМиЕН,профессор,к.н.
Лебедев И.К.,ИТМО,доцент,к.н.
Попов Ж.Р.,ФМиМ,ассистент,
Попов З.Т.,ФМиМ,профессор,д.н.
Сидоров В.И.,ФИВТ,доцент,
Лебедев Л.О.,ИТМО,ассистент,д.н.
Козлов Д.С.,ФРТ,доцент,
Алексеев Е.П.,ФЭТ,доцент,д.н.
Петров З.Т.,ФПМИ,профессор,
Смирнов Б.В.,ФМиЕН,профессор,
Кузнецов М.Ю.,ФФ,доцент,к.н.
Морозов Е.П.,ФМиМ,ассистент,к.н.
Алексеев И.К.,ФРТ,профессор,к.н.
Лебедев Е.П.,ФМиЕН,ассистент,д.н.
Семенов В.И.,ИТМО,профессор,к.н.
Попов Б.В.,ФЭТ,,д.н.
Егоров З.Т.,ФИТ,доцент,д.н.
Лебедева А.А.,ФИТ,доцент,д.н.
Лебедев Е.П.,ФИТ,,к.н.
Сидоров Л.О.,ФИТ,профессор,д.н.
Лебедев З.Т.,ФМиЕН,доцент,
Морозов Ж.Р.,ФПМИ,доцент,к.н.
Лебедев А.А.,ИТМО,профессор,к.н.
Попов Ж.Р.,ФМиЕН,профессор,
Семенов А.А.,ФМиМ,,д.н.
Смирнов З.Т.,ФРТ,,д.н.
Попов Л.О.,ФФ,доцент,д.н.
Петров М.Ю.,ФМиМ,доцент,к.н.
Козлов Л.О.,ФМиЕН,ассистент,д.н.
Иванов Б.В.,ФФ,доцент,
Лебедев К.М.,ФРТ,профессор,
Волков Б.В.,ФИТ,ассистент,д.н.
Петров В.И.,ФИВТ,доцент,к.н.
Иванов Ж.Р.,ФЭТ,ассистент,
Волков З.Т.,ФИТ,доцент,к.н.
Егоров К.М.,ФФ,профессор,
Сидоров И.К.,ФМиМ,профессор,
Егоров З.Т.,ФИТ,,д.н.
Попов Г.Н.,ФЭТ,доцент,
Сидоров З.Т.,ФЭТ,ассистент,
Петров Е.П.,ФФ,доцент,д.н.
Смирнов В.И.,ФПМИ,доцент,
Лебедева К.М.,ФУПМ,профессор,к.н.
Кузнецов А.А.,ФМиЕН,,к.н.
Волков Г.Н.,ФИТ,профессор,д.н.
Соколов Д.С.,ИТМО,ассистент,
Егоров А.А.,ФРТ,профессор,к.н.
Семенов З.Т.,ФМиЕН,,д.н.
Морозов Л.О.,ФМиЕН,доцент,
Соколов З.Т.,ФМиЕН,ассистент,д.н.
Попов К.М.,ФМиМ,профессор,
Волков З.Т.,ФИТ,,к.н.
Кузнецов Л.О.,ФУПМ,ассистент,
Иванов Ж.Р.,ФМиЕН,доцент,
Лебедев В.И.,ФМиМ,доцент,к.н.
Соколов М.Ю.,ФИТ,,
Алексеев З.Т.,ФМиМ,доцент,к.н.
Волков Л.О.,ФЭТ,ассистент,
Морозов Л.О.,ФИТ,доцент,к.н.
Алексеев Ж.Р.,ФЭТ,,
Алексеев Д.С.,ФИВТ,ассистент,к.н.
Попов З.Т.,ФИТ,доцент,
Попов Е.П.,ФПМИ,профессор,д.н.
Семенов Ж.Р.,ФЭТ,профессор,к.н.
Смирнов З.Т.,ФИТ,ассистент,к.н.
Волков В.И.,ФФ,,к.н.
Смирнов В.И.,ФИТ,ассистент,д.н.
Лебедева В.И.,ФИВТ,,к.н.
Соколов В.И.,ФУПМ,профессор,д.н.
Кузнецов И.К.,ФМиЕН,профессор,д.н.
Лебедева Ж.Р.,ФПМИ,ассистент,д.н.
Смирнов Д.С.,ФУПМ,профессор,д.н.
Морозов М.Ю.,ИТМО,ассистент,к.н.
Егоров В.И.,ФМиЕН,ассистент,
Кузнецов Д.С.,ФПМИ,ассистент,
Козлов З.Т.,ФИВТ,доцент,к.н.
Морозов И.К.,ФМиЕН,ассистент,к.н.
Кузнецов К.М.,ФИВТ,профессор,
Егоров Г.Н.,ФИТ,профессор,д.н.
Семенов В.И.,ФРТ,,к.н.
Смирнов Е.П.,ФУПМ,ассистент,к.н.
Смирнов Л.О.,ФРТ,ассистент,д.н.
Соколов И.К.,ФФ,профессор,
Лебедев В.И.,ИТМО,профессор,д.н.
Иванов К.М.,ФУПМ,,к.н.
Новиков М.Ю.,ФЭТ,профессор,к.н.
Волков Е.П.,ФИВТ,ассистент,к.н.
Егоров Л.О.,ФФ,профессор,
Козлов Д.С.,ИТМО,,д.н.
Кузнецов Г.Н.,ФМиЕН,,д.н.
Новиков Г.Н.,ФЭТ,,
Семенов З.Т.,ФЭТ,профессор,д.н.
Морозов В.И.,ФЭТ,профессор,к.н.
Сидоров Ж.Р.,ФИВТ,,д.н.
Иванов А.А.,ФЭТ,,д.н.
Новиков Ж.Р.,ФРТ,профессор,д.н.
Иванов Л.О.,ФИТ,профессор,д.н.
Морозов И.К.,ФМиМ,доцент,к.н.
Волков Е.П.,ФЭТ,профессор,д.н.
Лебедев А.А.,ФМиЕН,ассистент,
Морозов З.Т.,ФЭТ,профессор,д.н.
Сидоров Б.В.,ФУПМ,,
Семенов З.Т.,ФМиМ,ассистент,д.н.
Лебедев З.Т.,ФРТ,,к.н.
Новиков В.И.,ФПМИ,профессор,к.н.
Алексеев Ж.Р.,ФИВТ,доцент,к.н.
Петров В.И.,ФМиЕН,ассистент,к.н.
Новиков Е.П.,ФФ,,к.н.
Алексеев Е.П.,ФЭТ,доцент,к.н.
Егоров Б.В.,ФМиМ,профессор,
Лебедев З.Т.,ФЭТ,,д.н.
Морозов В.И.,ФУПМ,профессор,д.н.
Иванов К.М.,ИТМО,доцент,к.н.
Соколов М.Ю.,ФЭТ,доцент,д.н.
Сидоров Е.П.,ФЭТ,доцент,
Кузнецов И.К.,ФФ,ассистент,к.н.
Лебедева Е.П.,ФИВТ,профессор,к.н.
Алексеев К.М.,ФМиЕН,доцент,д.н.
Попов Л.О.,ФФ,доцент,к.н.
Семенов Б.В.,ФПМИ,,
Иванов К.М.,ФМиМ,профессор,
Соколов З.Т.,ФМиМ,,д.н.
Морозов К.М.,ФИВТ,профессор,
Петров М.Ю.,ФИВТ,доцент,д.н.
Соколов Г.Н.,ФИВТ,ассистент,
Смирнов В.И.,ФИТ,ассистент,д.н.
Новиков Б.В.,ФЭТ,доцент,д.н.
Смирнов И.К.,ФУПМ,доцент,
Морозов Л.О.,ФИТ,ассистент,д.н.
Иванов Е.П.,ФИВТ,доцент,
Смирнов К.М.,ФПМИ,,
Кузнецов Л.О.,ФИВТ,профессор,д.н.
Соколов З.Т.,ФМиМ,,
Семенов В.И.,ФРТ,ассистент,д.н.
Лебедев Г.Н.,ФИТ,ассистент,к.н.
Соколов В.И.,ФУПМ,ассистент,к.н.
Петров Е.П.,ФФ,профессор,к.н.
Смирнов И.К.,ФЭТ,профессор,д.н.
Иванов А.А.,ФМиЕН,доцент,к.н.
Козлов Б.В.,ИТМО,профессор,к.н.
Петров И.К.,ФИВТ,профессор,
Егоров Л.О.,ФМиМ,ассистент,
Попов Д.С.,ФИТ,ассистент,
Алексеев А.А.,ФПМИ,доцент,
Лебедев Д.С.,ФРТ,профессор,к.н.
Попов Г.Н.,ФРТ,,к.н.
Попов Г.Н.,ФРТ,профессор,
Кузнецов К.М.,ФИТ,,к.н.
Кузнецов Г.Н.,ФПМИ,профессор,
Егоров Г.Н.,ФИТ,,д.н.
Лебедев М.Ю.,ФФ,доцент,к.н.
Петров Л.О.,ФРТ,,д.н.
Лебедева Л.О.,ФМиЕН,профессор,д.н.
Иванов Е.П.,ФИТ,ассистент,д.н.
Смирнов З.Т.,ФИВТ,доцент,к.н.
Лебедева И.К.,ФУПМ,ассистент,д.н.
Соколов Д.С.,ФПМИ,,
Козлов З.Т.,ФПМИ,доцент,
Смирнов З.Т.,ФПМИ,ассистент,к.н.
Соколов М.Ю.,ФЭТ,,к.н.
Сидоров Ж.Р.,ФРТ,,
Семенов М.Ю.,ФМиМ,ассистент,
Лебедева Л.О.,ФЭТ,,д.н.
Лебедев Ж.Р.,ФПМИ,ассистент,
Соколов З.Т.,ФПМИ,ассистент,
Новиков А.А.,ФУПМ,профессор,
Егоров К.М.,ИТМО,профессор,к.н.
Козлов Д.С.,ФЭТ,,д.н.
Смирнов Д.С.,ФФ,ассистент,д.н.
Соколов А.А.,ФЭТ,доцент,
Соколов А.А.,ФРТ,,к.н.
Морозов А.А.,ФИВТ,доцент,к.н.
Попов З.Т.,ФУПМ,доцент,д.н.
Сидоров Л.О.,ФФ,доцент,
Лебедев З.Т.,ФЭТ,доцент,
Смирнов З.Т.,ФРТ,доцент,
Кузнецов В.И.,ФПМИ,ассистент,д.н.
Лебедева Б.В.,ФУПМ,,
Новиков Л.О.,ФУПМ,ассистент,д.н.
Петров Л.О.,ФРТ,ассистент,д.н.
Лебедев В.И.,ФУПМ,профессор,
Лебедев Е.П.,ФФ,ассистент,д.н.
Волков Г.Н.,ФЭТ,ассистент,к.н.
Алексеев З.Т.,ФРТ,доцент,к.н.
Попов Ж.Р.,ФИВТ,доцент,д.н.
Кузнецов М.Ю.,ФМиМ,профессор,д.н.
Соколов Д.С.,ФИТ,профессор,
Егоров Г.Н.,ИТМО,доцент,к.н.
Лебедев К.М.,ФМиЕН,ассистент,д.н.
Соколов И.К.,ФУПМ,,д.н.
Алексеев М.Ю.,ФМиМ,доцент,
Семенов В.И.,ФИТ,,д.н.
Семенов Г.Н.,ФМиЕН,,к.н.
Петров К.М.,ФЭТ,профессор,
Егоров Б.В.,ФИТ,доцент,д.н.
Новиков Г.Н.,ФЭТ,ассистент,д.н.
Алексеев В.И.,ФЭТ,доцент,
Лебедев К.М.,ФИТ,профессор,
Петров Л.О.,ИТМО,доцент,д.н.
Кузнецов Е.П.,ФМиЕН,ассистент,д.н.
Попов Е.П.,ИТМО,доцент,к.н.
Новиков Г.Н.,ФИВТ,доцент,к.н.
Лебедева Г.Н.,ФПМИ,доцент,к.н.
Алексеев Л.О.,ИТМО,,к.н.
Петров Ж.Р.,ФУПМ,доцент,д.н.
Егоров Д.С.,ФПМИ,,
Кузнецов Е.П.,ФФ,,
Морозов Ж.Р.,ФМиЕН,доцент,д.н.
Егоров М.Ю.,ФПМИ,профессор,к.н.
Кузнецов К.М.,ФМиЕН,ассистент,к.н.
Семенов З.Т.,ФМиЕН,доцент,д.н.
Семенов И.К.,ФМиМ,ассистент,
Егоров Г.Н.,ФПМИ,доцент,д.н.
Новиков Б.В.,ФИВТ,,к.н.
Новиков В.И.,ФМиЕН,профессор,к.н.
Смирнов Ж.Р.,ФФ,профессор,к.н.
Соколов И.К.,ФЭТ,,к.н.
Новиков Ж.Р.,ФИТ,ассистент,д.н.
Морозов З.Т.,ФУПМ,профессор,
Петров М.Ю.,ФМиЕН,доцент,
Сидоров И.К.,ФМиЕН,доцент,
Новиков Б.В.,ФФ,доцент,к.н.
Сидоров Б.В.,ФФ,ассистент,д.н.
Смирнов И.К.,ФИВТ,профессор,д.н.
Кузнецов Г.Н.,ФИВТ,профессор,к.н.
Сидоров Л.О.,ФМиЕН,,к.н.
Лебедева А.А.,ФУПМ,доцент,к.н.
Алексеев А.А.,ФПМИ,профессор,д.н.
Лебедев З.Т.,ФФ,ассистент,к.н.
Новиков И.К.,ФИВТ,ассистент,д.н.
Морозов М.Ю.,ФРТ,доцент,к.н.
Смирнов Л.О.,ФИТ,доцент,к.н.
Козлов Ж.Р.,ФИВТ,профессор,
Новиков М.Ю.,ФРТ,ассистент,
Алексеев К.М.,ФУПМ,профессор,
Иванов В.И.,ФМиЕН,,
Сидоров Л.О.,ФФ,профессор,к.н.
Попов З.Т.,ФЭТ,доцент,д.н.
Лебедев Г.Н.,ИТМО,ассистент,к.н.
Сидоров Ж.Р.,ИТМО,доцент,д.н.
Волков Ж.Р.,ФПМИ,доцент,д.н.
Егоров А.А.,ФМиЕН,доцент,
Иванов К.М.,ИТМО,ассистент,
Соколов Д.С.,ИТМО,ассистент,к.н.
Смирнов А.А.,ИТМО,ассистент,д.н.
Соколов З.Т.,ФУПМ,,д.н.
Козлов М.Ю.,ФУПМ,ассистент,
Смирнов М.Ю.,ФМиМ,профессор,
Петров И.К.,ФЭТ,профессор,к.н.
Алексеев Г.Н.,ФУПМ,,к.н.
Морозов Е.П.,ФПМИ,доцент,
Кузнецов Л.О.,ФЭТ,профессор,д.н.
Сидоров Л.О.,ФИВТ,ассистент,
Лебедева Е.П.,ФМиМ,,д.н.
Кузнецов З.Т.,ФМиЕН,,
Морозов И.К.,ФИТ,,
Морозов З.Т.,ФЭТ,,д.н.
Лебедева М.Ю.,ФМиЕН,доцент,к.н.
Волков Е.П.,ФРТ,ассистент,д.н.
Волков М.Ю.,ФМиМ,,д.н.
Семенов В.И.,ФМиЕН,доцент,д.н.
Волков З.Т.,ФМиЕН,ассистент,
Петров З.Т.,ФУПМ,,к.н.
Иванов Д.С.,ФФ,,д.н.
Кузнецов И.К.,ФРТ,ассистент,д.н.
Семенов Г.Н.,ФФ,ассистент,д.н.
Алексеев З.Т.,ФИВТ,ассистент,
Иванов К.М.,ФМиМ,доцент,
Смирнов Г.Н.,ФЭТ,ассистент,к.н.
Сидоров Д.С.,ФМиЕН,,
Смирнов Б.В.,ФРТ,ассистент,к.н.
Сидоров Л.О.,ИТМО,,к.н.
Сидоров Д.С.,ФЭТ,,к.н.
Новиков Л.О.,ФПМИ,профессор,д.н.
Кузнецов М.Ю.,ФМиЕН,профессор,к.н.
Морозов Ж.Р.,ИТМО,доцент,
Волков Г.Н.,ФПМИ,доцент,д.н.
Новиков Д.С.,ФРТ,,
Попов Г.Н.,ФИТ,ассистент,д.н.
Лебедев Г.Н.,ИТМО,ассистент,к.н.
Козлов Б.В.,ФУПМ,доцент,
Соколов М.Ю.,ФМиЕН,,д.н.
Козлов Г.Н.,ФФ,доцент,д.н.
Смирнов А.А.,ФПМИ,доцент,
Морозов М.Ю.,ИТМО,ассистент,
Лебедев М.Ю.,ФМиМ,ассистент,к.н.
Попов Д.С.,ФМиЕН,ассистент,к.н.
Егоров В.И.,ИТМО,доцент,к.н.
Кузнецов Г.Н.,ФУПМ,,к.н.
Соколов Д.С.,ФРТ,,
Волков З.Т.,ФЭТ,профессор,д.н.
Волков В.И.,ФИТ,ассистент,
Кузнецов Б.В.,ФУПМ,профессор,к.н.
Смирнов Л.О.,ФПМИ,ассистент,д.н.
Морозов М.Ю.,ФИТ,доцент,к.н.
Кузнецов К.М.,ФМиЕН,доцент,
Сидоров А.А.,ФПМИ,профессор,
Новиков Е.П.,ИТМО,доцент,
Петров З.Т.,ФУПМ,профессор,
Лебедева Б.В.,ФМиМ,доцент,д.н.
Иванов К.М.,ФРТ,,
Семенов М.Ю.,ФПМИ,доцент,д.н.
Иванов В.И.,ФФ,доцент,д.н.
Алексеев З.Т.,ФИВТ,доцент,д.н.
Лебедева З.Т.,ФМиМ,профессор,
Иванов Б.В.,ИТМО,доцент,к.н.
Алексеев Г.Н.,ФУПМ,ассистент,
Кузнецов Л.О.,ФРТ,профессор,
Петров Д.С.,ФУПМ,профессор,к.н.
Егоров А.А.,ФИТ,ассистент,к.н.
Лебедева Д.С.,ФМиМ,ассистент,к.н.
Соколов Е.П.,ФИТ,ассистент,
Волков В.И.,ФМиЕН,,
Волков К.М.,ФМиМ,профессор,к.н.
Козлов Л.О.,ФФ,ассистент,к.н.
Соколов К.М.,ФМиЕН,доцент,к.н.
Лебедев Ж.Р.,ФМиЕН,профессор,
Лебедев Л.О.,ФФ,,д.н.
Новиков Б.В.,ФМиМ,профессор,д.н.
Кузнецов Е.П.,ИТМО,доцент,к.н.
Семенов К.М.,ФФ,профессор,
Козлов Ж.Р.,ФПМИ,,д.н.
Козлов Л.О.,ИТМО,доцент,
Иванов В.И.,ФУПМ,ассистент,к.н.
Алексеев М.Ю.,ФМиЕН,доцент,к.н.
Соколов Б.В.,ФМиЕН,ассистент,к.н.
Семенов Е.П.,ФМиЕН,ассистент,д.н.
Кузнецов И.К.,ФРТ,доцент,к.н.
Попов З.Т.,ФПМИ,профессор,
Алексеев М.Ю.,ИТМО,профессор,
Попов К.М.,ФМиМ,,д.н.
Лебедева К.М.,ФПМИ,,к.н.
Козлов З.Т.,ФРТ,доцент,к.н.
Волков К.М.,ФМиМ,ассистент,к.н.
Алексеев А.А.,ФМиЕН,профессор,
Козлов Б.В.,ФИВТ,доцент,
Лебедев Г.Н.,ФПМИ,,д.н.
Лебедев Ж.Р.,ФУПМ,профессор,д.н.
Семенов В.И.,ФРТ,ассистент,д.н.
Лебедева А.А.,ФРТ,профессор,
Попов Г.Н.,ФМиЕН,доцент,д.н.
Попов Ж.Р.,ФУПМ,доцент,к.н.
Попов Е.П.,ФИТ,,д.н.
Лебедев Б.В.,ФМиМ,ассистент,д.н.
Новиков А.А.,ФПМИ,доцент,
Волков Ж.Р.,ФИВТ,профессор,к.н.
Лебедев З.Т.,ФМиЕН,ассистент,д.н.
Петров Е.П.,ИТМО,доцент,
Лебедев Л.О.,ФПМИ,,д.н.
Иванов М.Ю.,ФУПМ,ассистент,д.н.
Сидоров М.Ю.,ФМиМ,,
Семенов К.М.,ФМиМ,,
Соколов А.А.,ФМиМ,ассистент,д.н.
Смирнов Е.П.,ФУПМ,профессор,к.н.
Попов З.Т.,ФПМИ,,
Семенов З.Т.,ФМиЕН,доцент,д.н.
Лебедева Е.П.,ФУПМ,доцент,
Волков Л.О.,ФФ,ассистент,
Кузнецов Е.П.,ФУПМ,доцент,
Волков А.А.,ФМиМ,доцент,д.н.
Волков В.И.,ФУПМ,,д.н.
Кузнецов Е.П.,ФРТ,профессор,
Морозов Д.С.,ФПМИ,ассистент,
Попов И.К.,ФИТ,ассистент,д.н.
Козлов З.Т.,ФЭТ,ассистент,к.н.
Кузнецов Ж.Р.,ФМиЕН,ассистент,
Егоров А.А.,ФУПМ,доцент,
Семенов М.Ю.,ФЭТ,доцент,к.н.
Семенов З.Т.,ФИТ,профессор,
Новиков М.Ю.,ФРТ,ассистент,
Волков Е.П.,ФПМИ,ассистент,
Смирнов И.К.,ФИТ,ассистент,
Морозов Л.О.,ИТМО,ассистент,
Соколов Ж.Р.,ФИВТ,профессор,
Петров Е.П.,ФПМИ,профессор,к.н.
Козлов И.К.,ФЭТ,ассистент,
Алексеев И.К.,ФПМИ,профессор,
Алексеев З.Т.,ФПМИ,профессор,
Иванов А.А.,ФУПМ,профессор,
Семенов Ж.Р.,ФМиЕН,доцент,
Алексеев Г.Н.,ИТМО,профессор,д.н.
Алексеев Ж.Р.,ФУПМ,профессор,д.н.
Соколов И.К.,ФРТ,,к.н.
Лебедева И.К.,ФРТ,доцент,
Соколов И.К.,ФФ,ассистент,к.н.
Кузнецов К.М.,ФИВТ,профессор,к.н.
Козлов А.А.,ФМиМ,доцент,д.н.
Новиков Г.Н.,ФИТ,ассистент,д.н.
Иванов А.А.,ИТМО,доцент,
Лебедев Б.В.,ФМиМ,ассистент,д.н.
Алексеев З.Т.,ФМиЕН,,
Лебедева Д.С.,ФФ,ассистент,
Волков К.М.,ФУПМ,доцент,
Сидоров Л.О.,ФФ,,
Соколов И.К.,ФМиМ,доцент,
Морозов Ж.Р.,ФПМИ,доцент,
Волков Д.С.,ФУПМ,профессор,д.н.
Соколов М.Ю.,ФПМИ,ассистент,д.н.
Соколов Л.О.,ФМиМ,доцент,к.н.
Кузнецов И.К.,ФИВТ,,к.н.
Алексеев Е.П.,ФИТ,профессор,
Егоров Ж.Р.,ФРТ,доцент,
Семенов Д.С.,ФФ,ассистент,
Волков М.Ю.,ФИВТ,ассистент,д.н.
Волков Ж.Р.,ФИТ,доцент,
Алексеев К.М.,ФПМИ,профессор,к.н.
Алексеев Л.О.,ФИВТ,ассистент,к.н.
Егоров М.Ю.,ФПМИ,,к.н.
Соколов Е.П.,ФРТ,,д.н.
Петров Б.В.,ФФ,,к.н.
Алексеев М.Ю.,ФМиМ,,
Волков Д.С.,ИТМО,,
Смирнов Г.Н.,ФПМИ,профессор,д.н.
Козлов Ж.Р.,ФЭТ,профессор,к.н.
Петров А.А.,ФРТ,доцент,к.н.
Сидоров В.И.,ФУПМ,ассистент,д.н.
Егоров В.И.,ФМиМ,,
Соколов Л.О.,ФРТ,доцент,
Алексеев Л.О.,ФПМИ,,д.н.
Семенов Д.С.,ФПМИ,доцент,к.н.
Семенов М.Ю.,ФУПМ,ассистент,д.н.
Морозов Ж.Р.,ФМиМ,,д.н.
Волков А.А.,ФМиЕН,доцент,д.н.
Лебедев М.Ю.,ФИВТ,ассистент,
Смирнов В.И.,ФИТ,,д.н.
Новиков Е.П.,ФЭТ,доцент,
Лебедев В.И.,ФФ,доцент,
Сидоров М.Ю.,ФЭТ,ассистент,к.н.
Козлов А.А.,ИТМО,,д.н.
Морозов Б.В.,ФПМИ,,к.н.
Егоров К.М.,ФРТ,,д.н.
Егоров Д.С.,ФУПМ,профессор,
Лебедев Д.С.,ФИВТ,доцент,д.н.
Петров А.А.,ИТМО,доцент,к.н.
Алексеев М.Ю.,ФУПМ,ассистент,к.н.
Соколов М.Ю.,ФЭТ,доцент,д.н.
Новиков И.К.,ФЭТ,ассистент,к.н.
Егоров Г.Н.,ФФ,профессор,д.н.
Морозов Л.О.,ФМиЕН,,д.н.
Алексеев Ж.Р.,ФРТ,доцент,к.н.
Егоров Л.О.,ФФ,ассистент,д.н.
Попов М.Ю.,ФУПМ,доцент,к.н.
Попов Л.О.,ФИВТ,ассистент,д.н.
Попов И.К.,ФИВТ,доцент,д.н.
Петров Д.С.,ФФ,профессор,к.н.
Попов Б.В.,ФРТ,профессор,к.н.
Егоров К.М.,ФМиЕН,доцент,к.н.
Иванов Д.С.,ФМиМ,профессор,к.н.
Алексеев А.А.,ФМиМ,профессор,
Кузнецов Е.П.,ФПМИ,профессор,
Соколов Е.П.,ФРТ,профессор,д.н.
Новиков М.Ю.,ФПМИ,,
Смирнов Е.П.,ФМиЕН,ассистент,к.н.
Новиков В.И.,ФЭТ,,д.н.
Морозов К.М.,ФИВТ,,к.н.
Попов К.М.,ФМиМ,ассистент,к.н.
Волков Г.Н.,ИТМО,,к.н.
Сидоров Б.В.,ФМиМ,,д.н.
Петров Ж.Р.,ФМиЕН,,д.н.
Егоров И.К.,ФМиМ,,
Кузнецов В.И.,ИТМО,ассистент,к.н.
Семенов А.А.,ФЭТ,доцент,
Петров З.Т.,ФРТ,,к.н.
Козлов Ж.Р.,ФУПМ,доцент,к.н.
Новиков Л.О.,ФМиЕН,профессор,к.н.
Попов Л.О.,ИТМО,доцент,д.н.
Кузнецов Л.О.,ИТМО,доцент,к.н.
Соколов Д.С.,ФУПМ,,к.н.
Козлов Б.В.,ФЭТ,,
Соколов Б.В.,ФЭТ,,д.н.
Лебедева Б.В.,ФИТ,профессор,к.н.
Волков Л.О.,ФМиМ,доцент,к.н.
Алексеев Г.Н.,ФПМИ,ассистент,д.н.
Петров Е.П.,ФУПМ,ассистент,
Лебедева Д.С.,ИТМО,доцент,к.н.
Петров И.К.,ФПМИ,доцент,д.н.
Лебедев Ж.Р.,ФМиЕН,доцент,
Алексеев И.К.,ФФ,,к.н.
Кузнецов К.М.,ИТМО,профессор,
Семенов Г.Н.,ФПМИ,профессор,
Иванов А.А.,ФРТ,доцент,к.н.
Морозов Б.В.,ФИВТ,,к.н.
Козлов М.Ю.,ФЭТ,,
Волков З.Т.,ФИВТ,,
Волков К.М.,ФМиМ,ассистент,д.н.
Петров М.Ю.,ФМиМ,ассистент,к.н.
Кузнецов И.К.,ФРТ,,к.н.
Семенов Б.В.,ФЭТ,ассистент,
Алексеев В.И.,ФИТ,профессор,
Соколов Б.В.,ФРТ,ассистент,д.н.
Иванов Б.В.,ФМиЕН,профессор,д.н.
Новиков З.Т.,ФФ,профессор,д.н.
Смирнов Ж.Р.,ИТМО,ассистент,к.н.
Семенов Л.О.,ФПМИ,,
Алексеев Б.В.,ФФ,доцент,д.н.
Семенов К.М.,ФУПМ,профессор,к.н.
Алексеев Д.С.,ФИТ,профессор,
Попов Г.Н.,ФИВТ,,
Кузнецов Е.П.,ФУПМ,доцент,к.н.
Смирнов М.Ю.,ФМиЕН,,к.н.
Алексеев К.М.,ФПМИ,профессор,д.н.
Волков Г.Н.,ФМиЕН,ассистент,к.н.
Новиков А.А.,ФЭТ,,
Волков Б.В.,ФУПМ,профессор,д.н.
Смирнов М.Ю.,ФРТ,профессор,д.н.
Волков Ж.Р.,ФИТ,профессор,
Кузнецов В.И.,ФУПМ,,
Морозов А.А.,ФРТ,профессор,д.н.
Морозов Е.П.,ФИВТ,ассистент,
Морозов И.К.,ФМиЕН,доцент,к.н.
Смирнов Б.В.,ФРТ,,д.н.
Петров Д.С.,ФРТ,профессор,к.н.
Петров В.И.,ФРТ,,к.н.
Соколов А.А.,ФМиЕН,ассистент,д.н.
Волков В.И.,ФПМИ,доцент,д.н.
Соколов З.Т.,ФУПМ,доцент,д.н.
Попов К.М.,ФМиМ,доцент,к.н.
Волков Б.В.,ФИТ,ассистент,к.н.
Семенов Д.С.,ФИВТ,доцент,
Семенов В.И.,ИТМО,доцент,д.н.
Козлов В.И.,ИТМО,,д.н.
Попов И.К.,ФЭТ,доцент,
Алексеев Л.О.,ФИВТ,ассистент,
Лебедева З.Т.,ФУПМ,,к.н.
Сидоров М.Ю.,ИТМО,профессор,
Новиков Е.П.,ФИВТ,ассистент,
Кузнецов В.И.,ФИВТ,профессор,д.н.
Кузнецов К.М.,ФФ,ассистент,
Петров Ж.Р.,ФРТ,доцент,д.н.
Семенов Е.П.,ФИТ,доцент,к.н.
Алексеев Е.П.,ФУПМ,ассистент,к.н.
Лебедев И.К.,ФЭТ,доцент,
Попов Д.С.,ФИТ,ассистент,
Попов Ж.Р.,ФРТ,,
Иванов Ж.Р.,ФРТ,доцент,
Соколов Л.О.,ФЭТ,доцент,
Лебедев Л.О.,ФИТ,профессор,
Кузнецов К.М.,ФИВТ,ассистент,к.н.
Морозов А.А.,ФФ,доцент,
Иванов Д.С.,ФПМИ,,д.н.
Соколов А.А.,ФФ,ассистент,к.н.
Лебедев Л.О.,ФМиЕН,,
Иванов А.А.,ФМиЕН,ассистент,д.н.
Егоров З.Т.,ФИТ,профессор,к.н.
Новиков Е.П.,ФИВТ,ассистент,к.н.
Попов Г.Н.,ИТМО,профессор,к.н.
Морозов Д.С.,ФФ,профессор,
Егоров Е.П.,ФПМИ,,к.н.
Лебедев И.К.,ФРТ,ассистент,
Смирнов З.Т.,ФФ,доцент,
Волков Л.О.,ФУПМ,доцент,
Соколов В.И.,ФЭТ,доцент,
Петров К.М.,ФРТ,,
Егоров И.К.,ФФ,доцент,
Лебедева К.М.,ФМиМ,профессор,д.н.
Сидоров Б.В.,ФМиМ,профессор,
Петров В.И.,ФИВТ,,к.н.
Попов И.К.,ФИТ,доцент,
Смирнов Б.В.,ФЭТ,ассистент,д.н.
Морозов Б.В.,ФИТ,профессор,
Егоров К.М.,ФМиМ,ассистент,к.н.
Лебедев З.Т.,ФИТ,,к.н.
Лебедева Г.Н.,ФИТ,,д.н.
Сидоров К.М.,ФУПМ,доцент,
Козлов В.И.,ФМиМ,профессор,к.н.
Иванов М.Ю.,ФУПМ,ассистент,к.н.
Семенов Б.В.,ФПМИ,ассистент,
Морозов А.А.,ФМиМ,ассистент,к.н.
Лебедев Д.С.,ФРТ,ассистент,д.н.
Алексеев М.Ю.,ФИВТ,профессор,
Кузнецов Г.Н.,ФМиЕН,,к.н.
Лебедева И.К.,ФРТ,доцент,
Лебедев Л.О.,ФФ,,
Петров Л.О.,ФЭТ,доцент,к.н.
Новиков К.М.,ФМиМ,доцент,к.н.
Кузнецов Л.О.,ФФ,доцент,д.н.
Сидоров З.Т.,ФИТ,,
Егоров Ж.Р.,ФЭТ,профессор,
Сидоров И.К.,ФУПМ,ассистент,к.н.
Лебедева Л.О.,ФЭТ,профессор,д.н.
Козлов Б.В.,ФИВТ,ассистент,к.н.
Новиков З.Т.,ФПМИ,ассистент,
Семенов Б.В.,ФИВТ,профессор,
Соколов К.М.,ФУПМ,,
Волков Б.В.,ФЭТ,ассистент,д.н.
Морозов Г.Н.,ФИТ,,д.н.
Лебедев М.Ю.,ФУПМ,доцент,к.н.
Кузнецов Г.Н.,ФФ,профессор,
Алексеев И.К.,ФМиМ,,
Новиков К.М.,ФУПМ,ассистент,
Алексеев В.И.,ФИВТ,,д.н.
Сидоров Б.В.,ФИВТ,профессор,
Егоров Л.О.,ФЭТ,ассистент,д.н.
Козлов Б.В.,ФМиЕН,профессор,д.н.
Лебедева В.И.,ФПМИ,ассистент,
Попов Б.В.,ФИТ,профессор,
Лебедева Ж.Р.,ФИВТ,ассистент,к.н.
Егоров М.Ю.,ИТМО,ассистент,к.н.
Петров Л.О.,ФРТ,профессор,к.н.
Морозов Б.В.,ИТМО,,
Морозов Ж.Р.,ФМиМ,ассистент,к.н.
Морозов З.Т.,ФЭТ,ассистент,
Сидоров Д.С.,ФУПМ,,
Алексеев В.И.,ФЭТ,ассистент,к.н.
Соколов Е.П.,ФМиМ,профессор,к.н.
Сидоров Е.П.,ФИТ,профессор,
Кузнецов М.Ю.,ФИВТ,ассистент,к.н.
Козлов М.Ю.,ФПМИ,профессор,к.н.
Петров В.И.,ИТМО,доцент,к.н.
Петров З.Т.,ФИВТ,ассистент,к.н.
Семенов Б.В.,ФЭТ,доцент,
Иванов В.И.,ФУПМ,профессор,
Алексеев М.Ю.,ИТМО,профессор,к.н.
Егоров Д.С.,ФПМИ,ассистент,
Новиков М.Ю.,ФЭТ,доцент,
Лебедева Е.П.,ФМиМ,,д.н.
Петров К.М.,ФМиЕН,доцент,к.н.
Новиков И.К.,ФМиЕН,,к.н.
Попов Д.С.,ФУПМ,доцент,к.н.
Волков Л.О.,ФИТ,профессор,к.н.
Семенов Г.Н.,ФИТ,доцент,д.н.
Козлов И.К.,ИТМО,доцент,д.н.
Петров Б.В.,ФМиМ,профессор,
Морозов З.Т.,ФМиЕН,доцент,д.н.
Соколов Ж.Р.,ФУПМ,доцент,к.н.
Попов А.А.,ИТМО,ассистент,к.н.
Смирнов Ж.Р.,ИТМО,,
Лебедева В.И.,ФПМИ,ассистент,
Петров К.М.,ФПМИ,,к.н.
Козлов Д.С.,ФМиМ,ассистент,
Морозов Б.В.,ФИВТ,профессор,к.н.
Попов Л.О.,ФМиЕН,доцент,д.н.
Петров Л.О.,ФИТ,доцент,к.н.
Смирнов М.Ю.,ФИВТ,,
Кузнецов К.М.,ФФ,,д.н.
Иванов В.И.,ИТМО,,к.н.
Алексеев З.Т.,ФПМИ,профессор,к.н.
Кузнецов Ж.Р.,ИТМО,доцент,
Петров А.А.,ФЭТ,профессор,
Лебедев В.И.,ИТМО,ассистент,д.н.
Иванов Г.Н.,ФИТ,,к.н.
Соколов А.А.,ФМиМ,доцент,
Козлов Г.Н.,ФМиЕН,доцент,к.н.
Кузнецов А.А.,ФИВТ,,
Смирнов З.Т.,ФМиМ,профессор,
Егоров В.И.,ФЭТ,,д.н.
Алексеев И.К.,ФМиМ,,к.н.
Попов И.К.,ФУПМ,,к.н.
Семенов А.А.,ФИВТ,ассистент,д.н.
Соколов И.К.,ФРТ,доцент,д.н.
Алексеев И.К.,ФИВТ,профессор,к.н.
Попов М.Ю.,ФИТ,ассистент,
Семенов К.М.,ФМиМ,,д.н.
Кузнецов В.И.,ФИВТ,профессор,
Новиков К.М.,ФИТ,доцент,д.н.
Смирнов Б.В.,ФИТ,ассистент,д.н.
Морозов Д.С.,ФИТ,ассистент,д.н.
Морозов Б.В.,ФУПМ,,к.н.
Петров Ж.Р.,ФИТ,профессор,
Иванов Л.О.,ФФ,профессор,к.н.
Волков В.И.,ФИТ,,д.н.
Лебедев М.Ю.,ФМиМ,профессор,д.н.
Новиков Ж.Р.,ФПМИ,доцент,д.н.
Кузнецов А.А.,ФИТ,профессор,к.н.
Иванов Ж.Р.,ФМиЕН,,к.н.
Новиков Л.О.,ФРТ,ассистент,д.н.
Смирнов Е.П.,ИТМО,ассистент,к.н.
Смирнов М.Ю.,ФИВТ,ассистент,к.н.
Соколов Г.Н.,ФПМИ,,д.н.
Кузнецов Е.П.,ФМиМ,доцент,к.н.
Егоров Л.О.,ФЭТ,доцент,к.н.
Морозов Б.В.,ФЭТ,ассистент,
Попов Е.П.,ФУПМ,,
Морозов З.Т.,ИТМО,профессор,к.н.
Волков Е.П.,ФЭТ,профессор,
Петров А.А.,ФУПМ,,
Сидоров Б.В.,ФМиЕН,ассистент,к.н.
Соколов Л.О.,ФИТ,доцент,
Иванов Л.О.,ФЭТ,доцент,д.н.
Сидоров Г.Н.,ФПМИ,ассистент,
Попов Ж.Р.,ФМиМ,,
Лебедев Д.С.,ФМиЕН,доцент,к.н.
Волков Е.П.,ФМиЕН,доцент,
Волков Г.Н.,ИТМО,,к.н.
Попов М.Ю.,ИТМО,,к.н.
Кузнецов И.К.,ФИВТ,доцент,к.н.
Егоров Ж.Р.,ФФ,профессор,
Алексеев К.М.,ИТМО,ассистент,д.н.
Иванов Б.В.,ФЭТ,доцент,к.н.
Иванов Г.Н.,ФЭТ,,д.н.
Кузнецов В.И.,ФИВТ,профессор,к.н.
Волков Е.П.,ФЭТ,ассистент,
Волков А.А.,ИТМО,доцент,д.н.
Семенов М.Ю.,ФМиМ,ассистент,д.н.
Сидоров Г.Н.,ИТМО,доцент,д.н.
Попов Б.В.,ФФ,,д.н.
Попов А.А.,ФФ,ассистент,к.н.
Иванов И.К.,ФМиМ,ассистент,
Иванов Д.С.,ФИВТ,доцент,д.н.
Иванов Е.П.,ФПМИ,ассистент,д.н.
Смирнов А.А.,ФУПМ,ассистент,д.н.
Алексеев И.К.,ИТМО,ассистент,к.н.
Лебедева Г.Н.,ФИТ,,
Соколов А.А.,ФФ,ассистент,д.н.
Смирнов Ж.Р.,ФИВТ,доцент,к.н.
Козлов К.М.,ИТМО,профессор,к.н.
Соколов И.К.,ФЭТ,ассистент,д.н.
Сидоров Д.С.,ФУПМ,,д.н.
Иванов Ж.Р.,ФИВТ,ассистент,д.н.
Соколов М.Ю.,ФПМИ,ассистент,д.н.
Попов Д.С.,ФИВТ,ассистент,
Алексеев К.М.,ФМиМ,ассистент,
Соколов Д.С.,ФМиЕН,профессор,
Волков К.М.,ФРТ,ассистент,д.н.
Козлов И.К.,ФИТ,,
Морозов Д.С.,ФИТ,доцент,к.н.
Попов Д.С.,ФЭТ,доцент,д.н.
Волков Ж.Р.,ФПМИ,доцент,
Попов Д.С.,ФМиМ,ассистент,к.н.
Козлов Ж.Р.,ФИВТ,,к.н.
Морозов А.А.,ФИВТ,доцент,к.н.
Попов Ж.Р.,ФМиМ,доцент,
Сидоров Ж.Р.,ФИВТ,доцент,к.н.
Лебедева Л.О.,ФЭТ,профессор,
Попов Е.П.,ФРТ,ассистент,д.н.
Егоров Е.П.,ФМиЕН,профессор,
Кузнецов Б.В.,ФУПМ,доцент,д.н.
Волков Л.О.,ФПМИ,профессор,к.н.
Соколов Д.С.,ФРТ,профессор,к.н.
Петров Е.П.,ФУПМ,,д.н.
Попов М.Ю.,ФПМИ,профессор,
Смирнов Г.Н.,ФМиЕН,,
Новиков М.Ю.,ФИТ,ассистент,к.н.
Новиков Е.П.,ФИТ,ассистент,к.н.
Лебедев И.К.,ФФ,доцент,к.н.
Сидоров Д.С.,ФИТ,ассистент,д.н.
Сидоров З.Т.,ИТМО,,д.н.
Кузнецов Б.В.,ФМиЕН,профессор,д.н.
Морозов И.К.,ФУПМ,доцент,д.н.
Егоров З.Т.,ФПМИ,,д.н.
Семенов А.А.,ФМиМ,,д.н.
Алексеев К.М.,ФФ,доцент,
Кузнецов Г.Н.,ФМиЕН,профессор,
Попов И.К.,ФИВТ,ассистент,
Семенов М.Ю.,ФПМИ,ассистент,к.н.
Соколов И.К.,ФФ,доцент,д.н.
Петров Ж.Р.,ФУПМ,профессор,к.н.
Попов Е.П.,ФИТ,,к.н.
Лебедева К.М.,ФИВТ,профессор,к.н.
Семенов Б.В.,ФУПМ,,д.н.
Морозов А.А.,ФФ,доцент,д.н.
Морозов К.М.,ФИВТ,,д.н.
Семенов К.М.,ФИВТ,,к.н.
Новиков К.М.,ИТМО,,к.н.
Лебедев И.К.,ФИТ,ассистент,
Иванов Д.С.,ФМиМ,доцент,д.н.
Лебедева З.Т.,ФМиЕН,ассистент,к.н.
Сидоров Е.П.,ФПМИ,доцент,д.н.
Волков Д.С.,ФРТ,доцент,д.н.
Лебедев Л.О.,ФИВТ,профессор,
Морозов М.Ю.,ФИВТ,доцент,
Козлов И.К.,ФИВТ,доцент,д.н.
Егоров А.А.,ФИТ,,к.н.
Иванов Б.В.,ФФ,доцент,
Лебедева Л.О.,ФИВТ,доцент,д.н.
Козлов Ж.Р.,ФИВТ,профессор,к.н.
Алексеев К.М.,ФРТ,,
Семенов Г.Н.,ФПМИ,профессор,д.н.
Смирнов В.И.,ФФ,профессор,к.н.
Егоров М.Ю.,ИТМО,профессор,
Соколов М.Ю.,ФФ,ассистент,к.н.
Попов З.Т.,ФИВТ,доцент,д.н.
Козлов Е.П.,ФЭТ,,
Сидоров Б.В.,ФПМИ,ассистент,к.н.
Морозов В.И.,ФИТ,профессор,к.н.
Петров Б.В.,ФФ,доцент,к.н.
Морозов Д.С.,ФПМИ,,к.н.
Семенов А.А.,ФМиЕН,ассистент,д.н.
Кузнецов Б.В.,ФМиМ,профессор,к.н.
Иванов Б.В.,ФМиЕН,ассистент,д.н.
Новиков Б.В.,ФИТ,,д.н.
Егоров Ж.Р.,ФЭТ,,к.н.
Смирнов Б.В.,ФЭТ,,
Иванов Е.П.,ИТМО,ассистент,
Попов Ж.Р.,ФЭТ,ассистент,д.н.
Соколов К.М.,ФИВТ,ассистент,
Морозов Д.С.,ФФ,профессор,к.н.
Попов З.Т.,ФПМИ,ассистент,к.н.
Егоров Д.С.,ФРТ,профессор,д.н.
Соколов В.И.,ФЭТ,ассистент,д.н.
Попов А.А.,ФЭТ,ассистент,к.н.
Иванов М.Ю.,ФИВТ,доцент,
Кузнецов Г.Н.,ФПМИ,ассистент,д.н.
Иванов Ж.Р.,ФЭТ,ассистент,
Петров Ж.Р.,ФУПМ,,
Смирнов И.К.,ФРТ,профессор,д.н.
Новиков Г.Н.,ФУПМ,,
Семенов К.М.,ФРТ,ассистент,д.н.
Козлов А.А.,ФЭТ,,д.н.
Морозов И.К.,ФМиМ,доцент,к.н.
Лебедева В.И.,ФМиЕН,ассистент,к.н.
Семенов Г.Н.,ФУПМ,доцент,д.н.
Смирнов А.А.,ФПМИ,ассистент,к.н.
Семенов Г.Н.,ФМиЕН,доцент,к.н.
Волков Ж.Р.,ФМиЕН,доцент,
Новиков Ж.Р.,ФПМИ,ассистент,
Козлов Л.О.,ФИВТ,,к.н.
Морозов М.Ю.,ФИВТ,,д.н.
Семенов И.К.,ИТМО,профессор,д.н.
Соколов Л.О.,ФИТ,ассистент,
Лебедев Г.Н.,ФФ,профессор,к.н.
Алексеев К.М.,ФРТ,,д.н.
Алексеев Е.П.,ФПМИ,,
Петров Л.О.,ФМиМ,доцент,к.н.
Смирнов Е.П.,ФИВТ,доцент,д.н.
Иванов З.Т.,ФРТ,доцент,к.н.
Лебедева З.Т.,ИТМО,,д.н.
Соколов Е.П.,ФМиМ,доцент,
Кузнецов Ж.Р.,ФМиМ,,
Козлов Б.В.,ФФ,ассистент,к.н.
Кузнецов К.М.,ФЭТ,профессор,д.н.
Алексеев Б.В.,ФИВТ,ассистент,к.н.
Алексеев К.М.,ФИТ,,к.н.
Лебедев М.Ю.,ИТМО,,к.н.
Смирнов А.А.,ФРТ,,к.н.
Козлов З.Т.,ФИВТ,ассистент,к.н.
Сидоров И.К.,ФУПМ,,к.н.
Козлов Г.Н.,ФУПМ,доцент,д.н.
Морозов Д.С.,ФИТ,ассистент,к.н.
Волков К.М.,ФФ,доцент,д.н.
Соколов Б.В.,ФИВТ,ассистент,
Новиков Л.О.,ФМиЕН,профессор,к.н.
Семенов Л.О.,ФРТ,ассистент,д.н.
Егоров Д.С.,ФФ,доцент,д.н.
Волков Ж.Р.,ФЭТ,ассистент,к.н.
Алексеев Е.П.,ФЭТ,профессор,д.н.
Попов Е.П.,ФРТ,доцент,д.н.
Семенов Е.П.,ФМиЕН,ассистент,д.н.
Смирнов В.И.,ФУПМ,доцент,
Иванов Е.П.,ФФ,профессор,д.н.
Сидоров Е.П.,ФМиМ,доцент,д.н.
Кузнецов Д.С.,ФМиЕН,,
Козлов Б.В.,ФЭТ,доцент,к.н.
Сидоров Д.С.,ФРТ,,д.н.
Новиков М.Ю.,ФУПМ,ассистент,д.н.
Попов К.М.,ФМиЕН,доцент,д.н.
Кузнецов В.И.,ФИТ,,
Петров А.А.,ФФ,доцент,
Попов М.Ю.,ФФ,профессор,д.н.
Смирнов А.А.,ФИТ,ассистент,
Петров В.И.,ФЭТ,доцент,д.н.
Егоров Ж.Р.,ФУПМ,ассистент,к.н.
Новиков А.А.,ФУПМ,профессор,к.н.
Новиков Г.Н.,ФФ,профессор,
Морозов И.К.,ФФ,профессор,д.н.
Иванов Б.В.,ФИТ,профессор,
Кузнецов Б.В.,ФЭТ,,
Волков Б.В.,ФМиМ,ассистент,д.н.
Козлов Л.О.,ФПМИ,ассистент,к.н.
Смирнов М.Ю.,ФИВТ,ассистент,
Егоров В.И.,ФЭТ,,к.н.
Морозов К.М.,ФИВТ,профессор,д.н.
Смирнов В.И.,ФМиМ,,д.н.
Иванов В.И.,ФФ,профессор,
Лебедева Г.Н.,ФПМИ,ассистент,к.н.
Морозов Д.С.,ФФ,профессор,
Соколов З.Т.,ФМиЕН,профессор,
Морозов З.Т.,ФЭТ,доцент,д.н.
Сидоров Д.С.,ФИВТ,профессор,д.н.
Козлов Ж.Р.,ФРТ,профессор,
Иванов М.Ю.,ИТМО,,к.н.
Морозов Г.Н.,ФМиМ,профессор,д.н.
Козлов Г.Н.,ФПМИ,профессор,
Петров Б.В.,ФМиМ,профессор,к.н.
Смирнов Ж.Р.,ФЭТ,доцент,д.н.
Иванов Д.С.,ФМиМ,ассистент,к.н.
Морозов И.К.,ФФ,ассистент,
Козлов А.А.,ФИВТ,профессор,
Сидоров К.М.,ФПМИ,ассистент,
Иванов Ж.Р.,ФМиЕН,профессор,д.н.
Кузнецов Л.О.,ФМиЕН,,
Морозов К.М.,ФРТ,,
Сидоров К.М.,ИТМО,доцент,к.н.
Иванов К.М.,ФИВТ,,
Егоров Л.О.,ФМиМ,ассистент,к.н.
Попов Л.О.,ФИТ,,д.н.
Иванов Ж.Р.,ИТМО,доцент,
Соколов Ж.Р.,ФУПМ,,
Петров Б.В.,ФИВТ,ассистент,к.н.
Новиков И.К.,ИТМО,доцент,к.н.
Егоров Б.В.,ФИВТ,ассистент,
Кузнецов В.И.,ФМиЕН,доцент,
Алексеев И.К.,ФИВТ,профессор,
Козлов Д.С.,ФМиЕН,,
Смирнов З.Т.,ИТМО,,д.н.
Семенов Г.Н.,ФМиЕН,доцент,к.н.
Новиков Б.В.,ФУПМ,ассистент,к.н.
Лебедева З.Т.,ФИТ,доцент,
Петров М.Ю.,ФИТ,,
Морозов А.А.,ФПМИ,профессор,д.н.
Новиков К.М.,ФПМИ,профессор,к.н.
Смирнов М.Ю.,ФИТ,профессор,д.н.
Кузнецов А.А.,ФУПМ,ассистент,
Лебедева В.И.,ФМиЕН,ассистент,д.н.
Волков Е.П.,ФУПМ,доцент,
Иванов К.М.,ФПМИ,ассистент,
Алексеев М.Ю.,ИТМО,профессор,д.н.
Смирнов В.И.,ФМиМ,ассистент,к.н.
Лебедев Ж.Р.,ФМиЕН,профессор,к.н.
Смирнов А.А.,ФИТ,ассистент,
Сидоров Л.О.,ФРТ,профессор,
Сидоров Б.В.,ФПМИ,доцент,
Морозов И.К.,ФИВТ,профессор,д.н.
Соколов Е.П.,ФФ,профессор,к.н.
Кузнецов Б.В.,ФПМИ,ассистент,д.н.
Волков Ж.Р.,ФМиМ,профессор,к.н.
Лебедев Л.О.,ФМиМ,ассистент,к.н.
Козлов К.М.,ФФ,ассистент,д.н.
Иванов В.И.,ФМиМ,,к.н.
Сидоров Д.С.,ФЭТ,ассистент,к.н.
Егоров Ж.Р.,ФИТ,доцент,к.н.
Новиков В.И.,ФФ,,д.н.
Попов Д.С.,ФИТ,,
Попов Е.П.,ФФ,,к.н.
Морозов М.Ю.,ФИТ,профессор,
Егоров В.И.,ИТМО,,к.н.
Новиков Л.О.,ФУПМ,профессор,
Морозов Д.С.,ФИВТ,профессор,к.н.
Попов М.Ю.,ФЭТ,доцент,д.н.
Иванов З.Т.,ФМиЕН,ассистент,
Волков Ж.Р.,ИТМО,доцент,д.н.
Попов В.И.,ФМиЕН,профессор,к.н.
Новиков Г.Н.,ФЭТ,,
Новиков Д.С.,ФУПМ,профессор,
Попов Д.С.,ФЭТ,ассистент,д.н.
Козлов Ж.Р.,ФУПМ,,
Иванов З.Т.,ФФ,профессор,д.н.
Петров М.Ю.,ФМиЕН,,
Морозов И.К.,ФМиЕН,,
Волков Л.О.,ФФ,доцент,
Егоров М.Ю.,ФИТ,профессор,д.н.
Соколов Ж.Р.,ФПМИ,,к.н.
Лебедева З.Т.,ФФ,ассистент,к.н.
Егоров И.К.,ФИВТ,доцент,д.н.
Сидоров М.Ю.,ИТМО,,
Волков Ж.Р.,ФРТ,ассистент,к.н.
Петров Б.В.,ФРТ,ассистент,
Козлов Ж.Р.,ФЭТ,профессор,
Новиков В.И.,ФМиЕН,доцент,
Попов Ж.Р.,ФФ,ассистент,
Морозов К.М.,ИТМО,доцент,д.н.
Морозов Д.С.,ФМиМ,ассистент,д.н.
Козлов И.К.,ФУПМ,,к.н.
Алексеев Г.Н.,ФМиЕН,доцент,
Петров А.А.,ФИТ,профессор,д.н.
Козлов А.А.,ФИТ,,
Лебедева И.К.,ФЭТ,доцент,д.н.
Лебедева К.М.,ФИТ,,д.н.
Иванов К.М.,ФМиМ,профессор,к.н.
Смирнов К.М.,ФИВТ,ассистент,к.н.
Соколов М.Ю.,ФМиЕН,доцент,д.н.
Лебедева К.М.,ФИТ,профессор,д.н.
Смирнов Е.П.,ФИВТ,профессор,д.н.
Семенов К.М.,ФИВТ,профессор,
Козлов И.К.,ФФ,ассистент,к.н.
Морозов И.К.,ИТМО,доцент,
Петров И.К.,ФЭТ,профессор,к.н.
Сидоров Ж.Р.,ФФ,,
Смирнов Л.О.,ФРТ,ассистент,д.н.
Соколов Д.С.,ФИТ,,
Лебедев Д.С.,ФФ,,д.н.
Лебедева Г.Н.,ФМиМ,профессор,к.н.
Лебедева Д.С.,ФМиМ,профессор,д.н.
Лебедев Ж.Р.,ФПМИ,,
Егоров И.К.,ФМиЕН,доцент,
Лебедева В.И.,ФИТ,профессор,к.н.
Сидоров З.Т.,ФПМИ,профессор,
Лебедева Л.О.,ФМиЕН,ассистент,д.н.
Кузнецов В.И.,ФИВТ,ассистент,д.н.
Егоров З.Т.,ФПМИ,профессор,д.н.
Козлов Е.П.,ФФ,доцент,д.н.
Кузнецов Л.О.,ФЭТ,,д.н.
Иванов И.К.,ФИТ,ассистент,к.н.
Козлов И.К.,ИТМО,ассистент,к.н.
Иванов Л.О.,ФФ,ассистент,
Кузнецов Е.П.,ФПМИ,доцент,к.н.
Соколов Л.О.,ФУПМ,,к.н.
Новиков Б.В.,ФИТ,доцент,
Морозов Ж.Р.,ФРТ,ассистент,д.н.
Иванов Ж.Р.,ФЭТ,,к.н.
Морозов Ж.Р.,ФПМИ,доцент,к.н.
Смирнов Е.П.,ФИТ,профессор,
Лебедева К.М.,ФМиМ,,к.н.
Волков М.Ю.,ФЭТ,,д.н.
Волков Д.С.,ФУПМ,профессор,
Новиков Б.В.,ФФ,доцент,д.н.
Морозов К.М.,ФУПМ,,д.н.
Иванов Ж.Р.,ФМиЕН,ассистент,
Попов Г.Н.,ФЭТ,ассистент,
Попов К.М.,ИТМО,профессор,к.н.
Морозов Б.В.,ФЭТ,профессор,к.н.
Лебедев К.М.,ФЭТ,,д.н.
Морозов А.А.,ФМиМ,доцент,д.н.
Алексеев Г.Н.,ФМиЕН,,
Иванов А.А.,ФРТ,доцент,
Сидоров И.К.,ФИТ,профессор,
Егоров Е.П.,ФПМИ,ассистент,
Попов Г.Н.,ФИТ,ассистент,к.н.
Семенов Б.В.,ФЭТ,,д.н.
Попов И.К.,ФРТ,доцент,к.н.
Попов К.М.,ФПМИ,,
Иванов Г.Н.,ФРТ,,
Сидоров И.К.,ФИВТ,профессор,д.н.
Кузнецов Е.П.,ФФ,,д.н.
Егоров Б.В.,ИТМО,ассистент,д.н.
Иванов А.А.,ФМиМ,ассистент,
Лебедева К.М.,ФИВТ,доцент,к.н.
Смирнов Л.О.,ИТМО,ассистент,к.н.
Иванов Ж.Р.,ФИТ,доцент,
Лебедев Д.С.,ФЭТ,профессор,к.н.
Лебедева И.К.,ФФ,профессор,к.н.
Алексеев Ж.Р.,ФФ,профессор,
Лебедева И.К.,ФЭТ,профессор,
Волков З.Т.,ФМиЕН,,к.н.
Петров М.Ю.,ФИВТ,ассистент,к.н.
Иванов М.Ю.,ФРТ,доцент,
Волков А.А.,ФРТ,ассистент,д.н.
Волков М.Ю.,ФМиМ,профессор,к.н.
Соколов К.М.,ФЭТ,ассистент,д.н.
Морозов Е.П.,ФРТ,ассистент,
Сидоров Л.О.,ФУПМ,профессор,
Лебедева Б.В.,ФИТ,профессор,д.н.
Волков В.И.,ФРТ,профессор,д.н.
Иванов Г.Н.,ФРТ,ассистент,
Иванов Б.В.,ФИВТ,профессор,
Петров Д.С.,ФМиМ,доцент,д.н.
Смирнов М.Ю.,ФРТ,доцент,д.н.
Смирнов В.И.,ФФ,ассистент,
Семенов Д.С.,ФИТ,,
Иванов Е.П.,ИТМО,доцент,к.н.
Семенов Б.В.,ФЭТ,ассистент,к.н.
Попов Л.О.,ФПМИ,ассистент,
Петров И.К.,ФИВТ,профессор,к.н.
Морозов Л.О.,ФМиМ,ассистент,к.н.
Семенов Л.О.,ФИТ,доцент,д.н.
Морозов Л.О.,ФУПМ,ассистент,д.н.
Лебедев К.М.,ФРТ,ассистент,д.н.
Лебедева И.К.,ФФ,,
Лебедева Г.Н.,ФМиЕН,доцент,к.н.
Алексеев Л.О.,ФФ,ассистент,к.н.
Лебедев К.М.,ИТМО,ассистент,к.н.
Волков И.К.,ФИВТ,профессор,д.н.
Сидоров Л.О.,ФПМИ,ассистент,д.н.
Волков Б.В.,ФИТ,,д.н.
Морозов А.А.,ФРТ,,
Лебедева А.А.,ФМиЕН,ассистент,д.н.
Алексеев Ж.Р.,ИТМО,доцент,д.н.
Иванов К.М.,ФПМИ,доцент,
Новиков И.К.,ФУПМ,профессор,д.н.
Семенов Л.О.,ИТМО,ассистент,к.н.
Лебедева Ж.Р.,ФМиЕН,доцент,к.н.
Морозов Б.В.,ФФ,ассистент,к.н.
Новиков З.Т.,ФРТ,профессор,д.н.
Козлов Е.П.,ИТМО,профессор,к.н.
Петров И.К.,ФПМИ,,к.н.
Петров А.А.,ФФ,ассистент,к.н.
Волков Д.С.,ФПМИ,профессор,
Козлов Б.В.,ФУПМ,,
Попов В.И.,ФИВТ,,к.н.
Лебедева Ж.Р.,ФРТ,профессор,
Алексеев Г.Н.,ФУПМ,,
Новиков Е.П.,ФМиЕН,ассистент,
Егоров З.Т.,ФИТ,ассистент,
Иванов Ж.Р.,ФМиМ,профессор,
Иванов А.А.,ФРТ,,
Алексеев В.И.,ФУПМ,доцент,
Лебедев К.М.,ФЭТ,,к.н.
Морозов З.Т.,ФПМИ,,д.н.
Петров К.М.,ФИТ,,к.н.
Егоров Л.О.,ФИВТ,,
Попов А.А.,ФИТ,профессор,к.н.
Козлов Б.В.,ФИВТ,доцент,д.н.
Петров Д.С.,ФФ,ассистент,д.н.
Смирнов Ж.Р.,ФИВТ,доцент,
Иванов И.К.,ФФ,профессор,к.н.
Семенов З.Т.,ФФ,,к.н.
Семенов А.А.,ФМиМ,,д.н.
Лебедева Г.Н.,ФМиЕН,профессор,к.н.
Волков К.М.,ФИВТ,ассистент,д.н.
Лебедева Б.В.,ИТМО,ассистент,к.н.
Морозов А.А.,ФПМИ,профессор,
Морозов Б.В.,ФИВТ,,д.н.
Соколов З.Т.,ИТМО,доцент,к.н.
Алексеев А.А.,ФЭТ,доцент,д.н.
Соколов В.И.,ИТМО,профессор,
Лебедев К.М.,ИТМО,доцент,
Морозов Л.О.,ФЭТ,ассистент,
Кузнецов З.Т.,ФИВТ,ассистент,
Смирнов Ж.Р.,ИТМО,ассистент,
Смирнов Е.П.,ФЭТ,ассистент,
Сидоров З.Т.,ФМиМ,,
Семенов З.Т.,ФФ,доцент,к.н.
Волков Г.Н.,ФИТ,,к.н.
Соколов Л.О.,ИТМО,доцент,
Сидоров Г.Н.,ФИВТ,доцент,д.н.
Алексеев Ж.Р.,ФФ,,к.н.
Семенов Д.С.,ФЭТ,доцент,
Соколов Б.В.,ФМиМ,ассистент,д.н.
Волков Д.С.,ФМиМ,доцент,
Морозов Е.П.,ФУПМ,профессор,д.н.
Новиков Д.С.,ФИВТ,,
Петров Е.П.,ФЭТ,профессор,к.н.
Соколов М.Ю.,ИТМО,доцент,
Морозов Г.Н.,ФПМИ,профессор,д.н.
Петров К.М.,ФРТ,профессор,д.н.
Петров Г.Н.,ФЭТ,профессор,к.н.
Волков К.М.,ФМиМ,доцент,
Сидоров Л.О.,ФМиМ,профессор,д.н.
Лебедева Ж.Р.,ФМиЕН,доцент,
Егоров Ж.Р.,ФФ,доцент,
Кузнецов Г.Н.,ИТМО,ассистент,к.н.
Соколов Ж.Р.,ФИВТ,профессор,
Кузнецов А.А.,ФЭТ,,к.н.
Соколов Е.П.,ФМиМ,,
Иванов Б.В.,ФМиМ,ассистент,
Егоров А.А.,ИТМО,профессор,
Лебедева К.М.,ФРТ,,к.н.
Петров К.М.,ФПМИ,доцент,
Алексеев З.Т.,ФМиМ,доцент,д.н.
Кузнецов З.Т.,ФУПМ,ассистент,
Семенов Л.О.,ИТМО,профессор,к.н.
Сидоров Г.Н.,ИТМО,,к.н.
Егоров Ж.Р.,ФПМИ,доцент,
Смирнов Ж.Р.,ФУПМ,профессор,д.н.
Лебедев К.М.,ФУПМ,доцент,
Лебедев Л.О.,ФУПМ,ассистент,д.н.
Лебедев З.Т.,ФМиЕН,,д.н.
Алексеев Б.В.,ФПМИ,,к.н.
Сидоров Г.Н.,ФМиЕН,профессор,
Сидоров Д.С.,ФУПМ,профессор,к.н.
Морозов В.И.,ФРТ,доцент,д.н.
Кузнецов А.А.,ФМиЕН,профессор,
Сидоров Л.О.,ФИТ,профессор,к.н.
Алексеев А.А.,ФИТ,доцент,к.н.
Петров К.М.,ИТМО,ассистент,д.н.
Козлов М.Ю.,ФФ,профессор,
Сидоров В.И.,ФУПМ,профессор,
Петров З.Т.,ФМиЕН,,к.н.
Козлов М.Ю.,ФУПМ,ассистент,д.н.
Лебедев В.И.,ФПМИ,,к.н.
Козлов З.Т.,ФЭТ,ассистент,д.н.
Смирнов И.К.,ФИВТ,ассистент,к.н.
Лебедева М.Ю.,ФИТ,доцент,
Кузнецов Б.В.,ИТМО,,к.н.
Сидоров Г.Н.,ФМиМ,доцент,к.н.
Попов Л.О.,ФМиМ,доцент,д.н.
Лебедев И.К.,ФИВТ,профессор,д.н.
Козлов В.И.,ФУПМ,,
Лебедев М.Ю.,ФМиМ,,
Смирнов И.К.,ФФ,ассистент,
Егоров И.К.,ФМиЕН,,д.н.
Кузнецов М.Ю.,ФМиМ,,к.н.
Егоров Г.Н.,ИТМО,,к.н.
Егоров Ж.Р.,ФИВТ,ассистент,д.н.
Попов Г.Н.,ФРТ,профессор,
Морозов Ж.Р.,ФПМИ,ассистент,д.н.
Сидоров М.Ю.,ФРТ,,д.н.
Сидоров Е.П.,ФПМИ,,
Морозов А.А.,ФМиЕН,ассистент,к.н.
Козлов Ж.Р.,ИТМО,,к.н.
Смирнов Ж.Р.,ФУПМ,профессор,д.н.
Сидоров И.К.,ФПМИ,доцент,д.н.
Попов Г.Н.,ИТМО,доцент,д.н.
Семенов Ж.Р.,ФФ,ассистент,к.н.
Лебедев З.Т.,ФЭТ,ассистент,
Лебедева Д.С.,ИТМО,ассистент,к.н.
Кузнецов Д.С.,ИТМО,,к.н.
Алексеев Е.П.,ФЭТ,доцент,д.н.
Волков В.И.,ФИТ,профессор,
Иванов Д.С.,ФПМИ,профессор,к.н.
Лебедева Е.П.,ФПМИ,,
Егоров М.Ю.,ФИВТ,профессор,
Козлов В.И.,ФФ,доцент,д.н.
Лебедева Л.О.,ФРТ,ассистент,д.н.
Егоров З.Т.,ФФ,профессор,д.н.
Козлов К.М.,ФПМИ,профессор,д.н.
Морозов Е.П.,ФУПМ,профессор,к.н.
Лебедева Б.В.,ФИВТ,профессор,к.н.
Волков Б.В.,ФФ,профессор,
Попов З.Т.,ФИТ,доцент,к.н.
Новиков З.Т.,ФИВТ,профессор,к.н.
Соколов М.Ю.,ФПМИ,,
Иванов Б.В.,ФМиЕН,доцент,к.н.
Смирнов Д.С.,ФПМИ,ассистент,д.н.
Кузнецов В.И.,ФПМИ,,
Алексеев Ж.Р.,ФИТ,доцент,к.н.
Сидоров К.М.,ИТМО,ассистент,к.н.
Лебедев А.А.,ФИВТ,доцент,к.н.
Попов В.И.,ФЭТ,,
Смирнов Е.П.,ФИВТ,ассистент,к.н.
Морозов Д.С.,ФЭТ,ассистент,д.н.
Соколов Ж.Р.,ФИВТ,профессор,
Козлов З.Т.,ФМиМ,,д.н.
Смирнов Л.О.,ФУПМ,доцент,
Попов Л.О.,ФЭТ,профессор,д.н.
Егоров В.И.,ФУПМ,профессор,к.н.
Соколов Л.О.,ФФ,профессор,д.н.
Новиков И.К.,ФПМИ,профессор,к.н.
Морозов К.М.,ФЭТ,,д.н.
Кузнецов М.Ю.,ИТМО,,д.н.
Волков Е.П.,ФИВТ,доцент,д.н.
Попов Е.П.,ФМиМ,ассистент,к.н.
Кузнецов Д.С.,ИТМО,доцент,
Алексеев Д.С.,ФФ,профессор,
Козлов К.М.,ФИТ,доцент,
Егоров В.И.,ФИТ,,д.н.
Соколов Ж.Р.,ФРТ,доцент,к.н.
Смирнов Е.П.,ФФ,доцент,д.н.
Иванов Л.О.,ФУПМ,,д.н.
Козлов Б.В.,ФИВТ,профессор,
Иванов К.М.,ФУПМ,ассистент,к.н.
Козлов Е.П.,ФПМИ,доцент,к.н.
Морозов В.И.,ФФ,профессор,д.н.
Петров Б.В.,ФМиМ,профессор,
Семенов Д.С.,ФПМИ,ассистент,к.н.
Сидоров Ж.Р.,ФМиЕН,доцент,
Лебедева И.К.,ИТМО,профессор,к.н.
Волков А.А.,ФПМИ,,д.н.
Волков Ж.Р.,ФМиМ,ассистент,
Попов А.А.,ФПМИ,доцент,к.н.
Кузнецов З.Т.,ФМиМ,ассистент,д.н.
Петров Ж.Р.,ФИВТ,,к.н.
Лебедева Г.Н.,ФПМИ,доцент,к.н.
Петров Б.В.,ФМиЕН,,к.н.
Семенов Д.С.,ФМиМ,профессор,
Лебедева Г.Н.,ФПМИ,ассистент,
Лебедев Г.Н.,ФИТ,профессор,д.н.
Кузнецов М.Ю.,ФРТ,ассистент,к.н.
Морозов И.К.,ФЭТ,доцент,к.н.
Семенов Ж.Р.,ФМиЕН,,д.н.
Егоров М.Ю.,ФМиЕН,профессор,
Соколов Л.О.,ФЭТ,,
Петров К.М.,ИТМО,ассистент,
Сидоров К.М.,ФРТ,доцент,
Лебедев Д.С.,ФФ,ассистент,к.н.
Козлов В.И.,ФФ,ассистент,д.н.
Лебедев Г.Н.,ФРТ,профессор,к.н.
Новиков Г.Н.,ФУПМ,доцент,д.н.
Козлов М.Ю.,ФЭТ,профессор,д.н.
Иванов Д.С.,ФМиМ,ассистент,к.н.
Семенов В.И.,ФМиЕН,доцент,д.н.
Кузнецов К.М.,ФМиМ,,к.н.
Смирнов К.М.,ФРТ,ассистент,к.н.
Смирнов Е.П.,ФРТ,доцент,к.н.
Иванов Е.П.,ФЭТ,доцент,
Егоров М.Ю.,ФФ,ассистент,
Алексеев Г.Н.,ФИВТ,,
Волков Е.П.,ФФ,,к.н.
Алексеев К.М.,ФРТ,профессор,к.н.
Алексеев Д.С.,ФМиЕН,,к.н.
Соколов Е.П.,ФРТ,доцент,д.н.
Новиков И.К.,ФЭТ,профессор,к.н.
Егоров Г.Н.,ФРТ,ассистент,к.н.
Морозов Д.С.,ИТМО,ассистент,к.н.
Алексеев Б.В.,ФФ,,к.н.
Семенов Ж.Р.,ФФ,ассистент,д.н.
Лебедев В.И.,ФИВТ,доцент,д.н.
Морозов В.И.,ФРТ,ассистент,д.н.
Морозов М.Ю.,ФПМИ,ассистент,д.н.
Козлов Б.В.,ФПМИ,профессор,
Морозов Б.В.,ФФ,,к.н.
Волков Е.П.,ФЭТ,,
Смирнов Ж.Р.,ФЭТ,доцент,
Соколов К.М.,ФЭТ,,д.н.
Иванов А.А.,ФПМИ,,к.н.
Лебедев Г.Н.,ФРТ,,к.н.
Петров И.К.,ФМиЕН,профессор,
Алексеев А.А.,ФПМИ,доцент,к.н.
Новиков В.И.,ФПМИ,доцент,
Морозов Б.В.,ФМиЕН,доцент,
Сидоров Ж.Р.,ФМиЕН,доцент,к.н.
Алексеев К.М.,ФРТ,ассистент,д.н.
Смирнов В.И.,ФУПМ,профессор,к.н.
Алексеев А.А.,ФИВТ,профессор,к.н.
Смирнов Ж.Р.,ФПМИ,профессор,к.н.
Соколов Г.Н.,ФУПМ,ассистент,
Сидоров Г.Н.,ФМиМ,ассистент,д.н.
Новиков Ж.Р.,ИТМО,,к.н.
Козлов А.А.,ФИВТ,доцент,д.н.
Попов Е.П.,ФПМИ,профессор,к.н.
Соколов Ж.Р.,ФИТ,ассистент,д.н.
Соколов Б.В.,ФИТ,,к.н.
Соколов Е.П.,ФЭТ,,
Егоров Ж.Р.,ФЭТ,,
Лебедев В.И.,ФИВТ,доцент,к.н.
Петров Л.О.,ФУПМ,доцент,
Иванов Л.О.,ФМиЕН,доцент,
Петров З.Т.,ФУПМ,профессор,
Сидоров Л.О.,ФУПМ,профессор,к.н.
Кузнецов М.Ю.,ФМиЕН,доцент,д.н.
Кузнецов Б.В.,ФУПМ,доцент,
Новиков Л.О.,ФРТ,доцент,к.н.
Алексеев Л.О.,ФИТ,профессор,д.н.
Лебедев М.Ю.,ФИТ,,
Новиков Г.Н.,ФПМИ,ассистент,
Козлов З.Т.,ФМиЕН,,д.н.
Козлов Г.Н.,ФРТ,ассистент,
Егоров Е.П.,ФМиМ,ассистент,д.н.
Волков И.К.,ФРТ,,к.н.
Лебедева В.И.,ФИВТ,профессор,д.н.
Морозов Б.В.,ФПМИ,ассистент,к.н.
Семенов Л.О.,ФИТ,профессор,к.н.
Семенов Л.О.,ФИВТ,доцент,д.н.
Соколов З.Т.,ФМиМ,ассистент,д.н.
Волков Л.О.,ФПМИ,профессор,д.н.
Егоров М.Ю.,ФИТ,,к.н.
Егоров Л.О.,ФРТ,,д.н.
Лебедева К.М.,ФРТ,доцент,
Смирнов Ж.Р.,ФПМИ,профессор,д.н.
Соколов Ж.Р.,ИТМО,профессор,
Егоров З.Т.,ФЭТ,ассистент,д.н.
Соколов В.И.,ФРТ,профессор,к.н.
Кузнецов Е.П.,ФМиЕН,доцент,д.н.
Волков М.Ю.,ФМиМ,профессор,к.н.
Смирнов В.И.,ИТМО,,
Соколов Б.В.,ФИВТ,,д.н.
Егоров З.Т.,ИТМО,профессор,к.н.
Морозов К.М.,ФИТ,,к.н.
Козлов Г.Н.,ФИТ,профессор,
Кузнецов Д.С.,ФУПМ,,
Егоров М.Ю.,ФИТ,доцент,к.н.
Егоров Д.С.,ФМиМ,ассистент,
Сидоров М.Ю.,ФМиЕН,ассистент,д.н.
Соколов Д.С.,ФУПМ,доцент,к.н.
Лебедев Е.П.,ИТМО,ассистент,
Алексеев З.Т.,ФИТ,доцент,
Алексеев В.И.,ФЭТ,профессор,д.н.
Волков Е.П.,ФУПМ,ассистент,
Волков Д.С.,ФФ,,к.н.
Лебедев К.М.,ФРТ,ассистент,к.н.
Кузнецов Е.П.,ФМиМ,профессор,к.н.
Козлов Е.П.,ФФ,ассистент,д.н.
Семенов Г.Н.,ФУПМ,профессор,д.н.
Попов М.Ю.,ИТМО,профессор,д.н.
Егоров Л.О.,ФИТ,профессор,
Иванов Л.О.,ФМиЕН,,д.н.
Соколов К.М.,ФПМИ,доцент,
Иванов Д.С.,ИТМО,,д.н.
Иванов М.Ю.,ИТМО,профессор,к.н.
Петров Г.Н.,ФРТ,,
Новиков В.И.,ФИВТ,,д.н.
Лебедева Г.Н.,ФРТ,ассистент,к.н.
Смирнов М.Ю.,ИТМО,ассистент,
Новиков Г.Н.,ФМиЕН,профессор,к.н.
Лебедев З.Т.,ФМиМ,профессор,
Егоров К.М.,ИТМО,профессор,к.н.
Попов Е.П.,ФМиЕН,профессор,д.н.
Петров Л.О.,ИТМО,профессор,д.н.
Соколов В.И.,ФМиЕН,профессор,д.н.
Семенов Ж.Р.,ФПМИ,доцент,к.н.
Попов Ж.Р.,ФЭТ,ассистент,д.н.
Сидоров З.Т.,ФМиЕН,ассистент,
Лебедев З.Т.,ФПМИ,ассистент,
Кузнецов К.М.,ФИТ,ассистент,д.н.
Сидоров Л.О.,ИТМО,ассистент,д.н.
Новиков М.Ю.,ФУПМ,ассистент,к.н.
Семенов Ж.Р.,ФЭТ,,
Семенов Л.О.,ФУПМ,ассистент,д.н.
Сидоров А.А.,ФПМИ,доцент,к.н.
Новиков К.М.,ФПМИ,доцент,к.н.
Морозов А.А.,ФРТ,ассистент,к.н.
Лебедева В.И.,ФИВТ,профессор,
Алексеев Е.П.,ФИТ,ассистент,к.н.
Попов И.К.,ФУПМ,доцент,
Сидоров Г.Н.,ФИВТ,доцент,к.н.
Попов А.А.,ФМиМ,,к.н.
Егоров А.А.,ФМиЕН,доцент,д.н.
Морозов Д.С.,ФЭТ,ассистент,к.н.
Морозов И.К.,ФФ,ассистент,к.н.
Соколов Б.В.,ФМиЕН,,
Лебедева В.И.,ФПМИ,,д.н.
Сидоров Е.П.,ФИВТ,доцент,д.н.
Лебедев К.М.,ФРТ,,к.н.
Лебедева Д.С.,ФПМИ,,к.н.
Сидоров З.Т.,ФФ,доцент,
Кузнецов Л.О.,ФУПМ,доцент,к.н.
Смирнов М.Ю.,ИТМО,доцент,
Попов Л.О.,ФИТ,доцент,д.н.
Морозов Г.Н.,ФПМИ,,
Соколов Б.В.,ФПМИ,доцент,
Козлов М.Ю.,ФИТ,доцент,д.н.
Морозов Е.П.,ФЭТ,ассистент,
Смирнов В.И.,ФМиЕН,доцент,д.н.
Егоров Б.В.,ФИТ,,д.н.
Семенов М.Ю.,ФИТ,профессор,к.н.
Кузнецов А.А.,ФИВТ,,
Козлов Е.П.,ФРТ,доцент,к.н.
Козлов Г.Н.,ФУПМ,ассистент,к.н.
Лебедев Д.С.,ФМиМ,доцент,д.н.
Смирнов В.И.,ФИВТ,профессор,д.н.
Новиков З.Т.,ФМиЕН,профессор,д.н.
Сидоров Д.С.,ФИТ,профессор,к.н.
Петров З.Т.,ФИТ,ассистент,д.н.
Смирнов А.А.,ФИВТ,профессор,д.н.
Соколов Л.О.,ФИВТ,,д.н.
Петров Б.В.,ИТМО,доцент,к.н.
Иванов Л.О.,ФУПМ,,к.н.
Смирнов В.И.,ФПМИ,доцент,к.н.
Морозов И.К.,ФФ,,к.н.
Морозов Ж.Р.,ФМиМ,доцент,к.н.
Смирнов Ж.Р.,ФФ,,
Лебедева Ж.Р.,ФПМИ,доцент,к.н.
Волков Е.П.,ФИВТ,ассистент,к.н.
Семенов Ж.Р.,ФЭТ,,
Петров Г.Н.,ИТМО,,
Лебедева В.И.,ФИВТ,доцент,д.н.
Сидоров Е.П.,ФЭТ,профессор,
Новиков Г.Н.,ФЭТ,ассистент,д.н.
Лебедев Е.П.,ФИВТ,доцент,д.н.
Лебедева З.Т.,ИТМО,доцент,
Волков Г.Н.,ФМиМ,доцент,к.н.
Семенов М.Ю.,ФРТ,ассистент,к.н.
Алексеев В.И.,ИТМО,доцент,д.н.
Лебедева Е.П.,ФФ,доцент,д.н.
Егоров М.Ю.,ИТМО,,
Кузнецов Л.О.,ФИВТ,доцент,
Лебедев Е.П.,ФУПМ,доцент,к.н.
Смирнов Д.С.,ФИВТ,доцент,д.н.
Волков И.К.,ФУПМ,ассистент,к.н.
Лебедев З.Т.,ФИТ,ассистент,д.н.
Егоров М.Ю.,ИТМО,,д.н.
Сидоров А.А.,ФУПМ,,
Новиков К.М.,ФМиМ,доцент,к.н.
Алексеев К.М.,ФМиЕН,,
Морозов И.К.,ФФ,,к.н.
Лебедева Е.П.,ИТМО,доцент,к.н.
Попов М.Ю.,ФМиМ,,к.н.
Петров Л.О.,ФРТ,ассистент,
Алексеев К.М.,ИТМО,доцент,к.н.
Алексеев М.Ю.,ФИТ,профессор,
Попов Е.П.,ФУПМ,профессор,к.н.
Лебедева Г.Н.,ФПМИ,доцент,к.н.
Соколов В.И.,ФМиЕН,ассистент,
Лебедев А.А.,ФИТ,,
Попов Л.О.,ИТМО,профессор,к.н.
Соколов Г.Н.,ИТМО,,к.н.
Семенов Л.О.,ФРТ,,
Смирнов Ж.Р.,ФИВТ,доцент,
Волков З.Т.,ФИТ,профессор,
Волков Л.О.,ФИВТ,ассистент,
Волков Б.В.,ФФ,,к.н.
Егоров А.А.,ФМиЕН,профессор,д.н.
Петров Л.О.,ФИТ,ассистент,д.н.
Попов Е.П.,ФРТ,доцент,
Соколов К.М.,ФПМИ,доцент,д.н.
Лебедев Л.О.,ФИВТ,профессор,к.н.
Смирнов И.К.,ФФ,доцент,
Кузнецов Е.П.,ФИТ,доцент,к.н.
Иванов М.Ю.,ФФ,,к.н.
Новиков А.А.,ФПМИ,доцент,к.н.
Морозов И.К.,ФИТ,профессор,д.н.
Лебедева К.М.,ИТМО,,к.н.
Егоров К.М.,ФУПМ,ассистент,к.н.
Попов М.Ю.,ФИВТ,,к.н.
Попов В.И.,ФФ,,д.н.
Соколов М.Ю.,ФПМИ,ассистент,к.н.
Алексеев Б.В.,ФРТ,,
Морозов К.М.,ФИТ,доцент,к.н.
Алексеев З.Т.,ФИТ,,д.н.
Лебедев Г.Н.,ФИТ,ассистент,к.н.
Попов Л.О.,ФМиЕН,доцент,к.н.
Лебедев В.И.,ФИВТ,доцент,к.н.
Новиков В.И.,ФМиМ,,
Лебедева Д.С.,ИТМО,ассистент,д.н.
Лебедева А.А.,ФУПМ,доцент,к.н.
Кузнецов Ж.Р.,ФИТ,ассистент,
Лебедев К.М.,ИТМО,доцент,
Егоров К.М.,ФФ,профессор,к.н.
Смирнов Ж.Р.,ФУПМ,профессор,к.н.
Алексеев З.Т.,ФУПМ,,д.н.
Иванов М.Ю.,ФУПМ,,
Егоров Д.С.,ФФ,,
Новиков А.А.,ФМиМ,ассистент,д.н.
Сидоров Б.В.,ФРТ,профессор,д.н.
Егоров В.И.,ФФ,,к.н.
Соколов М.Ю.,ФЭТ,,д.н.
Сидоров Б.В.,ИТМО,доцент,д.н.
Алексеев Г.Н.,ФМиЕН,,д.н.
Алексеев З.Т.,ФЭТ,ассистент,к.н.
Лебедева К.М.,ФФ,ассистент,к.н.
Егоров Ж.Р.,ФФ,,д.н.
Морозов Г.Н.,ФЭТ,,
Попов Л.О.,ФПМИ,ассистент,д.н.
Иванов Г.Н.,ИТМО,профессор,д.н.
Морозов М.Ю.,ФЭТ,профессор,
Семенов Г.Н.,ФРТ,доцент,к.н.
Алексеев З.Т.,ФЭТ,доцент,
Сидоров К.М.,ФМиМ,,
Сидоров Г.Н.,ФЭТ,профессор,к.н.
Алексеев Г.Н.,ФФ,доцент,
Соколов Г.Н.,ФИВТ,профессор,к.н.
Волков К.М.,ФПМИ,доцент,
Козлов А.А.,ФУПМ,,к.н.
Смирнов Е.П.,ФИТ,,к.н.
Волков З.Т.,ФМиЕН,ассистент,к.н.
Попов Г.Н.,ФФ,,
Морозов З.Т.,ФФ,доцент,д.н.
Смирнов А.А.,ФФ,ассистент,к.н.
Лебедева В.И.,ФИТ,профессор,к.н.
Новиков Д.С.,ФРТ,доцент,д.н.
Смирнов В.И.,ИТМО,,к.н.
Волков А.А.,ФПМИ,ассистент,
Кузнецов Е.П.,ФФ,,к.н.
Семенов Д.С.,ФМиМ,доцент,д.н.
Козлов Е.П.,ФМиМ,профессор,д.н.
Попов Д.С.,ФЭТ,профессор,
Сидоров К.М.,ФЭТ,ассистент,к.н.
Иванов Е.П.,ФИТ,ассистент,д.н.
Сидоров Б.В.,ФФ,ассистент,
Иванов К.М.,ФФ,ассистент,
Семенов Г.Н.,ФИТ,доцент,
Козлов Г.Н.,ФЭТ,доцент,д.н.
Сидоров К.М.,ФЭТ,ассистент,д.н.
Козлов Д.С.,ФЭТ,,
Алексеев И.К.,ФФ,ассистент,д.н.
Козлов Ж.Р.,ФМиМ,доцент,к.н.
Иванов Д.С.,ФУПМ,профессор,
Сидоров Г.Н.,ФПМИ,ассистент,
Лебедев Ж.Р.,ФИВТ,,к.н.
Семенов А.А.,ФИВТ,,к.н.
Лебедева А.А.,ФПМИ,ассистент,к.н.
Иванов К.М.,ИТМО,доцент,д.н.
Семенов Е.П.,ФЭТ,ассистент,д.н.
Лебедева И.К.,ФФ,,
Егоров А.А.,ФФ,,к.н.
Лебедева В.И.,ФПМИ,профессор,
Волков З.Т.,ФИТ,ассистент,к.н.
Лебедева А.А.,ФПМИ,профессор,д.н.
Кузнецов Л.О.,ФЭТ,профессор,к.н.
Лебедев Д.С.,ФРТ,,к.н.
Волков В.И.,ИТМО,ассистент,к.н.
Соколов Ж.Р.,ФМиЕН,,
Алексеев Б.В.,ФМиМ,доцент,
Соколов З.Т.,ФПМИ,доцент,д.н.
Лебедев Д.С.,ФУПМ,доцент,
Алексеев В.И.,ФМиЕН,ассистент,д.н.
Лебедева К.М.,ФИВТ,профессор,
Новиков В.И.,ФЭТ,,к.н.
Новиков З.Т.,ФПМИ,доцент,к.н.
Морозов В.И.,ФЭТ,профессор,к.н.
Иванов А.А.,ФПМИ,,
Семенов Е.П.,ФРТ,,к.н.
Алексеев В.И.,ИТМО,,к.н.
Смирнов М.Ю.,ФМиЕН,доцент,к.н.
Семенов К.М.,ФЭТ,профессор,к.н.
Иванов К.М.,ФФ,,
Попов Ж.Р.,ИТМО,,
Козлов И.К.,ФИТ,ассистент,к.н.
Лебедева Г.Н.,ФФ,ассистент,к.н.
Петров Д.С.,ФИТ,профессор,к.н.
Лебедев З.Т.,ФИВТ,ассистент,к.н.
Иванов Е.П.,ФУПМ,ассистент,д.н.
Кузнецов И.К.,ФУПМ,профессор,д.н.
Лебедев Б.В.,ФЭТ,,д.н.
Лебедева И.К.,ФРТ,профессор,к.н.
Лебедева А.А.,ФМиМ,профессор,к.н.
Лебедев З.Т.,ФМиМ,профессор,д.н.
Лебедева Д.С.,ФПМИ,доцент,д.н.
Козлов М.Ю.,ФМиМ,профессор,
Петров З.Т.,ФПМИ,ассистент,д.н.
Егоров Г.Н.,ФПМИ,,к.н.
Новиков Е.П.,ФФ,доцент,д.н.
Лебедева Г.Н.,ИТМО,профессор,к.н.
Волков Д.С.,ФРТ,ассистент,к.н.
Смирнов Г.Н.,ФМиМ,доцент,
Семенов К.М.,ФПМИ,профессор,к.н.
Алексеев Б.В.,ФИВТ,профессор,д.н.
Новиков Л.О.,ИТМО,,к.н.
Петров З.Т.,ФМиЕН,доцент,
Соколов М.Ю.,ИТМО,,
Иванов Е.П.,ФМиЕН,,
Алексеев И.К.,ФУПМ,ассистент,
Алексеев К.М.,ФЭТ,ассистент,
Волков Д.С.,ФПМИ,,д.н.
Лебедева Б.В.,ФИВТ,профессор,д.н.
Морозов Г.Н.,ФИТ,,к.н.
Сидоров М.Ю.,ФМиЕН,,д.н.
Козлов К.М.,ФУПМ,профессор,к.н.
Новиков Е.П.,ФМиЕН,,
Лебедев Д.С.,ФМиЕН,ассистент,
Семенов М.Ю.,ИТМО,доцент,
Соколов Б.В.,ФЭТ,профессор,д.н.
Попов Е.П.,ФРТ,профессор,к.н.
Алексеев Б.В.,ИТМО,ассистент,д.н.
Сидоров Ж.Р.,ФУПМ,профессор,к.н.
Кузнецов Ж.Р.,ФИВТ,доцент,
Егоров Л.О.,ФМиМ,доцент,к.н.
Кузнецов З.Т.,ФИТ,доцент,д.н.
Иванов В.И.,ФПМИ,ассистент,
Кузнецов Д.С.,ФРТ,ассистент,к.н.
Смирнов К.М.,ФИТ,профессор,к.н.
Егоров М.Ю.,ФЭТ,профессор,д.н.
Семенов В.И.,ИТМО,ассистент,
Попов Д.С.,ФМиЕН,,д.н.
Иванов З.Т.,ФЭТ,,д.н.
Волков Е.П.,ФУПМ,доцент,д.н.
Семенов Л.О.,ФРТ,,д.н.
Лебедев З.Т.,ФИВТ,доцент,
Попов Е.П.,ФМиМ,профессор,д.н.
Волков Д.С.,ИТМО,профессор,
Лебедева Д.С.,ФИТ,ассистент,к.н.
Морозов Л.О.,ФЭТ,ассистент,д.н.
Смирнов Ж.Р.,ФИТ,,
Егоров Г.Н.,ИТМО,ассистент,к.н.
Петров М.Ю.,ФУПМ,профессор,
Попов Б.В.,ИТМО,ассистент,д.н.
Морозов Л.О.,ФПМИ,,к.н.
Алексеев К.М.,ФИВТ,,
Морозов М.Ю.,ФИВТ,профессор,д.н.
Иванов Г.Н.,ФУПМ,профессор,д.н.
Волков Е.П.,ФМиМ,,к.н.
Кузнецов Б.В.,ФФ,,
Волков З.Т.,ИТМО,,д.н.
Соколов З.Т.,ФЭТ,,
Егоров Л.О.,ФУПМ,профессор,к.н.
Сидоров З.Т.,ФПМИ,ассистент,к.н.
Лебедева Д.С.,ФМиМ,ассистент,к.н.
Алексеев Д.С.,ФИВТ,,к.н.
Смирнов А.А.,ФПМИ,доцент,
Егоров И.К.,ФМиЕН,доцент,к.н.
Козлов В.И.,ИТМО,профессор,д.н.
Волков Г.Н.,ФПМИ,ассистент,д.н.
Алексеев З.Т.,ФМиМ,,д.н.
Попов К.М.,ФФ,доцент,д.н.
Сидоров Л.О.,ФЭТ,,к.н.
Лебедев Л.О.,ФУПМ,ассистент,
Егоров В.И.,ИТМО,доцент,к.н.
Сидоров Е.П.,ФПМИ,доцент,д.н.
Лебедева З.Т.,ФМиЕН,,д.н.
Кузнецов Б.В.,ФПМИ,ассистент,д.н.
Смирнов К.М.,ФФ,доцент,к.н.
Козлов Л.О.,ФИВТ,профессор,к.н.
Соколов Л.О.,ФУПМ,доцент,
Егоров Б.В.,ИТМО,доцент,
Лебедева Ж.Р.,ФИТ,ассистент,к.н.
Лебедев И.К.,ФЭТ,профессор,д.н.
Петров З.Т.,ФЭТ,,
Егоров И.К.,ФМиМ,,
Алексеев Д.С.,ФРТ,,д.н.
Иванов Б.В.,ФЭТ,,д.н.
Алексеев А.А.,ФИВТ,доцент,к.н.
Сидоров Ж.Р.,ФУПМ,профессор,к.н.
Лебедев А.А.,ФЭТ,доцент,к.н.
Новиков В.И.,ФУПМ,ассистент,д.н.
Егоров Г.Н.,ФЭТ,профессор,к.н.
Козлов Л.О.,ФЭТ,ассистент,д.н.
Лебедева Д.С.,ФЭТ,профессор,
Лебедев Г.Н.,ФУПМ,ассистент,
Алексеев Б.В.,ФФ,доцент,к.н.
Егоров Л.О.,ФИТ,ассистент,к.н.
Сидоров И.К.,ФИВТ,доцент,
Лебедев Е.П.,ФРТ,доцент,д.н.
Лебедев Л.О.,ФУПМ,доцент,к.н.
Лебедева К.М.,ФЭТ,ассистент,д.н.
Смирнов М.Ю.,ФИТ,,
Семенов Л.О.,ФРТ,ассистент,к.н.
Лебедева Г.Н.,ФМиЕН,профессор,к.н.
Сидоров З.Т.,ФМиЕН,ассистент,д.н.
Егоров И.К.,ФИВТ,ассистент,к.н.
Попов В.И.,ФУПМ,,
Семенов А.А.,ИТМО,ассистент,
Иванов М.Ю.,ФИТ,,
Лебедева Г.Н.,ФФ,,
Иванов И.К.,ФМиЕН,,
Новиков З.Т.,ФМиМ,,д.н.
Лебедева Г.Н.,ИТМО,,
Новиков Е.П.,ФУПМ,ассистент,
Семенов З.Т.,ФМиЕН,,к.н.
Волков Е.П.,ФЭТ,профессор,
Петров Л.О.,ФЭТ,ассистент,
Новиков И.К.,ФУПМ,профессор,к.н.
Петров Л.О.,ФПМИ,доцент,
Петров Е.П.,ФМиМ,ассистент,
Морозов А.А.,ИТМО,доцент,д.н.
Лебедева К.М.,ФИВТ,доцент,д.н.
Лебедев И.К.,ФЭТ,ассистент,
Лебедев Д.С.,ФИВТ,,к.н.
Сидоров В.И.,ИТМО,,
Егоров К.М.,ФИВТ,доцент,д.н.
Новиков Г.Н.,ИТМО,,к.н.
Егоров Г.Н.,ФИВТ,ассистент,к.н.
Лебедева К.М.,ФМиМ,ассистент,
Волков Е.П.,ФУПМ,,
Кузнецов Д.С.,ФУПМ,доцент,к.н.
Соколов Д.С.,ФФ,профессор,к.н.
Лебедева Ж.Р.,ФУПМ,ассистент,к.н.
Новиков А.А.,ФЭТ,ассистент,
Козлов З.Т.,ИТМО,доцент,к.н.
Семенов М.Ю.,ФМиМ,профессор,к.н.
Морозов К.М.,ФМиМ,профессор,к.н.
Лебедева М.Ю.,ФИВТ,,к.н.
Алексеев Б.В.,ФПМИ,доцент,д.н.
Семенов Д.С.,ФФ,ассистент,
Козлов Б.В.,ФУПМ,доцент,
Морозов З.Т.,ФРТ,доцент,к.н.
Алексеев Б.В.,ИТМО,,
Попов Б.В.,ФИТ,,
Новиков В.И.,ФПМИ,,д.н.
Смирнов В.И.,ФФ,доцент,д.н.
Лебедев Д.С.,ФМиМ,ассистент,к.н.
Лебедев И.К.,ФФ,,
Морозов Ж.Р.,ФРТ,доцент,
Лебедева Е.П.,ФЭТ,,к.н.
Лебедев Б.В.,ФЭТ,ассистент,д.н.
Егоров З.Т.,ФЭТ,доцент,
Попов Г.Н.,ФИВТ,,к.н.
Морозов Ж.Р.,ФУПМ,ассистент,д.н.
Иванов Л.О.,ФФ,,д.н.
Смирнов Д.С.,ФПМИ,доцент,
Попов Г.Н.,ФЭТ,доцент,
Иванов М.Ю.,ФИТ,доцент,
Попов Г.Н.,ФМиМ,доцент,к.н.
Соколов Е.П.,ИТМО,профессор,д.н.
Соколов К.М.,ФПМИ,профессор,
Егоров Г.Н.,ИТМО,профессор,
Егоров Ж.Р.,ФРТ,,
Иванов Б.В.,ФУПМ,доцент,
Морозов Л.О.,ФМиЕН,доцент,к.н.
Волков Е.П.,ФЭТ,профессор,
Новиков В.И.,ФИТ,профессор,к.н.
Козлов Б.В.,ФИТ,,к.н.
Егоров Ж.Р.,ФПМИ,профессор,д.н.
Волков Ж.Р.,ИТМО,профессор,д.н.
Козлов Д.С.,ФИВТ,доцент,
Козлов З.Т.,ФИТ,ассистент,д.н.
Смирнов К.М.,ФРТ,доцент,д.н.
Смирнов Б.В.,ФЭТ,ассистент,
Иванов И.К.,ФУПМ,ассистент,
Козлов А.А.,ФФ,профессор,д.н.
Волков М.Ю.,ИТМО,,д.н.
Лебедев К.М.,ФРТ,,к.н.
Козлов В.И.,ИТМО,,к.н.
Егоров Д.С.,ФИВТ,доцент,
Волков З.Т.,ФЭТ,,к.н.
Сидоров И.К.,ФМиМ,доцент,к.н.
Егоров Л.О.,ФПМИ,,к.н.
Кузнецов Д.С.,ФИВТ,ассистент,д.н.
Лебедев З.Т.,ФМиЕН,профессор,д.н.
Семенов Ж.Р.,ФРТ,профессор,
Лебедева Е.П.,ФФ,ассистент,
Смирнов А.А.,ФИВТ,доцент,к.н.
Егоров Д.С.,ФЭТ,,к.н.
Лебедев Г.Н.,ФРТ,доцент,к.н.
Семенов В.И.,ИТМО,доцент,д.н.
Козлов Б.В.,ФЭТ,доцент,
Лебедева А.А.,ФМиЕН,,д.н.
Попов З.Т.,ФМиМ,профессор,д.н.
Попов А.А.,ФМиМ,профессор,
Семенов К.М.,ФЭТ,,к.н.
Лебедев Ж.Р.,ФЭТ,профессор,
Алексеев Г.Н.,ФМиМ,профессор,д.н.
Кузнецов Е.П.,ФИТ,доцент,к.н.
Алексеев М.Ю.,ФМиМ,доцент,к.н.
Волков А.А.,ФМиЕН,,
Козлов Ж.Р.,ФЭТ,доцент,к.н.
Соколов К.М.,ФУПМ,ассистент,д.н.
Иванов К.М.,ФЭТ,профессор,
Алексеев М.Ю.,ФМиЕН,,д.н.
Лебедев Д.С.,ФМиЕН,,к.н.
Сидоров К.М.,ИТМО,ассистент,д.н.
Лебедева Е.П.,ФИВТ,,
Морозов Ж.Р.,ФИТ,ассистент,
Попов М.Ю.,ФПМИ,профессор,д.н.
Попов Ж.Р.,ФРТ,профессор,к.н.
Волков Е.П.,ФЭТ,ассистент,
Смирнов Д.С.,ФМиЕН,,к.н.
Семенов А.А.,ФЭТ,профессор,к.н.
Сидоров Л.О.,ФРТ,,д.н.
Лебедев Л.О.,ФИТ,,
Смирнов Г.Н.,ФЭТ,,
Петров Е.П.,ФУПМ,доцент,д.н.
Лебедев Е.П.,ФМиМ,доцент,
Волков Г.Н.,ИТМО,доцент,
Петров К.М.,ФРТ,доцент,к.н.
Морозов В.И.,ФУПМ,доцент,к.н.
Морозов И.К.,ФИВТ,,д.н.
Соколов Б.В.,ФФ,ассистент,
Лебедева Ж.Р.,ИТМО,доцент,к.н.
Кузнецов Б.В.,ФПМИ,доцент,д.н.
Козлов Г.Н.,ФУПМ,доцент,д.н.
Сидоров В.И.,ФИВТ,доцент,
Лебедева К.М.,ФРТ,доцент,
Лебедева З.Т.,ФИТ,,д.н.
Смирнов К.М.,ФМиМ,,
Петров Ж.Р.,ФПМИ,доцент,
Новиков Б.В.,ФУПМ,доцент,к.н.
Попов К.М.,ФПМИ,,д.н.
Петров А.А.,ФУПМ,,к.н.
Новиков З.Т.,ФМиМ,профессор,
Егоров М.Ю.,ФМиЕН,,д.н.
Козлов Д.С.,ФФ,ассистент,д.н.
Соколов Л.О.,ФМиЕН,ассистент,
Соколов К.М.,ФМиЕН,ассистент,
Лебедева М.Ю.,ИТМО,профессор,
Семенов З.Т.,ФФ,,
Кузнецов В.И.,ФЭТ,профессор,к.н.
Смирнов А.А.,ФМиМ,профессор,к.н.
Смирнов З.Т.,ФИТ,доцент,д.н.
Семенов Д.С.,ФИВТ,,д.н.
Волков Г.Н.,ФЭТ,ассистент,к.н.
Лебедева Л.О.,ФЭТ,доцент,д.н.
Новиков Л.О.,ИТМО,профессор,д.н.
Попов Г.Н.,ФМиЕН,ассистент,
Козлов И.К.,ФИТ,доцент,д.н.
Новиков А.А.,ФМиМ,ассистент,
Кузнецов З.Т.,ФПМИ,доцент,д.н.
Козлов В.И.,ИТМО,профессор,к.н.
Егоров М.Ю.,ФУПМ,доцент,к.н.
Кузнецов Е.П.,ФУПМ,профессор,д.н.
Алексеев К.М.,ФМиМ,,д.н.
Волков З.Т.,ФМиЕН,,д.н.
Попов Д.С.,ФРТ,профессор,к.н.
Лебедев К.М.,ФЭТ,профессор,
Смирнов Л.О.,ФИВТ,профессор,
Сидоров З.Т.,ФМиЕН,профессор,д.н.
Волков В.И.,ФИТ,профессор,к.н.
Лебедева Д.С.,ФПМИ,профессор,
Морозов К.М.,ФИТ,ассистент,
Новиков И.К.,ФУПМ,,д.н.
Иванов К.М.,ФПМИ,профессор,к.н.
Смирнов К.М.,ИТМО,доцент,
Лебедева З.Т.,ИТМО,ассистент,к.н.
Кузнецов Г.Н.,ФИВТ,,
Новиков И.К.,ФУПМ,ассистент,
Соколов Л.О.,ФИТ,профессор,к.н.
Волков Е.П.,ФПМИ,ассистент,
Семенов Д.С.,ФПМИ,ассистент,
Сидоров Г.Н.,ФРТ,профессор,к.н.
Семенов З.Т.,ФИВТ,профессор,д.н.
Кузнецов И.К.,ФМиМ,доцент,к.н.
Семенов В.И.,ФФ,доцент,к.н.
Иванов Д.С.,ФРТ,доцент,д.н.
Егоров М.Ю.,ФМиМ,,к.н.
Лебедев В.И.,ФУПМ,профессор,к.н.
Кузнецов В.И.,ИТМО,доцент,
Алексеев М.Ю.,ФМиЕН,доцент,
Петров Б.В.,ИТМО,ассистент,
Новиков Б.В.,ИТМО,ассистент,д.н.
Петров Л.О.,ФЭТ,доцент,к.н.
Козлов А.А.,ФУПМ,ассистент,
Морозов А.А.,ФРТ,профессор,к.н.
Волков А.А.,ФЭТ,ассистент,д.н.
Морозов Д.С.,ФМиЕН,ассистент,д.н.
Семенов К.М.,ФЭТ,профессор,к.н.
Лебедева Г.Н.,ФЭТ,доцент,к.н.
Лебедева Л.О.,ФУПМ,доцент,
Петров Б.В.,ФЭТ,профессор,д.н.
Алексеев В.И.,ФМиМ,доцент,
Егоров Г.Н.,ИТМО,,д.н.
Смирнов Л.О.,ФФ,профессор,к.н.
Сидоров А.А.,ФУПМ,,д.н.
Лебедев Б.В.,ФМиМ,,д.н.
Лебедева З.Т.,ФЭТ,ассистент,к.н.
Кузнецов Е.П.,ФФ,,д.н.
Егоров Б.В.,ИТМО,ассистент,д.н.
Соколов В.И.,ФМиЕН,доцент,к.н.
Попов А.А.,ФИТ,ассистент,д.н.
Кузнецов Д.С.,ФИТ,доцент,к.н.
Волков Д.С.,ФМиЕН,доцент,д.н.
Соколов Е.П.,ФИВТ,ассистент,
Иванов А.А.,ФУПМ,профессор,д.н.
Козлов Л.О.,ФЭТ,,к.н.
Егоров Г.Н.,ФМиМ,,д.н.
Лебедева М.Ю.,ФМиЕН,доцент,д.н.
Смирнов И.К.,ФРТ,профессор,
Петров И.К.,ФМиМ,доцент,
Козлов И.К.,ФИТ,профессор,к.н.
Сидоров Л.О.,ФМиЕН,доцент,к.н.
Семенов Г.Н.,ФФ,доцент,д.н.
Иванов З.Т.,ФПМИ,доцент,к.н.
Лебедев Г.Н.,ФПМИ,доцент,д.н.
Петров М.Ю.,ИТМО,ассистент,к.н.
Лебедева Е.П.,ФФ,ассистент,д.н.
Иванов Ж.Р.,ФМиЕН,профессор,
Козлов Г.Н.,ФУПМ,ассистент,д.н.
Морозов Е.П.,ФУПМ,ассистент,к.н.
Семенов В.И.,ФФ,ассистент,к.н.
Егоров Л.О.,ФЭТ,ассистент,д.н.
Кузнецов Д.С.,ФФ,,д.н.
Морозов Л.О.,ФРТ,ассистент,к.н.
Егоров В.И.,ИТМО,,д.н.
Алексеев К.М.,ФУПМ,,д.н.
Кузнецов М.Ю.,ФУПМ,,к.н.
Морозов Б.В.,ФФ,доцент,к.н.
Егоров К.М.,ФФ,доцент,
Алексеев Д.С.,ФМиЕН,ассистент,
Егоров Л.О.,ФЭТ,ассистент,к.н.
Козлов Д.С.,ФЭТ,профессор,д.н.
Алексеев Ж.Р.,ФУПМ,ассистент,к.н.
Сидоров Ж.Р.,ИТМО,ассистент,д.н.
Сидоров Г.Н.,ФМиЕН,,к.н.
Лебедев Д.С.,ФМиМ,ассистент,д.н.
Лебедева З.Т.,ФЭТ,профессор,д.н.
Егоров Л.О.,ФФ,доцент,
Алексеев Ж.Р.,ФРТ,ассистент,к.н.
Кузнецов Б.В.,ФМиЕН,ассистент,
Лебедев Ж.Р.,ФФ,ассистент,
Новиков Д.С.,ФРТ,профессор,д.н.
Алексеев А.А.,ФРТ,ассистент,
Лебедева М.Ю.,ФУПМ,доцент,
Попов И.К.,ФИВТ,профессор,к.н.
Смирнов А.А.,ФРТ,ассистент,д.н.
Козлов Л.О.,ФМиМ,,к.н.
Попов К.М.,ФМиМ,ассистент,д.н.
Лебедев Г.Н.,ФЭТ,профессор,к.н.
Алексеев Д.С.,ИТМО,доцент,к.н.
Попов А.А.,ФИВТ,доцент,д.н.
Волков Ж.Р.,ФРТ,профессор,
Лебедев М.Ю.,ФИТ,,д.н.
Лебедева Д.С.,ФИВТ,профессор,
Волков Л.О.,ФИТ,доцент,
Морозов Б.В.,ФУПМ,,д.н.
Иванов Г.Н.,ФЭТ,ассистент,д.н.
Лебедев Ж.Р.,ФУПМ,доцент,д.н.
Козлов Л.О.,ФМиЕН,доцент,
Кузнецов Е.П.,ФМиМ,доцент,д.н.
Лебедев М.Ю.,ФФ,профессор,к.н.
Иванов Д.С.,ФУПМ,,
Морозов В.И.,ФМиМ,,д.н.
Семенов Г.Н.,ФЭТ,ассистент,к.н.
Иванов Е.П.,ФИВТ,доцент,
Сидоров М.Ю.,ФИВТ,,
Алексеев А.А.,ФРТ,,
Петров К.М.,ФИТ,,д.н.
Морозов В.И.,ФПМИ,ассистент,к.н.
Морозов М.Ю.,ФРТ,доцент,
Егоров И.К.,ФМиМ,профессор,к.н.
Алексеев Г.Н.,ФУПМ,профессор,
Петров И.К.,ФЭТ,профессор,к.н.
Лебедева Б.В.,ФИВТ,ассистент,к.н.
Сидоров И.К.,ФПМИ,,
Лебедев К.М.,ФРТ,профессор,
Соколов Е.П.,ФПМИ,профессор,к.н.
Смирнов А.А.,ФУПМ,профессор,
Соколов Л.О.,ФФ,,
Алексеев И.К.,ИТМО,профессор,д.н.
Кузнецов М.Ю.,ФФ,ассистент,к.н.
Смирнов И.К.,ИТМО,доцент,д.н.
Петров Ж.Р.,ФИТ,доцент,
Алексеев К.М.,ФФ,доцент,д.н.
Кузнецов М.Ю.,ФФ,,
Соколов Д.С.,ФЭТ,ассистент,д.н.
Иванов Д.С.,ФЭТ,ассистент,
Лебедев Д.С.,ФУПМ,,д.н.
Соколов З.Т.,ФФ,ассистент,д.н.
Сидоров Л.О.,ФЭТ,,к.н.
Сидоров Ж.Р.,ФМиЕН,доцент,к.н.
Новиков А.А.,ФМиМ,,д.н.
Семенов Г.Н.,ФИТ,доцент,д.н.
Новиков З.Т.,ФУПМ,доцент,
Егоров Е.П.,ФЭТ,ассистент,к.н.
Петров А.А.,ФИВТ,ассистент,к.н.
Лебедева В.И.,ФРТ,ассистент,д.н.
Лебедев Л.О.,ФФ,,
Соколов М.Ю.,ФМиЕН,ассистент,
Попов Ж.Р.,ФЭТ,профессор,д.н.
Егоров Е.П.,ФПМИ,ассистент,д.н.
Сидоров А.А.,ФМиМ,,к.н.
Кузнецов И.К.,ФЭТ,,
Лебедева Е.П.,ФФ,профессор,д.н.
Смирнов Ж.Р.,ФЭТ,профессор,д.н.
Попов М.Ю.,ФПМИ,доцент,д.н.
Алексеев З.Т.,ФФ,,д.н.
Морозов Л.О.,ФЭТ,доцент,к.н.
Семенов И.К.,ИТМО,профессор,д.н.
Сидоров К.М.,ФИТ,ассистент,д.н.
Сидоров З.Т.,ФМиЕН,доцент,д.н.
Петров Б.В.,ФУПМ,доцент,
Сидоров М.Ю.,ФИТ,доцент,д.н.
Морозов Д.С.,ФИВТ,,к.н.
Новиков А.А.,ФФ,доцент,к.н.
Смирнов М.Ю.,ФЭТ,доцент,к.н.
Иванов Д.С.,ФУПМ,,д.н.
Егоров З.Т.,ФУПМ,ассистент,
Новиков В.И.,ФМиЕН,профессор,д.н.
Иванов К.М.,ФИВТ,ассистент,
Козлов Ж.Р.,ФМиЕН,доцент,
Лебедева М.Ю.,ФИВТ,,
Иванов Б.В.,ФУПМ,профессор,
Смирнов В.И.,ФФ,ассистент,
Лебедев Д.С.,ФЭТ,ассистент,к.н.
Петров Е.П.,ФИВТ,,д.н.
Петров Б.В.,ФИВТ,,к.н.
Морозов Е.П.,ФИВТ,ассистент,к.н.
Егоров Б.В.,ФПМИ,доцент,к.н.
Волков З.Т.,ФУПМ,доцент,
Лебедев К.М.,ФПМИ,профессор,д.н.
Сидоров Б.В.,ФИТ,профессор,
Козлов Е.П.,ФПМИ,профессор,
Семенов Д.С.,ФМиМ,ассистент,к.н.
Новиков В.И.,ФИТ,доцент,д.н.
Морозов В.И.,ФПМИ,профессор,д.н.
Морозов Ж.Р.,ИТМО,ассистент,к.н.
Сидоров Ж.Р.,ФЭТ,профессор,
Егоров Ж.Р.,ФЭТ,доцент,д.н.
Иванов Д.С.,ФМиЕН,доцент,
Сидоров Ж.Р.,ФМиМ,ассистент,д.н.
Петров Л.О.,ФИВТ,,
Козлов Л.О.,ФПМИ,профессор,
Петров Л.О.,ФМиМ,профессор,
Семенов Е.П.,ФИВТ,ассистент,д.н.
Лебедев Л.О.,ФПМИ,профессор,к.н.
Иванов И.К.,ИТМО,доцент,
Алексеев З.Т.,ИТМО,,к.н.
Новиков Ж.Р.,ФМиМ,,
Сидоров И.К.,ИТМО,профессор,
Семенов Д.С.,ФИВТ,ассистент,к.н.
Козлов Д.С.,ФИТ,доцент,
Семенов И.К.,ФФ,,д.н.
Лебедева Ж.Р.,ФПМИ,доцент,
Сидоров М.Ю.,ФФ,ассистент,к.н.
Смирнов А.А.,ИТМО,ассистент,к.н.
Козлов А.А.,ФИВТ,,д.н.
Петров З.Т.,ИТМО,профессор,
Козлов А.А.,ИТМО,профессор,д.н.
Иванов А.А.,ИТМО,ассистент,к.н.
Иванов Л.О.,ФИВТ,ассистент,д.н.
Козлов М.Ю.,ФФ,профессор,д.н.
Алексеев И.К.,ФИВТ,ассистент,д.н.
Лебедев Е.П.,ФИВТ,ассистент,д.н.
Попов Д.С.,ФМиМ,доцент,д.н.
Смирнов М.Ю.,ФМиМ,ассистент,д.н.
Козлов В.И.,ФИТ,профессор,
Сидоров А.А.,ИТМО,профессор,к.н.
Лебедев Б.В.,ФФ,,к.н.
Петров М.Ю.,ФПМИ,,
Алексеев Д.С.,ИТМО,доцент,
Волков М.Ю.,ФПМИ,,
Смирнов В.И.,ФФ,ассистент,д.н.
Иванов В.И.,ФМиЕН,,к.н.
Петров К.М.,ФПМИ,доцент,д.н.
Петров М.Ю.,ФМиЕН,,
Морозов Б.В.,ФРТ,ассистент,к.н.
Кузнецов М.Ю.,ФМиМ,ассистент,
Козлов Е.П.,ФИВТ,доцент,
Петров З.Т.,ФРТ,,д.н.
Алексеев Д.С.,ФФ,,д.н.
Морозов А.А.,ФЭТ,доцент,
Петров В.И.,ФУПМ,ассистент,д.н.
Лебедева З.Т.,ФФ,,д.н.
Семенов Б.В.,ФУПМ,,д.н.
Козлов Ж.Р.,ИТМО,доцент,д.н.
Семенов Е.П.,ИТМО,профессор,к.н.
Сидоров К.М.,ИТМО,доцент,д.н.
Егоров Ж.Р.,ФИТ,ассистент,к.н.
Лебедева К.М.,ИТМО,,к.н.
Семенов Ж.Р.,ФМиМ,ассистент,
Волков Л.О.,ФУПМ,доцент,
Лебедев Е.П.,ФПМИ,ассистент,д.н.
Петров А.А.,ФМиМ,,
Морозов Е.П.,ФИВТ,ассистент,д.н.
Алексеев Л.О.,ФМиЕН,,к.н.
Смирнов З.Т.,ФЭТ,доцент,
Иванов З.Т.,ФФ,ассистент,
Кузнецов З.Т.,ФМиМ,профессор,к.н.
Новиков Б.В.,ФИТ,,к.н.
Новиков А.А.,ФИВТ,,к.н.
Иванов Б.В.,ФИТ,,
Иванов М.Ю.,ФИТ,профессор,
Лебедева В.И.,ФФ,ассистент,
Кузнецов А.А.,ФМиМ,профессор,д.н.
Попов А.А.,ИТМО,доцент,д.н.
Егоров Б.В.,ФПМИ,ассистент,д.н.
Новиков Ж.Р.,ФМиМ,,к.н.
Попов М.Ю.,ФИВТ,доцент,д.н.
Смирнов В.И.,ИТМО,доцент,д.н.
Соколов В.И.,ФИВТ,доцент,д.н.
Козлов М.Ю.,ФУПМ,профессор,к.н.
Новиков Л.О.,ФМиЕН,ассистент,д.н.
Соколов Д.С.,ФРТ,,к.н.
Алексеев Б.В.,ФФ,,к.н.
Иванов М.Ю.,ФЭТ,доцент,к.н.
Лебедева Г.Н.,ФЭТ,профессор,
Соколов Ж.Р.,ИТМО,ассистент,д.н.
Петров Л.О.,ФУПМ,,д.н.
Лебедев Ж.Р.,ФИВТ,ассистент,д.н.
Сидоров И.К.,ИТМО,,к.н.
Морозов В.И.,ФФ,ассистент,
Лебедева А.А.,ФМиЕН,профессор,
Алексеев Б.В.,ФУПМ,ассистент,
Попов Д.С.,ФРТ,,д.н.
Новиков З.Т.,ФМиМ,ассистент,к.н.
Семенов Л.О.,ФЭТ,доцент,к.н.
Егоров Б.В.,ФМиМ,,к.н.
Соколов Г.Н.,ФФ,ассистент,д.н.
Егоров К.М.,ФФ,ассистент,к.н.
Соколов Г.Н.,ФМиЕН,доцент,
Волков Л.О.,ФПМИ,,
Лебедева Ж.Р.,ФМиМ,доцент,
Кузнецов В.И.,ФФ,,к.н.
Козлов А.А.,ИТМО,доцент,к.н.
Иванов М.Ю.,ФФ,доцент,
Егоров З.Т.,ФМиЕН,доцент,
Лебедев А.А.,ИТМО,доцент,к.н.
Егоров Б.В.,ФМиЕН,профессор,
Козлов В.И.,ФМиМ,профессор,д.н.
Петров Ж.Р.,ФМиЕН,ассистент,
Лебедев В.И.,ФМиЕН,доцент,к.н.
Морозов А.А.,ФУПМ,профессор,к.н.
Лебедева Л.О.,ФПМИ,ассистент,
Морозов Ж.Р.,ИТМО,профессор,
Попов З.Т.,ФФ,профессор,к.н.
Морозов Л.О.,ФРТ,ассистент,к.н.
Кузнецов Д.С.,ФРТ,ассистент,
Петров К.М.,ИТМО,профессор,д.н.
Морозов И.К.,ФФ,профессор,
Семенов М.Ю.,ФИВТ,ассистент,д.н.
Попов В.И.,ФИТ,доцент,д.н.
Смирнов Ж.Р.,ФФ,профессор,д.н.
Сидоров Е.П.,ФУПМ,ассистент,
Попов В.И.,ФИТ,,
Лебедева Б.В.,ФИВТ,ассистент,д.н.
Смирнов Г.Н.,ФРТ,,д.н.
Кузнецов К.М.,ФИТ,доцент,д.н.
Морозов А.А.,ИТМО,,
Лебедева Д.С.,ФИТ,профессор,д.н.
Соколов Б.В.,ФРТ,доцент,д.н.
Петров А.А.,ФМиЕН,профессор,д.н.
Козлов З.Т.,ФМиЕН,ассистент,
Попов К.М.,ФФ,доцент,к.н.
Морозов В.И.,ФМиМ,ассистент,
Новиков Б.В.,ФПМИ,,д.н.
Смирнов Г.Н.,ФУПМ,профессор,д.н.
Морозов В.И.,ИТМО,доцент,к.н.
Иванов А.А.,ФИВТ,доцент,к.н.
Иванов Ж.Р.,ФМиМ,ассистент,д.н.
Кузнецов Д.С.,ФМиЕН,ассистент,
Егоров Г.Н.,ИТМО,,д.н.
Козлов Г.Н.,ФФ,доцент,
Волков И.К.,ФМиЕН,профессор,д.н.
Козлов В.И.,ФУПМ,профессор,
Сидоров М.Ю.,ФМиЕН,ассистент,д.н.
Козлов Ж.Р.,ФПМИ,доцент,д.н.
Лебедев З.Т.,ИТМО,,
Семенов Ж.Р.,ФФ,,к.н.
Кузнецов Л.О.,ФУПМ,профессор,д.н.
Попов Е.П.,ФМиМ,профессор,к.н.
Морозов Ж.Р.,ФИТ,,к.н.
Морозов Д.С.,ФПМИ,доцент,
Соколов А.А.,ФИТ,,д.н.
Морозов И.К.,ФФ,,д.н.
Петров Б.В.,ФУПМ,,
Попов М.Ю.,ФПМИ,,
Смирнов Л.О.,ФФ,,к.н.
Козлов М.Ю.,ФИВТ,доцент,д.н.
Лебедева Е.П.,ФИТ,профессор,
Петров К.М.,ФПМИ,профессор,к.н.
Иванов К.М.,ФЭТ,профессор,к.н.
Алексеев А.А.,ИТМО,доцент,
Соколов Л.О.,ФМиЕН,ассистент,д.н.
Новиков А.А.,ФПМИ,,к.н.
Сидоров Д.С.,ФИВТ,,
Соколов Г.Н.,ФФ,,
Козлов Ж.Р.,ФМиЕН,,д.н.
Лебедева К.М.,ФИВТ,,д.н.
Семенов Д.С.,ФМиЕН,доцент,
Волков К.М.,ФИТ,доцент,
Иванов Д.С.,ИТМО,доцент,
Лебедева Б.В.,ФФ,ассистент,д.н.
Лебедев Д.С.,ФУПМ,,
Иванов К.М.,ИТМО,ассистент,к.н.
Попов И.К.,ФФ,ассистент,
Иванов Г.Н.,ФФ,доцент,
Соколов Е.П.,ФМиЕН,ассистент,к.н.
Лебедева Е.П.,ФРТ,профессор,к.н.
Волков Д.С.,ФУПМ,профессор,
Соколов Ж.Р.,ФИВТ,,
Соколов И.К.,ФМиЕН,профессор,
Алексеев З.Т.,ФРТ,,д.н.
Морозов М.Ю.,ИТМО,ассистент,д.н.
Иванов Е.П.,ФРТ,,д.н.
Смирнов Л.О.,ФФ,профессор,к.н.
Семенов А.А.,ФМиЕН,доцент,к.н.
Смирнов Г.Н.,ИТМО,профессор,к.н.
Лебедева А.А.,ФИТ,доцент,к.н.
Алексеев В.И.,ФЭТ,,
Иванов А.А.,ФМиМ,ассистент,д.н.
Морозов Л.О.,ФИВТ,ассистент,
Петров Л.О.,ФПМИ,доцент,
Семенов М.Ю.,ФИВТ,доцент,к.н.
Морозов Е.П.,ФПМИ,доцент,к.н.
Семенов З.Т.,ФИТ,доцент,
Попов Б.В.,ИТМО,ассистент,д.н.
Алексеев И.К.,ФУПМ,ассистент,д.н.
Лебедева Е.П.,ФИТ,профессор,
Петров А.А.,ФМиЕН,доцент,
Козлов З.Т.,ФФ,,к.н.
Кузнецов З.Т.,ФЭТ,,
Козлов И.К.,ФПМИ,ассистент,
Лебедев И.К.,ФИТ,ассистент,д.н.
Кузнецов Б.В.,ФУПМ,доцент,
Петров Ж.Р.,ФИТ,доцент,к.н.
Семенов Г.Н.,ФУПМ,ассистент,к.н.
Смирнов Г.Н.,ФМиЕН,,к.н.
Морозов А.А.,ФПМИ,профессор,к.н.
Соколов Л.О.,ИТМО,доцент,
Кузнецов Ж.Р.,ФРТ,,к.н.
Семенов Г.Н.,ФИТ,доцент,
Смирнов В.И.,ФУПМ,ассистент,к.н.
Кузнецов М.Ю.,ФРТ,,
Смирнов М.Ю.,ФИТ,доцент,к.н.
Новиков А.А.,ФИТ,профессор,к.н.
Петров Е.П.,ФУПМ,профессор,
Егоров Ж.Р.,ФИТ,ассистент,
Морозов В.И.,ФЭТ,ассистент,
Егоров М.Ю.,ФИВТ,доцент,к.н.
Попов А.А.,ФЭТ,доцент,
Лебедева Д.С.,ФЭТ,профессор,д.н.
Козлов В.И.,ФИТ,доцент,д.н.
Семенов Д.С.,ИТМО,профессор,д.н.
Алексеев Е.П.,ФИВТ,ассистент,д.н.
Козлов А.А.,ИТМО,ассистент,к.н.
Волков К.М.,ФИВТ,,д.н.
Козлов Г.Н.,ФФ,,д.н.
Петров Б.В.,ФПМИ,доцент,
Попов М.Ю.,ФЭТ,доцент,д.н.
Попов Д.С.,ФФ,профессор,к.н.
Иванов З.Т.,ФМиМ,ассистент,к.н.
Сидоров И.К.,ИТМО,доцент,д.н.
Лебедева Е.П.,ФУПМ,ассистент,д.н.
Егоров И.К.,ФИВТ,ассистент,к.н.
Петров Д.С.,ФЭТ,,
Петров Л.О.,ФИТ,,д.н.
Алексеев З.Т.,ФМиМ,доцент,
Сидоров Л.О.,ФЭТ,,
Морозов Б.В.,ФИТ,ассистент,
Лебедев Е.П.,ФИВТ,доцент,
Смирнов Е.П.,ФУПМ,,д.н.
Егоров М.Ю.,ФПМИ,доцент,д.н.
Новиков З.Т.,ФИТ,профессор,
Сидоров Л.О.,ФПМИ,доцент,к.н.
Сидоров Д.С.,ФУПМ,профессор,к.н.
Егоров К.М.,ФИТ,профессор,
Егоров Е.П.,ФПМИ,доцент,
Петров И.К.,ФМиЕН,ассистент,к.н.
Лебедева Д.С.,ФПМИ,профессор,к.н.
Лебедева З.Т.,ФФ,ассистент,д.н.
Лебедева М.Ю.,ИТМО,профессор,к.н.
Сидоров М.Ю.,ИТМО,доцент,д.н.
Кузнецов Д.С.,ФФ,доцент,
Кузнецов Б.В.,ФМиЕН,доцент,к.н.
Иванов Б.В.,ФИВТ,,д.н.
Волков М.Ю.,ФМиЕН,доцент,д.н.
Соколов И.К.,ФЭТ,,к.н.
Алексеев К.М.,ФФ,доцент,
Сидоров Д.С.,ФИТ,,
Егоров Ж.Р.,ФРТ,доцент,к.н.
Семенов Г.Н.,ФФ,доцент,д.н.
Кузнецов Е.П.,ФФ,профессор,д.н.
Соколов Е.П.,ФМиЕН,,д.н.
Лебедев Б.В.,ФИВТ,ассистент,
Козлов Ж.Р.,ИТМО,доцент,к.н.
Смирнов Л.О.,ФФ,ассистент,д.н.
Кузнецов З.Т.,ФФ,доцент,
Сидоров К.М.,ФПМИ,профессор,к.н.
Лебедев Е.П.,ФМиМ,,д.н.
Смирнов А.А.,ИТМО,ассистент,
Егоров Б.В.,ФУПМ,профессор,к.н.
Петров Л.О.,ФЭТ,профессор,
Алексеев В.И.,ФФ,ассистент,к.н.
Кузнецов А.А.,ФМиЕН,,
Морозов Д.С.,ФМиЕН,,к.н.
Соколов Л.О.,ФУПМ,доцент,
Морозов Е.П.,ФМиЕН,профессор,д.н.
Семенов Г.Н.,ФПМИ,ассистент,
Петров Б.В.,ФУПМ,ассистент,
Семенов В.И.,ФУПМ,доцент,к.н.
Алексеев Ж.Р.,ФМиМ,ассистент,д.н.
Алексеев Ж.Р.,ФМиЕН,доцент,к.н.
Петров Д.С.,ФУПМ,ассистент,к.н.
Семенов Г.Н.,ФПМИ,ассистент,д.н.
Волков Л.О.,ФФ,,
Сидоров Л.О.,ФУПМ,профессор,д.н.
Попов Д.С.,ФРТ,ассистент,д.н.
Сидоров Л.О.,ФФ,ассистент,к.н.
Егоров Г.Н.,ФУПМ,доцент,д.н.
Лебедева Г.Н.,ИТМО,,
Иванов Ж.Р.,ИТМО,,к.н.
Сидоров З.Т.,ФИВТ,доцент,д.н.
Лебедев Е.П.,ФМиМ,профессор,д.н.
Иванов Г.Н.,ИТМО,доцент,
Новиков Д.С.,ФМиЕН,ассистент,
Иванов З.Т.,ИТМО,ассистент,к.н.
Сидоров А.А.,ИТМО,,д.н.
Смирнов К.М.,ФЭТ,доцент,
Козлов В.И.,ФИВТ,ассистент,д.н.
Иванов М.Ю.,ФУПМ,профессор,
Соколов Л.О.,ФПМИ,профессор,
Сидоров М.Ю.,ФЭТ,профессор,д.н.
Лебедева Б.В.,ФИТ,доцент,
Соколов А.А.,ФРТ,,
Лебедева Г.Н.,ФМиМ,ассистент,к.н.
Семенов Г.Н.,ФЭТ,доцент,
Егоров Б.В.,ИТМО,,д.н.
Петров В.И.,ФФ,доцент,д.н.
Козлов Г.Н.,ФПМИ,,д.н.
Алексеев А.А.,ФМиМ,ассистент,к.н.
Лебедев З.Т.,ФИВТ,ассистент,к.н.
Семенов Д.С.,ФИТ,доцент,д.н.
Соколов В.И.,ФИВТ,профессор,д.н.
Алексеев А.А.,ФИВТ,ассистент,д.н.
Волков В.И.,ФМиЕН,ассистент,к.н.
Волков В.И.,ФУПМ,доцент,д.н.
Лебедев Л.О.,ФФ,доцент,д.н.
Морозов К.М.,ИТМО,доцент,д.н.
Соколов Ж.Р.,ФМиЕН,доцент,д.н.
Сидоров Г.Н.,ФФ,доцент,
Егоров К.М.,ФПМИ,ассистент,д.н.
Волков Г.Н.,ФМиЕН,профессор,
Волков Л.О.,ИТМО,,
Лебедева И.К.,ФИТ,ассистент,
Новиков Б.В.,ФИТ,доцент,
Волков И.К.,ФФ,,д.н.
Семенов М.Ю.,ФФ,,д.н.
Алексеев И.К.,ФРТ,доцент,д.н.
Кузнецов Г.Н.,ФФ,доцент,к.н.
Иванов Л.О.,ИТМО,профессор,
Козлов Г.Н.,ФИТ,ассистент,к.н.
Сидоров Л.О.,ФУПМ,,к.н.
Егоров И.К.,ФМиЕН,доцент,к.н.
Новиков А.А.,ФИВТ,,д.н.
Козлов Д.С.,ФРТ,,д.н.
Новиков И.К.,ФИТ,,д.н.
Сидоров З.Т.,ФПМИ,,
Лебедева И.К.,ИТМО,доцент,к.н.
Кузнецов З.Т.,ФИВТ,профессор,к.н.
Волков Л.О.,ФИВТ,профессор,к.н.
Лебедев М.Ю.,ФФ,,к.н.
Козлов Б.В.,ФФ,профессор,д.н.
Лебедев Б.В.,ФФ,,к.н.
Лебедева Ж.Р.,ФМиЕН,,к.н.
Морозов Е.П.,ФИТ,,к.н.
Смирнов К.М.,ИТМО,,д.н.
Семенов А.А.,ФМиМ,ассистент,д.н.
Смирнов И.К.,ФУПМ,профессор,д.н.
Лебедева З.Т.,ФМиЕН,профессор,к.н.
Семенов Д.С.,ФМиМ,профессор,д.н.
Алексеев А.А.,ИТМО,профессор,
Волков М.Ю.,ИТМО,доцент,д.н.
Попов В.И.,ФЭТ,доцент,
Лебедев Л.О.,ФФ,профессор,д.н.
Волков З.Т.,ФРТ,,к.н.
Морозов К.М.,ФИВТ,доцент,
Иванов Ж.Р.,ФУПМ,доцент,к.н.
Новиков В.И.,ФУПМ,,
Петров М.Ю.,ФИТ,ассистент,
Егоров Д.С.,ФИТ,профессор,
Смирнов Е.П.,ФРТ,профессор,к.н.
Егоров Л.О.,ФМиМ,профессор,
Морозов А.А.,ФМиМ,профессор,
Петров В.И.,ФМиЕН,,к.н.
Попов К.М.,ФЭТ,,к.н.
Иванов К.М.,ФПМИ,ассистент,к.н.
Лебедев М.Ю.,ФРТ,доцент,д.н.
Иванов М.Ю.,ФИТ,ассистент,к.н.
Морозов М.Ю.,ФИВТ,профессор,
Петров Д.С.,ФРТ,ассистент,к.н.
Семенов К.М.,ФУПМ,ассистент,д.н.
Волков Б.В.,ФФ,,
Козлов Б.В.,ФЭТ,ассистент,
Кузнецов В.И.,ФМиМ,профессор,
Кузнецов Д.С.,ФРТ,ассистент,
Новиков Е.П.,ФМиМ,доцент,к.н.
Семенов Д.С.,ИТМО,,д.н.
Иванов Б.В.,ФЭТ,ассистент,к.н.
Попов Д.С.,ФПМИ,ассистент,д.н.
Петров И.К.,ФРТ,доцент,д.н.
Волков А.А.,ФИТ,,
Семенов Г.Н.,ФЭТ,профессор,д.н.
Морозов И.К.,ФФ,ассистент,
Соколов Л.О.,ФМиЕН,,д.н.
Козлов И.К.,ФМиЕН,,к.н.
Смирнов Г.Н.,ФМиМ,доцент,д.н.
Морозов И.К.,ФМиМ,доцент,д.н.
Иванов Б.В.,ФПМИ,ассистент,к.н.
Егоров К.М.,ФМиМ,доцент,
Петров Д.С.,ФИТ,доцент,к.н.
Смирнов Г.Н.,ИТМО,доцент,к.н.
Лебедев Ж.Р.,ФПМИ,профессор,к.н.
Волков Е.П.,ФМиМ,,
Кузнецов А.А.,ИТМО,профессор,д.н.
Иванов К.М.,ФПМИ,доцент,д.н.
Сидоров Д.С.,ФРТ,ассистент,д.н.
Кузнецов Е.П.,ФУПМ,,к.н.
Волков Б.В.,ФМиМ,,д.н.
Козлов М.Ю.,ФЭТ,профессор,
Морозов И.К.,ФПМИ,ассистент,к.н.
Смирнов В.И.,ФПМИ,ассистент,д.н.
Лебедев Г.Н.,ФУПМ,профессор,д.н.
Морозов Д.С.,ФМиМ,профессор,к.н.
Сидоров Ж.Р.,ФУПМ,,
Волков Г.Н.,ФПМИ,доцент,к.н.
Волков М.Ю.,ФМиМ,,
Попов М.Ю.,ФМиЕН,ассистент,
Новиков Ж.Р.,ИТМО,ассистент,д.н.
Семенов Г.Н.,ФЭТ,ассистент,
Кузнецов З.Т.,ФИВТ,,
Алексеев Б.В.,ФМиЕН,профессор,к.н.
Петров З.Т.,ФФ,ассистент,
Егоров Д.С.,ФУПМ,ассистент,
Лебедев В.И.,ФПМИ,доцент,
Лебедева К.М.,ФПМИ,ассистент,
Новиков К.М.,ФУПМ,доцент,к.н.
Иванов Г.Н.,ФПМИ,доцент,
Волков И.К.,ФПМИ,доцент,к.н.
Лебедева К.М.,ФИТ,ассистент,д.н.
Петров В.И.,ФИВТ,ассистент,к.н.
Козлов Г.Н.,ФМиЕН,,д.н.
Морозов В.И.,ФИТ,ассистент,д.н.
Алексеев И.К.,ФИТ,,к.н.
Семенов Л.О.,ФПМИ,ассистент,
Козлов Д.С.,ФФ,доцент,д.н.
Алексеев Ж.Р.,ФИВТ,,к.н.
Егоров М.Ю.,ФУПМ,,д.н.
Волков Г.Н.,ФИВТ,,к.н.
Волков А.А.,ФУПМ,,
Кузнецов Д.С.,ФФ,доцент,
Семенов В.И.,ИТМО,доцент,д.н.
Иванов А.А.,ИТМО,профессор,к.н.
Козлов А.А.,ФЭТ,профессор,к.н.
Алексеев Д.С.,ФИВТ,доцент,к.н.
Попов З.Т.,ФЭТ,ассистент,
Егоров К.М.,ФФ,доцент,к.н.
Лебедева З.Т.,ИТМО,ассистент,д.н.
Сидоров К.М.,ФУПМ,ассистент,д.н.
Лебедев Е.П.,ФМиЕН,доцент,д.н.
Лебедева Л.О.,ФПМИ,ассистент,
Морозов Л.О.,ФИВТ,ассистент,
Новиков Л.О.,ФФ,,д.н.
Козлов Л.О.,ФМиМ,ассистент,д.н.
Егоров Б.В.,ФПМИ,,к.н.
Новиков М.Ю.,ФРТ,,
Семенов Г.Н.,ФЭТ,профессор,д.н.
Новиков Д.С.,ФИВТ,профессор,
Иванов З.Т.,ФПМИ,профессор,
Сидоров М.Ю.,ФЭТ,доцент,
Алексеев В.И.,ФМиЕН,доцент,д.н.
Козлов А.А.,ФПМИ,доцент,к.н.
Кузнецов Г.Н.,ИТМО,доцент,д.н.
Иванов М.Ю.,ФИВТ,ассистент,
Иванов Л.О.,ФМиЕН,ассистент,к.н.
Волков М.Ю.,ФУПМ,доцент,
Семенов Ж.Р.,ФИВТ,,к.н.
Петров А.А.,ФМиЕН,доцент,д.н.
Лебедев З.Т.,ФФ,профессор,
Иванов А.А.,ФИТ,ассистент,
Козлов Д.С.,ФПМИ,доцент,
Волков А.А.,ФИВТ,доцент,д.н.
Попов А.А.,ИТМО,ассистент,д.н.
Петров Г.Н.,ФФ,ассистент,
Соколов Б.В.,ФИВТ,,к.н.
Волков К.М.,ФУПМ,профессор,к.н.
Егоров М.Ю.,ФИВТ,профессор,д.н.
Сидоров З.Т.,ФУПМ,профессор,
Иванов А.А.,ФРТ,доцент,к.н.
Соколов Л.О.,ФФ,ассистент,д.н.
Семенов К.М.,ИТМО,ассистент,
Попов М.Ю.,ИТМО,,д.н.
Козлов А.А.,ФПМИ,ассистент,
Новиков К.М.,ФУПМ,профессор,
Новиков И.К.,ФИВТ,доцент,
Волков Ж.Р.,ФМиМ,профессор,
Лебедев Г.Н.,ФЭТ,доцент,д.н.
Лебедев К.М.,ФУПМ,ассистент,д.н.
Алексеев Е.П.,ФИВТ,доцент,к.н.
Алексеев Л.О.,ФРТ,профессор,к.н.
Смирнов Д.С.,ФМиЕН,доцент,
Егоров В.И.,ИТМО,профессор,д.н.
Семенов В.И.,ФМиЕН,,д.н.
Кузнецов З.Т.,ФМиМ,,к.н.
Новиков А.А.,ФМиМ,профессор,к.н.
Волков Ж.Р.,ФРТ,профессор,
Козлов В.И.,ФФ,,к.н.
Петров Л.О.,ФМиМ,ассистент,
Иванов М.Ю.,ФИВТ,ассистент,
Попов Ж.Р.,ФМиЕН,ассистент,д.н.
Соколов Г.Н.,ФФ,,д.н.
Семенов К.М.,ФРТ,ассистент,к.н.
Попов Г.Н.,ФФ,профессор,д.н.
Попов К.М.,ФИТ,доцент,к.н.
Алексеев Л.О.,ФПМИ,ассистент,
Кузнецов Е.П.,ФУПМ,доцент,
Смирнов М.Ю.,ФИВТ,доцент,
Иванов З.Т.,ФРТ,,
Лебедева Л.О.,ИТМО,доцент,
Петров Г.Н.,ФМиМ,профессор,к.н.
Кузнецов В.И.,ИТМО,профессор,
Семенов А.А.,ФМиМ,ассистент,
Семенов Б.В.,ФПМИ,,
Морозов В.И.,ФРТ,профессор,к.н.
Иванов Ж.Р.,ФРТ,профессор,д.н.
Смирнов Ж.Р.,ФФ,ассистент,к.н.
Алексеев Л.О.,ФИВТ,профессор,к.н.
Волков Г.Н.,ФУПМ,доцент,д.н.
Семенов Д.С.,ФРТ,профессор,
Волков Г.Н.,ФИТ,профессор,д.н.
Сидоров З.Т.,ФМиЕН,,
Егоров Г.Н.,ФПМИ,,д.н.
Алексеев Д.С.,ФМиМ,,к.н.
Семенов К.М.,ИТМО,профессор,к.н.
Петров Б.В.,ФМиЕН,доцент,
Семенов Б.В.,ФРТ,ассистент,д.н.
Кузнецов З.Т.,ФМиМ,доцент,
Козлов Ж.Р.,ФИВТ,ассистент,д.н.
Сидоров Е.П.,ФУПМ,ассистент,к.н.
Кузнецов З.Т.,ФИТ,профессор,
Кузнецов З.Т.,ФФ,ассистент,
Волков Е.П.,ФПМИ,ассистент,
Смирнов З.Т.,ФИТ,ассистент,
Алексеев Ж.Р.,ФУПМ,профессор,
Лебедев Л.О.,ФМиМ,,к.н.
Лебедев А.А.,ФПМИ,профессор,д.н.
Соколов Г.Н.,ФПМИ,ассистент,к.н.
Лебедев В.И.,ФЭТ,профессор,
Волков Д.С.,ФФ,ассистент,к.н.
Волков М.Ю.,ФПМИ,ассистент,
Семенов Г.Н.,ФМиЕН,доцент,
Лебедева А.А.,ФМиЕН,,к.н.
Кузнецов В.И.,ФУПМ,профессор,
Семенов Б.В.,ФЭТ,,
Семенов З.Т.,ФМиЕН,доцент,д.н.
Новиков З.Т.,ИТМО,ассистент,д.н.
Кузнецов Ж.Р.,ФИВТ,,д.н.
Смирнов К.М.,ФМиМ,доцент,д.н.
Соколов Л.О.,ФИВТ,ассистент,
Егоров М.Ю.,ФИТ,доцент,
Козлов М.Ю.,ИТМО,профессор,
Иванов Е.П.,ФИТ,доцент,
Новиков В.И.,ФЭТ,ассистент,к.н.
Морозов Л.О.,ФЭТ,доцент,к.н.
Иванов И.К.,ФМиЕН,профессор,
Смирнов М.Ю.,ФЭТ,доцент,д.н.
Сидоров И.К.,ФМиМ,профессор,к.н.
Иванов Ж.Р.,ФИВТ,доцент,д.н.
Козлов М.Ю.,ФПМИ,профессор,
Егоров К.М.,ФРТ,доцент,д.н.
Лебедева Б.В.,ФУПМ,профессор,
Козлов К.М.,ФФ,,к.н.
Лебедева Д.С.,ФРТ,ассистент,д.н.
Сидоров Б.В.,ФЭТ,доцент,к.н.
Попов Б.В.,ФИТ,доцент,д.н.
Семенов З.Т.,ФМиЕН,профессор,
Иванов К.М.,ФЭТ,ассистент,к.н.
Лебедев Л.О.,ФПМИ,профессор,к.н.
Егоров Г.Н.,ФМиМ,доцент,д.н.
Новиков Б.В.,ФЭТ,профессор,к.н.
Кузнецов В.И.,ФМиЕН,,
Егоров К.М.,ФМиЕН,,к.н.
Соколов Е.П.,ФЭТ,профессор,к.н.
Волков Д.С.,ФМиМ,профессор,к.н.
Алексеев Г.Н.,ФМиЕН,ассистент,д.н.
Смирнов И.К.,ФМиМ,доцент,
Петров М.Ю.,ФУПМ,профессор,к.н.
Попов Л.О.,ФРТ,доцент,
Новиков А.А.,ИТМО,доцент,
Кузнецов К.М.,ФПМИ,ассистент,к.н.
Алексеев Г.Н.,ФИВТ,ассистент,д.н.
Смирнов К.М.,ФИВТ,профессор,
Морозов Ж.Р.,ФРТ,профессор,к.н.
Семенов И.К.,ФРТ,доцент,д.н.
Лебедева Е.П.,ФИВТ,ассистент,к.н.
Иванов Ж.Р.,ФУПМ,ассистент,
Иванов Б.В.,ФИВТ,доцент,д.н.
Новиков И.К.,ФПМИ,доцент,к.н.
Алексеев З.Т.,ФФ,профессор,
Волков З.Т.,ФРТ,профессор,
Кузнецов И.К.,ФИВТ,профессор,к.н.
Соколов Е.П.,ФМиЕН,доцент,д.н.
Смирнов Ж.Р.,ФУПМ,доцент,к.н.
Соколов Б.В.,ФМиЕН,ассистент,д.н.
Лебедев Б.В.,ФЭТ,доцент,к.н.
Сидоров К.М.,ФИВТ,профессор,д.н.
Семенов Б.В.,ФПМИ,ассистент,
Петров М.Ю.,ФРТ,профессор,
Егоров И.К.,ФИТ,ассистент,
Смирнов М.Ю.,ФЭТ,профессор,д.н.
Лебедева З.Т.,ФФ,,
Сидоров Ж.Р.,ФУПМ,профессор,к.н.
Алексеев Л.О.,ФМиМ,доцент,к.н.
Лебедев К.М.,ФМиЕН,доцент,д.н.
Соколов Б.В.,ФИВТ,,
Новиков Ж.Р.,ФМиМ,доцент,д.н.
Лебедев К.М.,ФИТ,доцент,д.н.
Семенов Ж.Р.,ФЭТ,ассистент,
Лебедев Л.О.,ФИТ,доцент,к.н.
Морозов И.К.,ФМиМ,,
Кузнецов Б.В.,ФУПМ,доцент,д.н.
Смирнов Л.О.,ФИТ,ассистент,
Петров Л.О.,ФФ,ассистент,
Лебедева Л.О.,ФУПМ,ассистент,д.н.
Соколов Д.С.,ФРТ,доцент,д.н.
Смирнов Е.П.,ФИТ,профессор,к.н.
Кузнецов Ж.Р.,ФЭТ,,д.н.
Петров Ж.Р.,ФПМИ,,
Новиков З.Т.,ФЭТ,,д.н.
Козлов Г.Н.,ФФ,ассистент,
Семенов Ж.Р.,ФИТ,ассистент,д.н.
Кузнецов Б.В.,ФИВТ,,
Егоров И.К.,ИТМО,профессор,к.н.
Кузнецов Е.П.,ФМиЕН,доцент,д.н.
Козлов М.Ю.,ФИТ,,д.н.
Сидоров З.Т.,ИТМО,доцент,д.н.
Волков Ж.Р.,ФИВТ,доцент,
Лебедева Л.О.,ФМиМ,,
Сидоров Ж.Р.,ФУПМ,профессор,к.н.
Волков Ж.Р.,ФИТ,ассистент,д.н.
Козлов Л.О.,ФРТ,профессор,
Волков Б.В.,ФИВТ,доцент,
Лебедева Л.О.,ФИВТ,ассистент,
Лебедев Б.В.,ФФ,ассистент,к.н.
Семенов З.Т.,ИТМО,,д.н.
Петров М.Ю.,ФРТ,доцент,
Лебедева Е.П.,ФИВТ,,
Лебедев К.М.,ФИВТ,,
Новиков З.Т.,ФИВТ,,д.н.
Новиков З.Т.,ФМиМ,ассистент,
Сидоров В.И.,ФМиМ,профессор,к.н.
Лебедев Ж.Р.,ФПМИ,доцент,
Волков К.М.,ФПМИ,доцент,
Попов И.К.,ФУПМ,доцент,к.н.
Новиков Ж.Р.,ФИВТ,ассистент,к.н.
Соколов Л.О.,ФИВТ,профессор,к.н.
Семенов Д.С.,ФРТ,,к.н.
Лебедева Е.П.,ФЭТ,доцент,д.н.
Лебедева К.М.,ФИТ,,
Лебедев Л.О.,ФЭТ,,д.н.
Смирнов И.К.,ФМиЕН,доцент,д.н.
Смирнов Л.О.,ФМиМ,ассистент,д.н.
Козлов К.М.,ФМиМ,доцент,
Соколов М.Ю.,ФИВТ,профессор,к.н.
Соколов И.К.,ИТМО,доцент,д.н.
Алексеев И.К.,ФЭТ,ассистент,
Алексеев К.М.,ФЭТ,,д.н.
Козлов К.М.,ФРТ,,к.н.
Семенов М.Ю.,ИТМО,профессор,
Смирнов Е.П.,ФМиМ,ассистент,к.н.
Сидоров Е.П.,ФУПМ,,
Лебедев З.Т.,ФРТ,ассистент,
Алексеев А.А.,ФМиМ,доцент,к.н.
Попов Г.Н.,ФИВТ,ассистент,д.н.
Сидоров Л.О.,ФФ,доцент,д.н.
Соколов И.К.,ФРТ,доцент,к.н.
Лебедева Л.О.,ФУПМ,доцент,д.н.
Попов И.К.,ФИТ,,
Кузнецов Л.О.,ФИТ,доцент,
Новиков Б.В.,ФПМИ,ассистент,
Егоров Б.В.,ФУПМ,доцент,
Семенов Ж.Р.,ФИВТ,доцент,д.н.
Петров З.Т.,ФИВТ,профессор,
Петров Б.В.,ФМиМ,профессор,к.н.
Петров Б.В.,ФМиМ,ассистент,к.н.
Смирнов Б.В.,ФРТ,профессор,
Лебедев К.М.,ФУПМ,ассистент,к.н.
Козлов И.К.,ФРТ,профессор,к.н.
Петров Г.Н.,ФИВТ,доцент,
Сидоров М.Ю.,ФИВТ,ассистент,к.н.
Петров М.Ю.,ФРТ,профессор,к.н.
Козлов Б.В.,ИТМО,доцент,д.н.
Козлов З.Т.,ФРТ,,д.н.
Смирнов М.Ю.,ФИВТ,,к.н.
Алексеев Ж.Р.,ФМиМ,профессор,
Иванов М.Ю.,ФИТ,доцент,д.н.
Семенов Е.П.,ФУПМ,,
Попов З.Т.,ФРТ,ассистент,к.н.
Смирнов Г.Н.,ФМиЕН,профессор,д.н.
Семенов В.И.,ФРТ,профессор,
Попов Д.С.,ФМиМ,ассистент,к.н.
Лебедева М.Ю.,ФПМИ,доцент,д.н.
Алексеев Д.С.,ФУПМ,доцент,к.н.
Морозов К.М.,ФМиМ,доцент,д.н.
Алексеев З.Т.,ФПМИ,профессор,д.н.
Смирнов Е.П.,ИТМО,ассистент,
Волков Л.О.,ФПМИ,ассистент,к.н.
Козлов К.М.,ФЭТ,доцент,д.н.
Попов К.М.,ФПМИ,,д.н.
Лебедев Г.Н.,ФРТ,,
Алексеев Б.В.,ФЭТ,доцент,к.н.
Сидоров Б.В.,ФИВТ,доцент,к.н.
Петров Б.В.,ФИВТ,,к.н.
Волков К.М.,ФПМИ,доцент,д.н.
Семенов Ж.Р.,ФРТ,доцент,к.н.
Алексеев Б.В.,ФИВТ,профессор,к.н.
Сидоров К.М.,ИТМО,ассистент,
Волков Д.С.,ФИВТ,,к.н.
Козлов М.Ю.,ФМиМ,ассистент,к.н.
Иванов Ж.Р.,ФМиМ,ассистент,к.н.
Морозов Д.С.,ФПМИ,доцент,
Иванов Л.О.,ФРТ,,
Соколов К.М.,ФФ,ассистент,д.н.
Алексеев И.К.,ФМиЕН,,
Новиков К.М.,ФИТ,профессор,
Егоров Д.С.,ФПМИ,доцент,
Козлов А.А.,ИТМО,,
Смирнов Е.П.,ФИВТ,ассистент,к.н.
Новиков М.Ю.,ФФ,доцент,к.н.
Соколов В.И.,ИТМО,,
Смирнов М.Ю.,ФИТ,профессор,д.н.
Лебедева Г.Н.,ФИВТ,ассистент,к.н.
Козлов М.Ю.,ФФ,,д.н.
Смирнов Е.П.,ФПМИ,,
Соколов Л.О.,ФИТ,доцент,
Сидоров А.А.,ФФ,профессор,
Лебедев Д.С.,ФИВТ,профессор,д.н.
Смирнов Д.С.,ФЭТ,доцент,д.н.
Егоров З.Т.,ИТМО,ассистент,к.н.
Семенов Б.В.,ФФ,профессор,к.н.
Сидоров Л.О.,ФИТ,доцент,к.н.
Лебедев Г.Н.,ФМиМ,ассистент,к.н.
Козлов Ж.Р.,ИТМО,доцент,к.н.
Смирнов Е.П.,ИТМО,доцент,
Козлов Ж.Р.,ФУПМ,,к.н.
Сидоров К.М.,ИТМО,ассистент,д.н.
Алексеев К.М.,ФУПМ,доцент,
Лебедев Ж.Р.,ФЭТ,ассистент,
Алексеев Ж.Р.,ФМиЕН,,
Волков Е.П.,ФФ,доцент,д.н.
Попов Л.О.,ФМиМ,,
Смирнов Ж.Р.,ФИВТ,доцент,к.н.
Иванов Ж.Р.,ФПМИ,доцент,д.н.
Петров К.М.,ФРТ,,к.н.
Волков Б.В.,ФПМИ,доцент,д.н.
Смирнов И.К.,ФПМИ,ассистент,к.н.
Морозов Б.В.,ИТМО,профессор,
Попов В.И.,ФИТ,ассистент,
Кузнецов Б.В.,ФИТ,ассистент,д.н.
Попов Ж.Р.,ФМиЕН,доцент,д.н.
Сидоров В.И.,ФИТ,ассистент,д.н.
Козлов А.А.,ФИВТ,ассистент,
Алексеев Е.П.,ФРТ,,д.н.
Иванов А.А.,ФФ,доцент,д.н.
Сидоров И.К.,ИТМО,доцент,
Лебедев Б.В.,ФМиМ,,д.н.
Сидоров Е.П.,ФПМИ,доцент,д.н.
Смирнов Л.О.,ФФ,,д.н.
Алексеев Ж.Р.,ФЭТ,ассистент,д.н.
Кузнецов К.М.,ИТМО,ассистент,
Алексеев Б.В.,ФПМИ,доцент,к.н.
Смирнов В.И.,ФПМИ,ассистент,
Сидоров И.К.,ФМиМ,,
Лебедев Ж.Р.,ФРТ,профессор,д.н.
Иванов К.М.,ФПМИ,профессор,
Волков И.К.,ФИВТ,доцент,к.н.
Лебедева Г.Н.,ФЭТ,ассистент,д.н.
Лебедева Е.П.,ФМиЕН,,к.н.
Попов Д.С.,ФМиЕН,,
Егоров В.И.,ФЭТ,доцент,
Кузнецов Е.П.,ИТМО,доцент,к.н.
Иванов Ж.Р.,ФРТ,ассистент,к.н.
Петров М.Ю.,ФПМИ,профессор,д.н.
Морозов А.А.,ФФ,,
Кузнецов Б.В.,ФМиМ,профессор,д.н.
Кузнецов Г.Н.,ФИТ,,д.н.
Егоров Е.П.,ФЭТ,профессор,к.н.
Сидоров А.А.,ИТМО,ассистент,к.н.
Егоров Г.Н.,ФМиМ,профессор,д.н.
Новиков М.Ю.,ФМиМ,ассистент,к.н.
Козлов И.К.,ФМиЕН,,д.н.
Семенов А.А.,ФМиЕН,ассистент,д.н.
Смирнов А.А.,ФРТ,,
Попов Л.О.,ФМиМ,ассистент,д.н.
Лебедев И.К.,ФМиЕН,профессор,
Соколов Л.О.,ФУПМ,профессор,д.н.
Лебедева Ж.Р.,ФМиМ,профессор,к.н.
Алексеев Д.С.,ФМиЕН,,
Новиков М.Ю.,ФМиМ,доцент,
Соколов Е.П.,ФПМИ,,к.н.
Попов К.М.,ФПМИ,профессор,д.н.
Лебедев А.А.,ФУПМ,профессор,к.н.
Козлов Л.О.,ФЭТ,ассистент,к.н.
Семенов В.И.,ФМиМ,профессор,
Соколов Г.Н.,ФУПМ,доцент,д.н.
Петров З.Т.,ФМиЕН,,д.н.
Смирнов К.М.,ФУПМ,ассистент,к.н.
Морозов Ж.Р.,ИТМО,,к.н.
Лебедева А.А.,ФИВТ,доцент,
Волков Г.Н.,ФИТ,доцент,к.н.
Смирнов К.М.,ФЭТ,профессор,к.н.
Семенов Ж.Р.,ФРТ,доцент,
Морозов Ж.Р.,ФИВТ,профессор,
Новиков Е.П.,ФУПМ,доцент,к.н.
Егоров Г.Н.,ФРТ,профессор,
Иванов И.К.,ФЭТ,ассистент,
Кузнецов В.И.,ФМиЕН,профессор,к.н.
Новиков Л.О.,ФПМИ,,д.н.
Иванов З.Т.,ФУПМ,,д.н.
Егоров И.К.,ФМиМ,доцент,к.н.
Кузнецов Г.Н.,ФИВТ,ассистент,к.н.
Семенов З.Т.,ФПМИ,,д.н.
Сидоров Д.С.,ФЭТ,ассистент,к.н.
Иванов К.М.,ИТМО,ассистент,
Алексеев З.Т.,ИТМО,,
Петров Ж.Р.,ФПМИ,ассистент,к.н.
Попов И.К.,ФМиЕН,доцент,к.н.
Козлов В.И.,ФУПМ,доцент,к.н.
Новиков В.И.,ФИВТ,,д.н.
Кузнецов В.И.,ФУПМ,,д.н.
Козлов И.К.,ФМиЕН,доцент,к.н.
Лебедева М.Ю.,ФРТ,профессор,д.н.
Алексеев З.Т.,ФИВТ,,д.н.
Лебедева З.Т.,ФЭТ,профессор,д.н.
Петров К.М.,ФФ,профессор,д.н.
Морозов М.Ю.,ФЭТ,,
Новиков Ж.Р.,ФУПМ,профессор,к.н.
Соколов Д.С.,ФМиЕН,профессор,к.н.
Сидоров Ж.Р.,ФИВТ,,д.н.
Кузнецов К.М.,ФПМИ,доцент,
Лебедев А.А.,ИТМО,профессор,
Егоров З.Т.,ФЭТ,,
Морозов Е.П.,ФУПМ,ассистент,д.н.
Соколов Г.Н.,ФУПМ,,
Егоров Ж.Р.,ИТМО,,к.н.
Кузнецов К.М.,ФРТ,,д.н.
Егоров Е.П.,ФМиМ,,к.н.
Смирнов Б.В.,ФРТ,ассистент,д.н.
Попов Л.О.,ФФ,ассистент,д.н.
Алексеев З.Т.,ФЭТ,профессор,д.н.
Морозов Г.Н.,ФИТ,ассистент,д.н.
Морозов З.Т.,ФПМИ,ассистент,к.н.
Соколов А.А.,ФФ,доцент,к.н.
Лебедева А.А.,ФУПМ,доцент,д.н.
Лебедев Д.С.,ФМиМ,ассистент,к.н.
Козлов М.Ю.,ФФ,ассистент,
Лебедева А.А.,ФРТ,,
Кузнецов Е.П.,ФУПМ,профессор,к.н.
Соколов М.Ю.,ИТМО,ассистент,д.н.
Смирнов З.Т.,ФРТ,,д.н.
Лебедева Е.П.,ФМиМ,ассистент,
Лебедева Б.В.,ФУПМ,доцент,
Волков Д.С.,ФЭТ,профессор,к.н.
Егоров Л.О.,ФМиМ,доцент,д.н.
Кузнецов Г.Н.,ФФ,профессор,д.н.
Волков З.Т.,ФФ,профессор,
Смирнов М.Ю.,ФЭТ,ассистент,д.н.
Сидоров Г.Н.,ФРТ,ассистент,
Семенов М.Ю.,ИТМО,доцент,д.н.
Соколов М.Ю.,ИТМО,профессор,
Попов И.К.,ФМиМ,доцент,к.н.
Сидоров З.Т.,ФРТ,профессор,д.н.
Волков К.М.,ФЭТ,,
Лебедев Г.Н.,ФМиМ,профессор,к.н.
Лебедева Д.С.,ФМиЕН,доцент,д.н.
Смирнов М.Ю.,ФМиЕН,,
Сидоров Ж.Р.,ФПМИ,доцент,д.н.
Петров Б.В.,ФИТ,доцент,
Алексеев Г.Н.,ФИВТ,ассистент,
Лебедев М.Ю.,ИТМО,профессор,к.н.
Попов К.М.,ИТМО,профессор,к.н.
Кузнецов К.М.,ФУПМ,ассистент,д.н.
Смирнов К.М.,ФРТ,,к.н.
Егоров Г.Н.,ФМиЕН,доцент,д.н.
Соколов Л.О.,ФЭТ,доцент,д.н.
Морозов Б.В.,ФИТ,доцент,д.н.
Смирнов И.К.,ФУПМ,ассистент,к.н.
Соколов И.К.,ФФ,профессор,к.н.
Соколов К.М.,ФИВТ,доцент,к.н.
Петров М.Ю.,ФЭТ,доцент,к.н.
Сидоров В.И.,ИТМО,профессор,
Семенов И.К.,ФПМИ,ассистент,д.н.
Петров Ж.Р.,ФЭТ,доцент,
Сидоров Д.С.,ФИТ,,д.н.
Петров Д.С.,ФМиЕН,доцент,д.н.
Морозов Б.В.,ФМиМ,доцент,к.н.
Иванов М.Ю.,ФПМИ,ассистент,к.н.
Козлов Г.Н.,ФМиЕН,профессор,д.н.
Петров З.Т.,ФИТ,профессор,к.н.
Волков А.А.,ФУПМ,доцент,д.н.
Новиков В.И.,ФРТ,,
Козлов Б.В.,ФРТ,доцент,
Соколов Е.П.,ФМиМ,ассистент,
Егоров Б.В.,ФРТ,,д.н.
Смирнов Д.С.,ФПМИ,,к.н.
Козлов Б.В.,ФМиЕН,,к.н.
Петров В.И.,ФИТ,профессор,к.н.
Лебедев Ж.Р.,ФИВТ,профессор,д.н.
Петров В.И.,ФИВТ,доцент,к.н.
Морозов Е.П.,ФРТ,,к.н.
Иванов В.И.,ФФ,ассистент,к.н.
Соколов Д.С.,ФИТ,профессор,д.н.
Алексеев Б.В.,ФМиЕН,профессор,к.н.
Соколов М.Ю.,ФИВТ,,к.н.
Лебедев Ж.Р.,ФМиЕН,профессор,
Кузнецов М.Ю.,ФУПМ,профессор,к.н.
Новиков З.Т.,ФРТ,,к.н.
Новиков М.Ю.,ИТМО,,к.н.
Кузнецов К.М.,ФПМИ,профессор,д.н.
Морозов К.М.,ФПМИ,профессор,к.н.
Соколов Е.П.,ФУПМ,доцент,д.н.
Семенов К.М.,ФМиМ,ассистент,
Петров В.И.,ФМиМ,ассистент,
Лебедев К.М.,ФИВТ,доцент,д.н.
Петров И.К.,ФУПМ,профессор,к.н.
Лебедева А.А.,ФМиМ,,к.н.
Сидоров Г.Н.,ФИТ,профессор,к.н.
Смирнов А.А.,ИТМО,профессор,
Соколов Е.П.,ФРТ,доцент,д.н.
Семенов З.Т.,ФРТ,доцент,д.н.
Козлов Ж.Р.,ФИВТ,доцент,к.н.
Морозов В.И.,ФУПМ,профессор,д.н.
Сидоров Л.О.,ФЭТ,,д.н.
Иванов З.Т.,ФМиЕН,доцент,д.н.
Попов И.К.,ФРТ,доцент,к.н.
Волков М.Ю.,ФМиМ,,д.н.
Попов В.И.,ФУПМ,профессор,д.н.
Новиков В.И.,ФРТ,доцент,
Новиков Б.В.,ФИТ,,к.н.
Соколов Б.В.,ФМиЕН,доцент,к.н.
Волков Б.В.,ИТМО,ассистент,к.н.
Попов К.М.,ФМиЕН,ассистент,д.н.
Смирнов Г.Н.,ИТМО,профессор,к.н.
Соколов К.М.,ФМиМ,доцент,к.н.
Волков Б.В.,ФИТ,,д.н.
Егоров М.Ю.,ФМиМ,,к.н.
Егоров М.Ю.,ИТМО,ассистент,
Морозов Л.О.,ФМиЕН,,
Кузнецов Л.О.,ФФ,доцент,
Козлов М.Ю.,ФРТ,доцент,к.н.
Семенов Ж.Р.,ФИТ,,д.н.
Лебедева З.Т.,ФМиЕН,,к.н.
Лебедева Г.Н.,ФПМИ,,д.н.
Петров В.И.,ФУПМ,профессор,
Семенов Г.Н.,ФРТ,,д.н.
Лебедева В.И.,ИТМО,профессор,к.н.
Волков В.И.,ФУПМ,ассистент,
Лебедева Е.П.,ФПМИ,доцент,д.н.
Попов Б.В.,ФИТ,доцент,к.н.
Кузнецов Е.П.,ФУПМ,ассистент,к.н.
Сидоров Ж.Р.,ФФ,ассистент,
Волков М.Ю.,ФРТ,доцент,
Козлов М.Ю.,ФПМИ,доцент,к.н.
Морозов В.И.,ФИВТ,,д.н.
Морозов Е.П.,ФРТ,профессор,д.н.
Попов К.М.,ИТМО,доцент,к.н.
Иванов М.Ю.,ФЭТ,ассистент,
Петров Ж.Р.,ФУПМ,ассистент,к.н.
Семенов В.И.,ФУПМ,,к.н.
Попов И.К.,ФРТ,,д.н.
Лебедев Ж.Р.,ФМиМ,,к.н.
Кузнецов И.К.,ФПМИ,,к.н.
Лебедева Б.В.,ФРТ,,д.н.
Смирнов З.Т.,ФПМИ,,д.н.
Попов Б.В.,ФРТ,профессор,к.н.
Морозов Ж.Р.,ФРТ,профессор,к.н.
Волков М.Ю.,ФМиЕН,ассистент,д.н.
Смирнов Г.Н.,ФУПМ,,д.н.
Кузнецов И.К.,ФПМИ,профессор,д.н.
Лебедева М.Ю.,ФФ,доцент,к.н.
Сидоров Л.О.,ФРТ,ассистент,
Егоров З.Т.,ИТМО,,к.н.
Семенов Ж.Р.,ФИВТ,,д.н.
Соколов М.Ю.,ФИТ,профессор,
Козлов К.М.,ФМиЕН,доцент,
Семенов Д.С.,ФМиМ,ассистент,к.н.
Морозов К.М.,ФМиМ,,
Новиков Е.П.,ФИВТ,доцент,
Лебедев Б.В.,ФИТ,доцент,
Иванов Ж.Р.,ФПМИ,ассистент,д.н.
Семенов Е.П.,ИТМО,ассистент,д.н.
Петров М.Ю.,ФРТ,ассистент,к.н.
Лебедев Ж.Р.,ФПМИ,доцент,д.н.
Алексеев Ж.Р.,ФУПМ,ассистент,к.н.
Лебедев З.Т.,ФУПМ,профессор,
Егоров З.Т.,ФЭТ,,к.н.
Морозов М.Ю.,ФИТ,,к.н.
Петров А.А.,ФИВТ,доцент,
Иванов Е.П.,ФИТ,доцент,
Семенов К.М.,ФИТ,доцент,
Егоров И.К.,ФФ,доцент,д.н.
Попов Е.П.,ФИВТ,доцент,д.н.
Волков И.К.,ФФ,доцент,
Морозов Д.С.,ФФ,доцент,к.н.
Сидоров З.Т.,ФУПМ,ассистент,д.н.
Семенов А.А.,ФРТ,,к.н.
Лебедев И.К.,ФЭТ,профессор,к.н.
Егоров Г.Н.,ИТМО,профессор,к.н.
Волков В.И.,ФРТ,профессор,д.н.
Новиков И.К.,ФПМИ,,к.н.
Волков Д.С.,ФИТ,профессор,к.н.
Кузнецов И.К.,ФУПМ,доцент,к.н.
Попов М.Ю.,ФМиМ,доцент,
Смирнов Д.С.,ФЭТ,профессор,
Козлов Г.Н.,ИТМО,доцент,к.н.
Алексеев Б.В.,ФРТ,ассистент,
Лебедев Л.О.,ИТМО,профессор,д.н.
Волков А.А.,ФМиЕН,доцент,к.н.
Козлов А.А.,ФМиЕН,,к.н.
Семенов М.Ю.,ФФ,ассистент,
Иванов Л.О.,ФПМИ,,
Петров Ж.Р.,ФИВТ,,к.н.
Попов Д.С.,ФФ,профессор,к.н.
Смирнов З.Т.,ФУПМ,,
Алексеев К.М.,ФИВТ,профессор,к.н.
Новиков Ж.Р.,ФИВТ,доцент,
Лебедев З.Т.,ФУПМ,доцент,к.н.
Смирнов Б.В.,ФПМИ,доцент,к.н.
Петров Д.С.,ФФ,профессор,д.н.
Петров З.Т.,ФМиМ,доцент,
Соколов Е.П.,ФМиМ,профессор,к.н.
Петров Л.О.,ФУПМ,ассистент,к.н.
Волков Е.П.,ФФ,,
Козлов Е.П.,ФФ,ассистент,
Волков К.М.,ИТМО,ассистент,
Лебедев З.Т.,ФУПМ,ассистент,
Кузнецов К.М.,ФМиМ,ассистент,
Лебедева А.А.,ФУПМ,,д.н.
Смирнов М.Ю.,ФИТ,ассистент,
Соколов Ж.Р.,ФЭТ,профессор,д.н.
Егоров Е.П.,ФМиЕН,доцент,
Соколов Е.П.,ФИТ,доцент,к.н.
Новиков А.А.,ФУПМ,,д.н.
Попов Ж.Р.,ФЭТ,,д.н.
Лебедева В.И.,ФЭТ,,д.н.
Егоров Г.Н.,ФМиЕН,ассистент,к.н.
Егоров Г.Н.,ФИВТ,,к.н.
Попов Ж.Р.,ФИВТ,ассистент,к.н.
Петров Е.П.,ФМиЕН,,д.н.
Кузнецов Ж.Р.,ФИВТ,ассистент,к.н.
Кузнецов А.А.,ФРТ,ассистент,
Кузнецов И.К.,ФУПМ,профессор,
Морозов Г.Н.,ФЭТ,ассистент,
Попов Е.П.,ФЭТ,профессор,д.н.
Попов Е.П.,ФМиМ,профессор,
Егоров В.И.,ФРТ,,к.н.
Семенов К.М.,ФУПМ,ассистент,к.н.
Иванов М.Ю.,ФМиЕН,,
Лебедева Б.В.,ФРТ,профессор,к.н.
Егоров А.А.,ФМиМ,профессор,д.н.
Егоров Д.С.,ФРТ,доцент,д.н.
Попов М.Ю.,ФЭТ,,
Смирнов И.К.,ФМиМ,ассистент,д.н.
Козлов Л.О.,ФЭТ,,
Козлов Л.О.,ФФ,профессор,
Соколов Б.В.,ФМиМ,,д.н.
Смирнов И.К.,ФИТ,ассистент,д.н.
Сидоров А.А.,ФИВТ,ассистент,д.н.
Новиков Д.С.,ФЭТ,ассистент,
Кузнецов И.К.,ФИВТ,доцент,д.н.
Петров З.Т.,ФПМИ,доцент,
Козлов Д.С.,ФЭТ,доцент,
Волков Е.П.,ФМиЕН,профессор,к.н.
Козлов Д.С.,ФИТ,ассистент,д.н.
Козлов Е.П.,ИТМО,,д.н.
Алексеев Ж.Р.,ФРТ,профессор,к.н.
Смирнов Ж.Р.,ИТМО,,
Козлов И.К.,ФМиЕН,доцент,к.н.
Лебедева В.И.,ФМиМ,профессор,д.н.
Морозов З.Т.,ИТМО,профессор,к.н.
Попов Л.О.,ФУПМ,ассистент,д.н.
Семенов М.Ю.,ФФ,ассистент,к.н.
Петров Б.В.,ФФ,доцент,к.н.
Волков В.И.,ФУПМ,,
Волков В.И.,ФРТ,ассистент,д.н.
Петров Д.С.,ФФ,профессор,к.н.
Козлов Г.Н.,ФРТ,профессор,д.н.
Петров В.И.,ФИТ,доцент,
Попов Ж.Р.,ФМиМ,,к.н.
Козлов М.Ю.,ФФ,доцент,
Козлов Б.В.,ФМиМ,,
Лебедев Л.О.,ФПМИ,доцент,к.н.
Лебедев М.Ю.,ФФ,,д.н.
Егоров К.М.,ФФ,ассистент,
Лебедев Л.О.,ФИТ,ассистент,
Попов И.К.,ИТМО,ассистент,к.н.
Кузнецов Г.Н.,ФУПМ,,
Кузнецов И.К.,ФУПМ,,
Лебедева Е.П.,ФМиЕН,,
Соколов И.К.,ФМиМ,,к.н.
Петров Б.В.,ФМиМ,,к.н.
Семенов И.К.,ФМиЕН,доцент,к.н.
Волков Ж.Р.,ФПМИ,профессор,д.н.
Соколов М.Ю.,ФУПМ,профессор,д.н.
Алексеев Е.П.,ФРТ,профессор,д.н.
Алексеев Д.С.,ФМиЕН,,
Егоров А.А.,ФПМИ,,
Морозов З.Т.,ФПМИ,профессор,к.н.
Лебедева З.Т.,ФМиМ,доцент,
Лебедев Б.В.,ФФ,профессор,к.н.
Козлов К.М.,ФЭТ,профессор,
Новиков Ж.Р.,ФИВТ,профессор,к.н.
Иванов Г.Н.,ФФ,профессор,к.н.
Попов И.К.,ФМиЕН,доцент,д.н.
Семенов Г.Н.,ФИВТ,,к.н.
Новиков К.М.,ФИТ,доцент,
Алексеев Л.О.,ФИТ,ассистент,к.н.
Соколов З.Т.,ФМиМ,,к.н.
Петров Б.В.,ФМиМ,доцент,
Соколов И.К.,ФЭТ,доцент,д.н.
Соколов Г.Н.,ФУПМ,,д.н.
Иванов Ж.Р.,ФИТ,доцент,
Лебедев Б.В.,ФУПМ,,к.н.
Егоров А.А.,ФИТ,профессор,д.н.
Петров Л.О.,ФРТ,доцент,д.н.
Новиков М.Ю.,ИТМО,,к.н.
Козлов Д.С.,ИТМО,ассистент,д.н.
Попов Ж.Р.,ИТМО,профессор,к.н.
Сидоров Д.С.,ФПМИ,профессор,к.н.
Егоров Л.О.,ФИТ,доцент,д.н.
Козлов М.Ю.,ФИВТ,профессор,д.н.
Новиков Г.Н.,ФИТ,доцент,к.н.
Лебедева К.М.,ФИВТ,ассистент,д.н.
Лебедев З.Т.,ФПМИ,доцент,д.н.
Лебедева К.М.,ИТМО,доцент,д.н.
Лебедева Б.В.,ФМиЕН,профессор,
Иванов З.Т.,ФМиЕН,доцент,д.н.
Волков Л.О.,ФПМИ,доцент,д.н.
Алексеев М.Ю.,ФФ,ассистент,
Козлов Л.О.,ФУПМ,профессор,
Иванов М.Ю.,ФРТ,ассистент,к.н.
Морозов Г.Н.,ИТМО,ассистент,к.н.
Сидоров Е.П.,ФМиМ,профессор,
Иванов А.А.,ФЭТ,ассистент,д.н.
Попов З.Т.,ФИТ,профессор,к.н.
Иванов Ж.Р.,ФФ,профессор,к.н.
Лебедев В.И.,ФЭТ,профессор,д.н.
Волков Л.О.,ФМиМ,,к.н.
Алексеев Д.С.,ИТМО,доцент,
Егоров Е.П.,ФЭТ,профессор,д.н.
Новиков Е.П.,ИТМО,ассистент,д.н.
Иванов Г.Н.,ФФ,,
Лебедев В.И.,ФИВТ,доцент,к.н.
Кузнецов К.М.,ФПМИ,ассистент,
Волков Ж.Р.,ФПМИ,,к.н.
Кузнецов Е.П.,ФПМИ,ассистент,д.н.
Волков М.Ю.,ФИТ,,д.н.
Морозов К.М.,ФЭТ,доцент,д.н.
Лебедева З.Т.,ФФ,доцент,
Кузнецов Б.В.,ФИВТ,ассистент,д.н.
Лебедева М.Ю.,ФРТ,ассистент,д.н.
Алексеев Г.Н.,ФМиМ,доцент,
Морозов М.Ю.,ФМиЕН,доцент,
Кузнецов В.И.,ФПМИ,,д.н.
Сидоров Л.О.,ФМиЕН,,
Лебедев И.К.,ФРТ,ассистент,д.н.
Кузнецов М.Ю.,ИТМО,профессор,д.н.
Новиков Л.О.,ФРТ,ассистент,к.н.
Волков З.Т.,ФЭТ,,к.н.
Волков Л.О.,ФИВТ,,д.н.
Петров Ж.Р.,ФРТ,,д.н.
Новиков И.К.,ФИТ,доцент,к.н.
Лебедев Л.О.,ФМиМ,доцент,д.н.
Смирнов Б.В.,ФПМИ,,
Егоров А.А.,ФПМИ,,д.н.
Иванов З.Т.,ФМиЕН,,д.н.
Новиков К.М.,ФФ,ассистент,к.н.
Сидоров К.М.,ФИВТ,профессор,
Иванов З.Т.,ФФ,,к.н.
Семенов Е.П.,ФФ,,
Новиков К.М.,ФИТ,ассистент,
Смирнов Ж.Р.,ФЭТ,,
Семенов Л.О.,ФИВТ,профессор,
Кузнецов Д.С.,ФЭТ,доцент,к.н.
Смирнов З.Т.,ФМиМ,доцент,к.н.
Семенов М.Ю.,ФМиМ,,
Смирнов Д.С.,ФФ,,к.н.
Попов Ж.Р.,ФПМИ,ассистент,д.н.
Волков К.М.,ИТМО,ассистент,д.н.
Алексеев И.К.,ФМиЕН,профессор,д.н.
Морозов Б.В.,ФПМИ,доцент,
Алексеев Е.П.,ФПМИ,ассистент,
Семенов Е.П.,ФМиМ,ассистент,д.н.
Морозов И.К.,ФМиМ,доцент,
Лебедева Е.П.,ФФ,доцент,к.н.
Морозов В.И.,ФРТ,ассистент,
Лебедев Б.В.,ФМиЕН,,к.н.
Петров К.М.,ФИТ,,д.н.
Морозов М.Ю.,ФИВТ,профессор,
Попов Е.П.,ФИТ,,д.н.
Егоров Л.О.,ФИТ,,к.н.
Сидоров В.И.,ФУПМ,профессор,
Попов Г.Н.,ФИВТ,профессор,д.н.
Алексеев Д.С.,ФМиЕН,ассистент,к.н.
Новиков И.К.,ФУПМ,,
Семенов Б.В.,ФИТ,профессор,д.н.
Лебедев Б.В.,ФИВТ,профессор,
Волков З.Т.,ФРТ,,к.н.
Лебедев Б.В.,ФИВТ,профессор,
Морозов И.К.,ФМиЕН,ассистент,к.н.
Кузнецов Г.Н.,ФИВТ,ассистент,д.н.
Алексеев М.Ю.,ФИВТ,доцент,д.н.
Лебедев А.А.,ФУПМ,ассистент,д.н.
Семенов Л.О.,ФМиЕН,доцент,
Семенов Ж.Р.,ФМиЕН,профессор,д.н.
Волков М.Ю.,ФФ,доцент,
Попов Ж.Р.,ФМиЕН,профессор,
Новиков Ж.Р.,ФИТ,доцент,д.н.
Лебедев И.К.,ФМиЕН,ассистент,к.н.
Козлов Д.С.,ФФ,ассистент,
Егоров Ж.Р.,ФУПМ,доцент,д.н.
Козлов Л.О.,ФФ,,д.н.
Попов Ж.Р.,ФМиЕН,,к.н.
Волков М.Ю.,ФИВТ,ассистент,д.н.
Кузнецов И.К.,ФРТ,доцент,к.н.
Семенов В.И.,ФФ,,д.н.
Попов Ж.Р.,ФПМИ,ассистент,
Кузнецов К.М.,ФИТ,профессор,к.н.
Новиков Д.С.,ФУПМ,доцент,к.н.
Соколов К.М.,ФРТ,профессор,
Волков Г.Н.,ФМиЕН,ассистент,д.н.
Алексеев З.Т.,ФПМИ,доцент,
Сидоров Л.О.,ФПМИ,,к.н.
Морозов Б.В.,ФМиЕН,ассистент,
Новиков Б.В.,ФИВТ,,д.н.
Иванов Г.Н.,ФИТ,доцент,
Морозов Е.П.,ФЭТ,доцент,к.н.
Кузнецов Ж.Р.,ФИТ,профессор,д.н.
Семенов Б.В.,ФРТ,доцент,к.н.
Иванов Б.В.,ФУПМ,доцент,
Смирнов Ж.Р.,ФПМИ,,д.н.
Соколов А.А.,ФИТ,доцент,
Лебедева З.Т.,ИТМО,,д.н.
Петров З.Т.,ФМиМ,ассистент,к.н.
Кузнецов З.Т.,ФФ,ассистент,к.н.
Соколов К.М.,ФПМИ,профессор,
Сидоров Г.Н.,ФПМИ,доцент,к.н.
Смирнов И.К.,ФИТ,ассистент,
Егоров Д.С.,ФУПМ,доцент,к.н.
Алексеев А.А.,ФЭТ,профессор,
Сидоров Е.П.,ФМиМ,доцент,д.н.
Иванов Ж.Р.,ФМиЕН,,
Сидоров Е.П.,ФИТ,доцент,к.н.
Морозов Л.О.,ФФ,доцент,д.н.
Лебедев К.М.,ФУПМ,профессор,д.н.
Кузнецов А.А.,ФРТ,ассистент,
Смирнов К.М.,ФУПМ,,к.н.
Лебедева Б.В.,ФМиЕН,доцент,д.н.
Соколов А.А.,ФПМИ,профессор,
Козлов Б.В.,ФЭТ,ассистент,к.н.
Лебедева Д.С.,ИТМО,доцент,д.н.
Соколов А.А.,ФИВТ,профессор,д.н.
Волков Д.С.,ИТМО,ассистент,к.н.
Попов Ж.Р.,ИТМО,доцент,
Кузнецов Л.О.,ИТМО,,
Алексеев М.Ю.,ИТМО,,д.н.
Петров Г.Н.,ФЭТ,профессор,
Новиков Г.Н.,ФИТ,ассистент,д.н.
Попов З.Т.,ФЭТ,доцент,
Семенов Ж.Р.,ФМиЕН,ассистент,д.н.
Сидоров Ж.Р.,ФПМИ,ассистент,к.н.
Соколов И.К.,ИТМО,ассистент,
Петров Ж.Р.,ФИВТ,доцент,к.н.
Новиков И.К.,ФМиМ,доцент,
Соколов З.Т.,ФПМИ,,к.н.
Иванов К.М.,ФФ,,д.н.
Лебедева Г.Н.,ИТМО,ассистент,к.н.
Лебедева В.И.,ФУПМ,,д.н.
Смирнов З.Т.,ФМиМ,ассистент,к.н.
Волков Г.Н.,ФФ,,к.н.
Семенов А.А.,ФМиМ,,
Новиков З.Т.,ФМиМ,доцент,
Егоров А.А.,ФМиЕН,доцент,
Алексеев И.К.,ФИТ,,д.н.
Новиков З.Т.,ФПМИ,доцент,
Морозов Е.П.,ФЭТ,ассистент,к.н.
Лебедев З.Т.,ФРТ,доцент,
Козлов И.К.,ФРТ,,
Лебедев А.А.,ИТМО,,к.н.
Алексеев И.К.,ИТМО,профессор,к.н.
Волков Г.Н.,ФИВТ,,
Морозов В.И.,ФРТ,доцент,
Иванов З.Т.,ФИТ,,к.н.
Кузнецов Д.С.,ФРТ,,
Попов М.Ю.,ФМиЕН,,д.н.
Соколов Б.В.,ФИТ,ассистент,к.н.
Иванов З.Т.,ФЭТ,,д.н.
Егоров З.Т.,ФМиМ,,д.н.
Алексеев А.А.,ФУПМ,профессор,д.н.
Сидоров А.А.,ФИТ,профессор,к.н.
Волков Е.П.,ФРТ,,к.н.
Волков Е.П.,ФМиЕН,ассистент,к.н.
Сидоров Д.С.,ФРТ,ассистент,д.н.
Морозов Е.П.,ФИВТ,,д.н.
Иванов Е.П.,ФФ,ассистент,к.н.
Сидоров К.М.,ФИВТ,ассистент,к.н.
Сидоров Д.С.,ФУПМ,ассистент,
Волков М.Ю.,ФУПМ,доцент,к.н.
Попов Б.В.,ФМиМ,,
Козлов И.К.,ФПМИ,ассистент,к.н.
Иванов А.А.,ФМиЕН,профессор,д.н.
Сидоров Л.О.,ФИТ,,к.н.
Морозов И.К.,ФПМИ,доцент,к.н.
Попов Д.С.,ИТМО,,д.н.
Попов Б.В.,ФИТ,доцент,д.н.
Сидоров Г.Н.,ФИТ,ассистент,к.н.
Иванов Б.В.,ИТМО,ассистент,д.н.
Иванов Л.О.,ИТМО,,
Алексеев Е.П.,ФМиМ,профессор,д.н.
Егоров М.Ю.,ФРТ,профессор,д.н.
Смирнов Д.С.,ИТМО,,к.н.
Соколов Б.В.,ФФ,профессор,д.н.
Морозов З.Т.,ИТМО,,
Новиков Д.С.,ИТМО,,
Сидоров К.М.,ФЭТ,,к.н.
Попов Л.О.,ИТМО,ассистент,к.н.
Лебедев В.И.,ФРТ,доцент,к.н.
Петров К.М.,ФМиЕН,профессор,
Иванов Е.П.,ФИВТ,ассистент,к.н.
Попов Ж.Р.,ФМиМ,ассистент,к.н.
Лебедева З.Т.,ФЭТ,ассистент,д.н.
Морозов Г.Н.,ФИВТ,ассистент,
Новиков К.М.,ФМиМ,ассистент,к.н.
Попов И.К.,ИТМО,ассистент,к.н.
Волков Л.О.,ФЭТ,профессор,д.н.
Морозов М.Ю.,ФИВТ,,д.н.
Сидоров Ж.Р.,ФМиЕН,ассистент,
Лебедев Л.О.,ИТМО,доцент,к.н.
Новиков И.К.,ИТМО,ассистент,
Лебедева К.М.,ФПМИ,ассистент,д.н.
Смирнов И.К.,ФРТ,,
Лебедева Б.В.,ИТМО,профессор,д.н.
Егоров Е.П.,ФИВТ,,д.н.
Лебедева Ж.Р.,ФМиЕН,доцент,к.н.
Семенов З.Т.,ФУПМ,профессор,
Алексеев З.Т.,ФПМИ,ассистент,д.н.
Алексеев Л.О.,ФФ,профессор,д.н.
Попов А.А.,ФЭТ,доцент,к.н.
Кузнецов З.Т.,ФПМИ,доцент,д.н.
Семенов И.К.,ФИВТ,,к.н.
Попов Ж.Р.,ФФ,,
Новиков З.Т.,ФМиМ,,д.н.
Сидоров Б.В.,ФИВТ,доцент,
Кузнецов Ж.Р.,ФИТ,ассистент,
Морозов Ж.Р.,ФЭТ,доцент,к.н.
Иванов Ж.Р.,ФМиЕН,профессор,к.н.
Семенов В.И.,ФИВТ,ассистент,к.н.
Попов К.М.,ФПМИ,доцент,к.н.
Козлов Д.С.,ФЭТ,доцент,
Волков Ж.Р.,ФУПМ,доцент,
Семенов В.И.,ФЭТ,ассистент,д.н.
Лебедева А.А.,ФМиЕН,ассистент,к.н.
Лебедев Б.В.,ФУПМ,,д.н.
Морозов А.А.,ФРТ,ассистент,к.н.
Волков Е.П.,ФМиМ,,к.н.
Волков В.И.,ФИТ,профессор,д.н.
Соколов Ж.Р.,ФПМИ,профессор,к.н.
Сидоров В.И.,ФМиЕН,профессор,д.н.
Волков Б.В.,ИТМО,,д.н.
Семенов М.Ю.,ФИТ,ассистент,д.н.
Семенов З.Т.,ФИТ,ассистент,
Морозов А.А.,ФУПМ,доцент,
Смирнов Е.П.,ФМиЕН,доцент,
Морозов З.Т.,ФФ,,д.н.
Егоров Е.П.,ФМиМ,ассистент,к.н.
Лебедева И.К.,ФИТ,профессор,д.н.
Лебедева Д.С.,ФПМИ,ассистент,к.н.
Лебедев И.К.,ФФ,ассистент,к.н.
Семенов З.Т.,ФУПМ,профессор,
Лебедева Е.П.,ФРТ,,к.н.
Соколов И.К.,ФУПМ,доцент,д.н.
Новиков М.Ю.,ФИВТ,ассистент,к.н.
Новиков Г.Н.,ФИТ,ассистент,
Лебедева А.А.,ФМиЕН,ассистент,
Егоров Б.В.,ФПМИ,профессор,к.н.
Смирнов М.Ю.,ФФ,,
Кузнецов К.М.,ФФ,ассистент,
Попов К.М.,ФРТ,профессор,
Алексеев А.А.,ФПМИ,профессор,к.н.
Лебедев М.Ю.,ФРТ,профессор,к.н.
Алексеев Г.Н.,ФМиЕН,профессор,к.н.
Соколов К.М.,ФФ,доцент,
Лебедев Е.П.,ФИВТ,,к.н.
Волков Б.В.,ИТМО,доцент,к.н.
Кузнецов З.Т.,ФМиЕН,ассистент,д.н.
Лебедев К.М.,ФИТ,,д.н.
Егоров Л.О.,ФФ,ассистент,к.н.
Егоров Е.П.,ИТМО,ассистент,
Новиков В.И.,ФФ,ассистент,к.н.
Козлов В.И.,ФИТ,профессор,д.н.
Волков М.Ю.,ФИВТ,ассистент,
Козлов К.М.,ФРТ,профессор,к.н.
Морозов Е.П.,ФИТ,профессор,к.н.
Сидоров Е.П.,ФРТ,профессор,д.н.
Смирнов З.Т.,ИТМО,,д.н.
Морозов Ж.Р.,ФУПМ,,д.н.
Попов И.К.,ФИТ,профессор,д.н.
Морозов М.Ю.,ФМиЕН,доцент,к.н.
Волков Л.О.,ФИВТ,профессор,
Волков М.Ю.,ФИТ,,к.н.
Алексеев Г.Н.,ФМиЕН,,д.н.
Соколов Л.О.,ФИТ,ассистент,
Попов Е.П.,ИТМО,доцент,
Иванов Д.С.,ФФ,ассистент,к.н.
Волков Д.С.,ФМиМ,,к.н.
Егоров Г.Н.,ФМиМ,профессор,к.н.
Лебедев И.К.,ФМиЕН,профессор,
Козлов З.Т.,ФЭТ,ассистент,
Алексеев Л.О.,ФИТ,доцент,к.н.
Попов К.М.,ФМиМ,ассистент,
Сидоров В.И.,ФРТ,доцент,к.н.
Егоров В.И.,ИТМО,доцент,д.н.
Петров Ж.Р.,ФМиЕН,профессор,д.н.
Морозов И.К.,ФМиЕН,доцент,д.н.
Иванов Г.Н.,ФИВТ,доцент,
Волков Ж.Р.,ФИТ,ассистент,
Семенов Е.П.,ФУПМ,ассистент,
Сидоров А.А.,ФРТ,доцент,д.н.
Егоров М.Ю.,ИТМО,профессор,д.н.
Лебедева Ж.Р.,ФЭТ,доцент,к.н.
Лебедев Д.С.,ФПМИ,,к.н.
Петров З.Т.,ФМиМ,ассистент,д.н.
Морозов Д.С.,ФУПМ,профессор,
Морозов З.Т.,ФИТ,доцент,д.н.
Новиков М.Ю.,ФУПМ,доцент,д.н.
Новиков А.А.,ФЭТ,доцент,
Иванов Е.П.,ФМиЕН,доцент,
Сидоров К.М.,ФФ,,д.н.
Соколов И.К.,ИТМО,ассистент,
Алексеев А.А.,ИТМО,ассистент,д.н.
Попов А.А.,ФРТ,,к.н.
Козлов Е.П.,ФМиМ,профессор,д.н.
Морозов Е.П.,ИТМО,,д.н.
Семенов В.И.,ФПМИ,ассистент,д.н.
Лебедева З.Т.,ИТМО,ассистент,д.н.
Соколов З.Т.,ФИТ,доцент,
Новиков К.М.,ФМиМ,ассистент,д.н.
Иванов Д.С.,ФФ,ассистент,к.н.
Козлов Л.О.,ФИТ,профессор,к.н.
Козлов Л.О.,ФМиМ,ассистент,
Лебедева Л.О.,ФУПМ,профессор,д.н.
Семенов И.К.,ФИВТ,профессор,д.н.
Кузнецов М.Ю.,ФПМИ,,к.н.
Сидоров А.А.,ФЭТ,ассистент,
Егоров Л.О.,ФФ,доцент,
Иванов В.И.,ИТМО,ассистент,
Соколов З.Т.,ФУПМ,профессор,
Лебедева Д.С.,ФИВТ,ассистент,
Петров Л.О.,ФЭТ,,
Козлов Ж.Р.,ФПМИ,профессор,
Кузнецов А.А.,ФМиЕН,профессор,
Попов К.М.,ФУПМ,доцент,д.н.
Козлов Д.С.,ФПМИ,ассистент,д.н.
Соколов Б.В.,ФМиЕН,ассистент,к.н.
Лебедев Б.В.,ФИТ,доцент,к.н.
Лебедев К.М.,ФМиМ,доцент,к.н.
Петров Ж.Р.,ФУПМ,профессор,
Новиков Л.О.,ИТМО,профессор,
Семенов Г.Н.,ФУПМ,профессор,д.н.
Сидоров Б.В.,ФУПМ,доцент,к.н.
Морозов К.М.,ФПМИ,доцент,к.н.
Соколов М.Ю.,ФПМИ,профессор,
Лебедева В.И.,ФЭТ,,
Козлов В.И.,ФИТ,,д.н.
Кузнецов Б.В.,ФЭТ,доцент,д.н.
Петров Е.П.,ФФ,,д.н.
Алексеев И.К.,ФИВТ,профессор,
Попов М.Ю.,ФФ,профессор,
Новиков Б.В.,ФУПМ,ассистент,к.н.
Сидоров Г.Н.,ФЭТ,доцент,д.н.
Морозов Ж.Р.,ФФ,,д.н.
Иванов Ж.Р.,ФРТ,профессор,к.н.
Кузнецов И.К.,ИТМО,,
Иванов Б.В.,ФПМИ,ассистент,д.н.
Петров Л.О.,ФМиМ,ассистент,
Егоров Д.С.,ФРТ,доцент,
Петров З.Т.,ФМиМ,ассистент,к.н.
Лебедев И.К.,ИТМО,профессор,к.н.
Волков К.М.,ФИВТ,,
Морозов Б.В.,ФМиЕН,,д.н.
Волков Д.С.,ФЭТ,,к.н.
Петров Б.В.,ФРТ,,д.н.
Новиков Д.С.,ФПМИ,профессор,к.н.
Новиков З.Т.,ФПМИ,профессор,к.н.
Егоров Л.О.,ФПМИ,ассистент,
Кузнецов К.М.,ФРТ,,
Лебедев З.Т.,ФМиМ,профессор,к.н.
Козлов В.И.,ФРТ,доцент,к.н.
Алексеев Г.Н.,ФРТ,,к.н.
Лебедев Г.Н.,ФМиМ,ассистент,
Новиков Д.С.,ФФ,,д.н.
Лебедев М.Ю.,ФИВТ,профессор,к.н.
Волков В.И.,ФПМИ,ассистент,д.н.
Волков И.К.,ФЭТ,профессор,
Соколов Д.С.,ФФ,доцент,
Лебедев К.М.,ФМиЕН,профессор,д.н.
Петров К.М.,ФМиМ,профессор,
Кузнецов З.Т.,ФЭТ,,д.н.
Алексеев Е.П.,ФФ,профессор,д.н.
Морозов З.Т.,ФУПМ,ассистент,
Смирнов А.А.,ФПМИ,ассистент,д.н.
Петров И.К.,ИТМО,профессор,д.н.
Лебедева А.А.,ФПМИ,профессор,к.н.
Лебедев И.К.,ФИТ,ассистент,к.н.
Новиков Б.В.,ФМиМ,,к.н.
Морозов Б.В.,ФИВТ,,
Новиков З.Т.,ФМиЕН,,
Сидоров В.И.,ФФ,,
Петров Е.П.,ФУПМ,профессор,д.н.
Козлов В.И.,ФРТ,ассистент,к.н.
Семенов Г.Н.,ФМиМ,доцент,к.н.
Иванов К.М.,ФЭТ,ассистент,к.н.
Семенов В.И.,ИТМО,ассистент,
Смирнов Г.Н.,ФМиЕН,ассистент,
Попов Г.Н.,ФИВТ,профессор,к.н.
Смирнов Г.Н.,ФИТ,ассистент,
Семенов Л.О.,ФФ,ассистент,к.н.
Новиков Б.В.,ФИВТ,ассистент,д.н.
Козлов Л.О.,ФМиЕН,профессор,к.н.
Петров Е.П.,ФРТ,ассистент,к.н.
Петров Е.П.,ФПМИ,профессор,к.н.
Кузнецов Е.П.,ИТМО,ассистент,д.н.
Иванов З.Т.,ФИВТ,,д.н.
Козлов И.К.,ФМиЕН,ассистент,
Попов М.Ю.,ФФ,доцент,
Новиков И.К.,ИТМО,ассистент,д.н.
Егоров В.И.,ФИВТ,,д.н.
Алексеев З.Т.,ФИВТ,ассистент,д.н.
Соколов Л.О.,ФИВТ,доцент,
Семенов И.К.,ФЭТ,ассистент,д.н.
Семенов К.М.,ФМиЕН,,
Волков Ж.Р.,ФПМИ,профессор,
Сидоров Б.В.,ИТМО,профессор,к.н.
Алексеев Г.Н.,ФПМИ,ассистент,д.н.
Морозов Е.П.,ФУПМ,ассистент,к.н.
Морозов Ж.Р.,ФИТ,доцент,к.н.
Егоров Ж.Р.,ФИВТ,профессор,
Кузнецов Г.Н.,ФФ,доцент,
Петров К.М.,ФЭТ,профессор,к.н.
Лебедева З.Т.,ФПМИ,ассистент,
Егоров Д.С.,ФРТ,доцент,д.н.
Кузнецов Б.В.,ФУПМ,,
Волков А.А.,ФМиМ,профессор,
Семенов В.И.,ФИТ,профессор,
Семенов А.А.,ФФ,доцент,д.н.
Иванов Ж.Р.,ФИТ,ассистент,
Волков К.М.,ФМиМ,ассистент,к.н.
Кузнецов М.Ю.,ФУПМ,профессор,д.н.
Сидоров Ж.Р.,ФУПМ,доцент,
Новиков К.М.,ФПМИ,профессор,д.н.
Волков А.А.,ФМиЕН,профессор,д.н.
Семенов К.М.,ФМиМ,профессор,к.н.
Морозов Л.О.,ФУПМ,,
Егоров М.Ю.,ФМиЕН,доцент,к.н.
Лебедева В.И.,ФМиМ,доцент,
Петров М.Ю.,ФИВТ,профессор,к.н.
Волков Л.О.,ФРТ,профессор,к.н.
Смирнов Г.Н.,ФИВТ,ассистент,к.н.
Алексеев Л.О.,ФЭТ,профессор,
Морозов Е.П.,ИТМО,доцент,д.н.
Козлов Ж.Р.,ФМиЕН,,
Егоров Ж.Р.,ИТМО,ассистент,к.н.
Соколов В.И.,ФМиМ,доцент,к.н.
Сидоров Ж.Р.,ФПМИ,,
Алексеев А.А.,ФМиМ,,к.н.
Сидоров К.М.,ИТМО,профессор,к.н.
Смирнов К.М.,ФЭТ,доцент,д.н.
Козлов М.Ю.,ФМиМ,профессор,д.н.
Алексеев М.Ю.,ФМиЕН,доцент,
Лебедев В.И.,ФПМИ,доцент,к.н.
Попов Е.П.,ФФ,доцент,к.н.
Сидоров З.Т.,ФМиМ,,
Лебедева К.М.,ФМиЕН,,к.н.
Волков К.М.,ФФ,профессор,
Лебедев К.М.,ФИВТ,,д.н.
Соколов Б.В.,ФПМИ,профессор,к.н.
Козлов Г.Н.,ФИТ,ассистент,
Алексеев Д.С.,ФФ,,к.н.
Иванов И.К.,ИТМО,,к.н.
Кузнецов М.Ю.,ФРТ,ассистент,к.н.
Иванов Ж.Р.,ФМиЕН,доцент,к.н.
Лебедева Д.С.,ФИВТ,ассистент,
Сидоров Д.С.,ФЭТ,профессор,д.н.
Егоров К.М.,ФУПМ,профессор,к.н.
Морозов А.А.,ФМиМ,,
Иванов Г.Н.,ФИТ,ассистент,
Иванов З.Т.,ИТМО,доцент,к.н.
Новиков Д.С.,ИТМО,,д.н.
Новиков В.И.,ФПМИ,,к.н.
Кузнецов Б.В.,ФУПМ,ассистент,
Морозов А.А.,ФПМИ,ассистент,к.н.
Сидоров В.И.,ИТМО,профессор,
Волков Г.Н.,ФРТ,,д.н.
Волков Б.В.,ФЭТ,,д.н.
Смирнов З.Т.,ФУПМ,,к.н.
Лебедев Е.П.,ИТМО,профессор,д.н.
Егоров Б.В.,ФРТ,,д.н.
Егоров К.М.,ФИВТ,доцент,д.н.
Лебедев И.К.,ФУПМ,,к.н.
Новиков Д.С.,ФИТ,доцент,
Смирнов Е.П.,ФЭТ,доцент,д.н.
Иванов Л.О.,ФИВТ,профессор,к.н.
Алексеев Г.Н.,ИТМО,ассистент,к.н.
Волков И.К.,ФИТ,ассистент,д.н.
Алексеев Б.В.,ФИВТ,ассистент,
Егоров Л.О.,ФФ,профессор,д.н.
Попов Е.П.,ФРТ,доцент,к.н.
Соколов Б.В.,ФИТ,профессор,
Сидоров И.К.,ФЭТ,,к.н.
Алексеев А.А.,ФИВТ,доцент,
Новиков Г.Н.,ФРТ,доцент,д.н.
Козлов Е.П.,ФПМИ,,к.н.
Егоров Е.П.,ФПМИ,,
Семенов А.А.,ФУПМ,профессор,к.н.
Егоров Г.Н.,ФИВТ,доцент,к.н.
Морозов А.А.,ИТМО,ассистент,
Егоров В.И.,ФЭТ,ассистент,
Соколов Б.В.,ИТМО,ассистент,
Новиков И.К.,ФЭТ,профессор,к.н.
Иванов Б.В.,ФИТ,ассистент,к.н.
Кузнецов Л.О.,ФПМИ,доцент,
Волков З.Т.,ФМиЕН,доцент,
Кузнецов З.Т.,ИТМО,профессор,д.н.
Новиков Д.С.,ФИВТ,,к.н.
Соколов Е.П.,ФФ,профессор,д.н.
Попов И.К.,ФЭТ,доцент,к.н.
Соколов З.Т.,ФИТ,доцент,
Козлов А.А.,ФМиЕН,,к.н.
Волков З.Т.,ФУПМ,ассистент,к.н.
Егоров В.И.,ФМиЕН,,д.н.
Сидоров З.Т.,ФИВТ,ассистент,д.н.
Иванов В.И.,ФУПМ,ассистент,
Алексеев А.А.,ФФ,ассистент,
Петров В.И.,ФРТ,ассистент,д.н.
Смирнов Ж.Р.,ФПМИ,,
Смирнов Д.С.,ИТМО,доцент,д.н.
Новиков Ж.Р.,ФИВТ,ассистент,к.н.
Алексеев Ж.Р.,ФУПМ,доцент,к.н.
Сидоров Г.Н.,ИТМО,ассистент,к.н.
Смирнов Б.В.,ФУПМ,ассистент,
Егоров В.И.,ФИВТ,ассистент,к.н.
Кузнецов Д.С.,ФИТ,профессор,
Смирнов Г.Н.,ФУПМ,ассистент,
Петров Л.О.,ФМиМ,ассистент,д.н.
Егоров Д.С.,ФПМИ,профессор,к.н.
Козлов З.Т.,ФУПМ,,д.н.
Сидоров Б.В.,ФИТ,профессор,д.н.
Морозов З.Т.,ФПМИ,ассистент,д.н.
Иванов Е.П.,ФМиМ,ассистент,д.н.
Сидоров Д.С.,ФИВТ,ассистент,д.н.
Лебедева И.К.,ФУПМ,,к.н.
Егоров И.К.,ФИВТ,доцент,
Соколов М.Ю.,ФМиМ,доцент,д.н.
Семенов В.И.,ФПМИ,профессор,к.н.
Лебедев М.Ю.,ФУПМ,профессор,
Алексеев Д.С.,ИТМО,доцент,к.н.
Петров Д.С.,ФРТ,профессор,д.н.
Егоров И.К.,ФИТ,доцент,
Попов Е.П.,ФИВТ,доцент,
Семенов Е.П.,ФИВТ,доцент,
Кузнецов Б.В.,ИТМО,профессор,
Попов В.И.,ФЭТ,ассистент,к.н.
Волков К.М.,ФФ,,
Сидоров З.Т.,ФИВТ,профессор,д.н.
Сидоров Л.О.,ФИВТ,ассистент,к.н.
Морозов А.А.,ФУПМ,ассистент,
Соколов Ж.Р.,ФМиЕН,доцент,
Козлов Л.О.,ФУПМ,профессор,к.н.
Петров К.М.,ФПМИ,ассистент,
Алексеев Е.П.,ФИТ,,к.н.
Егоров Г.Н.,ФПМИ,,
Попов К.М.,ФМиЕН,доцент,д.н.
Кузнецов Г.Н.,ФМиМ,доцент,д.н.
Лебедева Ж.Р.,ФМиМ,профессор,к.н.
Морозов К.М.,ФФ,профессор,
Соколов Б.В.,ФПМИ,,к.н.
Лебедев Ж.Р.,ФМиМ,ассистент,
Козлов Б.В.,ФФ,,к.н.
Семенов Б.В.,ФИТ,профессор,к.н.
Сидоров К.М.,ФПМИ,доцент,к.н.
Новиков Г.Н.,ИТМО,ассистент,д.н.
Смирнов З.Т.,ФМиЕН,профессор,д.н.
Семенов И.К.,ИТМО,,
Иванов Б.В.,ФИТ,профессор,
Новиков И.К.,ФИВТ,доцент,к.н.
Волков Ж.Р.,ФУПМ,,к.н.
Сидоров Б.В.,ИТМО,доцент,к.н.
Иванов В.И.,ФИТ,профессор,
Соколов Л.О.,ФМиЕН,профессор,д.н.
Сидоров Е.П.,ФРТ,ассистент,
Новиков Л.О.,ФРТ,доцент,д.н.
Волков Д.С.,ФФ,ассистент,к.н.
Лебедев К.М.,ФИВТ,доцент,к.н.
Кузнецов В.И.,ФРТ,,к.н.
Морозов И.К.,ФМиЕН,,д.н.
Иванов В.И.,ФЭТ,,
Сидоров Г.Н.,ФПМИ,ассистент,
Попов В.И.,ИТМО,ассистент,
Семенов Б.В.,ФИТ,профессор,д.н.
Козлов А.А.,ФЭТ,профессор,
Смирнов Ж.Р.,ФУПМ,,к.н.
Смирнов Д.С.,ФЭТ,,д.н.
Лебедев М.Ю.,ИТМО,,
Лебедев Д.С.,ФИТ,ассистент,к.н.
Волков Г.Н.,ФПМИ,доцент,
Волков М.Ю.,ИТМО,ассистент,к.н.
Морозов М.Ю.,ИТМО,,
Семенов Г.Н.,ФИВТ,доцент,д.н.
Петров Д.С.,ФПМИ,профессор,к.н.
Лебедев Л.О.,ФПМИ,ассистент,к.н.
Сидоров А.А.,ФИВТ,,
Лебедева Г.Н.,ФЭТ,доцент,д.н.
Новиков З.Т.,ФФ,доцент,к.н.
Алексеев Ж.Р.,ФЭТ,,д.н.
Петров В.И.,ФМиМ,,
Новиков И.К.,ФФ,,
Морозов И.К.,ИТМО,доцент,д.н.
Лебедева И.К.,ФФ,профессор,д.н.
Смирнов М.Ю.,ФМиЕН,,д.н.
Сидоров И.К.,ФИВТ,профессор,к.н.
Иванов Г.Н.,ФФ,,д.н.
Лебедева К.М.,ФМиЕН,ассистент,к.н.
Смирнов И.К.,ИТМО,ассистент,д.н.
Морозов Б.В.,ИТМО,,
Иванов Е.П.,ФМиЕН,доцент,к.н.
Иванов З.Т.,ФФ,ассистент,к.н.
Кузнецов И.К.,ИТМО,доцент,к.н.
Соколов В.И.,ФМиЕН,,д.н.
Козлов Б.В.,ФИВТ,,
Петров З.Т.,ФУПМ,,
Смирнов А.А.,ФФ,,д.н.
Лебедев З.Т.,ФФ,ассистент,
Сидоров Г.Н.,ФЭТ,доцент,д.н.
Кузнецов А.А.,ИТМО,доцент,к.н.
Алексеев Е.П.,ФРТ,ассистент,д.н.
Новиков Б.В.,ФМиМ,профессор,
Попов В.И.,ФФ,,к.н.
Сидоров Д.С.,ФФ,профессор,
Кузнецов И.К.,ФИВТ,ассистент,к.н.
Сидоров З.Т.,ФУПМ,профессор,к.н.
Новиков А.А.,ФРТ,ассистент,д.н.
Морозов К.М.,ФУПМ,профессор,
Новиков Ж.Р.,ФИТ,ассистент,д.н.
Сидоров Ж.Р.,ФМиМ,ассистент,д.н.
Лебедев Д.С.,ФФ,ассистент,д.н.
Алексеев Б.В.,ФУПМ,профессор,к.н.
Смирнов М.Ю.,ФУПМ,ассистент,
Петров Е.П.,ФЭТ,доцент,к.н.
Егоров А.А.,ФМиЕН,,д.н.
Егоров Л.О.,ФМиМ,ассистент,д.н.
Егоров Ж.Р.,ФЭТ,,к.н.
Егоров Л.О.,ФЭТ,доцент,к.н.
Козлов В.И.,ФИТ,ассистент,
Сидоров А.А.,ФИВТ,,к.н.
Попов К.М.,ФИВТ,доцент,
Егоров И.К.,ФПМИ,,д.н.
Семенов Д.С.,ФМиМ,,д.н.
Морозов Г.Н.,ФУПМ,профессор,к.н.
Козлов Д.С.,ФУПМ,ассистент,
Кузнецов Е.П.,ФМиЕН,,
Морозов А.А.,ФМиЕН,профессор,
Лебедев Ж.Р.,ФМиЕН,,д.н.
Алексеев Г.Н.,ФРТ,,
Новиков В.И.,ФИВТ,ассистент,д.н.
Морозов Е.П.,ФИТ,,к.н.
Соколов И.К.,ФМиМ,доцент,к.н.
Волков Г.Н.,ФИВТ,доцент,д.н.
Иванов К.М.,ФИВТ,ассистент,к.н.
Алексеев М.Ю.,ФИВТ,ассистент,д.н.
Волков К.М.,ФМиЕН,профессор,к.н.
Волков З.Т.,ФПМИ,профессор,к.н.
Егоров М.Ю.,ФМиМ,,д.н.
Попов Д.С.,ФФ,профессор,к.н.
Смирнов И.К.,ИТМО,,к.н.
Семенов Л.О.,ИТМО,профессор,к.н.
Соколов М.Ю.,ФМиЕН,ассистент,к.н.
Попов Д.С.,ФИВТ,,д.н.
Козлов Г.Н.,ФПМИ,ассистент,к.н.
Иванов Е.П.,ФПМИ,профессор,д.н.
Егоров Ж.Р.,ФМиМ,ассистент,
Лебедева Ж.Р.,ФФ,профессор,д.н.
Петров Е.П.,ФФ,доцент,к.н.
Лебедева Г.Н.,ФУПМ,профессор,
Алексеев М.Ю.,ИТМО,доцент,д.н.
Новиков Д.С.,ФИВТ,доцент,к.н.
Егоров Ж.Р.,ФИВТ,ассистент,д.н.
Волков Б.В.,ФПМИ,доцент,д.н.
Иванов М.Ю.,ФФ,,д.н.
Смирнов Г.Н.,ИТМО,профессор,д.н.
Кузнецов Л.О.,ФМиМ,,к.н.
Новиков Д.С.,ФФ,доцент,д.н.
Кузнецов А.А.,ФМиЕН,ассистент,д.н.
Новиков З.Т.,ФМиМ,,к.н.
Петров З.Т.,ИТМО,доцент,д.н.
Петров Б.В.,ФИВТ,доцент,к.н.
Морозов З.Т.,ФМиЕН,доцент,д.н.
Иванов Г.Н.,ФРТ,профессор,д.н.
Лебедев В.И.,ФИВТ,доцент,к.н.
Иванов М.Ю.,ФМиМ,доцент,д.н.
Попов Б.В.,ФФ,доцент,д.н.
Козлов Ж.Р.,ФИВТ,доцент,д.н.
Иванов И.К.,ФИТ,доцент,
Петров Д.С.,ФУПМ,ассистент,
Лебедева Б.В.,ФФ,доцент,
Попов В.И.,ФМиЕН,ассистент,д.н.
Попов З.Т.,ФИВТ,доцент,
Волков А.А.,ФМиМ,ассистент,д.н.
Попов Б.В.,ИТМО,доцент,к.н.
Соколов Б.В.,ФМиМ,ассистент,
Кузнецов И.К.,ФРТ,,д.н.
Новиков В.И.,ФРТ,доцент,д.н.
Алексеев Д.С.,ФИТ,доцент,
Козлов М.Ю.,ФИВТ,,д.н.
Смирнов З.Т.,ФРТ,,к.н.
Соколов В.И.,ФФ,доцент,к.н.
Волков К.М.,ФМиЕН,ассистент,
Алексеев З.Т.,ФМиЕН,профессор,д.н.
Лебедева А.А.,ФИТ,доцент,к.н.
Козлов Б.В.,ФМиЕН,доцент,д.н.
Новиков Л.О.,ФУПМ,,к.н.
Волков Е.П.,ФИВТ,доцент,д.н.
Лебедев Б.В.,ФПМИ,доцент,д.н.
Сидоров М.Ю.,ФРТ,ассистент,к.н.
Иванов Е.П.,ФУПМ,доцент,д.н.
Семенов В.И.,ФПМИ,,
Иванов Л.О.,ФИВТ,ассистент,д.н.
Новиков Л.О.,ИТМО,ассистент,
Алексеев В.И.,ФРТ,ассистент,д.н.
Новиков Г.Н.,ФМиМ,,к.н.
Смирнов З.Т.,ФЭТ,доцент,к.н.
Сидоров Л.О.,ФИВТ,,к.н.
Смирнов Е.П.,ФИВТ,ассистент,
Сидоров М.Ю.,ФЭТ,,
Кузнецов Б.В.,ИТМО,профессор,
Новиков Ж.Р.,ФФ,,д.н.
Морозов В.И.,ФПМИ,профессор,к.н.
Соколов Г.Н.,ФЭТ,,
Семенов Е.П.,ФЭТ,профессор,д.н.
Смирнов В.И.,ФИВТ,,д.н.
Иванов А.А.,ИТМО,профессор,
Сидоров Г.Н.,ФМиМ,ассистент,к.н.
Новиков К.М.,ФПМИ,доцент,д.н.
Попов Г.Н.,ФФ,ассистент,к.н.
Попов Д.С.,ИТМО,,д.н.
Сидоров Е.П.,ФРТ,,к.н.
Иванов К.М.,ФМиЕН,доцент,д.н.
Попов Ж.Р.,ФУПМ,,д.н.
Лебедева И.К.,ФМиЕН,,
Петров М.Ю.,ФПМИ,доцент,к.н.
Попов Е.П.,ФПМИ,,к.н.
Попов Л.О.,ФУПМ,доцент,д.н.
Смирнов Е.П.,ФУПМ,ассистент,к.н.
Морозов Б.В.,ФУПМ,доцент,д.н.
Егоров З.Т.,ФМиЕН,профессор,д.н.
Иванов А.А.,ФИТ,,д.н.
Новиков А.А.,ФМиЕН,ассистент,
Волков Г.Н.,ФМиЕН,доцент,к.н.
Лебедева М.Ю.,ФМиЕН,,д.н.
Волков Б.В.,ФПМИ,профессор,к.н.
Волков И.К.,ФРТ,доцент,д.н.
Морозов В.И.,ФМиМ,доцент,
Петров Л.О.,ФМиМ,доцент,
Иванов Г.Н.,ФПМИ,ассистент,к.н.
Волков Е.П.,ФФ,,д.н.
Соколов А.А.,ФЭТ,профессор,д.н.
Лебедева В.И.,ФУПМ,доцент,к.н.
Сидоров А.А.,ФФ,доцент,д.н.
Соколов А.А.,ФИТ,,к.н.
Алексеев Б.В.,ФУПМ,доцент,к.н.
Петров З.Т.,ФПМИ,доцент,к.н.
Смирнов В.И.,ФРТ,,к.н.
Лебедева З.Т.,ФУПМ,ассистент,д.н.
Сидоров Е.П.,ФМиЕН,ассистент,
Алексеев А.А.,ФМиЕН,доцент,
Егоров Ж.Р.,ФПМИ,профессор,к.н.
Морозов М.Ю.,ФМиЕН,доцент,д.н.
Петров Е.П.,ФМиМ,доцент,к.н.
Соколов Л.О.,ФФ,доцент,
Волков А.А.,ФРТ,доцент,к.н.
Петров Д.С.,ФМиМ,ассистент,д.н.
Кузнецов М.Ю.,ФРТ,доцент,к.н.
Новиков М.Ю.,ФРТ,доцент,к.н.
Лебедев Д.С.,ФРТ,профессор,к.н.
Егоров А.А.,ФМиМ,профессор,д.н.
Смирнов В.И.,ИТМО,профессор,
Волков К.М.,ФРТ,,д.н.
Соколов А.А.,ИТМО,профессор,к.н.
Козлов К.М.,ФМиМ,доцент,
Морозов М.Ю.,ФПМИ,профессор,
Семенов А.А.,ФФ,,к.н.
Морозов К.М.,ФПМИ,доцент,к.н.
Попов Ж.Р.,ФПМИ,доцент,к.н.
Кузнецов И.К.,ФИВТ,профессор,
Козлов Ж.Р.,ФЭТ,ассистент,к.н.
Соколов Ж.Р.,ФМиМ,профессор,
Алексеев Г.Н.,ИТМО,доцент,к.н.
Лебедев Б.В.,ФЭТ,,д.н.
Алексеев В.И.,ФПМИ,доцент,к.н.
Попов Е.П.,ФИВТ,доцент,к.н.
Новиков К.М.,ФЭТ,доцент,
Иванов З.Т.,ФЭТ,доцент,к.н.
Сидоров Ж.Р.,ФМиМ,профессор,
Лебедев З.Т.,ФУПМ,профессор,к.н.
Смирнов К.М.,ФЭТ,,
Соколов Д.С.,ФПМИ,ассистент,к.н.
Лебедева Г.Н.,ФМиЕН,профессор,д.н.
Лебедев А.А.,ФИВТ,,д.н.
Семенов Л.О.,ИТМО,,
Петров Д.С.,ФИВТ,профессор,
Лебедев В.И.,ФПМИ,доцент,д.н.
Морозов Е.П.,ФРТ,,
Алексеев Д.С.,ФРТ,,
Петров Е.П.,ФМиЕН,,к.н.
Семенов Е.П.,ФУПМ,профессор,д.н.
Морозов Д.С.,ФУПМ,профессор,д.н.
Попов В.И.,ФИТ,доцент,к.н.
Смирнов А.А.,ФРТ,,д.н.
Иванов Ж.Р.,ФМиМ,,к.н.
Алексеев Д.С.,ФМиЕН,,к.н.
Морозов Е.П.,ФЭТ,профессор,
Алексеев Ж.Р.,ИТМО,доцент,
Егоров М.Ю.,ФПМИ,доцент,д.н.
Морозов З.Т.,ФФ,ассистент,к.н.
Сидоров Е.П.,ФМиМ,доцент,к.н.
Попов З.Т.,ФРТ,,
Попов Е.П.,ФЭТ,профессор,д.н.
Смирнов К.М.,ФУПМ,ассистент,
Алексеев И.К.,ФПМИ,доцент,к.н.
Кузнецов Г.Н.,ИТМО,,
Морозов Б.В.,ФПМИ,ассистент,д.н.
Новиков Б.В.,ФИТ,ассистент,к.н.
Волков К.М.,ФЭТ,,
Лебедева К.М.,ФПМИ,,к.н.
Соколов Ж.Р.,ИТМО,,
Новиков К.М.,ФИТ,,к.н.
Соколов Д.С.,ФРТ,,
Соколов З.Т.,ФФ,профессор,
Волков Д.С.,ФУПМ,,д.н.
Волков А.А.,ФМиМ,профессор,
Сидоров К.М.,ФПМИ,профессор,д.н.
Волков М.Ю.,ФИВТ,профессор,
Лебедева К.М.,ФИВТ,доцент,д.н.
Морозов К.М.,ФПМИ,доцент,к.н.
Семенов З.Т.,ФИТ,доцент,к.н.
Соколов Б.В.,ФФ,ассистент,
Козлов В.И.,ФИТ,ассистент,д.н.
Лебедева Г.Н.,ФИТ,профессор,
Иванов Г.Н.,ФИТ,профессор,д.н.
Попов Ж.Р.,ФУПМ,доцент,к.н.
Кузнецов В.И.,ФУПМ,,
Иванов Б.В.,ФИВТ,ассистент,д.н.
Волков Л.О.,ФЭТ,профессор,
Кузнецов М.Ю.,ФЭТ,,
Смирнов Д.С.,ФФ,доцент,
Лебедев Д.С.,ФПМИ,профессор,д.н.
Алексеев К.М.,ФЭТ,доцент,
Алексеев З.Т.,ФУПМ,профессор,
Волков Г.Н.,ФУПМ,ассистент,к.н.
Алексеев Л.О.,ФИТ,,к.н.
Лебедев Д.С.,ФМиМ,,д.н.
Волков Ж.Р.,ФМиЕН,профессор,д.н.
Волков Г.Н.,ФИТ,профессор,д.н.
Сидоров Ж.Р.,ФФ,профессор,
Иванов И.К.,ФМиЕН,,
Сидоров И.К.,ФРТ,,
Егоров В.И.,ИТМО,доцент,к.н.
Егоров Г.Н.,ФУПМ,ассистент,д.н.
Козлов И.К.,ФФ,профессор,
Попов Д.С.,ФРТ,ассистент,к.н.
Сидоров Г.Н.,ФИТ,,д.н.
Лебедев Д.С.,ФЭТ,доцент,д.н.
Егоров Б.В.,ФМиМ,ассистент,д.н.
Козлов Б.В.,ФФ,доцент,д.н.
Иванов В.И.,ФФ,доцент,
Смирнов М.Ю.,ИТМО,профессор,к.н.
Иванов Е.П.,ФЭТ,профессор,д.н.
Соколов И.К.,ФЭТ,доцент,д.н.
Семенов Л.О.,ФЭТ,доцент,д.н.
Лебедев Г.Н.,ФРТ,профессор,
Лебедева Г.Н.,ФУПМ,ассистент,к.н.
Новиков К.М.,ФМиЕН,профессор,
Новиков Л.О.,ФУПМ,,д.н.
Козлов Г.Н.,ФЭТ,,д.н.
Алексеев М.Ю.,ИТМО,профессор,
Лебедев Ж.Р.,ФИТ,ассистент,
Морозов М.Ю.,ФМиЕН,ассистент,к.н.
Петров Г.Н.,ИТМО,ассистент,к.н.
Соколов М.Ю.,ФПМИ,ассистент,д.н.
Новиков М.Ю.,ФМиЕН,ассистент,
Новиков Г.Н.,ФИТ,,
Смирнов Б.В.,ФМиМ,профессор,
Алексеев Е.П.,ФМиМ,профессор,д.н.
Соколов Г.Н.,ФРТ,профессор,к.н.
Лебедев Е.П.,ФФ,профессор,д.н.
Лебедева И.К.,ФИТ,,
Егоров К.М.,ФМиМ,профессор,к.н.
Сидоров И.К.,ФИТ,,к.н.
Петров З.Т.,ФФ,профессор,к.н.
Егоров З.Т.,ФПМИ,профессор,к.н.
Новиков М.Ю.,ФФ,ассистент,к.н.
Егоров З.Т.,ФМиЕН,,д.н.
Иванов К.М.,ФМиМ,ассистент,
Кузнецов К.М.,ФИТ,,д.н.
Петров Ж.Р.,ФМиЕН,доцент,к.н.
Алексеев А.А.,ФИТ,ассистент,к.н.
Семенов М.Ю.,ИТМО,профессор,д.н.
Алексеев М.Ю.,ФЭТ,,к.н.
Кузнецов А.А.,ИТМО,,д.н.
Попов Г.Н.,ФМиЕН,,
Смирнов В.И.,ФУПМ,профессор,
Иванов Л.О.,ФПМИ,,к.н.
Попов З.Т.,ФФ,доцент,д.н.
Лебедев Б.В.,ФПМИ,ассистент,д.н.
Лебедева З.Т.,ФПМИ,доцент,
Попов К.М.,ФУПМ,ассистент,к.н.
Алексеев Ж.Р.,ФМиЕН,,
Петров Г.Н.,ФИВТ,профессор,
Смирнов Л.О.,ФПМИ,доцент,к.н.
Семенов М.Ю.,ФИВТ,профессор,д.н.
Волков В.И.,ФПМИ,профессор,к.н.
Попов А.А.,ИТМО,,
Егоров К.М.,ФМиЕН,профессор,к.н.
Егоров Л.О.,ФПМИ,доцент,к.н.
Лебедев А.А.,ФМиМ,доцент,
Алексеев Е.П.,ФФ,профессор,д.н.
Соколов А.А.,ФИВТ,доцент,д.н.
Кузнецов К.М.,ФУПМ,профессор,д.н.
Лебедева Е.П.,ИТМО,доцент,
Новиков А.А.,ИТМО,доцент,
Петров З.Т.,ФИВТ,доцент,д.н.
Морозов Е.П.,ФИТ,профессор,д.н.
Смирнов Л.О.,ФИВТ,доцент,
Семенов Д.С.,ФМиМ,профессор,к.н.
Соколов Л.О.,ФРТ,доцент,
Алексеев В.И.,ФИВТ,ассистент,
Козлов И.К.,ФМиМ,доцент,к.н.
Лебедева З.Т.,ФМиЕН,доцент,
Козлов З.Т.,ФФ,ассистент,д.н.
Морозов З.Т.,ФМиЕН,профессор,
Лебедева Л.О.,ФИВТ,профессор,к.н.
Иванов К.М.,ФФ,ассистент,
Егоров В.И.,ФИТ,ассистент,к.н.
Егоров М.Ю.,ФМиЕН,профессор,
Соколов Л.О.,ИТМО,доцент,к.н.
Кузнецов Г.Н.,ФФ,доцент,д.н.
Лебедев Б.В.,ФМиМ,профессор,к.н.
Иванов В.И.,ИТМО,ассистент,
Алексеев В.И.,ФРТ,,
Сидоров Л.О.,ИТМО,,к.н.
Смирнов В.И.,ФЭТ,ассистент,к.н.
Лебедев Е.П.,ФИТ,доцент,к.н.
Волков З.Т.,ИТМО,профессор,к.н.
Морозов М.Ю.,ФРТ,доцент,д.н.
Кузнецов Е.П.,ФПМИ,ассистент,к.н.
Волков К.М.,ФИВТ,доцент,
Алексеев Б.В.,ФМиМ,,
Попов Г.Н.,ФИВТ,,
Егоров К.М.,ФУПМ,профессор,д.н.
Алексеев Б.В.,ФЭТ,,к.н.
Козлов А.А.,ФЭТ,доцент,к.н.
Семенов З.Т.,ФРТ,доцент,д.н.
Сидоров И.К.,ИТМО,профессор,к.н.
Лебедев Б.В.,ФУПМ,ассистент,д.н.
Сидоров М.Ю.,ФПМИ,,д.н.
Семенов И.К.,ФИВТ,,д.н.
Новиков Л.О.,ФПМИ,ассистент,
Морозов В.И.,ФИТ,доцент,
Лебедева Е.П.,ФИТ,ассистент,к.н.
Семенов Е.П.,ФУПМ,доцент,д.н.
Лебедева Г.Н.,ФЭТ,профессор,д.н.
Попов З.Т.,ФЭТ,доцент,к.н.
Иванов З.Т.,ФМиЕН,доцент,
Алексеев Е.П.,ФУПМ,профессор,д.н.
Алексеев Б.В.,ФПМИ,профессор,д.н.
Сидоров Г.Н.,ФФ,профессор,д.н.
Петров Е.П.,ФМиЕН,доцент,д.н.
Морозов М.Ю.,ФФ,доцент,
Кузнецов И.К.,ФФ,профессор,д.н.
Соколов А.А.,ИТМО,,
Кузнецов В.И.,ФЭТ,профессор,д.н.
Сидоров Г.Н.,ФМиМ,профессор,д.н.
Попов Ж.Р.,ФЭТ,ассистент,к.н.
Морозов Е.П.,ИТМО,доцент,
Смирнов З.Т.,ИТМО,ассистент,к.н.
Семенов М.Ю.,ФУПМ,,д.н.
Егоров А.А.,ФМиЕН,ассистент,д.н.
Кузнецов К.М.,ФИТ,профессор,д.н.
Сидоров Ж.Р.,ФМиЕН,доцент,
Соколов Д.С.,ФИВТ,профессор,к.н.
Новиков А.А.,ФУПМ,доцент,к.н.
Семенов Б.В.,ФИВТ,,д.н.
Смирнов М.Ю.,ФМиЕН,,к.н.
Иванов М.Ю.,ФИТ,профессор,
Сидоров И.К.,ФЭТ,профессор,
Попов Г.Н.,ФЭТ,доцент,д.н.
Попов Л.О.,ФИВТ,профессор,д.н.
Лебедев Ж.Р.,ФМиЕН,доцент,д.н.
Новиков Д.С.,ФМиМ,профессор,
Лебедев Ж.Р.,ФПМИ,доцент,к.н.
Сидоров Е.П.,ФУПМ,доцент,
Лебедева Д.С.,ФИВТ,доцент,к.н.
Смирнов И.К.,ФФ,,д.н.
Соколов В.И.,ФИВТ,ассистент,к.н.
Семенов Ж.Р.,ФИВТ,ассистент,к.н.
Алексеев А.А.,ФФ,,к.н.
Егоров Ж.Р.,ИТМО,профессор,
Алексеев Л.О.,ФУПМ,,д.н.
Смирнов В.И.,ФИВТ,,д.н.
Кузнецов Б.В.,ФУПМ,ассистент,к.н.
Смирнов З.Т.,ФПМИ,ассистент,к.н.
Волков Б.В.,ФМиМ,ассистент,д.н.
Лебедев М.Ю.,ФФ,ассистент,к.н.
Козлов Г.Н.,ФМиМ,профессор,д.н.
Лебедева Б.В.,ФИВТ,профессор,д.н.
Волков К.М.,ФМиЕН,,
Лебедева Л.О.,ФМиЕН,профессор,
Лебедев М.Ю.,ФМиЕН,,
Попов Д.С.,ФМиЕН,доцент,д.н.
Козлов М.Ю.,ФФ,,д.н.
Лебедев Б.В.,ФРТ,доцент,
Алексеев И.К.,ФИВТ,ассистент,к.н.
Попов Ж.Р.,ФМиЕН,профессор,д.н.
Морозов Л.О.,ИТМО,доцент,к.н.
Козлов К.М.,ФПМИ,профессор,
Егоров Г.Н.,ФЭТ,профессор,к.н.
Алексеев Г.Н.,ФРТ,доцент,к.н.
Попов В.И.,ФИВТ,доцент,
Иванов И.К.,ФПМИ,доцент,к.н.
Новиков А.А.,ФМиЕН,доцент,д.н.
Соколов К.М.,ФРТ,доцент,к.н.
Сидоров К.М.,ИТМО,профессор,к.н.
Лебедев Е.П.,ФУПМ,,
Семенов В.И.,ФИТ,,д.н.
Смирнов Д.С.,ФРТ,,
Морозов К.М.,ФМиЕН,доцент,
Смирнов М.Ю.,ФЭТ,ассистент,д.н.
Петров Б.В.,ФРТ,профессор,д.н.
Смирнов М.Ю.,ФИВТ,,д.н.
Егоров З.Т.,ФПМИ,,
Сидоров Г.Н.,ФФ,,д.н.
Алексеев Г.Н.,ФФ,,д.н.
Лебедева И.К.,ФИВТ,профессор,д.н.
Лебедева М.Ю.,ФМиЕН,,д.н.
Лебедев З.Т.,ФЭТ,профессор,д.н.
Сидоров Л.О.,ФМиМ,профессор,
Иванов А.А.,ФПМИ,доцент,к.н.
Лебедева Е.П.,ФМиМ,ассистент,к.н.
Семенов И.К.,ФИТ,доцент,д.н.
Лебедева Л.О.,ФПМИ,,
Семенов М.Ю.,ФФ,профессор,д.н.
Кузнецов Л.О.,ФПМИ,доцент,
Иванов К.М.,ФУПМ,,д.н.
Егоров И.К.,ФРТ,ассистент,к.н.
Лебедева Ж.Р.,ФРТ,доцент,к.н.
Козлов Д.С.,ФЭТ,доцент,
Петров З.Т.,ФМиЕН,доцент,д.н.
Петров М.Ю.,ФФ,ассистент,
Иванов Б.В.,ФФ,профессор,д.н.
Сидоров Б.В.,ИТМО,ассистент,
Козлов Л.О.,ФМиЕН,ассистент,д.н.
Новиков К.М.,ФМиМ,ассистент,д.н.
Иванов Л.О.,ФЭТ,профессор,к.н.
Смирнов Л.О.,ФФ,профессор,
Петров А.А.,ФПМИ,профессор,д.н.
Новиков И.К.,ФРТ,профессор,д.н.
Смирнов З.Т.,ФМиЕН,,д.н.
Сидоров В.И.,ФМиМ,ассистент,
Смирнов А.А.,ФМиМ,,д.н.
Лебедев Л.О.,ФМиМ,профессор,д.н.
Морозов Ж.Р.,ФИВТ,профессор,
Попов Л.О.,ФМиМ,ассистент,
Новиков З.Т.,ФПМИ,профессор,д.н.
Смирнов М.Ю.,ФЭТ,доцент,к.н.
Алексеев Е.П.,ФИВТ,ассистент,к.н.
Смирнов К.М.,ФРТ,профессор,
Петров В.И.,ФМиЕН,ассистент,к.н.
Морозов А.А.,ФМиЕН,доцент,д.н.
Кузнецов Ж.Р.,ФМиМ,ассистент,д.н.
Егоров Л.О.,ФИТ,ассистент,д.н.
Попов З.Т.,ФРТ,доцент,
Егоров Г.Н.,ФФ,доцент,д.н.
Попов Е.П.,ФФ,доцент,
Иванов Б.В.,ИТМО,,д.н.
Смирнов Л.О.,ФИТ,ассистент,к.н.
Семенов В.И.,ИТМО,доцент,д.н.
Смирнов И.К.,ИТМО,профессор,к.н.
Смирнов Е.П.,ФФ,ассистент,д.н.
Егоров М.Ю.,ФИВТ,доцент,к.н.
Лебедева Г.Н.,ИТМО,ассистент,к.н.
Егоров В.И.,ФМиМ,профессор,к.н.
Лебедева К.М.,ФМиЕН,доцент,
Алексеев И.К.,ФРТ,профессор,
Петров Г.Н.,ФМиЕН,,д.н.
Петров Ж.Р.,ФМиМ,доцент,д.н.
Егоров З.Т.,ФМиМ,,д.н.
Лебедева И.К.,ФЭТ,ассистент,
Попов Л.О.,ФФ,ассистент,к.н.
Сидоров Ж.Р.,ФИТ,доцент,
Лебедева В.И.,ФПМИ,ассистент,
Лебедев А.А.,ИТМО,,д.н.
Смирнов Е.П.,ИТМО,профессор,к.н.
Волков Ж.Р.,ФРТ,,д.н.
Иванов Д.С.,ФРТ,,д.н.
Петров Л.О.,ФИТ,,
Лебедева И.К.,ФПМИ,,к.н.
Семенов Ж.Р.,ФЭТ,доцент,
Морозов А.А.,ФЭТ,,д.н.
Иванов Ж.Р.,ФИВТ,ассистент,д.н.
Лебедев В.И.,ФЭТ,доцент,д.н.
Алексеев Г.Н.,ФИВТ,ассистент,к.н.
Лебедева И.К.,ФЭТ,профессор,
Козлов Г.Н.,ФУПМ,,
Лебедев Б.В.,ФУПМ,,
Новиков М.Ю.,ФРТ,доцент,д.н.
Алексеев А.А.,ФПМИ,профессор,
Кузнецов Д.С.,ФУПМ,профессор,к.н.
Алексеев А.А.,ИТМО,доцент,к.н.
Сидоров К.М.,ФПМИ,ассистент,к.н.
Соколов Е.П.,ФИВТ,ассистент,
Новиков Б.В.,ИТМО,доцент,д.н.
Алексеев Г.Н.,ФЭТ,профессор,к.н.
Петров В.И.,ФИТ,профессор,
Морозов В.И.,ФПМИ,доцент,к.н.
Морозов И.К.,ФМиМ,профессор,д.н.
Егоров Л.О.,ФУПМ,профессор,к.н.
Алексеев И.К.,ФИТ,доцент,
Кузнецов М.Ю.,ФУПМ,доцент,д.н.
Иванов З.Т.,ФФ,доцент,к.н.
Волков К.М.,ФУПМ,доцент,
Семенов Е.П.,ФФ,ассистент,
Кузнецов Д.С.,ФУПМ,профессор,к.н.
Новиков З.Т.,ФРТ,,
Козлов В.И.,ФУПМ,,к.н.
Кузнецов Е.П.,ФМиЕН,доцент,
Смирнов Г.Н.,ФУПМ,доцент,
Лебедев М.Ю.,ФИТ,ассистент,
Попов Д.С.,ФМиЕН,ассистент,
Смирнов К.М.,ФРТ,доцент,д.н.
Егоров Г.Н.,ФПМИ,доцент,к.н.
Соколов Г.Н.,ФПМИ,доцент,к.н.
Егоров М.Ю.,ФУПМ,профессор,к.н.
Кузнецов Б.В.,ФУПМ,ассистент,д.н.
Егоров З.Т.,ФПМИ,доцент,к.н.
Семенов Б.В.,ФФ,доцент,
Волков В.И.,ФМиМ,профессор,
Волков З.Т.,ФИВТ,,д.н.
Иванов И.К.,ФФ,профессор,
Смирнов М.Ю.,ФФ,,
Попов Е.П.,ФПМИ,доцент,
Лебедева Е.П.,ФМиЕН,доцент,к.н.
Сидоров М.Ю.,ФМиМ,ассистент,
Петров А.А.,ФМиЕН,ассистент,к.н.
Егоров Ж.Р.,ФФ,ассистент,д.н.
Новиков И.К.,ФЭТ,,д.н.
Волков М.Ю.,ФПМИ,,д.н.
Новиков Б.В.,ФИТ,ассистент,к.н.
Соколов А.А.,ИТМО,,д.н.
Лебедев М.Ю.,ФРТ,ассистент,
Козлов Г.Н.,ФФ,доцент,д.н.
Семенов Д.С.,ФПМИ,доцент,д.н.
Семенов И.К.,ФИТ,профессор,д.н.
Петров К.М.,ФЭТ,,к.н.
Семенов З.Т.,ФИТ,профессор,
Попов К.М.,ИТМО,профессор,к.н.
Сидоров В.И.,ФФ,профессор,к.н.
Петров Б.В.,ФМиМ,,к.н.
Кузнецов Ж.Р.,ФИТ,доцент,
Соколов Г.Н.,ИТМО,ассистент,д.н.
Соколов Е.П.,ИТМО,,
Сидоров Д.С.,ФИТ,,к.н.
Лебедева И.К.,ФЭТ,,д.н.
Петров Е.П.,ИТМО,доцент,
Лебедев И.К.,ФИВТ,ассистент,к.н.
Сидоров Л.О.,ИТМО,доцент,к.н.
Лебедев В.И.,ФМиМ,,к.н.
Соколов И.К.,ФМиМ,,к.н.
Алексеев А.А.,ИТМО,,
Соколов З.Т.,ФЭТ,доцент,к.н.
Алексеев М.Ю.,ФЭТ,ассистент,
Волков К.М.,ФМиЕН,ассистент,
Соколов А.А.,ФМиМ,ассистент,д.н.
Волков И.К.,ФИВТ,ассистент,д.н.
Алексеев М.Ю.,ФЭТ,доцент,д.н.
Новиков А.А.,ФИВТ,,к.н.
Новиков М.Ю.,ФМиЕН,профессор,к.н.
Кузнецов Д.С.,ФМиЕН,,
Новиков Е.П.,ФИТ,,к.н.
Алексеев Л.О.,ФМиЕН,доцент,к.н.
Сидоров Ж.Р.,ФЭТ,,
Лебедев А.А.,ФПМИ,ассистент,д.н.
Смирнов В.И.,ФМиМ,профессор,
Семенов Ж.Р.,ИТМО,профессор,
Петров М.Ю.,ФИТ,профессор,д.н.
Соколов Б.В.,ФМиМ,профессор,д.н.
Лебедева М.Ю.,ФЭТ,профессор,д.н.
Морозов Ж.Р.,ФЭТ,,к.н.
Иванов В.И.,ФИТ,ассистент,д.н.
Кузнецов Б.В.,ФРТ,профессор,д.н.
Лебедева Б.В.,ФИТ,ассистент,к.н.
Морозов А.А.,ФПМИ,доцент,к.н.
Попов В.И.,ФИТ,,к.н.
Алексеев К.М.,ИТМО,ассистент,д.н.
Семенов В.И.,ИТМО,доцент,
Козлов Г.Н.,ФЭТ,,
Козлов В.И.,ФПМИ,ассистент,к.н.
Попов М.Ю.,ФУПМ,,к.н.
Кузнецов М.Ю.,ФПМИ,доцент,д.н.
Кузнецов В.И.,ФУПМ,ассистент,к.н.
Алексеев Ж.Р.,ФИВТ,,
Кузнецов М.Ю.,ФИВТ,,
Козлов З.Т.,ФРТ,,д.н.
Петров Д.С.,ФРТ,,д.н.
Лебедева З.Т.,ФМиМ,,к.н.
Новиков И.К.,ФПМИ,,к.н.
Попов И.К.,ФМиЕН,доцент,к.н.
Егоров Л.О.,ИТМО,профессор,к.н.
Попов Б.В.,ФИВТ,доцент,
Смирнов Д.С.,ФПМИ,профессор,
Петров Д.С.,ФУПМ,доцент,к.н.
Сидоров А.А.,ФМиМ,,д.н.
Лебедев З.Т.,ФИТ,доцент,к.н.
Алексеев Б.В.,ИТМО,профессор,
Козлов И.К.,ФУПМ,,д.н.
Смирнов З.Т.,ФИТ,,
Алексеев А.А.,ФПМИ,доцент,к.н.
Алексеев Д.С.,ФУПМ,профессор,к.н.
Волков Л.О.,ИТМО,доцент,д.н.
Попов Д.С.,ФМиЕН,доцент,
Козлов Л.О.,ФМиМ,,к.н.
Егоров Е.П.,ФМиМ,доцент,д.н.
Соколов Л.О.,ФПМИ,,д.н.
Смирнов Д.С.,ФМиЕН,профессор,д.н.
Лебедева А.А.,ИТМО,,д.н.
Алексеев А.А.,ФИВТ,профессор,к.н.
Смирнов Б.В.,ФРТ,доцент,д.н.
Новиков З.Т.,ФМиЕН,профессор,к.н.
Иванов М.Ю.,ФМиМ,,
Кузнецов Е.П.,ФЭТ,,д.н.
Волков В.И.,ФЭТ,,
Алексеев Ж.Р.,ФПМИ,,д.н.
Морозов Е.П.,ФМиЕН,ассистент,
Кузнецов Ж.Р.,ФУПМ,профессор,к.н.
Кузнецов Л.О.,ФРТ,доцент,д.н.
Петров М.Ю.,ФМиМ,ассистент,к.н.
Попов Б.В.,ФУПМ,профессор,к.н.
Козлов М.Ю.,ФИТ,ассистент,к.н.
Соколов З.Т.,ФИТ,профессор,к.н.
Козлов Б.В.,ФФ,,к.н.
Иванов А.А.,ФИТ,,д.н.
Лебедев Ж.Р.,ФПМИ,доцент,к.н.
Морозов В.И.,ФРТ,,к.н.
Лебедев Ж.Р.,ФЭТ,ассистент,к.н.
Алексеев К.М.,ФПМИ,профессор,к.н.
Семенов Б.В.,ФИТ,ассистент,к.н.
Кузнецов Д.С.,ФПМИ,ассистент,д.н.
Семенов А.А.,ФУПМ,доцент,д.н.
Семенов М.Ю.,ФИТ,,
Алексеев Г.Н.,ИТМО,,д.н.
Лебедева Е.П.,ФИВТ,ассистент,д.н.
Лебедева Г.Н.,ФИВТ,профессор,д.н.
Новиков Л.О.,ИТМО,доцент,к.н.
Козлов И.К.,ФРТ,ассистент,к.н.
Лебедева Ж.Р.,ФМиЕН,доцент,к.н.
Петров М.Ю.,ФЭТ,,
Алексеев А.А.,ФПМИ,ассистент,к.н.
Морозов Ж.Р.,ФРТ,ассистент,
Новиков Ж.Р.,ФПМИ,ассистент,
Попов Ж.Р.,ФИТ,,к.н.
Соколов Л.О.,ФФ,доцент,к.н.
Попов А.А.,ФМиЕН,,
Смирнов М.Ю.,ИТМО,доцент,д.н.
Алексеев Л.О.,ФМиЕН,ассистент,к.н.
Морозов В.И.,ФРТ,профессор,
Кузнецов В.И.,ФМиМ,,к.н.
Егоров А.А.,ФПМИ,ассистент,к.н.
Егоров К.М.,ФПМИ,доцент,
Сидоров И.К.,ФПМИ,ассистент,
Петров И.К.,ФМиМ,доцент,
Алексеев Б.В.,ФИТ,ассистент,
Смирнов М.Ю.,ФЭТ,,
Лебедев Ж.Р.,ФМиЕН,ассистент,к.н.
Иванов Д.С.,ФИТ,профессор,
Семенов Л.О.,ФИТ,,д.н.
Козлов А.А.,ФРТ,профессор,д.н.
Козлов З.Т.,ФЭТ,профессор,
Иванов В.И.,ИТМО,,
Лебедев А.А.,ФИВТ,ассистент,
Морозов К.М.,ФПМИ,,к.н.
Морозов Л.О.,ФМиМ,профессор,к.н.
Иванов Е.П.,ФПМИ,профессор,д.н.
Сидоров Г.Н.,ФИВТ,ассистент,к.н.
Смирнов Б.В.,ФПМИ,,д.н.
Лебедев В.И.,ФМиЕН,ассистент,к.н.
Петров К.М.,ФМиМ,,д.н.
Новиков Ж.Р.,ФРТ,доцент,д.н.
Лебедева Д.С.,ФМиЕН,ассистент,д.н.
Егоров К.М.,ФЭТ,доцент,к.н.
Петров Д.С.,ФМиЕН,ассистент,
Новиков М.Ю.,ФМиЕН,профессор,д.н.
Лебедева З.Т.,ФУПМ,доцент,
Сидоров И.К.,ФИВТ,ассистент,д.н.
Волков А.А.,ФИВТ,,
Попов Ж.Р.,ФФ,доцент,к.н.
Егоров В.И.,ФПМИ,доцент,к.н.
Смирнов М.Ю.,ФИВТ,профессор,
Лебедева В.И.,ФМиМ,профессор,
Сидоров Г.Н.,ФУПМ,,д.н.
Петров К.М.,ФМиМ,доцент,
Петров Б.В.,ФИВТ,профессор,к.н.
Петров В.И.,ФМиМ,профессор,к.н.
Кузнецов Л.О.,ФМиЕН,профессор,д.н.
Соколов З.Т.,ФПМИ,доцент,
Лебедева Б.В.,ФПМИ,ассистент,
Смирнов З.Т.,ФПМИ,доцент,
Егоров И.К.,ФРТ,доцент,
Семенов М.Ю.,ФМиЕН,профессор,к.н.
Лебедева Б.В.,ФИТ,профессор,к.н.
Новиков И.К.,ФПМИ,профессор,
Алексеев Д.С.,ФМиЕН,ассистент,к.н.
Лебедева Л.О.,ФУПМ,ассистент,
Попов Б.В.,ФИВТ,,
Егоров З.Т.,ФМиМ,профессор,д.н.
Смирнов И.К.,ФМиЕН,,
Лебедев А.А.,ФФ,профессор,
Соколов М.Ю.,ИТМО,ассистент,д.н.
Семенов Д.С.,ФИВТ,,к.н.
Лебедева Б.В.,ИТМО,,к.н.
Новиков М.Ю.,ФЭТ,профессор,
Морозов Л.О.,ФМиЕН,,к.н.
Семенов А.А.,ФИТ,профессор,
Егоров Л.О.,ИТМО,,к.н.
Алексеев Л.О.,ФИВТ,профессор,
Сидоров Л.О.,ФЭТ,профессор,к.н.
Морозов Е.П.,ФМиМ,профессор,
Новиков А.А.,ФМиЕН,доцент,д.н.
Лебедев Е.П.,ФФ,ассистент,к.н.
Лебедев М.Ю.,ФФ,доцент,
Кузнецов Б.В.,ФПМИ,доцент,к.н.
Иванов И.К.,ФУПМ,профессор,к.н.
Сидоров А.А.,ИТМО,профессор,
Морозов А.А.,ФРТ,профессор,
Козлов Ж.Р.,ФУПМ,ассистент,д.н.
Соколов Е.П.,ФМиМ,ассистент,
Смирнов М.Ю.,ФУПМ,,д.н.
Волков Ж.Р.,ФРТ,доцент,д.н.
Егоров А.А.,ФИВТ,профессор,к.н.
Иванов Л.О.,ИТМО,доцент,
Морозов З.Т.,ФЭТ,доцент,д.н.
Новиков Д.С.,ФУПМ,доцент,д.н.
Волков К.М.,ФМиМ,,
Козлов Д.С.,ФРТ,доцент,к.н.
Лебедева К.М.,ФРТ,доцент,к.н.
Петров Л.О.,ФПМИ,доцент,к.н.
Попов К.М.,ИТМО,профессор,
Кузнецов К.М.,ФИВТ,профессор,д.н.
Морозов Б.В.,ФУПМ,,
Алексеев Д.С.,ФФ,доцент,
Смирнов К.М.,ФПМИ,доцент,д.н.
Кузнецов Ж.Р.,ФИВТ,,к.н.
Лебедев Е.П.,ФПМИ,профессор,д.н.
Попов А.А.,ФФ,ассистент,
Волков Л.О.,ФРТ,доцент,д.н.
Сидоров З.Т.,ФИВТ,доцент,д.н.
Лебедев Г.Н.,ФМиЕН,доцент,д.н.
Смирнов Г.Н.,ФИТ,профессор,
Егоров З.Т.,ФУПМ,,
Кузнецов Л.О.,ФМиМ,доцент,к.н.
Сидоров Е.П.,ФПМИ,профессор,
Кузнецов Л.О.,ФПМИ,ассистент,
Козлов А.А.,ФЭТ,доцент,к.н.
Иванов Г.Н.,ФИВТ,доцент,к.н.
Новиков Л.О.,ФИВТ,,д.н.
Алексеев Б.В.,ФЭТ,,д.н.
Петров М.Ю.,ФМиЕН,,
Соколов В.И.,ИТМО,ассистент,д.н.
Новиков Ж.Р.,ФЭТ,ассистент,
Волков И.К.,ФУПМ,профессор,д.н.
Сидоров Л.О.,ФЭТ,доцент,д.н.
Лебедев И.К.,ИТМО,доцент,к.н.
Смирнов Г.Н.,ИТМО,ассистент,к.н.
Козлов Г.Н.,ФМиЕН,профессор,к.н.
Лебедев К.М.,ФПМИ,профессор,
Кузнецов Г.Н.,ФУПМ,ассистент,д.н.
Попов А.А.,ФФ,,
Соколов Е.П.,ИТМО,ассистент,д.н.
Иванов Д.С.,ФРТ,,к.н.
Егоров Б.В.,ФИВТ,профессор,
Лебедев Е.П.,ФМиЕН,доцент,
Попов Ж.Р.,ИТМО,,
Иванов В.И.,ФИВТ,профессор,к.н.
Соколов Б.В.,ФРТ,доцент,
Сидоров В.И.,ФПМИ,ассистент,д.н.
Смирнов Ж.Р.,ФРТ,,к.н.
Волков Е.П.,ФФ,,д.н.
Морозов Б.В.,ФПМИ,доцент,к.н.
Козлов Ж.Р.,ИТМО,ассистент,к.н.
Егоров Ж.Р.,ФРТ,,
Петров М.Ю.,ФИВТ,доцент,д.н.
Попов З.Т.,ФМиЕН,доцент,д.н.
Кузнецов Е.П.,ФЭТ,доцент,к.н.
Петров З.Т.,ФРТ,,
Волков З.Т.,ФПМИ,ассистент,д.н.
Новиков К.М.,ФФ,доцент,д.н.
Лебедев И.К.,ФИВТ,доцент,д.н.
Кузнецов К.М.,ФУПМ,профессор,д.н.
Волков К.М.,ФМиЕН,,
Новиков В.И.,ФФ,профессор,
Соколов И.К.,ФЭТ,профессор,к.н.
Лебедев З.Т.,ФФ,,
Кузнецов Е.П.,ФЭТ,,
Семенов Е.П.,ФПМИ,ассистент,д.н.
Морозов Е.П.,ФРТ,,д.н.
Волков Г.Н.,ФИВТ,профессор,
Соколов А.А.,ФМиЕН,доцент,к.н.
Волков В.И.,ФЭТ,,
Морозов М.Ю.,ФМиЕН,профессор,
Сидоров Б.В.,ФФ,ассистент,д.н.
Соколов В.И.,ФЭТ,,
Егоров З.Т.,ФМиМ,,к.н.
Сидоров К.М.,ФЭТ,доцент,
Лебедев Д.С.,ФФ,,к.н.
Соколов Ж.Р.,ФМиМ,профессор,д.н.
Смирнов Б.В.,ФИВТ,профессор,
Попов З.Т.,ФМиМ,ассистент,
Лебедев А.А.,ИТМО,профессор,
Смирнов В.И.,ФИВТ,,д.н.
Волков К.М.,ФИТ,,к.н.
Смирнов В.И.,ФРТ,,к.н.
Смирнов Д.С.,ФПМИ,,к.н.
Кузнецов Г.Н.,ФИТ,ассистент,д.н.
Лебедев Е.П.,ФМиМ,,д.н.
Лебедев Ж.Р.,ФИТ,доцент,к.н.
Морозов М.Ю.,ФУПМ,,к.н.
Морозов Д.С.,ИТМО,,к.н.
Семенов К.М.,ФРТ,профессор,
Козлов М.Ю.,ИТМО,доцент,д.н.
Морозов В.И.,ФЭТ,доцент,
Волков А.А.,ИТМО,ассистент,
Соколов В.И.,ФРТ,ассистент,д.н.
Новиков Е.П.,ФМиЕН,,к.н.
Лебедева Е.П.,ФЭТ,доцент,
Сидоров Ж.Р.,ФПМИ,профессор,д.н.
Лебедева Л.О.,ФРТ,,
Лебедева М.Ю.,ФУПМ,профессор,
Иванов Л.О.,ФИВТ,,д.н.
Новиков А.А.,ФМиМ,,к.н.
Сидоров А.А.,ФМиЕН,,д.н.
Петров Ж.Р.,ФРТ,доцент,
Кузнецов М.Ю.,ФМиМ,доцент,д.н.
Егоров М.Ю.,ФПМИ,,
Смирнов Л.О.,ФЭТ,профессор,к.н.
Морозов К.М.,ИТМО,доцент,д.н.
Попов К.М.,ФИВТ,ассистент,д.н.
Новиков З.Т.,ФМиМ,ассистент,д.н.
Кузнецов А.А.,ФУПМ,ассистент,к.н.
Морозов Д.С.,ФМиМ,ассистент,
Попов Ж.Р.,ФПМИ,,д.н.
Соколов Ж.Р.,ФЭТ,профессор,
Козлов Л.О.,ФУПМ,доцент,
Егоров Г.Н.,ФИТ,,
Попов Д.С.,ФИТ,ассистент,
Морозов К.М.,ФРТ,профессор,
Новиков К.М.,ИТМО,ассистент,
Кузнецов К.М.,ФИВТ,доцент,д.н.
Семенов Л.О.,ИТМО,ассистент,д.н.
Волков Б.В.,ФЭТ,профессор,
Лебедева М.Ю.,ФМиЕН,ассистент,д.н.
Кузнецов К.М.,ФУПМ,,к.н.
Морозов Е.П.,ФМиЕН,доцент,к.н.
Алексеев Л.О.,ФИВТ,ассистент,
Петров Г.Н.,ФМиМ,доцент,д.н.
Козлов А.А.,ФФ,,к.н.
Алексеев З.Т.,ИТМО,доцент,
Семенов Б.В.,ФМиМ,ассистент,
Волков З.Т.,ФМиМ,профессор,к.н.
Соколов Ж.Р.,ФФ,доцент,д.н.
Смирнов В.И.,ФЭТ,,
Семенов Г.Н.,ФМиЕН,,д.н.
Смирнов К.М.,ИТМО,профессор,к.н.
Соколов Г.Н.,ФУПМ,доцент,
Волков Л.О.,ФИТ,профессор,
Морозов И.К.,ФИВТ,профессор,
Новиков З.Т.,ФУПМ,доцент,
Волков Д.С.,ФИТ,профессор,д.н.
Алексеев Ж.Р.,ФМиЕН,ассистент,
Смирнов З.Т.,ФУПМ,доцент,д.н.
Новиков Ж.Р.,ФУПМ,,
Новиков Б.В.,ФМиЕН,профессор,
Морозов Б.В.,ФУПМ,доцент,к.н.
Новиков А.А.,ФПМИ,профессор,к.н.
Иванов М.Ю.,ФПМИ,профессор,к.н.
Сидоров Л.О.,ФИВТ,профессор,д.н.
Лебедева А.А.,ФФ,,к.н.
Петров З.Т.,ФИВТ,профессор,
Петров Л.О.,ФМиМ,профессор,
Семенов А.А.,ФУПМ,,к.н.
Волков М.Ю.,ИТМО,,
Лебедев Е.П.,ФМиЕН,доцент,к.н.
Егоров И.К.,ФУПМ,профессор,
Лебедев И.К.,ФМиЕН,доцент,
Козлов З.Т.,ФЭТ,профессор,
Соколов Б.В.,ФРТ,ассистент,д.н.
Петров Е.П.,ФИВТ,профессор,д.н.
Попов И.К.,ФУПМ,профессор,д.н.
Алексеев З.Т.,ФРТ,профессор,д.н.
Лебедев Е.П.,ИТМО,,д.н.
Козлов М.Ю.,ФМиМ,ассистент,д.н.
Лебедев З.Т.,ФИТ,профессор,д.н.
Смирнов А.А.,ФЭТ,доцент,к.н.
Сидоров Д.С.,ФЭТ,,д.н.
Петров М.Ю.,ФЭТ,доцент,к.н.
Новиков Б.В.,ФРТ,ассистент,
Козлов Е.П.,ФРТ,профессор,к.н.
Алексеев Д.С.,ФИТ,,к.н.
Иванов Е.П.,ФУПМ,профессор,к.н.
Козлов Д.С.,ФРТ,профессор,
Смирнов Д.С.,ФФ,доцент,к.н.
Семенов М.Ю.,ФПМИ,ассистент,к.н.
Смирнов И.К.,ФФ,доцент,
Волков Б.В.,ФМиЕН,ассистент,к.н.
Иванов Е.П.,ФФ,ассистент,д.н.
Иванов М.Ю.,ФМиЕН,профессор,д.н.
Егоров Г.Н.,ИТМО,доцент,д.н.
Новиков А.А.,ФРТ,доцент,д.н.
Новиков М.Ю.,ФРТ,профессор,д.н.
Морозов Е.П.,ФФ,профессор,д.н.
Новиков З.Т.,ФЭТ,профессор,
Соколов М.Ю.,ФФ,доцент,д.н.
Егоров А.А.,ФФ,профессор,
Кузнецов Г.Н.,ФФ,,к.н.
Попов Б.В.,ФФ,ассистент,
Лебедев Е.П.,ФФ,,к.н.
Егоров И.К.,ФРТ,,д.н.
Лебедев Д.С.,ИТМО,профессор,к.н.
Сидоров М.Ю.,ФЭТ,ассистент,д.н.
Смирнов В.И.,ФЭТ,,к.н.
Морозов Л.О.,ФИВТ,доцент,к.н.
Новиков Л.О.,ФИВТ,доцент,
Семенов З.Т.,ФПМИ,доцент,
Козлов Б.В.,ФПМИ,доцент,
Семенов Б.В.,ФРТ,,д.н.
Алексеев В.И.,ФРТ,ассистент,д.н.
Лебедев Л.О.,ФИТ,профессор,д.н.
Смирнов Е.П.,ФУПМ,профессор,к.н.
Смирнов Д.С.,ФМиЕН,ассистент,
Морозов В.И.,ФРТ,ассистент,д.н.
Петров Г.Н.,ФУПМ,,д.н.
Лебедев Д.С.,ФИВТ,профессор,к.н.
Козлов К.М.,ФИВТ,профессор,
Егоров Д.С.,ФМиЕН,,к.н.
Попов Г.Н.,ФИТ,профессор,д.н.
Иванов Д.С.,ФИТ,профессор,д.н.
Волков З.Т.,ФУПМ,профессор,
Кузнецов Л.О.,ФФ,,д.н.
Сидоров М.Ю.,ФУПМ,доцент,к.н.
Соколов З.Т.,ИТМО,профессор,д.н.
Морозов И.К.,ФИТ,ассистент,д.н.
Петров Е.П.,ФЭТ,,
Новиков Д.С.,ФИТ,профессор,к.н.
Лебедев К.М.,ФИТ,,д.н.
Лебедева Ж.Р.,ФФ,профессор,д.н.
Соколов А.А.,ФЭТ,,к.н.
Алексеев Л.О.,ФРТ,профессор,д.н.
Волков И.К.,ФИТ,,
Попов И.К.,ФМиМ,профессор,
Лебедева Ж.Р.,ФФ,доцент,д.н.
Волков А.А.,ФРТ,доцент,к.н.
Лебедев Д.С.,ФМиМ,доцент,
Кузнецов Е.П.,ИТМО,ассистент,к.н.
Лебедева Г.Н.,ФРТ,доцент,д.н.
Волков К.М.,ФРТ,ассистент,
Алексеев А.А.,ИТМО,,
Иванов Ж.Р.,ФРТ,,д.н.
Егоров К.М.,ФЭТ,профессор,
Иванов Б.В.,ФИВТ,,д.н.
Лебедев В.И.,ФУПМ,ассистент,к.н.
Лебедева Ж.Р.,ФИВТ,доцент,д.н.
Смирнов М.Ю.,ФРТ,,д.н.
Сидоров З.Т.,ФРТ,доцент,д.н.
Егоров В.И.,ФЭТ,профессор,к.н.
Алексеев Ж.Р.,ФМиЕН,профессор,к.н.
Смирнов Д.С.,ФИВТ,профессор,д.н.
Иванов А.А.,ФУПМ,профессор,к.н.
Сидоров Г.Н.,ФФ,профессор,
Кузнецов В.И.,ФМиЕН,доцент,д.н.
Морозов И.К.,ФУПМ,доцент,к.н.
Алексеев Л.О.,ФПМИ,,д.н.
Петров А.А.,ФПМИ,ассистент,д.н.
Смирнов Е.П.,ФФ,ассистент,к.н.
Лебедев И.К.,ФМиМ,,к.н.
Егоров И.К.,ФМиМ,ассистент,к.н.
Новиков М.Ю.,ФМиЕН,ассистент,к.н.
Лебедева Ж.Р.,ФИВТ,доцент,к.н.
Лебедева З.Т.,ФПМИ,,к.н.
Морозов Б.В.,ФИВТ,,
Соколов Б.В.,ФРТ,профессор,
Волков В.И.,ФФ,доцент,к.н.
Попов А.А.,ФУПМ,доцент,к.н.
Петров Е.П.,ФРТ,доцент,
Соколов Д.С.,ФПМИ,ассистент,д.н.
Лебедев Г.Н.,ФФ,доцент,к.н.
Алексеев Д.С.,ФИВТ,,
Смирнов Г.Н.,ФРТ,профессор,
Иванов И.К.,ФИТ,доцент,д.н.
Алексеев Д.С.,ФМиЕН,доцент,д.н.
Лебедев Л.О.,ФИВТ,,д.н.
Лебедев Л.О.,ФЭТ,,к.н.
Сидоров Ж.Р.,ФЭТ,ассистент,к.н.
Лебедев В.И.,ФМиМ,,д.н.
Иванов Ж.Р.,ФУПМ,доцент,к.н.
Петров Д.С.,ФУПМ,профессор,д.н.
Сидоров Е.П.,ФРТ,профессор,д.н.
Смирнов З.Т.,ФЭТ,,д.н.
Иванов Д.С.,ФУПМ,ассистент,д.н.
Попов Л.О.,ФРТ,профессор,
Егоров М.Ю.,ФМиМ,ассистент,
Семенов Г.Н.,ФМиЕН,доцент,к.н.
Лебедев А.А.,ФМиМ,,к.н.
Кузнецов Г.Н.,ФУПМ,,
Соколов М.Ю.,ФРТ,,д.н.
Петров И.К.,ФРТ,ассистент,к.н.
Петров Е.П.,ФФ,ассистент,д.н.
Иванов З.Т.,ФЭТ,доцент,д.н.
Сидоров Ж.Р.,ФМиЕН,профессор,к.н.
Морозов М.Ю.,ФУПМ,доцент,
Семенов И.К.,ФЭТ,доцент,
Кузнецов Б.В.,ФРТ,профессор,
Сидоров Ж.Р.,ФМиЕН,доцент,
Лебедева Ж.Р.,ФМиЕН,доцент,к.н.
Лебедев И.К.,ИТМО,ассистент,д.н.
Соколов Л.О.,ФМиЕН,ассистент,к.н.
Петров М.Ю.,ФИТ,,к.н.
Попов К.М.,ФИТ,,д.н.
Смирнов М.Ю.,ФМиМ,профессор,д.н.
Новиков Д.С.,ФУПМ,доцент,
Смирнов Г.Н.,ФПМИ,,д.н.
Алексеев Б.В.,ФМиЕН,,к.н.
Волков З.Т.,ФЭТ,ассистент,
Новиков Л.О.,ИТМО,,д.н.
Козлов З.Т.,ФМиЕН,ассистент,д.н.
Новиков М.Ю.,ФИВТ,,д.н.
Соколов Б.В.,ФРТ,профессор,к.н.
Кузнецов А.А.,ФПМИ,,
Лебедев Е.П.,ФФ,доцент,д.н.
Сидоров Г.Н.,ФМиМ,доцент,д.н.
Попов Е.П.,ИТМО,профессор,к.н.
Егоров Г.Н.,ФИТ,ассистент,
Соколов Е.П.,ФИТ,профессор,
Соколов З.Т.,ФИТ,ассистент,к.н.
Алексеев Д.С.,ФРТ,профессор,
Попов Л.О.,ФРТ,ассистент,к.н.
Петров М.Ю.,ФИВТ,,д.н.
Попов Г.Н.,ФПМИ,профессор,д.н.
Смирнов В.И.,ФИТ,профессор,д.н.
Петров В.И.,ФФ,,д.н.
Смирнов Д.С.,ФЭТ,ассистент,
Петров Ж.Р.,ФМиЕН,,
Сидоров З.Т.,ФМиЕН,профессор,к.н.
Козлов К.М.,ФЭТ,доцент,д.н.
Волков Д.С.,ИТМО,доцент,д.н.
Семенов Е.П.,ФФ,доцент,
Новиков Г.Н.,ФИТ,доцент,
Новиков М.Ю.,ФПМИ,профессор,к.н.
Лебедев Ж.Р.,ФМиМ,профессор,д.н.
Кузнецов В.И.,ИТМО,ассистент,
Соколов Е.П.,ФУПМ,доцент,к.н.
Иванов А.А.,ФПМИ,профессор,к.н.
Козлов Е.П.,ФМиЕН,ассистент,к.н.
Сидоров Б.В.,ФЭТ,ассистент,
Сидоров Л.О.,ФУПМ,профессор,к.н.
Кузнецов Л.О.,ФУПМ,ассистент,д.н.
Семенов Ж.Р.,ФМиЕН,профессор,д.н.
Егоров И.К.,ФИТ,ассистент,
Лебедев Д.С.,ФИТ,ассистент,к.н.
Попов Л.О.,ФЭТ,,к.н.
Морозов Г.Н.,ФУПМ,профессор,д.н.
Петров М.Ю.,ИТМО,профессор,д.н.
Лебедев Е.П.,ФМиМ,,к.н.
Козлов И.К.,ФРТ,профессор,к.н.
Новиков В.И.,ФИВТ,,к.н.
Кузнецов А.А.,ФМиЕН,профессор,
Соколов Б.В.,ФПМИ,ассистент,
Егоров И.К.,ИТМО,ассистент,д.н.
Егоров К.М.,ИТМО,ассистент,
Морозов Д.С.,ФМиМ,ассистент,д.н.
Соколов К.М.,ФМиМ,ассистент,к.н.
Лебедева З.Т.,ФРТ,доцент,
Новиков Б.В.,ФПМИ,доцент,
Лебедева В.И.,ФЭТ,ассистент,д.н.
Егоров Е.П.,ФИТ,доцент,к.н.
Попов Д.С.,ИТМО,,к.н.
Попов Б.В.,ИТМО,ассистент,д.н.
Иванов Ж.Р.,ФМиМ,доцент,к.н.
Иванов Г.Н.,ФФ,профессор,к.н.
Лебедев В.И.,ФРТ,,к.н.
Сидоров Л.О.,ИТМО,доцент,к.н.
Петров В.И.,ФМиМ,профессор,д.н.
Лебедева Л.О.,ФИТ,доцент,д.н.
Петров И.К.,ФРТ,доцент,к.н.
Лебедева Ж.Р.,ФФ,ассистент,д.н.
Соколов З.Т.,ФУПМ,ассистент,д.н.
Новиков В.И.,ФМиЕН,ассистент,к.н.
Петров И.К.,ФИВТ,профессор,к.н.
Лебедев Ж.Р.,ФМиМ,ассистент,к.н.
Новиков Е.П.,ФПМИ,доцент,
Лебедева Д.С.,ФУПМ,ассистент,к.н.
Иванов З.Т.,ФИТ,профессор,к.н.
Петров Ж.Р.,ФМиЕН,,д.н.
Соколов А.А.,ФМиЕН,профессор,к.н.
Сидоров А.А.,ФФ,доцент,
Морозов Ж.Р.,ФИВТ,,д.н.
Петров Е.П.,ФФ,,
Попов И.К.,ФИВТ,,к.н.
Кузнецов К.М.,ФПМИ,,д.н.
Попов Д.С.,ФМиМ,профессор,д.н.
Кузнецов З.Т.,ФПМИ,профессор,
Новиков Е.П.,ФПМИ,,
Иванов Г.Н.,ФМиМ,,к.н.
Лебедев М.Ю.,ФМиЕН,профессор,
Волков Д.С.,ФЭТ,ассистент,
Лебедев В.И.,ФПМИ,,к.н.
Смирнов Л.О.,ФПМИ,профессор,д.н.
Козлов А.А.,ФИТ,доцент,
Морозов К.М.,ФИВТ,ассистент,
Сидоров В.И.,ФИТ,ассистент,д.н.
Сидоров Г.Н.,ФУПМ,ассистент,
Лебедева Ж.Р.,ИТМО,профессор,к.н.
Волков З.Т.,ФУПМ,профессор,
Кузнецов И.К.,ФФ,ассистент,к.н.
Смирнов Ж.Р.,ФИТ,,
Попов Е.П.,ФПМИ,ассистент,д.н.
Лебедев Б.В.,ФМиМ,,д.н.
Сидоров Д.С.,ФУПМ,профессор,к.н.
Лебедев М.Ю.,ФИТ,профессор,
Семенов А.А.,ФИТ,ассистент,к.н.
Лебедева И.К.,ФИТ,доцент,
Лебедева К.М.,ФФ,профессор,д.н.
Алексеев Д.С.,ФЭТ,ассистент,д.н.
Соколов М.Ю.,ФИТ,,к.н.
Егоров Е.П.,ФРТ,,к.н.
Смирнов Д.С.,ФРТ,ассистент,к.н.
Козлов Б.В.,ФРТ,доцент,
Семенов Д.С.,ИТМО,доцент,
Лебедева И.К.,ФФ,профессор,к.н.
Попов Г.Н.,ФМиЕН,доцент,к.н.
Козлов Д.С.,ФУПМ,профессор,к.н.
Попов Л.О.,ФФ,профессор,к.н.
Кузнецов Л.О.,ФЭТ,доцент,д.н.
Новиков А.А.,ФИТ,доцент,
Морозов Б.В.,ФИВТ,,к.н.
Новиков М.Ю.,ФМиЕН,профессор,
Сидоров К.М.,ФЭТ,профессор,
Алексеев К.М.,ФЭТ,ассистент,к.н.
Иванов А.А.,ФИТ,ассистент,к.н.
Смирнов З.Т.,ФФ,ассистент,д.н.
Кузнецов З.Т.,ФИВТ,ассистент,
Смирнов А.А.,ФУПМ,ассистент,
Алексеев Е.П.,ФФ,профессор,
Морозов Л.О.,ФЭТ,доцент,д.н.
Лебедев Д.С.,ФФ,,
Кузнецов К.М.,ФМиЕН,доцент,
Алексеев Л.О.,ФМиЕН,доцент,к.н.
Смирнов А.А.,ФМиМ,ассистент,
Волков К.М.,ФИВТ,профессор,
Смирнов Б.В.,ФЭТ,ассистент,д.н.
Соколов И.К.,ФУПМ,профессор,
Петров И.К.,ФРТ,ассистент,д.н.
Лебедева Г.Н.,ФМиМ,профессор,д.н.
Волков Д.С.,ФФ,ассистент,к.н.
Сидоров Ж.Р.,ФРТ,профессор,д.н.
Петров Г.Н.,ФПМИ,профессор,д.н.
Лебедева Е.П.,ФМиМ,профессор,к.н.
Морозов В.И.,ФУПМ,,д.н.
Егоров Ж.Р.,ФФ,,д.н.
Лебедев Б.В.,ИТМО,доцент,
Попов А.А.,ФИТ,,
Сидоров В.И.,ФМиЕН,доцент,д.н.
Волков Д.С.,ФЭТ,доцент,к.н.
Лебедев Л.О.,ФРТ,ассистент,к.н.
Морозов Б.В.,ФМиМ,ассистент,к.н.
Лебедев Д.С.,ФИТ,ассистент,д.н.
Петров В.И.,ФУПМ,ассистент,к.н.
Семенов Л.О.,ФМиЕН,профессор,к.н.
Волков К.М.,ФУПМ,,к.н.
Семенов Г.Н.,ФРТ,профессор,д.н.
Лебедев В.И.,ФЭТ,ассистент,к.н.
Семенов А.А.,ФРТ,доцент,
Иванов Ж.Р.,ФИВТ,доцент,к.н.
Попов М.Ю.,ФРТ,,д.н.
Новиков Л.О.,ФПМИ,доцент,д.н.
Лебедева Л.О.,ФИТ,ассистент,д.н.
Морозов Г.Н.,ИТМО,доцент,
Соколов Г.Н.,ФИВТ,профессор,д.н.
Кузнецов В.И.,ФРТ,профессор,к.н.
Иванов Л.О.,ИТМО,,
Лебедев В.И.,ФЭТ,профессор,д.н.
Попов Е.П.,ФЭТ,,к.н.
Петров К.М.,ФМиМ,ассистент,к.н.
Иванов Е.П.,ФЭТ,,
Алексеев Г.Н.,ФИТ,доцент,
Кузнецов М.Ю.,ФМиЕН,доцент,к.н.
Лебедева А.А.,ФПМИ,доцент,к.н.
Кузнецов Е.П.,ФМиЕН,ассистент,д.н.
Попов М.Ю.,ИТМО,,
Соколов Б.В.,ФЭТ,доцент,д.н.
Соколов А.А.,ФМиМ,,
Петров Е.П.,ФЭТ,ассистент,к.н.
Волков Г.Н.,ФМиЕН,профессор,
Морозов З.Т.,ФФ,,к.н.
Петров Л.О.,ФПМИ,доцент,
Лебедева З.Т.,ФПМИ,ассистент,к.н.
Лебедев К.М.,ФПМИ,ассистент,д.н.
Попов И.К.,ФПМИ,ассистент,к.н.
Егоров В.И.,ФМиЕН,профессор,к.н.
Алексеев Б.В.,ФРТ,ассистент,
Лебедева Ж.Р.,ФРТ,доцент,
Попов И.К.,ИТМО,ассистент,к.н.
Новиков В.И.,ФМиЕН,,д.н.
Лебедев К.М.,ФИВТ,доцент,д.н.
Сидоров Г.Н.,ФРТ,ассистент,д.н.
Волков З.Т.,ФРТ,ассистент,к.н.
Семенов Б.В.,ФРТ,доцент,
Лебедев В.И.,ФЭТ,профессор,к.н.
Лебедев В.И.,ФМиЕН,доцент,д.н.
Сидоров Б.В.,ФИТ,,к.н.
Егоров Е.П.,ФУПМ,,д.н.
Морозов А.А.,ФПМИ,ассистент,д.н.
Кузнецов Е.П.,ФИТ,,к.н.
Кузнецов Е.П.,ФРТ,,
Петров Ж.Р.,ФМиМ,,д.н.
Кузнецов К.М.,ФЭТ,доцент,д.н.
Волков Б.В.,ФФ,ассистент,
Смирнов З.Т.,ФЭТ,,к.н.
Алексеев К.М.,ФИТ,ассистент,д.н.
Попов А.А.,ФЭТ,профессор,д.н.
Морозов Д.С.,ФМиЕН,профессор,
Алексеев К.М.,ФМиМ,,
Лебедев В.И.,ФФ,профессор,
Егоров К.М.,ФПМИ,профессор,к.н.
Соколов Б.В.,ФИТ,профессор,д.н.
Егоров К.М.,ФРТ,профессор,к.н.
Козлов Л.О.,ИТМО,профессор,к.н.
Смирнов И.К.,ФУПМ,профессор,д.н.
Иванов Б.В.,ФФ,доцент,д.н.
Морозов Г.Н.,ФРТ,ассистент,
Петров К.М.,ФМиЕН,,к.н.
Волков А.А.,ИТМО,профессор,
Егоров З.Т.,ФМиЕН,ассистент,
Сидоров М.Ю.,ФУПМ,ассистент,
Петров Д.С.,ФИВТ,ассистент,д.н.
Козлов Г.Н.,ФПМИ,профессор,д.н.
Алексеев И.К.,ФИВТ,ассистент,к.н.
Смирнов З.Т.,ФЭТ,доцент,к.н.
Новиков З.Т.,ФФ,,д.н.
Новиков З.Т.,ИТМО,доцент,д.н.
Петров Е.П.,ФФ,ассистент,
Смирнов Д.С.,ФИТ,профессор,к.н.
Петров А.А.,ФУПМ,,
Алексеев З.Т.,ФФ,,
Соколов А.А.,ФФ,ассистент,д.н.
Семенов А.А.,ФУПМ,,к.н.
Лебедев Б.В.,ФРТ,профессор,к.н.
Петров Ж.Р.,ФРТ,,
Егоров И.К.,ИТМО,ассистент,
Семенов В.И.,ФМиЕН,ассистент,д.н.
Волков Д.С.,ФРТ,ассистент,
Соколов Е.П.,ФУПМ,,д.н.
Сидоров В.И.,ФРТ,профессор,д.н.
Семенов Ж.Р.,ФИВТ,профессор,к.н.
Попов А.А.,ФУПМ,профессор,д.н.
Морозов З.Т.,ФЭТ,,
Волков Л.О.,ИТМО,,д.н.
Кузнецов З.Т.,ФФ,профессор,
Егоров В.И.,ИТМО,профессор,д.н.
Новиков В.И.,ФРТ,доцент,к.н.
Лебедев Д.С.,ФИТ,профессор,д.н.
Смирнов Б.В.,ФУПМ,профессор,к.н.
Морозов Д.С.,ФМиМ,доцент,д.н.
Смирнов Г.Н.,ФМиМ,доцент,к.н.
Попов Г.Н.,ФЭТ,ассистент,
Сидоров Ж.Р.,ФПМИ,,
Петров М.Ю.,ФУПМ,доцент,д.н.
Егоров М.Ю.,ФЭТ,профессор,д.н.
Семенов З.Т.,ИТМО,профессор,д.н.
Семенов Ж.Р.,ФИВТ,,
Семенов Л.О.,ФИТ,,д.н.
Петров Е.П.,ФФ,,д.н.
Сидоров Е.П.,ФИВТ,доцент,д.н.
Семенов Б.В.,ФИТ,ассистент,
Лебедева Л.О.,ФРТ,ассистент,
Лебедев Б.В.,ФУПМ,ассистент,д.н.
Волков З.Т.,ФМиМ,профессор,
Сидоров А.А.,ФМиМ,доцент,к.н.
Егоров А.А.,ФРТ,доцент,
Алексеев Д.С.,ФМиМ,,к.н.
Кузнецов Г.Н.,ФФ,профессор,
Сидоров Ж.Р.,ФИВТ,доцент,д.н.
Иванов В.И.,ФЭТ,профессор,
Новиков А.А.,ФФ,профессор,д.н.
Новиков З.Т.,ФИТ,ассистент,к.н.
Волков Б.В.,ФПМИ,ассистент,д.н.
Соколов Д.С.,ФРТ,ассистент,к.н.
Козлов Б.В.,ФФ,доцент,д.н.
Морозов М.Ю.,ФМиЕН,,к.н.
Семенов К.М.,ФИВТ,,
Кузнецов А.А.,ФИВТ,ассистент,д.н.
Попов И.К.,ФФ,профессор,к.н.
Семенов К.М.,ИТМО,доцент,к.н.
Алексеев В.И.,ФПМИ,доцент,
Попов М.Ю.,ФРТ,профессор,д.н.
Кузнецов А.А.,ФИТ,ассистент,
Егоров Е.П.,ИТМО,ассистент,
Соколов И.К.,ИТМО,ассистент,
Иванов Л.О.,ФЭТ,доцент,
Новиков Г.Н.,ФИТ,профессор,д.н.
Лебедев Б.В.,ФМиМ,профессор,
Алексеев Д.С.,ФРТ,,
Новиков Д.С.,ФУПМ,профессор,к.н.
Новиков Д.С.,ФИТ,доцент,д.н.
Морозов Г.Н.,ФПМИ,доцент,д.н.
Попов Д.С.,ФМиЕН,ассистент,к.н.
Петров Ж.Р.,ФМиМ,профессор,
Иванов Д.С.,ФРТ,,д.н.
Егоров Е.П.,ФМиМ,доцент,к.н.
Лебедева А.А.,ФИТ,ассистент,к.н.
Соколов З.Т.,ФМиЕН,профессор,
Волков В.И.,ИТМО,,
Иванов Е.П.,ФИВТ,,к.н.
Смирнов Л.О.,ФМиМ,профессор,
Волков Е.П.,ФУПМ,доцент,к.н.
Козлов Е.П.,ФИВТ,,д.н.
Лебедев Е.П.,ФУПМ,профессор,д.н.
Смирнов Г.Н.,ФМиЕН,профессор,
Семенов Ж.Р.,ФРТ,ассистент,к.н.
Кузнецов Б.В.,ФПМИ,ассистент,д.н.
Волков Л.О.,ФУПМ,ассистент,д.н.
Иванов Ж.Р.,ИТМО,ассистент,д.н.
Егоров Б.В.,ФМиЕН,ассистент,к.н.
Кузнецов Б.В.,ФИВТ,доцент,д.н.
Смирнов М.Ю.,ФУПМ,профессор,к.н.
Новиков Ж.Р.,ИТМО,профессор,д.н.
Попов Д.С.,ФФ,ассистент,к.н.
Козлов М.Ю.,ФРТ,,
Алексеев Ж.Р.,ФПМИ,доцент,к.н.
Кузнецов Е.П.,ФИТ,доцент,к.н.
Петров Г.Н.,ФПМИ,,
Лебедева Е.П.,ФИВТ,ассистент,к.н.
Семенов И.К.,ФРТ,доцент,д.н.
Егоров Л.О.,ФФ,доцент,к.н.
Алексеев Г.Н.,ФМиЕН,ассистент,к.н.
Лебедев Е.П.,ИТМО,ассистент,д.н.
Кузнецов И.К.,ФУПМ,ассистент,к.н.
Иванов Ж.Р.,ФПМИ,доцент,
Соколов И.К.,ФИТ,ассистент,к.н.
Морозов А.А.,ФРТ,профессор,к.н.
Егоров Г.Н.,ФПМИ,ассистент,к.н.
Морозов Ж.Р.,ФФ,ассистент,
Кузнецов К.М.,ИТМО,,
Петров Д.С.,ФПМИ,доцент,
Новиков Ж.Р.,ФМиЕН,,д.н.
Лебедев Е.П.,ФМиМ,доцент,
Козлов М.Ю.,ИТМО,,д.н.
Морозов В.И.,ФИВТ,ассистент,
Попов Е.П.,ИТМО,ассистент,к.н.
Кузнецов Л.О.,ФМиМ,ассистент,д.н.
Соколов Ж.Р.,ФИВТ,профессор,д.н.
Волков И.К.,ФУПМ,ассистент,
Егоров З.Т.,ФРТ,доцент,к.н.
Семенов Г.Н.,ФИВТ,,
Смирнов А.А.,ФМиЕН,ассистент,д.н.
Морозов З.Т.,ФУПМ,ассистент,д.н.
Козлов К.М.,ИТМО,,к.н.
Алексеев Ж.Р.,ФИВТ,ассистент,
Попов Б.В.,ФИТ,доцент,д.н.
Кузнецов Д.С.,ФПМИ,,к.н.
Козлов Е.П.,ФПМИ,доцент,д.н.
Кузнецов Е.П.,ФМиЕН,ассистент,д.н.
Попов И.К.,ИТМО,,
Смирнов Ж.Р.,ФЭТ,доцент,к.н.
Соколов З.Т.,ФМиМ,профессор,
Сидоров Г.Н.,ФУПМ,,д.н.
Алексеев Е.П.,ФИВТ,ассистент,
Смирнов В.И.,ФПМИ,доцент,к.н.
Морозов Г.Н.,ИТМО,доцент,д.н.
Семенов Г.Н.,ФМиМ,ассистент,д.н.
Кузнецов Ж.Р.,ФФ,профессор,к.н.
Попов В.И.,ФФ,ассистент,к.н.
Кузнецов Д.С.,ФУПМ,ассистент,д.н.
Петров В.И.,ФИТ,профессор,к.н.
Кузнецов В.И.,ФРТ,доцент,д.н.
Лебедев Г.Н.,ФФ,доцент,к.н.
Смирнов К.М.,ФМиМ,профессор,к.н.
Иванов Ж.Р.,ФМиЕН,,д.н.
Алексеев И.К.,ФИТ,,д.н.
Егоров Г.Н.,ИТМО,профессор,д.н.
Кузнецов Д.С.,ФПМИ,,к.н.
Морозов К.М.,ФИТ,профессор,д.н.
Петров И.К.,ИТМО,,д.н.
Сидоров Ж.Р.,ФПМИ,доцент,д.н.
Новиков Г.Н.,ФПМИ,профессор,
Петров М.Ю.,ФИВТ,ассистент,д.н.
Сидоров И.К.,ФИВТ,ассистент,
Морозов И.К.,ФИТ,,
Семенов В.И.,ФФ,,к.н.
Попов Б.В.,ИТМО,доцент,к.н.
Иванов Ж.Р.,ФИВТ,доцент,к.н.
Волков З.Т.,ИТМО,,к.н.
Лебедева З.Т.,ФЭТ,профессор,д.н.
Егоров Г.Н.,ФЭТ,ассистент,
Кузнецов З.Т.,ФМиЕН,профессор,
Иванов Е.П.,ФЭТ,профессор,д.н.
Соколов Б.В.,ФПМИ,ассистент,д.н.
Попов Б.В.,ФУПМ,ассистент,к.н.
Лебедева К.М.,ФРТ,ассистент,
Морозов М.Ю.,ФИВТ,доцент,
Смирнов М.Ю.,ФМиМ,,
Лебедева В.И.,ФФ,доцент,к.н.
Волков М.Ю.,ФИТ,профессор,к.н.
Козлов Д.С.,ФМиМ,ассистент,к.н.
Сидоров Е.П.,ФЭТ,профессор,к.н.
Алексеев Б.В.,ФУПМ,профессор,д.н.
Петров В.И.,ФИТ,профессор,
Семенов Ж.Р.,ФЭТ,доцент,
Иванов А.А.,ФФ,ассистент,к.н.
Иванов Д.С.,ФЭТ,профессор,д.н.
Лебедев И.К.,ФМиЕН,доцент,д.н.
Семенов Ж.Р.,ФМиЕН,профессор,к.н.
Козлов А.А.,ФФ,профессор,д.н.
Смирнов А.А.,ФМиМ,,к.н.
Смирнов З.Т.,ФПМИ,профессор,д.н.
Петров З.Т.,ФФ,профессор,д.н.
Волков К.М.,ФРТ,ассистент,
Сидоров В.И.,ФИТ,,
Семенов З.Т.,ИТМО,ассистент,к.н.
Волков З.Т.,ФИВТ,профессор,к.н.
Кузнецов К.М.,ФЭТ,,д.н.
Кузнецов Д.С.,ФЭТ,профессор,к.н.
Попов И.К.,ФПМИ,доцент,к.н.
Кузнецов А.А.,ФПМИ,профессор,д.н.
Лебедев Е.П.,ИТМО,ассистент,
Иванов Б.В.,ФЭТ,доцент,к.н.
Иванов В.И.,ФФ,,д.н.
Волков А.А.,ФМиЕН,ассистент,
Семенов А.А.,ФМиЕН,ассистент,д.н.
Семенов Е.П.,ФПМИ,,
Кузнецов В.И.,ФПМИ,профессор,
Смирнов Б.В.,ФРТ,профессор,к.н.
Кузнецов Д.С.,ИТМО,доцент,к.н.
Алексеев Г.Н.,ФИТ,профессор,к.н.
Волков И.К.,ФМиЕН,ассистент,
Попов З.Т.,ФПМИ,профессор,к.н.
Егоров М.Ю.,ФЭТ,доцент,д.н.
Волков З.Т.,ФФ,ассистент,д.н.
Семенов Д.С.,ФРТ,профессор,
Сидоров В.И.,ФЭТ,ассистент,к.н.
Смирнов А.А.,ФИТ,профессор,
Семенов В.И.,ФРТ,доцент,к.н.
Алексеев Л.О.,ФМиЕН,профессор,к.н.
Козлов К.М.,ИТМО,,д.н.
Кузнецов Д.С.,ФФ,доцент,д.н.
Петров Д.С.,ФИТ,,
Сидоров Д.С.,ФФ,профессор,д.н.
Новиков Д.С.,ИТМО,доцент,д.н.
Лебедев Б.В.,ФМиМ,доцент,д.н.
Петров Г.Н.,ФУПМ,доцент,д.н.
Смирнов К.М.,ФУПМ,ассистент,д.н.
Козлов В.И.,ФРТ,доцент,к.н.
Лебедев В.И.,ФМиМ,доцент,д.н.
Соколов К.М.,ФРТ,ассистент,
Семенов З.Т.,ФМиЕН,доцент,к.н.
Лебедев И.К.,ФИВТ,доцент,д.н.
Лебедева А.А.,ФМиЕН,ассистент,к.н.
Смирнов Ж.Р.,ФИВТ,доцент,
Морозов Г.Н.,ИТМО,ассистент,к.н.
Лебедев Е.П.,ИТМО,,д.н.
Морозов Е.П.,ФМиЕН,профессор,
Семенов И.К.,ФМиМ,,д.н.
Волков И.К.,ФРТ,,к.н.
Соколов З.Т.,ФМиМ,профессор,
Иванов А.А.,ФУПМ,ассистент,д.н.
Кузнецов М.Ю.,ФИВТ,ассистент,к.н.
Волков З.Т.,ФЭТ,,к.н.
Семенов М.Ю.,ФФ,доцент,
Сидоров К.М.,ФИВТ,ассистент,д.н.
Егоров И.К.,ИТМО,доцент,д.н.
Сидоров Д.С.,ФИТ,профессор,к.н.
Сидоров Б.В.,ФМиЕН,профессор,д.н.
Смирнов К.М.,ФПМИ,ассистент,к.н.
Новиков Д.С.,ИТМО,ассистент,к.н.
Новиков Е.П.,ФИТ,профессор,
Егоров Л.О.,ФЭТ,доцент,д.н.
Лебедев Ж.Р.,ФРТ,ассистент,д.н.
Лебедев И.К.,ФИТ,,
Лебедева Д.С.,ФРТ,доцент,д.н.
Иванов И.К.,ФМиЕН,,к.н.
Волков В.И.,ФЭТ,ассистент,д.н.
Лебедева Д.С.,ИТМО,,д.н.
Сидоров З.Т.,ФЭТ,ассистент,
Кузнецов Е.П.,ИТМО,доцент,д.н.
Лебедева А.А.,ФИВТ,,д.н.
Сидоров З.Т.,ФМиЕН,доцент,к.н.
Лебедев Ж.Р.,ФРТ,профессор,
Алексеев З.Т.,ФУПМ,профессор,
Соколов Е.П.,ФИВТ,ассистент,
Новиков Г.Н.,ФФ,,к.н.
Лебедев Б.В.,ФФ,ассистент,
Попов И.К.,ФРТ,доцент,
Сидоров В.И.,ФИВТ,доцент,д.н.
Смирнов А.А.,ФПМИ,,д.н.
Волков Е.П.,ФМиМ,доцент,к.н.
Лебедева З.Т.,ИТМО,,
Сидоров И.К.,ИТМО,профессор,
Сидоров В.И.,ФУПМ,доцент,к.н.
Волков Б.В.,ИТМО,ассистент,
Морозов М.Ю.,ФРТ,ассистент,к.н.
Петров Л.О.,ФИТ,доцент,к.н.
Сидоров З.Т.,ФМиМ,профессор,д.н.
Козлов М.Ю.,ФИВТ,профессор,
Иванов З.Т.,ФПМИ,,к.н.
Лебедев Е.П.,ФФ,ассистент,к.н.
Смирнов В.И.,ИТМО,,
Алексеев И.К.,ФИВТ,профессор,
Козлов И.К.,ФПМИ,ассистент,к.н.
Иванов Л.О.,ФПМИ,доцент,к.н.
Козлов Ж.Р.,ФИТ,,д.н.
Новиков В.И.,ФМиМ,ассистент,к.н.
Лебедев Е.П.,ФПМИ,ассистент,д.н.
Иванов И.К.,ФПМИ,,
Иванов М.Ю.,ФМиМ,профессор,
Волков М.Ю.,ФИТ,ассистент,д.н.
Козлов А.А.,ФМиЕН,профессор,
Семенов Л.О.,ФИВТ,ассистент,д.н.
Лебедев И.К.,ФЭТ,профессор,к.н.
Иванов В.И.,ФМиМ,ассистент,к.н.
Морозов И.К.,ФУПМ,профессор,
Смирнов А.А.,ФПМИ,профессор,
Петров А.А.,ФПМИ,профессор,д.н.
Смирнов Е.П.,ФМиЕН,доцент,д.н.
Новиков И.К.,ФМиЕН,доцент,д.н.
Кузнецов К.М.,ФМиЕН,профессор,
Козлов Б.В.,ИТМО,ассистент,д.н.
Иванов З.Т.,ФЭТ,доцент,к.н.
Лебедев А.А.,ФЭТ,,д.н.
Смирнов Г.Н.,ФФ,ассистент,к.н.
Морозов Л.О.,ФМиЕН,ассистент,к.н.
Козлов Б.В.,ФФ,профессор,к.н.
Сидоров И.К.,ФУПМ,ассистент,
Смирнов Ж.Р.,ФМиМ,,д.н.
Петров Д.С.,ФЭТ,доцент,д.н.
Козлов В.И.,ФИВТ,доцент,
Лебедева З.Т.,ФМиМ,доцент,д.н.
Петров З.Т.,ФПМИ,профессор,к.н.
Кузнецов В.И.,ФРТ,профессор,
Сидоров Г.Н.,ФМиМ,доцент,д.н.
Петров А.А.,ФФ,профессор,д.н.
Соколов Л.О.,ФУПМ,,д.н.
Соколов Л.О.,ФРТ,ассистент,д.н.
Петров Л.О.,ИТМО,доцент,
Алексеев К.М.,ФЭТ,ассистент,к.н.
Петров Л.О.,ФУПМ,профессор,к.н.
Кузнецов Д.С.,ИТМО,ассистент,
Волков Д.С.,ФЭТ,профессор,
Морозов Л.О.,ФИВТ,доцент,д.н.
Козлов М.Ю.,ФРТ,ассистент,д.н.
Кузнецов В.И.,ФМиМ,,д.н.
Алексеев К.М.,ФРТ,,д.н.
Козлов К.М.,ФМиМ,профессор,к.н.
Семенов К.М.,ИТМО,доцент,д.н.
Сидоров Д.С.,ФИВТ,профессор,
Попов З.Т.,ФУПМ,,
Попов З.Т.,ИТМО,ассистент,д.н.
Лебедев Д.С.,ФФ,доцент,
Лебедева М.Ю.,ФРТ,профессор,
Егоров В.И.,ФИВТ,профессор,
Лебедева Ж.Р.,ФУПМ,ассистент,к.н.
Лебедева А.А.,ИТМО,профессор,д.н.
Лебедев А.А.,ФИТ,ассистент,д.н.
Козлов К.М.,ФФ,,
Попов Б.В.,ФИВТ,,д.н.
Смирнов Е.П.,ФУПМ,доцент,д.н.
Лебедева А.А.,ФМиЕН,профессор,к.н.
Иванов Ж.Р.,ФФ,ассистент,к.н.
Семенов Б.В.,ФПМИ,доцент,к.н.
Козлов З.Т.,ФМиЕН,,д.н.
Семенов В.И.,ФМиЕН,профессор,д.н.
Смирнов Л.О.,ФИВТ,профессор,к.н.
Новиков Г.Н.,ФУПМ,доцент,к.н.
Кузнецов Г.Н.,ФИВТ,доцент,д.н.
Новиков К.М.,ФМиЕН,доцент,д.н.
Попов А.А.,ФМиЕН,профессор,д.н.
Козлов Е.П.,ФИВТ,ассистент,к.н.
Лебедев Г.Н.,ФУПМ,профессор,д.н.
Алексеев Д.С.,ФРТ,,к.н.
Петров А.А.,ФМиМ,,
Волков Б.В.,ФИТ,профессор,
Сидоров Ж.Р.,ФЭТ,профессор,
Петров И.К.,ФУПМ,доцент,к.н.
Сидоров З.Т.,ФЭТ,профессор,
Семенов Е.П.,ФЭТ,профессор,д.н.
Соколов Б.В.,ФПМИ,,д.н.
Лебедев Г.Н.,ФМиЕН,ассистент,д.н.
Волков К.М.,ФУПМ,,к.н.
Козлов Б.В.,ФМиМ,,
Лебедева В.И.,ФИТ,профессор,к.н.
Волков Е.П.,ФУПМ,,д.н.
Алексеев А.А.,ФУПМ,ассистент,
Морозов Д.С.,ФУПМ,профессор,к.н.
Смирнов Б.В.,ФИТ,ассистент,к.н.
Попов З.Т.,ФМиМ,ассистент,д.н.
Петров Е.П.,ФИТ,профессор,к.н.
Новиков З.Т.,ФМиЕН,,
Волков Г.Н.,ФРТ,профессор,д.н.
Попов Л.О.,ФМиМ,профессор,
Лебедев К.М.,ФУПМ,доцент,д.н.
Алексеев И.К.,ФИТ,профессор,д.н.
Кузнецов М.Ю.,ФЭТ,ассистент,
Лебедев И.К.,ИТМО,профессор,
Попов Г.Н.,ФФ,ассистент,к.н.
Сидоров Г.Н.,ФИВТ,ассистент,д.н.
Соколов А.А.,ФРТ,профессор,
Новиков Г.Н.,ФИТ,доцент,
Сидоров Е.П.,ФПМИ,доцент,к.н.
Попов К.М.,ФИТ,профессор,д.н.
Волков Е.П.,ФИТ,ассистент,
Лебедев З.Т.,ФЭТ,,к.н.
Лебедев Б.В.,ФУПМ,ассистент,к.н.
Соколов Л.О.,ФМиМ,ассистент,к.н.
Морозов К.М.,ФМиЕН,ассистент,
Алексеев В.И.,ИТМО,ассистент,д.н.
Волков Д.С.,ФЭТ,профессор,д.н.
Соколов Г.Н.,ФРТ,профессор,д.н.
Лебедев И.К.,ИТМО,,к.н.
Новиков А.А.,ФЭТ,,к.н.
Козлов Л.О.,ФЭТ,профессор,
Соколов Б.В.,ФУПМ,,к.н.
Иванов Г.Н.,ФМиЕН,,к.н.
Петров А.А.,ФМиМ,,д.н.
Козлов Д.С.,ФМиЕН,ассистент,д.н.
Егоров З.Т.,ФИВТ,ассистент,д.н.
Кузнецов А.А.,ФУПМ,ассистент,к.н.
Смирнов Е.П.,ИТМО,,д.н.
Сидоров Б.В.,ФИВТ,ассистент,
Сидоров М.Ю.,ФМиМ,профессор,
Алексеев А.А.,ФМиЕН,,
Козлов В.И.,ФФ,,к.н.
Соколов Г.Н.,ФЭТ,доцент,д.н.
Лебедева Е.П.,ФФ,ассистент,
Морозов Е.П.,ФИВТ,,д.н.
Новиков В.И.,ФМиЕН,ассистент,к.н.
Лебедева Б.В.,ФПМИ,доцент,
Новиков Ж.Р.,ИТМО,ассистент,к.н.
Иванов А.А.,ФУПМ,,к.н.
Сидоров Л.О.,ФФ,доцент,д.н.
Морозов Е.П.,ФЭТ,доцент,д.н.
Козлов З.Т.,ФРТ,,к.н.
Кузнецов Ж.Р.,ФФ,профессор,д.н.
Козлов К.М.,ФМиЕН,,
Новиков Г.Н.,ФМиЕН,доцент,
Лебедев Е.П.,ФПМИ,,к.н.
Петров И.К.,ФЭТ,,д.н.
Лебедев Л.О.,ФИВТ,доцент,д.н.
Соколов Л.О.,ФПМИ,ассистент,
Соколов Б.В.,ФУПМ,ассистент,к.н.
Морозов Ж.Р.,ФИВТ,профессор,д.н.
Волков Е.П.,ФФ,профессор,к.н.
Морозов Д.С.,ФИВТ,,
Семенов В.И.,ФРТ,доцент,к.н.
Алексеев А.А.,ФРТ,доцент,к.н.
Иванов И.К.,ФМиЕН,доцент,к.н.
Волков В.И.,ФМиМ,ассистент,
Семенов А.А.,ФИТ,,
Новиков И.К.,ФМиМ,доцент,к.н.
Соколов Б.В.,ФУПМ,,к.н.
Попов Д.С.,ФУПМ,ассистент,к.н.
Сидоров К.М.,ФИВТ,,к.н.
Соколов М.Ю.,ФЭТ,ассистент,
Лебедева Г.Н.,ИТМО,ассистент,д.н.
Кузнецов Е.П.,ФПМИ,доцент,д.н.
Семенов Ж.Р.,ФПМИ,профессор,
Петров З.Т.,ФУПМ,ассистент,к.н.
Смирнов И.К.,ИТМО,,
Петров А.А.,ФРТ,профессор,
Смирнов Е.П.,ФМиЕН,,
Сидоров М.Ю.,ФИВТ,ассистент,
Смирнов К.М.,ФУПМ,профессор,
Козлов Л.О.,ФИТ,ассистент,д.н.
Семенов Ж.Р.,ФМиМ,доцент,д.н.
Соколов А.А.,ФИВТ,доцент,д.н.
Кузнецов М.Ю.,ФЭТ,профессор,д.н.
Кузнецов Б.В.,ФФ,ассистент,к.н.
Козлов Е.П.,ФЭТ,ассистент,
Волков И.К.,ФПМИ,профессор,
Соколов К.М.,ФЭТ,,к.н.
Лебедева В.И.,ИТМО,ассистент,
Попов Ж.Р.,ФМиМ,доцент,
Козлов К.М.,ФЭТ,,к.н.
Попов Л.О.,ФФ,профессор,д.н.
Петров Л.О.,ФМиМ,ассистент,к.н.
Сидоров Е.П.,ФФ,профессор,
Сидоров Д.С.,ИТМО,,
Попов Б.В.,ФФ,доцент,д.н.
Лебедев А.А.,ФУПМ,,
Морозов Б.В.,ФМиМ,профессор,д.н.
Новиков Ж.Р.,ФРТ,ассистент,д.н.
Иванов Е.П.,ФМиЕН,доцент,д.н.
Кузнецов З.Т.,ФПМИ,доцент,д.н.
Кузнецов Е.П.,ФМиЕН,,д.н.
Егоров З.Т.,ФМиМ,профессор,к.н.
Соколов Д.С.,ФМиЕН,доцент,
Иванов Д.С.,ФИВТ,доцент,
Сидоров А.А.,ИТМО,,к.н.
Сидоров Ж.Р.,ФИТ,,д.н.
Лебедева Д.С.,ФМиМ,ассистент,к.н.
Иванов К.М.,ФЭТ,профессор,
Лебедев Б.В.,ИТМО,,
Новиков М.Ю.,ФМиМ,ассистент,
Егоров А.А.,ФФ,ассистент,д.н.
Петров М.Ю.,ИТМО,,к.н.
Попов Е.П.,ФЭТ,ассистент,д.н.
Соколов А.А.,ФФ,профессор,к.н.
Смирнов В.И.,ИТМО,ассистент,к.н.
Иванов И.К.,ФУПМ,профессор,
Новиков В.И.,ФИВТ,ассистент,
Морозов Л.О.,ФПМИ,ассистент,
Козлов К.М.,ФФ,ассистент,к.н.
Новиков Г.Н.,ФФ,,
Смирнов Г.Н.,ФИВТ,ассистент,к.н.
Кузнецов М.Ю.,ФУПМ,профессор,
Новиков Ж.Р.,ФПМИ,ассистент,к.н.
Семенов М.Ю.,ФУПМ,доцент,
Петров В.И.,ФУПМ,,
Новиков К.М.,ФЭТ,ассистент,к.н.
Волков Ж.Р.,ФМиЕН,профессор,к.н.
Иванов Б.В.,ФФ,профессор,
Семенов Ж.Р.,ФЭТ,доцент,
Сидоров Г.Н.,ФМиМ,ассистент,д.н.
Попов Л.О.,ФМиМ,,
Лебедева И.К.,ФФ,профессор,
Семенов К.М.,ФРТ,доцент,к.н.
Иванов Б.В.,ФЭТ,доцент,д.н.
Петров А.А.,ФФ,доцент,
Иванов Г.Н.,ФУПМ,доцент,д.н.
Попов Е.П.,ФИТ,доцент,к.н.
Новиков Д.С.,ИТМО,ассистент,к.н.
Козлов Ж.Р.,ФФ,доцент,
Соколов Г.Н.,ФМиМ,доцент,
Кузнецов Ж.Р.,ИТМО,,д.н.
Попов Б.В.,ФРТ,ассистент,
Петров А.А.,ФУПМ,профессор,д.н.
Новиков З.Т.,ФРТ,,
Волков З.Т.,ФИТ,профессор,д.н.
Волков З.Т.,ФПМИ,ассистент,к.н.
Алексеев К.М.,ФРТ,профессор,д.н.
Соколов А.А.,ИТМО,ассистент,к.н.
Лебедева А.А.,ФФ,,д.н.
Соколов А.А.,ФМиЕН,доцент,д.н.
Петров Г.Н.,ФЭТ,доцент,
Волков А.А.,ФЭТ,доцент,
Козлов Ж.Р.,ФЭТ,,
Петров Д.С.,ФМиМ,ассистент,к.н.
Волков А.А.,ФФ,профессор,д.н.
Новиков В.И.,ФУПМ,доцент,д.н.
Попов Л.О.,ФМиМ,ассистент,к.н.
Смирнов И.К.,ФРТ,профессор,к.н.
Егоров К.М.,ФЭТ,,к.н.
Петров Д.С.,ФПМИ,,к.н.
Морозов Е.П.,ФЭТ,профессор,к.н.
Петров З.Т.,ФИТ,доцент,д.н.
Попов Д.С.,ФФ,,д.н.
Новиков Ж.Р.,ФМиЕН,профессор,
Лебедева Д.С.,ФПМИ,ассистент,д.н.
Лебедева И.К.,ФПМИ,профессор,к.н.
Петров А.А.,ФИТ,профессор,
Сидоров И.К.,ФИВТ,,д.н.
Попов Д.С.,ФМиМ,профессор,к.н.
Соколов Л.О.,ФИТ,,д.н.
Волков Б.В.,ФЭТ,профессор,д.н.
Егоров М.Ю.,ФМиЕН,,к.н.
Козлов Е.П.,ФРТ,,к.н.
Егоров Л.О.,ФМиЕН,,к.н.
Морозов Л.О.,ФФ,профессор,д.н.
Морозов Л.О.,ФМиМ,ассистент,
Иванов М.Ю.,ФПМИ,ассистент,
Сидоров М.Ю.,ФЭТ,профессор,д.н.
Лебедева З.Т.,ФФ,профессор,
Козлов Д.С.,ФЭТ,профессор,к.н.
Новиков К.М.,ФМиЕН,доцент,к.н.
Сидоров Е.П.,ФМиМ,профессор,
Лебедева Л.О.,ФЭТ,ассистент,
Лебедева Г.Н.,ФФ,профессор,д.н.
Попов Л.О.,ФРТ,ассистент,
Козлов И.К.,ФМиМ,,
Алексеев К.М.,ФМиЕН,профессор,к.н.
Егоров Е.П.,ИТМО,профессор,
Попов Д.С.,ИТМО,,
Смирнов Л.О.,ФФ,,д.н.
Волков Д.С.,ФМиМ,,к.н.
Кузнецов Б.В.,ИТМО,профессор,к.н.
Петров М.Ю.,ИТМО,,д.н.
Смирнов Б.В.,ФРТ,доцент,д.н.
Козлов И.К.,ФПМИ,ассистент,к.н.
Лебедев К.М.,ФУПМ,доцент,к.н.
Иванов З.Т.,ФМиМ,ассистент,
Кузнецов З.Т.,ФПМИ,профессор,д.н.
Егоров Ж.Р.,ФРТ,доцент,к.н.
Соколов К.М.,ФИВТ,,д.н.
Алексеев В.И.,ФМиМ,профессор,д.н.
Семенов Ж.Р.,ФУПМ,доцент,
Семенов М.Ю.,ФРТ,,д.н.
Попов Л.О.,ФФ,ассистент,к.н.
Морозов З.Т.,ФЭТ,,
Смирнов М.Ю.,ФПМИ,ассистент,д.н.
Лебедев М.Ю.,ФМиМ,профессор,д.н.
Волков А.А.,ФФ,доцент,
Лебедева К.М.,ФПМИ,,
Лебедева Д.С.,ФИВТ,,к.н.
Новиков Ж.Р.,ФУПМ,ассистент,
Егоров Л.О.,ФФ,ассистент,
Смирнов Л.О.,ФМиМ,ассистент,д.н.
Лебедев Е.П.,ФМиМ,доцент,к.н.
Морозов М.Ю.,ИТМО,ассистент,д.н.
Морозов Ж.Р.,ФМиМ,профессор,к.н.
Лебедев З.Т.,ФИВТ,доцент,
Козлов З.Т.,ФМиМ,доцент,д.н.
Соколов М.Ю.,ФРТ,доцент,
Иванов Д.С.,ИТМО,доцент,
Попов Л.О.,ФМиЕН,ассистент,к.н.
Лебедева А.А.,ФИТ,доцент,
Козлов Д.С.,ФМиЕН,,
Семенов Г.Н.,ФИТ,,
Егоров И.К.,ФМиЕН,ассистент,к.н.
Смирнов И.К.,ФИТ,ассистент,к.н.
Петров И.К.,ФЭТ,ассистент,к.н.
Новиков Д.С.,ФПМИ,,
Попов В.И.,ФИВТ,доцент,д.н.
Семенов Л.О.,ФЭТ,доцент,к.н.
Лебедева Б.В.,ФРТ,,д.н.
Алексеев В.И.,ФИВТ,,д.н.
Лебедев Д.С.,ФЭТ,ассистент,
Волков В.И.,ИТМО,профессор,д.н.
Семенов М.Ю.,ФРТ,профессор,д.н.
Сидоров Д.С.,ФЭТ,доцент,
Лебедева В.И.,ФУПМ,,к.н.
Кузнецов И.К.,ФЭТ,,д.н.
Козлов Е.П.,ФМиЕН,ассистент,д.н.
Кузнецов З.Т.,ИТМО,профессор,к.н.
Алексеев Г.Н.,ФПМИ,профессор,
Соколов К.М.,ФФ,доцент,д.н.
Лебедева Ж.Р.,ФИТ,,к.н.
Алексеев Л.О.,ФУПМ,,к.н.
Смирнов Г.Н.,ФУПМ,ассистент,д.н.
Кузнецов Е.П.,ФИВТ,доцент,
Лебедева Ж.Р.,ФМиМ,доцент,
Смирнов Г.Н.,ФМиЕН,,
Попов Г.Н.,ФФ,профессор,д.н.
Новиков В.И.,ФПМИ,профессор,д.н.
Соколов Е.П.,ФМиЕН,профессор,д.н.
Иванов В.И.,ФИТ,,д.н.
Смирнов К.М.,ФИВТ,профессор,д.н.
Смирнов Б.В.,ФРТ,профессор,к.н.
Волков К.М.,ФМиЕН,доцент,к.н.
Петров А.А.,ФПМИ,доцент,д.н.
Сидоров Г.Н.,ФЭТ,доцент,к.н.
Лебедев Е.П.,ФРТ,доцент,
Новиков Е.П.,ФЭТ,профессор,
Алексеев Л.О.,ФИТ,,к.н.
Козлов А.А.,ФМиЕН,ассистент,к.н.
Попов Д.С.,ФМиМ,доцент,
Иванов И.К.,ФМиЕН,ассистент,к.н.
Лебедев Ж.Р.,ИТМО,ассистент,
Петров Б.В.,ФФ,ассистент,
Семенов К.М.,ФПМИ,,к.н.
Морозов Г.Н.,ФУПМ,профессор,к.н.
Новиков А.А.,ФРТ,доцент,к.н.
Лебедев Д.С.,ФИТ,профессор,к.н.
Иванов З.Т.,ФУПМ,доцент,к.н.
Петров М.Ю.,ФМиЕН,доцент,
Смирнов Д.С.,ФРТ,,
Лебедев К.М.,ФЭТ,профессор,д.н.
Соколов З.Т.,ФИВТ,доцент,
Сидоров В.И.,ФУПМ,профессор,д.н.
Козлов Д.С.,ФФ,профессор,
Козлов К.М.,ФИВТ,,к.н.
Сидоров В.И.,ФИВТ,доцент,
Волков Д.С.,ФМиМ,доцент,
Волков Д.С.,ФИТ,профессор,д.н.
Козлов К.М.,ФЭТ,ассистент,к.н.
Соколов Е.П.,ФЭТ,,д.н.
Лебедев И.К.,ФФ,,к.н.
Волков Г.Н.,ФЭТ,профессор,д.н.
Сидоров Е.П.,ФРТ,,к.н.
Козлов И.К.,ИТМО,доцент,к.н.
Кузнецов Б.В.,ФРТ,ассистент,к.н.
Егоров Е.П.,ФПМИ,профессор,
Лебедев М.Ю.,ИТМО,,к.н.
Петров М.Ю.,ФИВТ,ассистент,д.н.
Соколов Е.П.,ФМиЕН,профессор,к.н.
Соколов Ж.Р.,ФМиМ,,
Попов Л.О.,ФМиЕН,профессор,д.н.
Алексеев А.А.,ФПМИ,доцент,к.н.
Сидоров Б.В.,ФРТ,ассистент,
Иванов Д.С.,ФЭТ,ассистент,
Смирнов М.Ю.,ИТМО,ассистент,
Семенов Ж.Р.,ФИТ,,д.н.
Волков Б.В.,ФПМИ,,к.н.
Попов З.Т.,ФРТ,профессор,
Сидоров М.Ю.,ФМиЕН,профессор,к.н.
Лебедева Ж.Р.,ФЭТ,профессор,к.н.
Лебедев В.И.,ФУПМ,,
Петров Г.Н.,ФМиЕН,,к.н.
Соколов Ж.Р.,ФЭТ,ассистент,к.н.
Лебедева В.И.,ФИВТ,,к.н.
Сидоров К.М.,ФУПМ,,д.н.
Волков И.К.,ФРТ,профессор,д.н.
Козлов М.Ю.,ИТМО,профессор,
Волков В.И.,ФФ,профессор,к.н.
Новиков Б.В.,ФИТ,доцент,д.н.
Смирнов Е.П.,ФМиЕН,доцент,
Новиков М.Ю.,ФИВТ,профессор,
Петров З.Т.,ФФ,,к.н.
Попов М.Ю.,ИТМО,ассистент,
Новиков К.М.,ФРТ,доцент,к.н.
Семенов Д.С.,ФРТ,профессор,
Смирнов И.К.,ФМиМ,доцент,
Соколов Д.С.,ФМиЕН,,д.н.
Морозов А.А.,ФИТ,профессор,к.н.
Волков К.М.,ФФ,профессор,д.н.
Иванов Л.О.,ФМиЕН,ассистент,к.н.
Новиков В.И.,ФЭТ,ассистент,д.н.
Попов Д.С.,ФРТ,ассистент,д.н.
Волков А.А.,ФПМИ,ассистент,д.н.
Алексеев И.К.,ФМиМ,доцент,д.н.
Алексеев Е.П.,ФИВТ,профессор,к.н.
Волков Г.Н.,ФМиЕН,доцент,д.н.
Морозов Е.П.,ФИВТ,профессор,д.н.
Морозов Л.О.,ФИВТ,,д.н.
Семенов В.И.,ФФ,профессор,д.н.
Смирнов В.И.,ФРТ,ассистент,д.н.
Соколов Г.Н.,ФРТ,профессор,
Смирнов М.Ю.,ИТМО,ассистент,
Егоров Е.П.,ФЭТ,профессор,к.н.
Егоров В.И.,ИТМО,доцент,к.н.
Иванов М.Ю.,ФУПМ,профессор,
Петров В.И.,ФФ,ассистент,
Козлов Л.О.,ФФ,профессор,д.н.
Козлов Л.О.,ФПМИ,профессор,
Иванов З.Т.,ИТМО,доцент,
Петров Л.О.,ФПМИ,доцент,к.н.
Сидоров Д.С.,ФРТ,ассистент,
Петров М.Ю.,ФМиМ,доцент,
Соколов Б.В.,ФЭТ,профессор,к.н.
Новиков М.Ю.,ФРТ,профессор,к.н.
Лебедев Л.О.,ФФ,доцент,
Козлов Е.П.,ФПМИ,ассистент,
Попов Б.В.,ФИВТ,профессор,к.н.
Петров М.Ю.,ИТМО,доцент,д.н.
Сидоров З.Т.,ИТМО,доцент,к.н.
Семенов Г.Н.,ИТМО,,
Петров В.И.,ФУПМ,профессор,д.н.
Сидоров М.Ю.,ФМиМ,,д.н.
Сидоров В.И.,ФРТ,ассистент,
Волков В.И.,ФРТ,доцент,
Сидоров Б.В.,ФПМИ,,к.н.
Сидоров И.К.,ФИВТ,доцент,
Соколов М.Ю.,ФФ,доцент,к.н.
Петров И.К.,ФИТ,,к.н.
Лебедев А.А.,ФМиМ,профессор,д.н.
Лебедев В.И.,ФФ,доцент,д.н.
Морозов И.К.,ФФ,,к.н.
Лебедева М.Ю.,ФПМИ,,д.н.
Новиков К.М.,ФМиМ,доцент,д.н.
Петров В.И.,ИТМО,профессор,д.н.
Новиков Е.П.,ФИВТ,доцент,д.н.
Егоров К.М.,ФУПМ,профессор,к.н.
Кузнецов А.А.,ФИВТ,,
Кузнецов Г.Н.,ФРТ,доцент,
Егоров Ж.Р.,ФИВТ,доцент,
Егоров Б.В.,ФУПМ,профессор,
Егоров Д.С.,ФМиЕН,доцент,
Сидоров Г.Н.,ФФ,,д.н.
Козлов Б.В.,ФРТ,доцент,к.н.
Сидоров Г.Н.,ФИТ,профессор,
Лебедева А.А.,ФПМИ,профессор,д.н.
Козлов М.Ю.,ФИВТ,ассистент,к.н.
Соколов Г.Н.,ФУПМ,,к.н.
Попов М.Ю.,ФМиМ,ассистент,к.н.
Смирнов Б.В.,ФРТ,профессор,д.н.
Семенов Г.Н.,ФМиМ,,к.н.
Семенов Е.П.,ФИТ,,
Алексеев М.Ю.,ФУПМ,ассистент,
Петров Г.Н.,ФИТ,профессор,к.н.
Сидоров Е.П.,ФФ,ассистент,
Алексеев Г.Н.,ИТМО,ассистент,д.н.
Волков Ж.Р.,ФРТ,ассистент,д.н.
Новиков Б.В.,ФУПМ,профессор,к.н.
Иванов Ж.Р.,ФЭТ,ассистент,
Новиков З.Т.,ФУПМ,профессор,
Иванов М.Ю.,ФРТ,профессор,к.н.
Попов В.И.,ФМиЕН,ассистент,к.н.
Иванов Л.О.,ФУПМ,ассистент,
Петров К.М.,ФФ,,д.н.
Попов З.Т.,ФУПМ,профессор,к.н.
Алексеев В.И.,ФМиЕН,,д.н.
Лебедев Б.В.,ФУПМ,профессор,д.н.
Соколов З.Т.,ФФ,,д.н.
Лебедева К.М.,ИТМО,доцент,
Лебедев К.М.,ИТМО,ассистент,к.н.
Петров Д.С.,ФПМИ,ассистент,
Соколов Г.Н.,ФУПМ,ассистент,к.н.
Попов А.А.,ФЭТ,профессор,
Козлов Е.П.,ФМиМ,ассистент,
Новиков Д.С.,ФУПМ,ассистент,
Волков Д.С.,ФФ,профессор,д.н.
Новиков Г.Н.,ФМиЕН,доцент,к.н.
Волков А.А.,ФУПМ,доцент,д.н.
Попов В.И.,ФФ,ассистент,к.н.
Петров Г.Н.,ФЭТ,ассистент,д.н.
Новиков Б.В.,ФРТ,профессор,
Егоров Д.С.,ФМиЕН,доцент,
Кузнецов М.Ю.,ФМиМ,,д.н.
Семенов Е.П.,ФИТ,доцент,
Смирнов И.К.,ФПМИ,ассистент,д.н.
Егоров Л.О.,ИТМО,профессор,
Семенов В.И.,ФМиЕН,доцент,к.н.
Волков А.А.,ФРТ,,
Новиков Л.О.,ФИВТ,доцент,к.н.
Петров Д.С.,ИТМО,ассистент,к.н.
Иванов Л.О.,ФУПМ,профессор,к.н.
Алексеев В.И.,ФУПМ,доцент,
Сидоров А.А.,ФПМИ,профессор,
Попов Е.П.,ФИВТ,доцент,д.н.
Егоров Б.В.,ФФ,,к.н.
Сидоров З.Т.,ФИВТ,,
Лебедев М.Ю.,ФМиЕН,профессор,к.н.
Кузнецов Д.С.,ФРТ,,к.н.
Лебедева И.К.,ФРТ,профессор,д.н.
Кузнецов Л.О.,ФИТ,доцент,
Козлов З.Т.,ФПМИ,ассистент,к.н.
Попов Л.О.,ФМиЕН,доцент,д.н.
Егоров А.А.,ФМиЕН,профессор,к.н.
Лебедева В.И.,ФУПМ,,к.н.
Новиков Б.В.,ФПМИ,профессор,к.н.
Новиков А.А.,ФФ,,д.н.
Волков Ж.Р.,ФМиЕН,доцент,к.н.
Попов Б.В.,ФИВТ,доцент,
Алексеев Ж.Р.,ИТМО,доцент,д.н.
Козлов Ж.Р.,ФЭТ,профессор,к.н.
Лебедева Б.В.,ФИВТ,ассистент,к.н.
Семенов А.А.,ФПМИ,профессор,к.н.
Смирнов Г.Н.,ФУПМ,профессор,
Новиков А.А.,ФМиЕН,доцент,д.н.
Иванов Л.О.,ФМиЕН,доцент,
Морозов Е.П.,ФИВТ,доцент,к.н.
Иванов Б.В.,ИТМО,профессор,
Смирнов В.И.,ФИВТ,,д.н.
Волков З.Т.,ФИТ,профессор,д.н.
Новиков Д.С.,ФИТ,ассистент,д.н.
Егоров З.Т.,ФЭТ,,
Лебедева Д.С.,ФПМИ,доцент,д.н.
Семенов А.А.,ФИТ,ассистент,
Соколов З.Т.,ФФ,профессор,
Егоров В.И.,ИТМО,доцент,к.н.
Лебедев К.М.,ФМиМ,,д.н.
Сидоров Е.П.,ФМиЕН,доцент,д.н.
Кузнецов Л.О.,ФМиМ,профессор,к.н.
Егоров К.М.,ФРТ,,д.н.
Соколов А.А.,ФФ,профессор,д.н.
Кузнецов Г.Н.,ФМиЕН,доцент,
Попов В.И.,ФМиЕН,доцент,д.н.
Петров Г.Н.,ФМиМ,ассистент,к.н.
Сидоров З.Т.,ИТМО,профессор,
Лебедева В.И.,ФМиЕН,доцент,к.н.
Кузнецов В.И.,ФПМИ,ассистент,д.н.
Иванов З.Т.,ФРТ,доцент,
Егоров А.А.,ФМиЕН,,к.н.
Волков В.И.,ФРТ,профессор,к.н.
Семенов Ж.Р.,ФФ,,д.н.
Петров Д.С.,ФПМИ,профессор,
Алексеев В.И.,ФИВТ,доцент,д.н.
Сидоров Д.С.,ФИВТ,,д.н.
Попов Б.В.,ФИТ,ассистент,
Алексеев Г.Н.,ФУПМ,профессор,
Алексеев И.К.,ФПМИ,,к.н.
Сидоров Ж.Р.,ФМиМ,профессор,д.н.
Лебедев Е.П.,ФИТ,профессор,
Морозов З.Т.,ФИВТ,профессор,к.н.
Егоров М.Ю.,ФФ,профессор,к.н.
Волков Ж.Р.,ФФ,,
Лебедева В.И.,ФЭТ,,к.н.
Волков М.Ю.,ФМиЕН,ассистент,к.н.
Лебедева Л.О.,ФМиМ,,д.н.
Попов В.И.,ФМиЕН,доцент,к.н.
Сидоров Ж.Р.,ФПМИ,доцент,
Козлов Ж.Р.,ИТМО,,к.н.
Алексеев Л.О.,ФФ,ассистент,к.н.
Алексеев И.К.,ФИТ,доцент,д.н.
Лебедева А.А.,ФРТ,,к.н.
Алексеев М.Ю.,ИТМО,,д.н.
Алексеев Ж.Р.,ФИВТ,ассистент,д.н.
Морозов Г.Н.,ФИВТ,,
Новиков Г.Н.,ФРТ,профессор,к.н.
Кузнецов А.А.,ИТМО,,к.н.
Кузнецов Г.Н.,ФЭТ,ассистент,д.н.
Новиков В.И.,ФИВТ,профессор,д.н.
Егоров А.А.,ИТМО,,д.н.
Петров Д.С.,ФИТ,доцент,
Морозов Г.Н.,ФМиМ,профессор,д.н.
Петров Ж.Р.,ФФ,,к.н.
Лебедева К.М.,ФИТ,доцент,
Сидоров Ж.Р.,ФМиМ,доцент,д.н.
Лебедев А.А.,ИТМО,доцент,д.н.
Волков К.М.,ИТМО,доцент,
Иванов А.А.,ФУПМ,доцент,к.н.
Егоров З.Т.,ИТМО,,к.н.
Петров В.И.,ФПМИ,доцент,к.н.
Лебедева А.А.,ИТМО,,д.н.
Егоров М.Ю.,ФРТ,ассистент,к.н.
Новиков Л.О.,ФУПМ,ассистент,д.н.
Волков Л.О.,ФФ,профессор,
Волков Е.П.,ФМиЕН,доцент,д.н.
Смирнов И.К.,ФИТ,,к.н.
Новиков Л.О.,ФПМИ,профессор,
Алексеев И.К.,ФИВТ,ассистент,к.н.
Козлов А.А.,ФМиЕН,ассистент,д.н.
Лебедев А.А.,ФУПМ,,д.н.
Козлов Е.П.,ФЭТ,,к.н.
Егоров Б.В.,ФУПМ,профессор,
Алексеев Г.Н.,ФИВТ,,д.н.
Иванов Ж.Р.,ФФ,профессор,к.н.
Петров Л.О.,ФМиЕН,доцент,д.н.
Волков З.Т.,ФФ,профессор,д.н.
Сидоров Б.В.,ИТМО,ассистент,д.н.
Новиков И.К.,ФРТ,ассистент,д.н.
Кузнецов В.И.,ФИТ,профессор,д.н.
Петров Г.Н.,ИТМО,ассистент,к.н.
Петров Л.О.,ФЭТ,профессор,к.н.
Сидоров А.А.,ФПМИ,профессор,
Лебедева Г.Н.,ФПМИ,доцент,к.н.
Сидоров Е.П.,ФУПМ,ассистент,
Семенов З.Т.,ФУПМ,,
Морозов Ж.Р.,ФУПМ,,д.н.
Кузнецов Е.П.,ФЭТ,доцент,д.н.
Лебедева М.Ю.,ФМиМ,,д.н.
Иванов Г.Н.,ФМиМ,,д.н.
Морозов Б.В.,ФИТ,,к.н.
Волков В.И.,ФМиЕН,,
Егоров Г.Н.,ФИТ,профессор,
Попов Л.О.,ИТМО,профессор,
Волков Л.О.,ФМиЕН,ассистент,
Иванов Ж.Р.,ФПМИ,профессор,д.н.
Морозов Г.Н.,ИТМО,ассистент,к.н.
Новиков Е.П.,ФМиМ,,д.н.
Егоров Д.С.,ФМиМ,,к.н.
Сидоров Л.О.,ФМиЕН,доцент,к.н.
Попов А.А.,ФЭТ,,к.н.
Алексеев Б.В.,ФУПМ,,д.н.
Кузнецов Л.О.,ФРТ,,д.н.
Козлов Г.Н.,ФЭТ,,
Сидоров З.Т.,ФИТ,,
Петров Е.П.,ФИВТ,ассистент,д.н.
Егоров Л.О.,ФЭТ,,
Волков Д.С.,ФПМИ,ассистент,к.н.
Лебедев М.Ю.,ФУПМ,доцент,к.н.
Егоров З.Т.,ФФ,доцент,
Попов З.Т.,ФПМИ,ассистент,д.н.
Попов Л.О.,ФФ,доцент,к.н.
Лебедев В.И.,ФИВТ,профессор,
Козлов З.Т.,ИТМО,,к.н.
Волков З.Т.,ФИВТ,ассистент,к.н.
Петров Д.С.,ФМиЕН,,
Волков З.Т.,ФИТ,доцент,д.н.
Кузнецов Л.О.,ФУПМ,ассистент,д.н.
Козлов Ж.Р.,ИТМО,доцент,д.н.
Лебедев Е.П.,ФЭТ,ассистент,к.н.
Семенов Г.Н.,ФИВТ,профессор,д.н.
Кузнецов Б.В.,ФМиЕН,,к.н.
Алексеев К.М.,ФУПМ,ассистент,д.н.
Лебедев Л.О.,ФПМИ,профессор,
Смирнов К.М.,ФУПМ,,д.н.
Козлов И.К.,ФРТ,,
Попов В.И.,ФИТ,профессор,к.н.
Петров К.М.,ФЭТ,,
Попов А.А.,ИТМО,,
Семенов К.М.,ФУПМ,ассистент,
Семенов А.А.,ФПМИ,,
Егоров А.А.,ФМиЕН,,к.н.
Сидоров Д.С.,ФПМИ,ассистент,к.н.
Морозов И.К.,ФИТ,профессор,
Попов З.Т.,ФИВТ,ассистент,к.н.
Петров Ж.Р.,ФФ,,д.н.
Егоров А.А.,ФПМИ,доцент,к.н.
Петров З.Т.,ФЭТ,,к.н.
Семенов Ж.Р.,ФМиМ,доцент,
Сидоров Г.Н.,ФЭТ,,д.н.
Смирнов Д.С.,ФПМИ,ассистент,д.н.
Соколов З.Т.,ФМиМ,доцент,к.н.
Соколов В.И.,ФПМИ,ассистент,д.н.
Козлов Д.С.,ФПМИ,,д.н.
Новиков Б.В.,ФУПМ,,к.н.
Егоров Д.С.,ФРТ,профессор,к.н.
Соколов К.М.,ФУПМ,профессор,д.н.
Лебедев Ж.Р.,ФРТ,доцент,к.н.
Лебедева М.Ю.,ФИВТ,профессор,
Лебедева Д.С.,ФМиЕН,профессор,к.н.
Попов В.И.,ФИТ,профессор,д.н.
Волков Ж.Р.,ФМиЕН,доцент,д.н.
Попов Б.В.,ФУПМ,доцент,
Алексеев Г.Н.,ФРТ,,
Иванов И.К.,ФМиЕН,доцент,к.н.
Лебедев Ж.Р.,ФИВТ,,д.н.
Попов В.И.,ФМиМ,доцент,к.н.
Сидоров Д.С.,ФРТ,доцент,к.н.
Козлов К.М.,ФМиЕН,доцент,д.н.
Петров Е.П.,ФИТ,профессор,к.н.
Смирнов Е.П.,ФПМИ,профессор,д.н.
Козлов И.К.,ФРТ,ассистент,
Кузнецов И.К.,ФМиЕН,доцент,к.н.
Новиков З.Т.,ФМиЕН,доцент,к.н.
Попов З.Т.,ФИВТ,доцент,
Лебедева М.Ю.,ФПМИ,профессор,
Семенов И.К.,ФЭТ,профессор,к.н.
Попов Е.П.,ФПМИ,,к.н.
Волков Е.П.,ФМиЕН,,д.н.
Лебедева И.К.,ФРТ,профессор,д.н.
Смирнов З.Т.,ФФ,,к.н.
Алексеев Л.О.,ФЭТ,ассистент,
Лебедев М.Ю.,ФИВТ,доцент,к.н.
Семенов Ж.Р.,ФЭТ,доцент,
Сидоров Д.С.,ФРТ,доцент,д.н.
Алексеев Г.Н.,ФУПМ,доцент,
Семенов И.К.,ФЭТ,,
Смирнов Е.П.,ФРТ,профессор,д.н.
Волков В.И.,ФМиЕН,профессор,д.н.
Петров Е.П.,ФИВТ,ассистент,д.н.
Соколов Е.П.,ФМиЕН,доцент,к.н.
Лебедева И.К.,ФМиМ,ассистент,д.н.
Егоров Л.О.,ФМиЕН,профессор,к.н.
Сидоров Ж.Р.,ФУПМ,профессор,
Козлов Е.П.,ФЭТ,профессор,к.н.
Алексеев Е.П.,ИТМО,ассистент,
Иванов А.А.,ФФ,профессор,к.н.
Морозов Д.С.,ФИТ,ассистент,
Морозов Л.О.,ФФ,,д.н.
Козлов Ж.Р.,ФПМИ,профессор,д.н.
Смирнов Г.Н.,ИТМО,,
Волков В.И.,ФИТ,профессор,
Новиков А.А.,ФМиЕН,,к.н.
Морозов М.Ю.,ФРТ,,к.н.
Лебедев З.Т.,ФМиЕН,,
Лебедева Ж.Р.,ФИТ,профессор,д.н.
Соколов Ж.Р.,ФУПМ,доцент,д.н.
Соколов В.И.,ФРТ,доцент,к.н.
Петров Е.П.,ФМиМ,профессор,
Попов Ж.Р.,ФУПМ,,
Смирнов Е.П.,ФЭТ,доцент,к.н.
Кузнецов Г.Н.,ФПМИ,ассистент,д.н.
Сидоров Д.С.,ФУПМ,профессор,к.н.
Козлов Б.В.,ФМиМ,,
Лебедева Е.П.,ФФ,,
Лебедева К.М.,ФПМИ,,д.н.
Лебедева Б.В.,ФРТ,,д.н.
Соколов Г.Н.,ФМиЕН,ассистент,
Алексеев Ж.Р.,ФИВТ,профессор,д.н.
Смирнов Л.О.,ФМиЕН,ассистент,к.н.
Сидоров Г.Н.,ФИВТ,,к.н.
Алексеев М.Ю.,ФИВТ,профессор,
Сидоров З.Т.,ФИВТ,доцент,к.н.
Иванов Л.О.,ФЭТ,,
Иванов Б.В.,ФФ,,
Смирнов В.И.,ИТМО,профессор,д.н.
Иванов К.М.,ФУПМ,ассистент,к.н.
Лебедев Г.Н.,ФФ,профессор,к.н.
Морозов Г.Н.,ФЭТ,,
Волков М.Ю.,ФУПМ,ассистент,
Кузнецов Б.В.,ФРТ,ассистент,к.н.
Лебедев Л.О.,ФУПМ,доцент,
Морозов А.А.,ФМиМ,профессор,
Лебедева Ж.Р.,ФМиЕН,,д.н.
Смирнов В.И.,ФИВТ,,д.н.
Иванов К.М.,ФРТ,,д.н.
Попов К.М.,ИТМО,ассистент,
Сидоров З.Т.,ФРТ,ассистент,
Смирнов Е.П.,ФФ,ассистент,
Семенов Л.О.,ФРТ,,
Морозов Б.В.,ФЭТ,,д.н.
Соколов Л.О.,ФФ,доцент,
Волков Г.Н.,ФУПМ,профессор,к.н.
Соколов Б.В.,ФМиМ,ассистент,
Волков Ж.Р.,ФИВТ,,д.н.
Сидоров Г.Н.,ФМиМ,профессор,к.н.
Соколов Л.О.,ФЭТ,ассистент,к.н.
Козлов М.Ю.,ИТМО,профессор,д.н.
Лебедев И.К.,ФРТ,доцент,д.н.
Новиков Л.О.,ФИВТ,профессор,д.н.
Егоров Б.В.,ФПМИ,ассистент,к.н.
Волков З.Т.,ФЭТ,,
Алексеев З.Т.,ФФ,профессор,
Смирнов В.И.,ФИТ,ассистент,д.н.
Соколов Д.С.,ФМиМ,ассистент,д.н.
Семенов Ж.Р.,ИТМО,,
Волков А.А.,ФИВТ,доцент,д.н.
Морозов З.Т.,ИТМО,,д.н.
Морозов В.И.,ФУПМ,доцент,
Иванов А.А.,ИТМО,доцент,д.н.
Алексеев Е.П.,ФИВТ,доцент,
Козлов М.Ю.,ФИТ,профессор,к.н.
Соколов Д.С.,ФУПМ,профессор,
Иванов Ж.Р.,ФИВТ,профессор,
Морозов З.Т.,ФЭТ,,д.н.
Попов Ж.Р.,ФМиМ,доцент,д.н.
Волков Д.С.,ИТМО,доцент,к.н.
Егоров Е.П.,ФРТ,,д.н.
Сидоров Ж.Р.,ИТМО,,
Лебедев З.Т.,ФФ,доцент,д.н.
Лебедев Л.О.,ФФ,ассистент,д.н.
Новиков А.А.,ФИВТ,,д.н.
Смирнов М.Ю.,ФМиМ,ассистент,к.н.
Соколов Л.О.,ФИВТ,,
Кузнецов А.А.,ФПМИ,ассистент,к.н.
Алексеев М.Ю.,ФПМИ,профессор,
Семенов Б.В.,ФИТ,профессор,
Петров М.Ю.,ФРТ,ассистент,
Морозов З.Т.,ИТМО,ассистент,
Волков Л.О.,ФУПМ,доцент,д.н.
Попов Ж.Р.,ФМиМ,ассистент,
Новиков М.Ю.,ФФ,ассистент,
Новиков Б.В.,ФМиЕН,доцент,
Попов Л.О.,ФМиЕН,доцент,к.н.
Семенов Е.П.,ФРТ,ассистент,к.н.
Петров Д.С.,ФЭТ,доцент,к.н.
Лебедева З.Т.,ИТМО,профессор,к.н.
Кузнецов Ж.Р.,ФЭТ,профессор,д.н.
Смирнов Ж.Р.,ФИТ,,д.н.
Егоров Л.О.,ФИТ,ассистент,к.н.
Морозов В.И.,ФЭТ,доцент,к.н.
Лебедева К.М.,ФЭТ,профессор,
Лебедева К.М.,ИТМО,,к.н.
Волков Б.В.,ИТМО,доцент,
Морозов Ж.Р.,ФРТ,доцент,к.н.
Лебедев А.А.,ФПМИ,доцент,
Егоров И.К.,ФЭТ,ассистент,к.н.
Кузнецов М.Ю.,ФПМИ,доцент,д.н.
Семенов Ж.Р.,ФМиЕН,ассистент,
Морозов Е.П.,ФФ,,
Лебедева В.И.,ФИТ,ассистент,д.н.
Сидоров З.Т.,ФИВТ,ассистент,
Кузнецов Л.О.,ФФ,,
Козлов Б.В.,ФПМИ,ассистент,к.н.
Козлов Б.В.,ФМиМ,ассистент,д.н.
Соколов И.К.,ФПМИ,профессор,
Соколов М.Ю.,ФИВТ,профессор,
Морозов М.Ю.,ФЭТ,,
Кузнецов А.А.,ИТМО,ассистент,д.н.
Егоров Д.С.,ФПМИ,,к.н.
Морозов К.М.,ФРТ,доцент,
Иванов Д.С.,ФМиМ,профессор,к.н.
Егоров Л.О.,ИТМО,профессор,
Петров В.И.,ФИТ,ассистент,к.н.
Егоров Л.О.,ФРТ,профессор,
Лебедева Л.О.,ФФ,профессор,к.н.
Кузнецов К.М.,ФРТ,ассистент,
Алексеев Л.О.,ФПМИ,,
Новиков Ж.Р.,ФМиЕН,,к.н.
Егоров Г.Н.,ФЭТ,доцент,д.н.
Семенов Д.С.,ФМиМ,доцент,д.н.
Козлов Ж.Р.,ФЭТ,доцент,
Петров К.М.,ФПМИ,профессор,д.н.
Кузнецов Д.С.,ФИТ,профессор,д.н.
Иванов Б.В.,ФУПМ,,д.н.
Семенов В.И.,ФИВТ,,к.н.
Петров К.М.,ФМиМ,доцент,к.н.
Сидоров Б.В.,ФЭТ,,
Петров Л.О.,ФМиЕН,профессор,д.н.
Смирнов В.И.,ФУПМ,ассистент,к.н.
Иванов Ж.Р.,ФРТ,доцент,к.н.
