fio,faculty,title,degree
Попов Ж.Р.,ФМиЕН,доцент,к.н.
Сидоров Д.С.,ФРТ,ассистент,д.н.
Новиков Д.С.,ФРТ,профессор,д.н.
Алексеев К.М.,ФУПМ,профессор,д.н.
Попов Л.О.,ФМиМ,профессор,д.н.
Волков М.Ю.,ИТМО,ассистент,к.н.
Лебедев М.Ю.,ФУПМ,доцент,к.н.
Алексеев К.М.,ФИТ,ассистент,
Сидоров К.М.,ФРТ,,к.н.
Петров М.Ю.,ФМиЕН,доцент,д.н.
Лебедев Г.Н.,ФФ,ассистент,д.н.
Егоров Г.Н.,ФУПМ,,
Егоров Е.П.,ИТМО,ассистент,д.н.
Смирнов В.И.,ФПМИ,,
Лебедева К.М.,ФПМИ,,д.н.
Алексеев Г.Н.,ФЭТ,,д.н.
Кузнецов Л.О.,ФИВТ,доцент,к.н.
Морозов И.К.,ФФ,,д.н.
Алексеев М.Ю.,ФУПМ,доцент,д.н.
Лебедева К.М.,ФЭТ,доцент,
Семенов Д.С.,ФУПМ,профессор,
Смирнов Л.О.,ФМиМ,,к.н.
Алексеев Д.С.,ФИВТ,ассистент,
Лебедев В.И.,ФРТ,доцент,д.н.
Попов Б.В.,ИТМО,ассистент,
Петров И.К.,ФИТ,ассистент,к.н.
Иванов И.К.,ФМиМ,доцент,
Козлов К.М.,ФИВТ,ассистент,
Егоров Г.Н.,ФПМИ,профессор,к.н.
Волков Б.В.,ФУПМ,профессор,
Новиков И.К.,ФИТ,доцент,к.н.
Лебедев М.Ю.,ФУПМ,профессор,
Морозов А.А.,ФМиМ,доцент,к.н.
Кузнецов К.М.,ФМиЕН,ассистент,д.н.
Новиков К.М.,ФИТ,профессор,
Егоров З.Т.,ФЭТ,профессор,
Смирнов А.А.,ФПМИ,профессор,
Козлов Д.С.,ФЭТ,,д.н.
Сидоров А.А.,ФПМИ,ассистент,д.н.
Кузнецов Ж.Р.,ФМиМ,ассистент,
Лебедев Г.Н.,ФУПМ,профессор,д.н.
Новиков З.Т.,ФМиЕН,,к.н.
Лебедев К.М.,ФИВТ,,д.н.
Егоров В.И.,ИТМО,,к.н.
Козлов Г.Н.,ФПМИ,доцент,
Смирнов М.Ю.,ФЭТ,ассистент,д.н.
Кузнецов Л.О.,ФИВТ,,д.н.
Лебедев Л.О.,ФИТ,,
Семенов Д.С.,ФФ,ассистент,д.н.
Иванов Б.В.,ФУПМ,профессор,д.н.
Волков Е.П.,ФПМИ,ассистент,д.н.
Новиков Г.Н.,ФИТ,профессор,к.н.
Морозов Ж.Р.,ФФ,ассистент,
Семенов В.И.,ФЭТ,ассистент,д.н.
Смирнов В.И.,ФЭТ,ассистент,д.н.
Попов А.А.,ФИТ,ассистент,к.н.
Волков З.Т.,ФРТ,ассистент,
Соколов Ж.Р.,ИТМО,,
Лебедева А.А.,ФФ,профессор,к.н.
Козлов З.Т.,ФФ,,
Лебедев К.М.,ФУПМ,профессор,д.н.
Алексеев А.А.,ФУПМ,ассистент,д.н.
Козлов В.И.,ИТМО,ассистент,к.н.
Иванов А.А.,ФИВТ,,
Лебедева В.И.,ФИВТ,профессор,
Волков Г.Н.,ФИТ,ассистент,д.н.
Сидоров Г.Н.,ФМиЕН,,
Козлов М.Ю.,ФФ,ассистент,к.н.
Попов Е.П.,ФПМИ,,д.н.
Семенов М.Ю.,ФУПМ,ассистент,к.н.
Соколов К.М.,ФРТ,доцент,д.н.
Смирнов Г.Н.,ФФ,доцент,
Петров Г.Н.,ФФ,ассистент,к.н.
Смирнов В.И.,ФРТ,ассистент,к.н.
Попов А.А.,ФУПМ,,д.н.
Петров В.И.,ФРТ,,к.н.
Новиков Л.О.,ФЭТ,профессор,к.н.
Алексеев Е.П.,ФУПМ,,
Лебедев Г.Н.,ФУПМ,ассистент,
Иванов К.М.,ФМиМ,профессор,
Сидоров Г.Н.,ФРТ,,
Иванов А.А.,ИТМО,доцент,к.н.
Попов Д.С.,ФМиЕН,профессор,
Козлов Б.В.,ИТМО,,
Иванов Г.Н.,ФМиЕН,ассистент,к.н.
Попов Е.П.,ФМиМ,,к.н.
Алексеев А.А.,ФУПМ,профессор,к.н.
Попов Г.Н.,ФИВТ,ассистент,к.н.
Петров Б.В.,ФРТ,ассистент,д.н.
Морозов Ж.Р.,ИТМО,,к.н.
Сидоров К.М.,ФПМИ,профессор,д.н.
Лебедева Б.В.,ФИТ,доцент,к.н.
Сидоров З.Т.,ФМиЕН,ассистент,д.н.
Новиков К.М.,ИТМО,ассистент,
Лебедева Б.В.,ФПМИ,ассистент,к.н.
Иванов М.Ю.,ФРТ,,к.н.
Семенов Б.В.,ФПМИ,профессор,к.н.
Егоров И.К.,ФПМИ,ассистент,к.н.
Морозов Г.Н.,ИТМО,доцент,д.н.
Козлов Л.О.,ФИТ,ассистент,
Сидоров Е.П.,ФРТ,,к.н.
Петров А.А.,ФИВТ,профессор,к.н.
Лебедев И.К.,ИТМО,доцент,
Иванов З.Т.,ФПМИ,профессор,к.н.
Морозов И.К.,ФИТ,ассистент,к.н.
Соколов Г.Н.,ФИТ,ассистент,д.н.
Кузнецов Ж.Р.,ФМиМ,профессор,к.н.
Семенов К.М.,ФФ,ассистент,
Иванов Е.П.,ФИВТ,доцент,к.н.
Волков Е.П.,ФПМИ,,к.н.
Семенов А.А.,ФФ,,д.н.
Козлов Д.С.,ФФ,доцент,к.н.
Соколов А.А.,ФМиЕН,доцент,д.н.
Иванов Е.П.,ФЭТ,ассистент,д.н.
Морозов А.А.,ФИВТ,ассистент,д.н.
Петров Д.С.,ФИВТ,,д.н.
Кузнецов З.Т.,ФРТ,,д.н.
Попов Г.Н.,ФИТ,ассистент,д.н.
Лебедева Б.В.,ФФ,ассистент,к.н.
Соколов М.Ю.,ФМиМ,доцент,
Лебедев З.Т.,ФПМИ,доцент,
Алексеев А.А.,ФРТ,профессор,д.н.
Алексеев М.Ю.,ФФ,доцент,д.н.
Семенов В.И.,ФПМИ,ассистент,к.н.
Лебедева К.М.,ФМиЕН,ассистент,д.н.
Лебедев М.Ю.,ФПМИ,ассистент,к.н.
Морозов Г.Н.,ИТМО,доцент,д.н.
Алексеев З.Т.,ИТМО,ассистент,
Петров К.М.,ФПМИ,,д.н.
Новиков Д.С.,ФМиЕН,доцент,д.н.
Алексеев Д.С.,ФИВТ,ассистент,д.н.
Соколов И.К.,ФИВТ,,д.н.
Смирнов Е.П.,ФРТ,ассистент,д.н.
Сидоров Г.Н.,ФМиМ,ассистент,к.н.
Соколов В.И.,ИТМО,,д.н.
Попов Г.Н.,ФМиЕН,доцент,к.н.
Петров Ж.Р.,ФИТ,доцент,д.н.
Морозов Ж.Р.,ФРТ,доцент,
Алексеев Ж.Р.,ФПМИ,профессор,д.н.
Алексеев И.К.,ФЭТ,доцент,д.н.
Сидоров В.И.,ФПМИ,доцент,
Иванов В.И.,ФИТ,,к.н.
Семенов Л.О.,ФИТ,ассистент,
Петров З.Т.,ФУПМ,профессор,д.н.
Кузнецов Б.В.,ФРТ,,к.н.
Семенов М.Ю.,ФРТ,профессор,д.н.
Сидоров Е.П.,ФПМИ,доцент,
Сидоров Ж.Р.,ФПМИ,ассистент,д.н.
Алексеев И.К.,ФПМИ,профессор,
Кузнецов Е.П.,ФЭТ,,д.н.
Новиков Е.П.,ФИВТ,доцент,к.н.
Козлов М.Ю.,ФПМИ,ассистент,
Иванов Е.П.,ФУПМ,ассистент,д.н.
Морозов И.К.,ИТМО,доцент,к.н.
Егоров А.А.,ФПМИ,,к.н.
Козлов А.А.,ФФ,ассистент,
Морозов А.А.,ФУПМ,,к.н.
Алексеев А.А.,ФМиМ,доцент,
Семенов Ж.Р.,ФИВТ,профессор,
Кузнецов Г.Н.,ФЭТ,доцент,к.н.
Попов К.М.,ФИВТ,профессор,д.н.
Морозов З.Т.,ФУПМ,ассистент,к.н.
Соколов Г.Н.,ФМиЕН,,к.н.
Соколов А.А.,ИТМО,ассистент,
Смирнов Г.Н.,ФПМИ,ассистент,
Кузнецов Г.Н.,ФРТ,ассистент,
Смирнов З.Т.,ФФ,профессор,к.н.
Иванов Д.С.,ИТМО,профессор,к.н.
Морозов Е.П.,ФМиЕН,ассистент,
Козлов Д.С.,ИТМО,доцент,к.н.
Егоров Ж.Р.,ФРТ,профессор,
Кузнецов Б.В.,ФФ,,
Лебедев К.М.,ФПМИ,профессор,д.н.
Новиков Б.В.,ФМиМ,,к.н.
Смирнов Г.Н.,ФИВТ,профессор,д.н.
Иванов И.К.,ИТМО,профессор,
Сидоров З.Т.,ФРТ,,д.н.
Новиков К.М.,ФИТ,доцент,к.н.
Лебедев А.А.,ФРТ,ассистент,д.н.
Иванов Ж.Р.,ИТМО,ассистент,д.н.
Иванов Д.С.,ФИВТ,профессор,д.н.
Морозов Ж.Р.,ФУПМ,ассистент,д.н.
Новиков В.И.,ФМиЕН,доцент,д.н.
Морозов И.К.,ФМиЕН,,
Попов М.Ю.,ФФ,ассистент,д.н.
Смирнов З.Т.,ФРТ,ассистент,
Смирнов Г.Н.,ФЭТ,ассистент,к.н.
Волков Ж.Р.,ФМиЕН,ассистент,д.н.
Попов И.К.,ФУПМ,доцент,д.н.
Петров А.А.,ФИВТ,ассистент,д.н.
Новиков Е.П.,ФРТ,,д.н.
Попов Ж.Р.,ФФ,,д.н.
Лебедев Л.О.,ФМиЕН,,
Морозов З.Т.,ФМиЕН,ассистент,к.н.
Петров М.Ю.,ФИТ,ассистент,к.н.
Морозов Г.Н.,ФМиМ,профессор,
Лебедева Ж.Р.,ФИТ,доцент,к.н.
Лебедева Б.В.,ФМиЕН,,к.н.
Морозов Е.П.,ФУПМ,ассистент,д.н.
Смирнов Д.С.,ФЭТ,ассистент,к.н.
Иванов Е.П.,ФРТ,,
Иванов Ж.Р.,ФРТ,профессор,к.н.
Лебедев А.А.,ИТМО,профессор,
Кузнецов Д.С.,ФРТ,,д.н.
Новиков И.К.,ИТМО,профессор,
Сидоров В.И.,ФМиМ,ассистент,к.н.
Новиков А.А.,ФМиМ,профессор,к.н.
Соколов Д.С.,ИТМО,,д.н.
Попов Е.П.,ФМиЕН,профессор,д.н.
Иванов И.К.,ФИТ,ассистент,д.н.
Петров Б.В.,ФМиЕН,доцент,
Козлов Д.С.,ФЭТ,доцент,
Морозов М.Ю.,ФРТ,профессор,д.н.
Егоров К.М.,ФМиМ,,к.н.
Петров Г.Н.,ИТМО,,к.н.
Лебедева Л.О.,ФМиМ,профессор,д.н.
Петров И.К.,ФИТ,профессор,к.н.
Егоров Ж.Р.,ИТМО,профессор,д.н.
Волков И.К.,ИТМО,профессор,
Семенов Б.В.,ФИВТ,ассистент,к.н.
Новиков З.Т.,ФМиМ,доцент,к.н.
Морозов Е.П.,ФМиМ,ассистент,д.н.
Новиков Л.О.,ИТМО,доцент,к.н.
Волков М.Ю.,ФМиЕН,профессор,д.н.
Новиков И.К.,ФРТ,,к.н.
Петров Л.О.,ФФ,ассистент,д.н.
Лебедев И.К.,ФЭТ,ассистент,к.н.
Попов И.К.,ФФ,доцент,д.н.
Алексеев Д.С.,ФМиМ,,д.н.
Попов Д.С.,ФФ,доцент,
Волков В.И.,ФФ,профессор,д.н.
Лебедев К.М.,ИТМО,,
Попов И.К.,ФРТ,,д.н.
Петров А.А.,ФРТ,,к.н.
Иванов К.М.,ФИВТ,профессор,к.н.
Лебедев Ж.Р.,ФУПМ,доцент,д.н.
Соколов Е.П.,ИТМО,ассистент,к.н.
Новиков Г.Н.,ФМиЕН,профессор,д.н.
Волков Г.Н.,ФМиЕН,доцент,д.н.
Смирнов Б.В.,ФРТ,доцент,к.н.
Волков Ж.Р.,ФИТ,профессор,
Кузнецов И.К.,ФИВТ,профессор,к.н.
Сидоров Г.Н.,ФПМИ,профессор,к.н.
Волков З.Т.,ФПМИ,профессор,
Козлов Г.Н.,ФРТ,доцент,к.н.
Волков В.И.,ФПМИ,ассистент,
Морозов З.Т.,ФМиЕН,профессор,
Иванов В.И.,ФУПМ,профессор,д.н.
Сидоров Ж.Р.,ФРТ,ассистент,д.н.
Козлов Г.Н.,ФИВТ,профессор,к.н.
Морозов Ж.Р.,ФПМИ,,
Алексеев Ж.Р.,ФРТ,ассистент,д.н.
Петров М.Ю.,ФРТ,ассистент,к.н.
Лебедев З.Т.,ФМиМ,ассистент,к.н.
Семенов А.А.,ФИВТ,ассистент,к.н.
Соколов А.А.,ФМиМ,профессор,
Петров М.Ю.,ФИВТ,профессор,к.н.
Соколов Ж.Р.,ФПМИ,ассистент,к.н.
Новиков Д.С.,ФПМИ,доцент,
Сидоров Д.С.,ФПМИ,ассистент,
Новиков И.К.,ФУПМ,доцент,к.н.
Сидоров Д.С.,ФМиЕН,ассистент,
Новиков Ж.Р.,ФМиМ,,д.н.
Алексеев Л.О.,ФИТ,доцент,д.н.
Новиков З.Т.,ФЭТ,ассистент,к.н.
Волков М.Ю.,ФИТ,ассистент,
Петров М.Ю.,ФРТ,,д.н.
Козлов В.И.,ИТМО,,д.н.
Кузнецов А.А.,ФРТ,,к.н.
Алексеев Ж.Р.,ФМиЕН,ассистент,
Волков К.М.,ФМиЕН,профессор,к.н.
Лебедев Л.О.,ФИТ,профессор,д.н.
Лебедева Е.П.,ФФ,доцент,д.н.
Кузнецов А.А.,ФМиЕН,ассистент,
Сидоров Ж.Р.,ФИТ,профессор,к.н.
Морозов Г.Н.,ФМиЕН,ассистент,д.н.
Лебедев И.К.,ФИВТ,профессор,д.н.
Новиков З.Т.,ИТМО,,д.н.
Волков З.Т.,ФЭТ,доцент,д.н.
Лебедева В.И.,ФИВТ,профессор,
Лебедев З.Т.,ФФ,,к.н.
Лебедева К.М.,ФМиЕН,профессор,
Сидоров В.И.,ФУПМ,профессор,к.н.
Кузнецов И.К.,ИТМО,,д.н.
Алексеев К.М.,ФУПМ,профессор,к.н.
Лебедев Г.Н.,ФФ,ассистент,к.н.
Семенов Б.В.,ФИВТ,ассистент,д.н.
Морозов И.К.,ФПМИ,доцент,к.н.
Новиков З.Т.,ФМиЕН,профессор,д.н.
Соколов Ж.Р.,ФФ,,
Лебедева М.Ю.,ФМиМ,,д.н.
Козлов Д.С.,ФФ,,к.н.
Егоров З.Т.,ФЭТ,доцент,к.н.
Семенов Ж.Р.,ИТМО,доцент,
Егоров Е.П.,ФРТ,профессор,
Соколов М.Ю.,ФФ,ассистент,
Семенов Б.В.,ФПМИ,,
Сидоров В.И.,ФПМИ,,
Лебедева М.Ю.,ФИТ,профессор,д.н.
Иванов К.М.,ФИВТ,,
Лебедев З.Т.,ФПМИ,доцент,д.н.
Петров А.А.,ФЭТ,ассистент,
Семенов Г.Н.,ФФ,профессор,
Волков Ж.Р.,ФПМИ,доцент,
Иванов А.А.,ФМиМ,профессор,к.н.
Соколов З.Т.,ФФ,доцент,д.н.
Лебедев З.Т.,ФЭТ,,к.н.
Лебедева З.Т.,ФУПМ,,д.н.
Иванов К.М.,ФЭТ,,к.н.
Сидоров Б.В.,ФЭТ,доцент,к.н.
Попов Е.П.,ФФ,,к.н.
Алексеев М.Ю.,ФМиМ,,д.н.
Козлов Д.С.,ФРТ,ассистент,д.н.
Алексеев Е.П.,ФРТ,профессор,к.н.
Новиков В.И.,ФФ,,к.н.
Морозов Л.О.,ФФ,,к.н.
Иванов И.К.,ИТМО,,к.н.
Лебедев Е.П.,ИТМО,,д.н.
Соколов З.Т.,ФПМИ,профессор,
Петров Г.Н.,ФУПМ,доцент,к.н.
Иванов А.А.,ФФ,доцент,д.н.
Новиков А.А.,ФИТ,,д.н.
Попов Л.О.,ФПМИ,ассистент,д.н.
Сидоров М.Ю.,ФИТ,профессор,д.н.
Новиков Ж.Р.,ФПМИ,ассистент,к.н.
Морозов Л.О.,ФРТ,ассистент,д.н.
Петров Б.В.,ФИТ,,д.н.
Семенов Б.В.,ФИТ,профессор,д.н.
Иванов Ж.Р.,ФЭТ,доцент,д.н.
Семенов Л.О.,ФРТ,ассистент,д.н.
Козлов А.А.,ФУПМ,,к.н.
Волков Б.В.,ФРТ,доцент,
Семенов М.Ю.,ФРТ,,д.н.
Соколов В.И.,ФМиМ,,д.н.
Сидоров А.А.,ФЭТ,профессор,
Алексеев Б.В.,ИТМО,ассистент,к.н.
Алексеев Л.О.,ФУПМ,ассистент,
Семенов А.А.,ФФ,ассистент,к.н.
Сидоров Л.О.,ФМиМ,ассистент,д.н.
Егоров Б.В.,ФУПМ,доцент,
Иванов М.Ю.,ФМиЕН,ассистент,д.н.
Морозов Г.Н.,ФПМИ,доцент,к.н.
Соколов М.Ю.,ИТМО,доцент,к.н.
Сидоров Ж.Р.,ФПМИ,ассистент,к.н.
Козлов М.Ю.,ФМиМ,,
Новиков Д.С.,ФМиМ,профессор,д.н.
Алексеев К.М.,ФМиМ,,к.н.
Петров В.И.,ФМиЕН,доцент,
Попов Л.О.,ФМиЕН,,к.н.
Алексеев Б.В.,ФИВТ,ассистент,
Соколов З.Т.,ФМиМ,доцент,д.н.
Соколов Б.В.,ИТМО,,к.н.
Лебедев Г.Н.,ФПМИ,профессор,д.н.
Новиков Г.Н.,ФИТ,профессор,к.н.
Лебедева З.Т.,ФРТ,,
Петров В.И.,ФРТ,ассистент,к.н.
Егоров Б.В.,ФФ,профессор,д.н.
Смирнов И.К.,ФПМИ,профессор,
Новиков А.А.,ФИВТ,,д.н.
Соколов Г.Н.,ФМиЕН,профессор,д.н.
Иванов Е.П.,ФУПМ,ассистент,
Смирнов Ж.Р.,ФИВТ,,
Кузнецов Б.В.,ФФ,,д.н.
Петров Ж.Р.,ФИВТ,,к.н.
Козлов И.К.,ФРТ,профессор,
Петров З.Т.,ФПМИ,профессор,д.н.
Козлов Е.П.,ФПМИ,доцент,
Смирнов Г.Н.,ФМиЕН,профессор,к.н.
Иванов А.А.,ФПМИ,профессор,д.н.
Морозов Ж.Р.,ФФ,профессор,к.н.
Новиков И.К.,ФФ,ассистент,д.н.
Козлов М.Ю.,ФИТ,,д.н.
Кузнецов К.М.,ФФ,доцент,д.н.
Кузнецов Д.С.,ФФ,,
Козлов В.И.,ФПМИ,ассистент,к.н.
Новиков М.Ю.,ФФ,ассистент,д.н.
Морозов М.Ю.,ФРТ,,к.н.
Соколов А.А.,ФФ,ассистент,к.н.
Семенов М.Ю.,ФМиМ,профессор,
Смирнов К.М.,ФПМИ,доцент,к.н.
Лебедев А.А.,ФРТ,ассистент,
Козлов Е.П.,ФИТ,ассистент,д.н.
Морозов К.М.,ФИВТ,профессор,д.н.
Попов З.Т.,ФПМИ,ассистент,к.н.
Попов М.Ю.,ФИВТ,доцент,
Морозов И.К.,ФИТ,ассистент,к.н.
Лебедев Б.В.,ФРТ,профессор,
Семенов К.М.,ФФ,доцент,
Лебедев Д.С.,ФМиМ,профессор,
Иванов Е.П.,ИТМО,профессор,д.н.
Смирнов К.М.,ФИВТ,профессор,к.н.
Кузнецов В.И.,ФУПМ,профессор,к.н.
Егоров Е.П.,ФИТ,,д.н.
Волков И.К.,ФРТ,,к.н.
Козлов Д.С.,ФРТ,доцент,
Иванов И.К.,ФПМИ,доцент,д.н.
Смирнов К.М.,ИТМО,доцент,д.н.
Соколов Ж.Р.,ФУПМ,ассистент,д.н.
Сидоров Ж.Р.,ФЭТ,профессор,
Семенов Е.П.,ФМиЕН,,д.н.
Лебедев М.Ю.,ФФ,доцент,к.н.
Алексеев Л.О.,ФМиЕН,доцент,д.н.
Сидоров М.Ю.,ФУПМ,ассистент,к.н.
Соколов И.К.,ИТМО,профессор,д.н.
Новиков К.М.,ФМиЕН,ассистент,д.н.
Волков Г.Н.,ФИВТ,профессор,д.н.
Кузнецов Л.О.,ФРТ,доцент,д.н.
Смирнов В.И.,ФМиМ,профессор,
Алексеев Л.О.,ФРТ,ассистент,к.н.
Лебедева А.А.,ИТМО,ассистент,к.н.
Волков Ж.Р.,ФФ,ассистент,к.н.
Петров Л.О.,ФЭТ,ассистент,
Семенов З.Т.,ФРТ,доцент,д.н.
Кузнецов Г.Н.,ФПМИ,,к.н.
Лебедева Ж.Р.,ФУПМ,ассистент,
Лебедев Е.П.,ФМиЕН,профессор,
Сидоров И.К.,ФРТ,профессор,д.н.
Смирнов Е.П.,ФЭТ,профессор,д.н.
Козлов М.Ю.,ФУПМ,профессор,
Морозов Г.Н.,ФФ,профессор,к.н.
Волков Г.Н.,ФМиЕН,ассистент,
Кузнецов Ж.Р.,ИТМО,,к.н.
Кузнецов А.А.,ФИТ,профессор,
Смирнов М.Ю.,ФМиМ,,
Морозов З.Т.,ФЭТ,,д.н.
Кузнецов М.Ю.,ФПМИ,,д.н.
Соколов Ж.Р.,ФУПМ,,
Новиков В.И.,ФМиЕН,доцент,
Смирнов К.М.,ФИВТ,ассистент,
Новиков М.Ю.,ФИВТ,ассистент,д.н.
Кузнецов А.А.,ФЭТ,,к.н.
Алексеев И.К.,ФИВТ,,
Лебедева И.К.,ФРТ,профессор,
Алексеев З.Т.,ФПМИ,профессор,д.н.
Волков М.Ю.,ФИВТ,,д.н.
Попов З.Т.,ФРТ,профессор,
Иванов К.М.,ФРТ,ассистент,к.н.
Волков Б.В.,ФПМИ,ассистент,
Иванов К.М.,ФИТ,ассистент,д.н.
Кузнецов Д.С.,ФМиЕН,профессор,к.н.
Морозов И.К.,ФЭТ,,
Смирнов М.Ю.,ФУПМ,ассистент,к.н.
Семенов Д.С.,ФУПМ,ассистент,д.н.
Морозов В.И.,ФМиМ,профессор,к.н.
Семенов И.К.,ФУПМ,профессор,д.н.
Новиков М.Ю.,ФИВТ,,к.н.
Егоров Д.С.,ИТМО,профессор,д.н.
Егоров А.А.,ФМиЕН,профессор,к.н.
Кузнецов А.А.,ФЭТ,,
Смирнов Г.Н.,ФЭТ,доцент,д.н.
Попов М.Ю.,ФУПМ,доцент,д.н.
Петров Л.О.,ФЭТ,доцент,д.н.
Соколов И.К.,ФРТ,профессор,к.н.
Новиков Г.Н.,ФЭТ,профессор,
Иванов И.К.,ФИВТ,доцент,
Козлов В.И.,ФРТ,,
Лебедев Г.Н.,ФРТ,,
Семенов И.К.,ФПМИ,доцент,д.н.
Новиков Г.Н.,ФМиМ,ассистент,к.н.
Волков Д.С.,ФФ,ассистент,к.н.
Егоров З.Т.,ФУПМ,ассистент,к.н.
Соколов З.Т.,ФРТ,доцент,
Алексеев А.А.,ФУПМ,доцент,к.н.
Алексеев В.И.,ФФ,профессор,д.н.
Алексеев М.Ю.,ФРТ,профессор,д.н.
Егоров Г.Н.,ФПМИ,,д.н.
Попов Е.П.,ФПМИ,профессор,к.н.
Алексеев К.М.,ИТМО,профессор,к.н.
Волков В.И.,ФИВТ,ассистент,
Лебедева Л.О.,ФРТ,профессор,
Попов Е.П.,ФПМИ,доцент,
Семенов Ж.Р.,ФПМИ,доцент,д.н.
Петров Ж.Р.,ФУПМ,доцент,д.н.
Семенов К.М.,ФРТ,доцент,к.н.
Сидоров В.И.,ИТМО,профессор,д.н.
Иванов Б.В.,ФИТ,доцент,
Соколов В.И.,ФРТ,доцент,к.н.
Новиков Ж.Р.,ФУПМ,доцент,д.н.
Морозов З.Т.,ФПМИ,ассистент,
Волков И.К.,ФРТ,ассистент,
Смирнов К.М.,ФПМИ,ассистент,к.н.
Смирнов З.Т.,ФЭТ,доцент,
Новиков К.М.,ФЭТ,доцент,д.н.
Иванов Е.П.,ФИВТ,доцент,д.н.
Попов И.К.,ФИТ,,д.н.
Лебедева Д.С.,ФМиМ,профессор,д.н.
Волков Г.Н.,ИТМО,ассистент,
Козлов В.И.,ФФ,доцент,к.н.
Егоров Ж.Р.,ФМиЕН,ассистент,д.н.
Лебедев М.Ю.,ФМиМ,,
Лебедева З.Т.,ФПМИ,ассистент,
Козлов Л.О.,ФМиЕН,доцент,д.н.
Алексеев М.Ю.,ФУПМ,доцент,д.н.
Петров З.Т.,ФМиМ,ассистент,
Алексеев Б.В.,ФИВТ,,к.н.
Волков В.И.,ФИВТ,профессор,
Егоров Г.Н.,ФИВТ,ассистент,к.н.
Лебедев Ж.Р.,ФПМИ,ассистент,
Соколов Ж.Р.,ФПМИ,,к.н.
Лебедева Д.С.,ФИТ,ассистент,к.н.
Морозов К.М.,ФЭТ,,к.н.
Попов Д.С.,ФИВТ,профессор,
Сидоров З.Т.,ФИВТ,,к.н.
Попов Б.В.,ФУПМ,ассистент,к.н.
Козлов Л.О.,ФУПМ,,д.н.
Семенов В.И.,ФИВТ,доцент,д.н.
Сидоров Л.О.,ИТМО,доцент,к.н.
Волков А.А.,ФУПМ,,д.н.
Лебедев К.М.,ФИВТ,ассистент,к.н.
Смирнов И.К.,ФИВТ,профессор,
Новиков М.Ю.,ФПМИ,доцент,д.н.
Соколов И.К.,ИТМО,,
Соколов М.Ю.,ФИВТ,,
Лебедева М.Ю.,ФРТ,,к.н.
Кузнецов А.А.,ИТМО,,
Волков А.А.,ФРТ,ассистент,
Иванов Г.Н.,ФМиЕН,,
Морозов К.М.,ФРТ,,
Новиков В.И.,ФИВТ,профессор,д.н.
Лебедев К.М.,ФМиЕН,,
Петров Д.С.,ФПМИ,профессор,к.н.
Сидоров Л.О.,ФМиЕН,ассистент,
Петров Б.В.,ИТМО,доцент,к.н.
Лебедев Ж.Р.,ФРТ,ассистент,
Егоров З.Т.,ФЭТ,,
Сидоров М.Ю.,ИТМО,,
Новиков А.А.,ФЭТ,доцент,к.н.
Егоров Л.О.,ФИВТ,доцент,к.н.
Сидоров В.И.,ФУПМ,доцент,к.н.
Алексеев Д.С.,ФИТ,профессор,к.н.
Новиков Г.Н.,ФРТ,доцент,д.н.
Новиков К.М.,ФМиМ,ассистент,к.н.
Семенов З.Т.,ФИТ,профессор,
Соколов Л.О.,ФИТ,доцент,
Козлов В.И.,ФПМИ,,д.н.
Иванов Л.О.,ФУПМ,,д.н.
Кузнецов М.Ю.,ИТМО,,
Лебедев З.Т.,ФФ,профессор,д.н.
Лебедева Л.О.,ФУПМ,профессор,
Новиков Е.П.,ИТМО,профессор,д.н.
Сидоров И.К.,ФЭТ,ассистент,к.н.
Петров К.М.,ФМиЕН,доцент,к.н.
Морозов Ж.Р.,ФИТ,профессор,
Лебедев Б.В.,ФПМИ,профессор,
Смирнов А.А.,ФУПМ,профессор,
Морозов З.Т.,ФИВТ,доцент,к.н.
Алексеев Д.С.,ФУПМ,ассистент,к.н.
Попов Б.В.,ФПМИ,,д.н.
Лебедев Л.О.,ИТМО,доцент,д.н.
Смирнов Б.В.,ФИВТ,ассистент,к.н.
Сидоров М.Ю.,ФЭТ,,д.н.
Лебедев Е.П.,ФУПМ,профессор,к.н.
Смирнов Б.В.,ФМиЕН,ассистент,д.н.
Алексеев Л.О.,ФЭТ,профессор,д.н.
Козлов Ж.Р.,ФРТ,ассистент,к.н.
Семенов Б.В.,ФЭТ,,к.н.
Семенов М.Ю.,ФИТ,доцент,д.н.
Егоров Д.С.,ФМиМ,,к.н.
Новиков Д.С.,ФЭТ,доцент,
Попов А.А.,ФФ,доцент,к.н.
Волков Ж.Р.,ИТМО,доцент,
Петров Л.О.,ФФ,доцент,к.н.
Семенов Е.П.,ФРТ,профессор,к.н.
Козлов В.И.,ФРТ,профессор,к.н.
Лебедев Е.П.,ФЭТ,ассистент,
Лебедев М.Ю.,ФЭТ,профессор,к.н.
Иванов З.Т.,ФФ,ассистент,к.н.
Алексеев Г.Н.,ФМиЕН,ассистент,д.н.
Иванов Б.В.,ФФ,профессор,к.н.
Алексеев К.М.,ФРТ,ассистент,
Новиков И.К.,ИТМО,профессор,
Новиков И.К.,ФПМИ,профессор,д.н.
Морозов Ж.Р.,ФПМИ,,к.н.
Сидоров Е.П.,ФИВТ,профессор,д.н.
Козлов Б.В.,ФПМИ,,
Алексеев Г.Н.,ФМиМ,профессор,к.н.
Семенов И.К.,ФИВТ,профессор,
Кузнецов Б.В.,ФИТ,ассистент,
Попов Б.В.,ФЭТ,профессор,д.н.
Егоров М.Ю.,ФМиМ,ассистент,
Петров Д.С.,ФПМИ,доцент,к.н.
Попов Ж.Р.,ФИВТ,,
Иванов В.И.,ФФ,ассистент,д.н.
Морозов М.Ю.,ФУПМ,профессор,д.н.
Смирнов Е.П.,ФМиЕН,,д.н.
Кузнецов В.И.,ФИВТ,доцент,д.н.
Кузнецов Е.П.,ИТМО,доцент,
Козлов М.Ю.,ФМиМ,профессор,д.н.
Иванов Л.О.,ФМиМ,профессор,д.н.
Алексеев З.Т.,ФРТ,доцент,к.н.
Новиков Ж.Р.,ФУПМ,профессор,д.н.
Лебедев А.А.,ИТМО,профессор,
Сидоров К.М.,ФЭТ,ассистент,
Петров В.И.,ФИТ,доцент,
Попов В.И.,ФМиЕН,ассистент,
Алексеев Б.В.,ФМиЕН,,д.н.
Попов И.К.,ФМиЕН,ассистент,к.н.
Волков М.Ю.,ФЭТ,ассистент,
Лебедева В.И.,ФМиМ,ассистент,к.н.
Соколов З.Т.,ФФ,ассистент,д.н.
Иванов Б.В.,ФМиЕН,ассистент,
Алексеев Д.С.,ФФ,,к.н.
Иванов Д.С.,ФПМИ,ассистент,
Смирнов Д.С.,ФИТ,профессор,д.н.
Соколов Г.Н.,ФЭТ,доцент,к.н.
Сидоров Б.В.,ФИТ,доцент,
Егоров З.Т.,ФИТ,доцент,д.н.
Лебедева Д.С.,ФМиЕН,,д.н.
Кузнецов А.А.,ФМиМ,ассистент,
Смирнов В.И.,ФПМИ,ассистент,к.н.
Лебедев А.А.,ФМиЕН,ассистент,
Сидоров З.Т.,ФМиЕН,ассистент,к.н.
Смирнов М.Ю.,ФИВТ,доцент,д.н.
Сидоров Ж.Р.,ФМиМ,профессор,д.н.
Лебедева И.К.,ФПМИ,профессор,
Лебедева Ж.Р.,ФЭТ,доцент,к.н.
Волков А.А.,ФРТ,доцент,
Смирнов Л.О.,ФУПМ,ассистент,д.н.
Егоров Б.В.,ФЭТ,профессор,к.н.
Петров Г.Н.,ФМиЕН,доцент,
Егоров Е.П.,ФПМИ,доцент,к.н.
Козлов Д.С.,ФУПМ,ассистент,к.н.
Морозов А.А.,ФРТ,,к.н.
Сидоров Б.В.,ИТМО,ассистент,
Петров И.К.,ФМиМ,профессор,к.н.
Морозов М.Ю.,ФМиМ,,к.н.
Егоров З.Т.,ФИВТ,ассистент,д.н.
Егоров Г.Н.,ФИВТ,доцент,
Морозов И.К.,ФМиМ,,д.н.
Петров Ж.Р.,ФИТ,,д.н.
Попов З.Т.,ФЭТ,,д.н.
Смирнов М.Ю.,ФМиЕН,доцент,к.н.
Попов Ж.Р.,ФМиМ,профессор,к.н.
Новиков Ж.Р.,ИТМО,ассистент,д.н.
Попов К.М.,ФПМИ,доцент,
Волков Ж.Р.,ФПМИ,доцент,д.н.
Смирнов З.Т.,ФМиМ,профессор,д.н.
Смирнов Л.О.,ФРТ,,
Смирнов Ж.Р.,ИТМО,профессор,к.н.
Лебедева Г.Н.,ФЭТ,,к.н.
Сидоров А.А.,ФПМИ,ассистент,к.н.
Семенов Л.О.,ФПМИ,ассистент,д.н.
Иванов Б.В.,ФМиМ,доцент,д.н.
Лебедева Ж.Р.,ФИТ,доцент,д.н.
Смирнов И.К.,ФМиМ,,
Соколов З.Т.,ФРТ,,д.н.
Лебедева Б.В.,ФМиЕН,доцент,
Соколов В.И.,ИТМО,ассистент,к.н.
Семенов В.И.,ФЭТ,доцент,д.н.
Иванов Д.С.,ФИВТ,ассистент,
Кузнецов К.М.,ФРТ,ассистент,д.н.
Новиков З.Т.,ФУПМ,,к.н.
Волков Б.В.,ФРТ,профессор,д.н.
Волков Г.Н.,ФМиМ,ассистент,к.н.
Петров Л.О.,ФИТ,,д.н.
Волков М.Ю.,ФФ,,д.н.
Соколов Ж.Р.,ФПМИ,профессор,к.н.
Кузнецов Е.П.,ФМиЕН,доцент,д.н.
Новиков М.Ю.,ФМиЕН,доцент,
Егоров М.Ю.,ИТМО,профессор,д.н.
Морозов К.М.,ФФ,,д.н.
Козлов Л.О.,ФМиМ,доцент,
Смирнов Л.О.,ФИТ,профессор,
Семенов Б.В.,ФРТ,,
Новиков З.Т.,ФИВТ,,д.н.
Лебедева З.Т.,ФПМИ,доцент,д.н.
Лебедева А.А.,ИТМО,ассистент,
Соколов М.Ю.,ФФ,ассистент,д.н.
Смирнов В.И.,ИТМО,профессор,д.н.
Сидоров Е.П.,ФУПМ,профессор,к.н.
Морозов М.Ю.,ФЭТ,профессор,к.н.
Лебедева Л.О.,ФЭТ,,д.н.
Лебедев Д.С.,ФИВТ,,д.н.
Алексеев Г.Н.,ФМиМ,профессор,к.н.
Семенов Е.П.,ФМиЕН,,
Морозов Ж.Р.,ФРТ,доцент,к.н.
Алексеев Е.П.,ИТМО,,
Иванов И.К.,ФМиЕН,профессор,д.н.
Волков З.Т.,ФМиМ,доцент,
Попов Б.В.,ИТМО,ассистент,д.н.
Соколов Б.В.,ФРТ,профессор,д.н.
Морозов Ж.Р.,ФЭТ,,
Новиков А.А.,ФФ,профессор,
Иванов З.Т.,ФПМИ,ассистент,д.н.
Попов Ж.Р.,ФРТ,профессор,
Петров Ж.Р.,ФИВТ,,д.н.
Лебедева В.И.,ФФ,доцент,д.н.
Волков Ж.Р.,ИТМО,доцент,
Кузнецов Д.С.,ФФ,,
Смирнов М.Ю.,ФМиМ,ассистент,д.н.
Козлов Б.В.,ФИВТ,,
Алексеев В.И.,ФЭТ,профессор,к.н.
Козлов Ж.Р.,ФПМИ,доцент,д.н.
Лебедева К.М.,ФЭТ,ассистент,д.н.
Петров М.Ю.,ФЭТ,доцент,д.н.
Козлов Д.С.,ФМиМ,ассистент,
Смирнов Г.Н.,ФЭТ,,д.н.
Морозов К.М.,ФУПМ,доцент,
Кузнецов В.И.,ФЭТ,ассистент,
Лебедева Ж.Р.,ФИТ,,к.н.
Кузнецов К.М.,ФМиМ,,д.н.
Сидоров А.А.,ФМиЕН,,
Иванов Д.С.,ФПМИ,,
Лебедева М.Ю.,ФИВТ,доцент,
Козлов И.К.,ФУПМ,,к.н.
Петров И.К.,ФФ,профессор,к.н.
Козлов М.Ю.,ФМиЕН,ассистент,д.н.
Морозов Е.П.,ИТМО,,к.н.
Петров Д.С.,ФУПМ,профессор,к.н.
Кузнецов К.М.,ФРТ,доцент,
Алексеев В.И.,ФПМИ,,д.н.
Смирнов З.Т.,ФМиМ,,д.н.
Алексеев Е.П.,ФЭТ,доцент,д.н.
Егоров Ж.Р.,ФУПМ,,д.н.
Попов Е.П.,ФМиМ,,к.н.
Смирнов И.К.,ФРТ,,д.н.
Сидоров К.М.,ФПМИ,доцент,
Соколов Б.В.,ФИТ,доцент,д.н.
Козлов Д.С.,ФРТ,профессор,к.н.
Семенов Л.О.,ФРТ,профессор,
Лебедев Г.Н.,ИТМО,,к.н.
Морозов Л.О.,ФРТ,,
Семенов Л.О.,ФМиЕН,ассистент,д.н.
Смирнов Б.В.,ФМиЕН,доцент,к.н.
Козлов Ж.Р.,ФФ,,к.н.
Лебедева З.Т.,ФУПМ,,к.н.
Лебедев Ж.Р.,ФМиЕН,профессор,к.н.
Новиков Д.С.,ФПМИ,ассистент,к.н.
Лебедева В.И.,ФИВТ,доцент,к.н.
Петров И.К.,ФРТ,,к.н.
Сидоров Г.Н.,ИТМО,доцент,д.н.
Кузнецов И.К.,ФУПМ,,д.н.
Новиков А.А.,ФИТ,,
Егоров Д.С.,ФУПМ,,
Попов И.К.,ИТМО,ассистент,к.н.
Новиков Ж.Р.,ФИТ,доцент,д.н.
Смирнов К.М.,ФФ,,к.н.
Соколов М.Ю.,ИТМО,профессор,к.н.
Волков В.И.,ФПМИ,,д.н.
Сидоров В.И.,ФИВТ,,к.н.
Лебедева Б.В.,ФМиМ,,к.н.
Петров В.И.,ИТМО,профессор,д.н.
Новиков Е.П.,ФМиЕН,доцент,д.н.
Егоров З.Т.,ФИТ,профессор,
Егоров И.К.,ФРТ,,к.н.
Лебедева З.Т.,ФИТ,доцент,
Новиков В.И.,ИТМО,доцент,к.н.
Егоров Ж.Р.,ФМиЕН,ассистент,д.н.
Попов Л.О.,ИТМО,ассистент,д.н.
Петров В.И.,ФУПМ,профессор,
Кузнецов Д.С.,ФПМИ,доцент,
Лебедева И.К.,ФУПМ,доцент,к.н.
Попов Е.П.,ФПМИ,доцент,к.н.
Соколов Е.П.,ИТМО,ассистент,
Лебедева Л.О.,ФМиМ,,к.н.
Соколов Ж.Р.,ФПМИ,ассистент,к.н.
Лебедев Д.С.,ФМиЕН,доцент,к.н.
Волков В.И.,ФПМИ,,к.н.
Сидоров Б.В.,ФРТ,профессор,к.н.
Кузнецов В.И.,ФПМИ,,к.н.
Морозов В.И.,ФИТ,доцент,
Алексеев М.Ю.,ФМиЕН,ассистент,д.н.
Морозов З.Т.,ФИТ,ассистент,
Иванов А.А.,ФЭТ,,д.н.
Смирнов Е.П.,ФПМИ,ассистент,
Петров А.А.,ФРТ,доцент,
Алексеев К.М.,ФФ,ассистент,
Алексеев И.К.,ФИТ,профессор,
Смирнов И.К.,ФФ,,
Егоров В.И.,ФРТ,доцент,
Алексеев Б.В.,ФИТ,доцент,к.н.
Смирнов Г.Н.,ФРТ,доцент,к.н.
Новиков Л.О.,ФИТ,,д.н.
Сидоров Ж.Р.,ФИТ,профессор,д.н.
Козлов В.И.,ФРТ,ассистент,к.н.
Лебедева Е.П.,ФИТ,профессор,
Козлов Г.Н.,ИТМО,профессор,к.н.
Петров В.И.,ФРТ,ассистент,к.н.
Петров Б.В.,ФУПМ,профессор,к.н.
Петров К.М.,ФИВТ,ассистент,к.н.
Сидоров А.А.,ФУПМ,ассистент,к.н.
Попов Ж.Р.,ФИТ,доцент,
Семенов Б.В.,ФУПМ,профессор,
Морозов Е.П.,ФМиЕН,ассистент,к.н.
Иванов А.А.,ИТМО,ассистент,к.н.
Козлов Д.С.,ИТМО,профессор,к.н.
Алексеев Б.В.,ФУПМ,профессор,
Кузнецов К.М.,ФМиМ,,
Морозов М.Ю.,ФИТ,доцент,к.н.
Егоров Г.Н.,ФИТ,ассистент,
Алексеев Б.В.,ФИВТ,,
Волков Б.В.,ФПМИ,ассистент,
Смирнов Е.П.,ФМиМ,профессор,к.н.
Петров И.К.,ФФ,ассистент,к.н.
Лебедев Л.О.,ФМиМ,профессор,к.н.
Морозов Ж.Р.,ФИТ,доцент,к.н.
Козлов К.М.,ФМиЕН,доцент,к.н.
Лебедева Е.П.,ФРТ,ассистент,
Сидоров Ж.Р.,ФЭТ,,
Соколов Б.В.,ФИВТ,доцент,
Семенов Ж.Р.,ФРТ,доцент,к.н.
Семенов З.Т.,ФУПМ,профессор,к.н.
Егоров И.К.,ФФ,профессор,д.н.
Волков И.К.,ФМиМ,доцент,
Петров Д.С.,ФФ,профессор,д.н.
Смирнов В.И.,ФИВТ,профессор,к.н.
Козлов Л.О.,ФМиМ,ассистент,к.н.
Волков И.К.,ФМиМ,,д.н.
Смирнов Г.Н.,ФМиЕН,профессор,д.н.
Лебедева И.К.,ФМиЕН,ассистент,д.н.
Соколов М.Ю.,ИТМО,доцент,к.н.
Иванов З.Т.,ФМиЕН,,к.н.
Лебедев В.И.,ФРТ,,д.н.
Сидоров И.К.,ФПМИ,профессор,д.н.
Козлов А.А.,ФМиЕН,,к.н.
Соколов З.Т.,ФМиЕН,,
Кузнецов А.А.,ФФ,профессор,
Морозов З.Т.,ФМиЕН,доцент,к.н.
Попов А.А.,ФЭТ,ассистент,к.н.
Иванов Е.П.,ИТМО,доцент,д.н.
Попов Ж.Р.,ФМиЕН,ассистент,к.н.
Новиков В.И.,ФФ,доцент,
Лебедева Б.В.,ФУПМ,профессор,к.н.
Сидоров З.Т.,ФЭТ,,
Егоров Г.Н.,ФИТ,ассистент,д.н.
Смирнов Д.С.,ФМиЕН,ассистент,к.н.
Лебедев Л.О.,ФРТ,,
Козлов В.И.,ФУПМ,профессор,к.н.
Семенов З.Т.,ФФ,,
Иванов В.И.,ФМиЕН,,к.н.
Семенов В.И.,ФИТ,ассистент,
Иванов Г.Н.,ФМиМ,доцент,к.н.
Иванов М.Ю.,ФИТ,ассистент,к.н.
Соколов К.М.,ФИВТ,,
Попов В.И.,ФМиМ,доцент,д.н.
Новиков Ж.Р.,ФРТ,ассистент,д.н.
Соколов А.А.,ФЭТ,доцент,
Алексеев В.И.,ФПМИ,доцент,д.н.
Лебедева Е.П.,ФФ,ассистент,к.н.
Алексеев Л.О.,ФУПМ,ассистент,к.н.
Алексеев З.Т.,ФИТ,ассистент,
Алексеев Г.Н.,ФМиЕН,,д.н.
Сидоров Г.Н.,ИТМО,доцент,
Смирнов З.Т.,ФФ,,к.н.
Алексеев Б.В.,ФПМИ,доцент,к.н.
Егоров К.М.,ФМиМ,профессор,к.н.
Лебедева М.Ю.,ФИТ,ассистент,к.н.
Петров Д.С.,ФИВТ,доцент,
Лебедев В.И.,ФРТ,ассистент,
Егоров Б.В.,ФИВТ,ассистент,д.н.
Иванов Б.В.,ФИВТ,профессор,к.н.
Смирнов А.А.,ФИТ,ассистент,к.н.
Лебедева Д.С.,ФПМИ,,к.н.
Волков Ж.Р.,ИТМО,профессор,д.н.
Иванов Е.П.,ФМиЕН,доцент,
Алексеев Б.В.,ФЭТ,профессор,
Лебедева Л.О.,ФИВТ,доцент,
Морозов Г.Н.,ФИТ,,
Егоров В.И.,ИТМО,,
Алексеев Е.П.,ФФ,доцент,
Алексеев И.К.,ФРТ,ассистент,д.н.
Козлов М.Ю.,ФФ,профессор,
Кузнецов Б.В.,ФПМИ,доцент,к.н.
Лебедева К.М.,ФИТ,профессор,
Кузнецов К.М.,ФИВТ,доцент,
Попов В.И.,ФИВТ,,д.н.
Смирнов Г.Н.,ФМиЕН,ассистент,к.н.
Алексеев Д.С.,ФМиМ,ассистент,к.н.
Волков З.Т.,ФФ,доцент,д.н.
Морозов З.Т.,ИТМО,профессор,д.н.
Смирнов Б.В.,ФФ,доцент,к.н.
Петров Е.П.,ИТМО,,
Петров Е.П.,ФРТ,ассистент,
Смирнов И.К.,ФИТ,ассистент,к.н.
Иванов В.И.,ФМиЕН,ассистент,д.н.
Петров Б.В.,ИТМО,ассистент,д.н.
Лебедева Ж.Р.,ФУПМ,ассистент,д.н.
Смирнов З.Т.,ИТМО,доцент,к.н.
Морозов Л.О.,ФПМИ,профессор,
Волков К.М.,ФМиЕН,доцент,
Попов А.А.,ИТМО,ассистент,
Смирнов Г.Н.,ФРТ,,д.н.
Попов Д.С.,ФИТ,профессор,д.н.
Морозов А.А.,ФРТ,ассистент,
Сидоров Г.Н.,ФИТ,профессор,д.н.
Соколов М.Ю.,ФЭТ,профессор,д.н.
Егоров В.И.,ФМиМ,доцент,к.н.
Лебедев А.А.,ФРТ,ассистент,к.н.
Лебедев З.Т.,ФМиЕН,профессор,д.н.
Сидоров Б.В.,ФРТ,,к.н.
Алексеев Е.П.,ФПМИ,ассистент,
Волков А.А.,ФФ,доцент,
Семенов З.Т.,ФРТ,ассистент,
Кузнецов А.А.,ФИТ,,
Смирнов Б.В.,ФПМИ,ассистент,
Егоров К.М.,ФУПМ,ассистент,к.н.
Волков Г.Н.,ФЭТ,,
Попов Д.С.,ФМиЕН,доцент,
Лебедев Ж.Р.,ФПМИ,доцент,
Волков Г.Н.,ФПМИ,ассистент,д.н.
Сидоров Л.О.,ФИВТ,доцент,к.н.
Смирнов Л.О.,ФУПМ,профессор,
Иванов З.Т.,ФУПМ,профессор,д.н.
Соколов И.К.,ФУПМ,,д.н.
Лебедев Ж.Р.,ФУПМ,ассистент,к.н.
Козлов М.Ю.,ФИТ,профессор,к.н.
Морозов И.К.,ФМиЕН,ассистент,
Смирнов К.М.,ФРТ,ассистент,
Морозов З.Т.,ФМиЕН,доцент,к.н.
Алексеев И.К.,ФРТ,доцент,д.н.
Алексеев Д.С.,ФМиЕН,ассистент,к.н.
Новиков В.И.,ФИТ,профессор,к.н.
Попов З.Т.,ФФ,доцент,к.н.
Алексеев М.Ю.,ФМиМ,ассистент,д.н.
Егоров Д.С.,ФИВТ,профессор,
Соколов М.Ю.,ФФ,доцент,д.н.
Лебедев Л.О.,ФУПМ,,к.н.
Иванов В.И.,ФМиМ,ассистент,д.н.
Попов Ж.Р.,ФИВТ,,д.н.
Волков Д.С.,ФЭТ,,
Кузнецов Г.Н.,ФЭТ,профессор,д.н.
Новиков Л.О.,ФЭТ,,к.н.
Лебедев Б.В.,ФЭТ,,к.н.
Морозов З.Т.,ФФ,,
Семенов А.А.,ФИТ,профессор,д.н.
Петров Ж.Р.,ФРТ,ассистент,
Кузнецов А.А.,ФРТ,доцент,
Лебедев З.Т.,ФФ,доцент,д.н.
Лебедев Л.О.,ФМиМ,доцент,д.н.
Козлов В.И.,ИТМО,доцент,д.н.
Сидоров Л.О.,ФРТ,,к.н.
Лебедева Ж.Р.,ФПМИ,профессор,к.н.
Егоров З.Т.,ФИВТ,ассистент,к.н.
Смирнов Ж.Р.,ФМиЕН,,
Лебедев Г.Н.,ФПМИ,,
Егоров М.Ю.,ФМиЕН,профессор,д.н.
Алексеев Б.В.,ФЭТ,доцент,д.н.
Морозов Б.В.,ФМиЕН,доцент,д.н.
Козлов Ж.Р.,ФМиМ,,д.н.
Семенов Д.С.,ФЭТ,доцент,д.н.
Козлов А.А.,ФЭТ,ассистент,д.н.
Козлов З.Т.,ФРТ,,
Кузнецов К.М.,ФУПМ,профессор,д.н.
Волков Ж.Р.,ФУПМ,доцент,
Семенов Б.В.,ФИТ,профессор,д.н.
Смирнов Д.С.,ФИТ,ассистент,
Лебедева Е.П.,ФЭТ,профессор,д.н.
Сидоров З.Т.,ФРТ,профессор,к.н.
Лебедева И.К.,ФУПМ,ассистент,к.н.
Волков М.Ю.,ФМиЕН,доцент,к.н.
Смирнов З.Т.,ФРТ,ассистент,к.н.
Сидоров З.Т.,ФИТ,ассистент,к.н.
Волков И.К.,ФМиМ,,к.н.
Алексеев Г.Н.,ФИТ,,
Алексеев Е.П.,ФФ,,д.н.
Соколов А.А.,ФУПМ,,к.н.
Лебедев В.И.,ФМиЕН,профессор,
Егоров Ж.Р.,ИТМО,доцент,к.н.
Попов Г.Н.,ФУПМ,доцент,к.н.
Лебедева А.А.,ФФ,,
Козлов Г.Н.,ФЭТ,профессор,к.н.
Лебедев Ж.Р.,ФМиМ,,к.н.
Морозов И.К.,ФРТ,ассистент,к.н.
Егоров Е.П.,ФИТ,,д.н.
Петров Б.В.,ИТМО,ассистент,
Иванов З.Т.,ФИВТ,ассистент,
Новиков А.А.,ФПМИ,,д.н.
Алексеев Ж.Р.,ФИВТ,доцент,
Егоров Б.В.,ФЭТ,доцент,к.н.
Попов В.И.,ФМиЕН,доцент,
Морозов Д.С.,ФЭТ,ассистент,
Новиков З.Т.,ФЭТ,ассистент,к.н.
Сидоров В.И.,ИТМО,профессор,д.н.
Кузнецов М.Ю.,ФРТ,доцент,
Семенов А.А.,ФМиМ,ассистент,
Кузнецов Л.О.,ФМиЕН,профессор,
Лебедев Б.В.,ФРТ,ассистент,к.н.
Петров Ж.Р.,ФМиМ,ассистент,
Алексеев М.Ю.,ФРТ,профессор,к.н.
Попов З.Т.,ФМиЕН,профессор,д.н.
Лебедев Г.Н.,ФМиМ,профессор,к.н.
Морозов Л.О.,ФМиЕН,профессор,
Семенов Г.Н.,ИТМО,,
Кузнецов А.А.,ИТМО,профессор,к.н.
Волков Е.П.,ФМиМ,,к.н.
Козлов К.М.,ФПМИ,ассистент,
Волков Б.В.,ФМиМ,доцент,д.н.
Егоров Б.В.,ФУПМ,доцент,д.н.
Новиков А.А.,ФИВТ,доцент,д.н.
Лебедева Д.С.,ФПМИ,доцент,д.н.
Волков И.К.,ФПМИ,ассистент,д.н.
Смирнов В.И.,ИТМО,ассистент,
Семенов И.К.,ФЭТ,профессор,
Семенов К.М.,ФФ,ассистент,
Морозов В.И.,ФМиМ,доцент,
Семенов З.Т.,ФФ,ассистент,
Козлов Д.С.,ИТМО,профессор,
Козлов Л.О.,ФРТ,профессор,к.н.
Волков Е.П.,ФИТ,ассистент,к.н.
Морозов В.И.,ФЭТ,,к.н.
Смирнов Е.П.,ФРТ,ассистент,к.н.
Соколов Е.П.,ФЭТ,,к.н.
Морозов Б.В.,ФИТ,профессор,к.н.
Семенов А.А.,ФИТ,профессор,
Морозов Г.Н.,ФМиМ,профессор,к.н.
Кузнецов К.М.,ФРТ,доцент,
Соколов З.Т.,ФУПМ,доцент,д.н.
Новиков Г.Н.,ФПМИ,профессор,
Алексеев Л.О.,ФРТ,профессор,д.н.
Лебедев З.Т.,ФУПМ,ассистент,к.н.
Лебедева Д.С.,ФРТ,доцент,д.н.
Лебедева И.К.,ФИТ,доцент,д.н.
Алексеев К.М.,ФРТ,доцент,
Кузнецов А.А.,ФИВТ,,
Сидоров Л.О.,ФМиЕН,доцент,
Лебедев А.А.,ФМиЕН,,д.н.
Лебедев Г.Н.,ФМиМ,профессор,
Морозов Ж.Р.,ИТМО,профессор,
Новиков И.К.,ФИВТ,профессор,
Попов В.И.,ФИТ,,д.н.
Новиков М.Ю.,ФМиЕН,профессор,
Иванов З.Т.,ФМиМ,профессор,к.н.
Лебедева З.Т.,ФФ,ассистент,д.н.
Попов А.А.,ФИТ,профессор,д.н.
Лебедева Г.Н.,ФРТ,ассистент,д.н.
Козлов К.М.,ФФ,,д.н.
Егоров А.А.,ФПМИ,ассистент,к.н.
Новиков З.Т.,ФИТ,профессор,д.н.
Волков В.И.,ФУПМ,доцент,к.н.
Лебедева Г.Н.,ФРТ,доцент,к.н.
Попов Ж.Р.,ФРТ,ассистент,д.н.
Новиков Ж.Р.,ФПМИ,,д.н.
Морозов А.А.,ФМиМ,профессор,к.н.
Волков М.Ю.,ИТМО,ассистент,
Волков К.М.,ФМиЕН,доцент,д.н.
Попов А.А.,ФИВТ,доцент,к.н.
Лебедев И.К.,ФПМИ,ассистент,д.н.
Волков К.М.,ФФ,доцент,
Егоров З.Т.,ФУПМ,,к.н.
Смирнов А.А.,ФПМИ,,
Иванов И.К.,ФЭТ,доцент,к.н.
Лебедева З.Т.,ФПМИ,профессор,к.н.
Алексеев Б.В.,ФМиЕН,,к.н.
Смирнов Л.О.,ФИВТ,ассистент,
Морозов Д.С.,ИТМО,доцент,к.н.
Соколов А.А.,ФЭТ,доцент,к.н.
Новиков Г.Н.,ФМиЕН,,д.н.
Егоров К.М.,ИТМО,доцент,к.н.
Волков А.А.,ФМиМ,,д.н.
Новиков Б.В.,ФФ,профессор,
Семенов И.К.,ФМиЕН,профессор,д.н.
Егоров Е.П.,ФУПМ,профессор,к.н.
Иванов И.К.,ФРТ,профессор,д.н.
Петров Л.О.,ФЭТ,профессор,к.н.
Волков Л.О.,ИТМО,профессор,к.н.
Лебедев Ж.Р.,ФИТ,доцент,к.н.
Сидоров М.Ю.,ФИТ,доцент,
Новиков М.Ю.,ФПМИ,доцент,д.н.
Сидоров Г.Н.,ФИВТ,доцент,
Кузнецов Д.С.,ФФ,профессор,д.н.
Лебедев А.А.,ФПМИ,ассистент,к.н.
Попов К.М.,ФМиМ,ассистент,к.н.
Волков Д.С.,ФУПМ,,д.н.
Лебедев Б.В.,ИТМО,доцент,д.н.
Петров Л.О.,ИТМО,ассистент,
Алексеев А.А.,ФМиЕН,,к.н.
Егоров З.Т.,ФИВТ,ассистент,
Козлов И.К.,ФФ,,
Иванов И.К.,ФФ,,д.н.
Лебедева Б.В.,ФПМИ,,к.н.
Лебедев М.Ю.,ФИВТ,,к.н.
Смирнов К.М.,ФФ,профессор,к.н.
Лебедева А.А.,ФМиЕН,,
Егоров Л.О.,ФИВТ,доцент,
Алексеев Г.Н.,ФИВТ,,д.н.
Попов К.М.,ФИТ,,
Егоров Ж.Р.,ФФ,профессор,
Сидоров И.К.,ФФ,доцент,к.н.
Козлов Л.О.,ФЭТ,ассистент,
Лебедев Б.В.,ФИВТ,доцент,к.н.
Лебедева И.К.,ФИВТ,профессор,
Волков В.И.,ФРТ,,
Новиков Ж.Р.,ФРТ,ассистент,д.н.
Волков Е.П.,ФИТ,,
Семенов В.И.,ИТМО,профессор,д.н.
Иванов А.А.,ФФ,доцент,к.н.
Новиков З.Т.,ФУПМ,доцент,
Смирнов Л.О.,ФМиЕН,ассистент,к.н.
Егоров Ж.Р.,ФПМИ,профессор,
Егоров К.М.,ФМиЕН,профессор,д.н.
Семенов И.К.,ФМиМ,,
Смирнов И.К.,ФИТ,профессор,к.н.
Семенов М.Ю.,ФРТ,доцент,к.н.
Волков К.М.,ФИВТ,профессор,д.н.
Лебедев М.Ю.,ФИТ,доцент,к.н.
Волков Г.Н.,ФМиМ,доцент,д.н.
Алексеев З.Т.,ФИТ,,
Петров Г.Н.,ФИТ,,к.н.
Лебедев Б.В.,ФФ,доцент,д.н.
Сидоров Б.В.,ФЭТ,ассистент,к.н.
Козлов Е.П.,ФЭТ,профессор,к.н.
Смирнов Е.П.,ФИТ,доцент,к.н.
Алексеев З.Т.,ФМиЕН,ассистент,
Морозов З.Т.,ФПМИ,доцент,
Лебедев Е.П.,ФРТ,,
Петров Б.В.,ФУПМ,доцент,д.н.
Петров Д.С.,ФУПМ,доцент,к.н.
Попов Е.П.,ИТМО,ассистент,к.н.
Смирнов В.И.,ФРТ,ассистент,
Егоров М.Ю.,ФРТ,доцент,к.н.
Лебедева К.М.,ФРТ,профессор,д.н.
Петров Е.П.,ФУПМ,,д.н.
Кузнецов В.И.,ФМиЕН,доцент,
Лебедева Г.Н.,ФПМИ,профессор,к.н.
Семенов Г.Н.,ФРТ,доцент,
Волков Д.С.,ФУПМ,ассистент,д.н.
Лебедев А.А.,ФРТ,профессор,д.н.
Волков Л.О.,ФЭТ,доцент,
Попов З.Т.,ФРТ,ассистент,
Козлов И.К.,ИТМО,доцент,к.н.
Попов Д.С.,ФЭТ,,к.н.
Козлов М.Ю.,ФМиЕН,профессор,к.н.
Лебедева В.И.,ФМиЕН,ассистент,д.н.
Волков Ж.Р.,ФМиЕН,,к.н.
Козлов Б.В.,ФМиЕН,профессор,
Егоров З.Т.,ФМиЕН,профессор,д.н.
Алексеев В.И.,ФФ,,к.н.
Сидоров Ж.Р.,ФФ,профессор,к.н.
Смирнов М.Ю.,ИТМО,доцент,д.н.
Сидоров З.Т.,ФУПМ,,к.н.
Новиков Д.С.,ФРТ,доцент,
Смирнов Д.С.,ФМиЕН,доцент,к.н.
Новиков М.Ю.,ФПМИ,доцент,к.н.
Иванов В.И.,ФЭТ,,к.н.
Петров Г.Н.,ФУПМ,ассистент,к.н.
Лебедев Г.Н.,ФИВТ,доцент,к.н.
Лебедева Д.С.,ФМиЕН,доцент,к.н.
Смирнов Б.В.,ФЭТ,,
Алексеев К.М.,ФУПМ,доцент,к.н.
Попов А.А.,ФМиЕН,,
Иванов Е.П.,ФУПМ,ассистент,к.н.
Петров К.М.,ФРТ,доцент,к.н.
Соколов А.А.,ФМиЕН,,
Волков Е.П.,ФУПМ,ассистент,к.н.
Новиков Л.О.,ФПМИ,профессор,к.н.
Алексеев Г.Н.,ФУПМ,,к.н.
Лебедева К.М.,ФИВТ,доцент,к.н.
Сидоров М.Ю.,ФЭТ,доцент,
Козлов Г.Н.,ФРТ,профессор,д.н.
Волков Ж.Р.,ФУПМ,,д.н.
Морозов М.Ю.,ФФ,доцент,д.н.
Морозов Д.С.,ФМиМ,доцент,к.н.
Козлов З.Т.,ФИВТ,профессор,к.н.
Волков Е.П.,ФУПМ,,д.н.
Морозов И.К.,ФПМИ,профессор,к.н.
Петров М.Ю.,ФЭТ,доцент,д.н.
Егоров Л.О.,ФПМИ,,к.н.
Соколов В.И.,ФПМИ,ассистент,к.н.
Соколов З.Т.,ФИВТ,,д.н.
Семенов Б.В.,ФИВТ,,
Волков В.И.,ФИТ,профессор,
Егоров Л.О.,ФИВТ,,д.н.
Сидоров Д.С.,ФУПМ,доцент,
Смирнов З.Т.,ИТМО,профессор,д.н.
Лебедева В.И.,ФЭТ,,
Иванов И.К.,ФМиЕН,доцент,к.н.
Лебедева Г.Н.,ФФ,ассистент,к.н.
Семенов З.Т.,ИТМО,профессор,д.н.
Петров М.Ю.,ИТМО,ассистент,
Козлов Л.О.,ФФ,,к.н.
Семенов М.Ю.,ФМиМ,доцент,
Алексеев Е.П.,ФЭТ,профессор,к.н.
Семенов М.Ю.,ФЭТ,профессор,д.н.
Иванов И.К.,ФЭТ,ассистент,
Егоров Б.В.,ФУПМ,профессор,д.н.
Петров Ж.Р.,ФЭТ,,д.н.
Кузнецов Ж.Р.,ФИВТ,доцент,
Лебедев З.Т.,ФМиМ,ассистент,д.н.
Лебедев К.М.,ФМиЕН,,
Волков Б.В.,ФЭТ,профессор,к.н.
Сидоров З.Т.,ФМиЕН,ассистент,д.н.
Петров Б.В.,ИТМО,,д.н.
Волков Е.П.,ФПМИ,,д.н.
Новиков З.Т.,ФФ,доцент,к.н.
Петров Л.О.,ФФ,доцент,д.н.
Егоров З.Т.,ФМиЕН,доцент,д.н.
Морозов З.Т.,ФПМИ,ассистент,д.н.
Козлов К.М.,ФУПМ,профессор,д.н.
Козлов Г.Н.,ФУПМ,профессор,к.н.
Иванов Б.В.,ФПМИ,профессор,
Новиков Б.В.,ФРТ,профессор,
Иванов Г.Н.,ФМиМ,,к.н.
Смирнов Е.П.,ФИТ,ассистент,
Лебедев Ж.Р.,ФЭТ,доцент,к.н.
Лебедева А.А.,ИТМО,,
Алексеев Е.П.,ФЭТ,ассистент,д.н.
Алексеев М.Ю.,ФИТ,ассистент,д.н.
Семенов Л.О.,ФМиМ,ассистент,
Егоров Е.П.,ФРТ,доцент,
Алексеев И.К.,ФФ,доцент,к.н.
Егоров В.И.,ИТМО,ассистент,к.н.
Лебедев З.Т.,ФРТ,профессор,к.н.
Кузнецов К.М.,ИТМО,ассистент,д.н.
Лебедев И.К.,ФУПМ,доцент,
Попов З.Т.,ФМиМ,доцент,к.н.
Новиков А.А.,ФФ,профессор,
Лебедева И.К.,ФЭТ,профессор,
Кузнецов Л.О.,ФРТ,доцент,к.н.
Морозов И.К.,ФРТ,,д.н.
Козлов Г.Н.,ФИТ,ассистент,к.н.
Сидоров И.К.,ИТМО,доцент,д.н.
Егоров В.И.,ФИВТ,ассистент,д.н.
Волков В.И.,ИТМО,доцент,
Попов В.И.,ФРТ,профессор,
Новиков Д.С.,ФЭТ,,к.н.
Егоров А.А.,ФМиЕН,доцент,д.н.
Петров Ж.Р.,ФПМИ,доцент,д.н.
Петров З.Т.,ФФ,ассистент,
Кузнецов Г.Н.,ФРТ,доцент,
Лебедев З.Т.,ФЭТ,профессор,
Новиков Л.О.,ФИВТ,профессор,д.н.
Петров В.И.,ФРТ,доцент,
Новиков К.М.,ФИВТ,доцент,
Соколов З.Т.,ФПМИ,ассистент,
Кузнецов Д.С.,ФМиЕН,профессор,к.н.
Смирнов Л.О.,ФРТ,,д.н.
Волков К.М.,ФЭТ,доцент,
Иванов В.И.,ФИВТ,,
Морозов Г.Н.,ФМиМ,ассистент,д.н.
Алексеев А.А.,ФИТ,ассистент,к.н.
Попов Б.В.,ФФ,профессор,д.н.
Лебедева Г.Н.,ИТМО,профессор,д.н.
Лебедев В.И.,ФПМИ,,
Семенов К.М.,ИТМО,,к.н.
Егоров К.М.,ФМиЕН,ассистент,к.н.
Волков И.К.,ФМиЕН,,д.н.
Новиков Л.О.,ФМиМ,профессор,к.н.
Смирнов З.Т.,ИТМО,профессор,д.н.
Иванов М.Ю.,ФМиЕН,профессор,д.н.
Новиков В.И.,ФМиМ,профессор,
Лебедева Л.О.,ФИВТ,ассистент,
Петров Е.П.,ФЭТ,доцент,д.н.
Морозов Е.П.,ФМиЕН,профессор,д.н.
Лебедев В.И.,ФМиМ,профессор,к.н.
Новиков Е.П.,ФРТ,ассистент,
Сидоров К.М.,ФФ,профессор,к.н.
Новиков М.Ю.,ФПМИ,доцент,д.н.
Волков Л.О.,ФПМИ,,к.н.
Козлов М.Ю.,ФФ,профессор,д.н.
Волков З.Т.,ФФ,профессор,д.н.
Лебедева Б.В.,ФУПМ,ассистент,к.н.
Соколов А.А.,ФУПМ,профессор,к.н.
Попов Л.О.,ФФ,,д.н.
Лебедев М.Ю.,ФИВТ,,к.н.
Петров И.К.,ИТМО,профессор,д.н.
Новиков Л.О.,ФЭТ,профессор,
Волков К.М.,ФИТ,доцент,
Смирнов Б.В.,ФЭТ,доцент,к.н.
Соколов Е.П.,ФУПМ,,к.н.
Морозов К.М.,ФМиЕН,профессор,
Лебедев К.М.,ФУПМ,ассистент,д.н.
Семенов К.М.,ФМиЕН,,к.н.
Петров В.И.,ФРТ,профессор,к.н.
Новиков Ж.Р.,ФРТ,доцент,
Смирнов Д.С.,ИТМО,ассистент,
Волков А.А.,ФФ,ассистент,
Семенов Е.П.,ИТМО,ассистент,к.н.
Семенов М.Ю.,ФПМИ,,д.н.
Козлов Д.С.,ФУПМ,доцент,д.н.
Семенов Л.О.,ФИВТ,ассистент,к.н.
Иванов Ж.Р.,ФМиЕН,профессор,
Лебедева Г.Н.,ФИТ,доцент,
Сидоров Б.В.,ФМиЕН,доцент,к.н.
Петров Д.С.,ИТМО,профессор,д.н.
Сидоров В.И.,ФМиМ,профессор,к.н.
Алексеев И.К.,ИТМО,доцент,д.н.
Лебедева Д.С.,ФРТ,доцент,д.н.
Соколов З.Т.,ИТМО,профессор,к.н.
Семенов Ж.Р.,ФИТ,доцент,
Кузнецов В.И.,ФПМИ,профессор,к.н.
Кузнецов К.М.,ФФ,ассистент,
Лебедев И.К.,ФРТ,профессор,д.н.
Морозов Ж.Р.,ФМиМ,ассистент,к.н.
Алексеев А.А.,ФИВТ,ассистент,к.н.
Кузнецов Б.В.,ФИВТ,,к.н.
Сидоров Ж.Р.,ФРТ,,
Попов Б.В.,ФМиМ,,
Морозов К.М.,ФМиМ,доцент,
Кузнецов Д.С.,ИТМО,профессор,к.н.
Иванов К.М.,ФЭТ,,
Попов В.И.,ИТМО,доцент,к.н.
Новиков Ж.Р.,ФИВТ,ассистент,к.н.
Иванов Д.С.,ФПМИ,профессор,д.н.
Егоров Г.Н.,ФЭТ,доцент,к.н.
Волков В.И.,ФИВТ,,
Семенов Е.П.,ФИТ,доцент,д.н.
Соколов М.Ю.,ФИВТ,,
Петров Д.С.,ФУПМ,профессор,к.н.
Петров Л.О.,ФИТ,доцент,д.н.
Алексеев З.Т.,ФИТ,профессор,к.н.
Козлов Д.С.,ФЭТ,доцент,к.н.
Козлов Д.С.,ФЭТ,профессор,д.н.
Соколов Д.С.,ФИТ,профессор,д.н.
Попов З.Т.,ФРТ,ассистент,к.н.
Сидоров К.М.,ФИВТ,профессор,
Морозов Л.О.,ИТМО,,к.н.
Петров Л.О.,ФИВТ,,
Попов М.Ю.,ФИВТ,профессор,
Кузнецов Ж.Р.,ФФ,профессор,
Лебедев Г.Н.,ИТМО,профессор,
Козлов З.Т.,ФЭТ,доцент,к.н.
Морозов И.К.,ФИВТ,профессор,д.н.
Соколов К.М.,ФФ,,д.н.
Сидоров Г.Н.,ФИВТ,доцент,
Козлов Л.О.,ФРТ,профессор,
Сидоров Л.О.,ФУПМ,,к.н.
Сидоров З.Т.,ФМиМ,,к.н.
Петров Ж.Р.,ФМиЕН,профессор,д.н.
Лебедева Ж.Р.,ФПМИ,доцент,к.н.
Иванов Е.П.,ФФ,,
Сидоров Д.С.,ФИТ,,д.н.
Смирнов В.И.,ФМиМ,,д.н.
Волков Д.С.,ФМиЕН,,д.н.
Алексеев З.Т.,ФФ,ассистент,
Лебедев Г.Н.,ФЭТ,доцент,
Лебедев А.А.,ФФ,профессор,
Волков Д.С.,ФМиМ,доцент,
Лебедева Е.П.,ФИТ,доцент,д.н.
Иванов З.Т.,ФИТ,профессор,д.н.
Смирнов И.К.,ФУПМ,,к.н.
Лебедева М.Ю.,ФРТ,,к.н.
Егоров М.Ю.,ФИВТ,ассистент,к.н.
Козлов М.Ю.,ФПМИ,доцент,д.н.
Семенов Ж.Р.,ФЭТ,профессор,
Егоров К.М.,ФИВТ,профессор,д.н.
Смирнов З.Т.,ИТМО,профессор,к.н.
Морозов Л.О.,ФФ,ассистент,
Лебедев Г.Н.,ФИТ,ассистент,д.н.
Семенов З.Т.,ФФ,профессор,к.н.
Козлов Г.Н.,ФИТ,ассистент,к.н.
Смирнов А.А.,ФИТ,доцент,
Егоров Б.В.,ФЭТ,профессор,д.н.
Лебедева Е.П.,ФУПМ,ассистент,
Семенов Ж.Р.,ФМиМ,,д.н.
Петров Ж.Р.,ФИВТ,доцент,
Лебедев Л.О.,ФЭТ,профессор,д.н.
Морозов Г.Н.,ФИТ,ассистент,д.н.
Кузнецов И.К.,ФЭТ,ассистент,д.н.
Сидоров М.Ю.,ФФ,доцент,
Морозов З.Т.,ФМиМ,доцент,
Попов Б.В.,ИТМО,,
Егоров А.А.,ФМиМ,доцент,
Алексеев К.М.,ФПМИ,,
Сидоров З.Т.,ФИВТ,профессор,д.н.
Лебедев Ж.Р.,ФФ,доцент,д.н.
Попов К.М.,ФМиМ,доцент,к.н.
Иванов Д.С.,ФФ,ассистент,д.н.
Сидоров Г.Н.,ФМиЕН,доцент,
Волков Г.Н.,ФИТ,ассистент,к.н.
Иванов З.Т.,ФУПМ,,
Петров М.Ю.,ФФ,,д.н.
Попов Б.В.,ФЭТ,ассистент,
Алексеев Ж.Р.,ФМиЕН,,к.н.
Новиков И.К.,ФИВТ,профессор,д.н.
Козлов В.И.,ФИВТ,профессор,к.н.
Алексеев Д.С.,ФРТ,ассистент,к.н.
Кузнецов Ж.Р.,ФПМИ,ассистент,д.н.
Петров Л.О.,ФРТ,ассистент,д.н.
Иванов В.И.,ФЭТ,,к.н.
Лебедева А.А.,ФУПМ,ассистент,
Лебедев Ж.Р.,ФУПМ,,к.н.
Морозов К.М.,ФМиЕН,ассистент,к.н.
Попов Б.В.,ФМиЕН,профессор,
Новиков Д.С.,ФИВТ,доцент,
Лебедев А.А.,ФРТ,доцент,д.н.
Соколов Е.П.,ФЭТ,профессор,
Кузнецов И.К.,ФПМИ,доцент,д.н.
Соколов Д.С.,ФМиМ,,к.н.
Иванов М.Ю.,ФМиЕН,доцент,
Петров З.Т.,ФПМИ,доцент,к.н.
Кузнецов Г.Н.,ФИВТ,профессор,
Морозов К.М.,ФЭТ,доцент,
Смирнов К.М.,ФИВТ,доцент,к.н.
Лебедева З.Т.,ФУПМ,профессор,д.н.
Алексеев Л.О.,ФЭТ,ассистент,
Сидоров К.М.,ФРТ,профессор,
Кузнецов М.Ю.,ФРТ,доцент,д.н.
Лебедев Д.С.,ФУПМ,доцент,
Алексеев Ж.Р.,ФИТ,ассистент,д.н.
Лебедев З.Т.,ИТМО,профессор,
Петров К.М.,ФИВТ,профессор,к.н.
Петров Л.О.,ФМиМ,,
Соколов Д.С.,ФМиМ,доцент,д.н.
Попов А.А.,ФМиЕН,доцент,
Петров Д.С.,ФРТ,профессор,д.н.
Попов Б.В.,ФМиЕН,ассистент,д.н.
Смирнов Ж.Р.,ФИВТ,доцент,
Сидоров Б.В.,ИТМО,доцент,
Смирнов Е.П.,ФМиМ,ассистент,
Соколов М.Ю.,ФФ,ассистент,
Алексеев З.Т.,ФРТ,,д.н.
Морозов А.А.,ФРТ,профессор,к.н.
Новиков Е.П.,ФУПМ,,
Козлов А.А.,ФУПМ,ассистент,д.н.
Попов З.Т.,ФУПМ,доцент,к.н.
Кузнецов Д.С.,ФУПМ,ассистент,
Егоров Ж.Р.,ФФ,профессор,к.н.
Лебедев З.Т.,ФФ,,
Петров Л.О.,ФРТ,,к.н.
Смирнов М.Ю.,ИТМО,,д.н.
Попов Б.В.,ФПМИ,профессор,д.н.
Волков Д.С.,ФИТ,профессор,
Лебедев Е.П.,ФУПМ,профессор,д.н.
Егоров М.Ю.,ФЭТ,ассистент,д.н.
Волков Г.Н.,ИТМО,,к.н.
Иванов Л.О.,ФИТ,доцент,к.н.
Семенов Б.В.,ФИТ,доцент,д.н.
Морозов А.А.,ФФ,ассистент,
Попов Л.О.,ФМиМ,профессор,к.н.
Морозов И.К.,ФРТ,доцент,д.н.
Петров Г.Н.,ФМиМ,профессор,
Кузнецов А.А.,ФУПМ,доцент,
Морозов В.И.,ФПМИ,профессор,к.н.
Лебедева К.М.,ФПМИ,ассистент,д.н.
Сидоров Ж.Р.,ФЭТ,доцент,к.н.
Смирнов И.К.,ФИВТ,,д.н.
Попов Г.Н.,ФРТ,профессор,
Петров Д.С.,ФЭТ,доцент,к.н.
Соколов В.И.,ФИТ,ассистент,д.н.
Соколов К.М.,ФМиЕН,профессор,к.н.
Смирнов И.К.,ФМиМ,ассистент,
Лебедева Б.В.,ФФ,ассистент,д.н.
Смирнов З.Т.,ФЭТ,ассистент,к.н.
Кузнецов Л.О.,ФУПМ,,
Смирнов М.Ю.,ФМиМ,профессор,
Лебедев В.И.,ФЭТ,ассистент,
Попов Ж.Р.,ФМиМ,профессор,
Попов А.А.,ФМиМ,,д.н.
Попов К.М.,ФИВТ,ассистент,д.н.
Попов В.И.,ФФ,доцент,д.н.
Морозов Д.С.,ФИТ,,
Петров Б.В.,ФМиМ,доцент,
Волков А.А.,ФУПМ,ассистент,
Лебедева В.И.,ФЭТ,,к.н.
Семенов Б.В.,ФИТ,,
Сидоров Ж.Р.,ФФ,профессор,д.н.
Егоров А.А.,ФМиМ,доцент,
Волков А.А.,ИТМО,ассистент,
Козлов А.А.,ФЭТ,,к.н.
Соколов З.Т.,ИТМО,доцент,д.н.
Иванов И.К.,ФРТ,доцент,к.н.
Кузнецов Д.С.,ФЭТ,доцент,
Лебедева К.М.,ФИТ,,д.н.
Попов М.Ю.,ИТМО,ассистент,д.н.
Алексеев Б.В.,ФФ,,к.н.
Козлов Д.С.,ФМиМ,ассистент,к.н.
Кузнецов К.М.,ФРТ,,
Новиков Л.О.,ФИТ,ассистент,к.н.
Егоров З.Т.,ФПМИ,,д.н.
Иванов Ж.Р.,ФФ,,д.н.
Новиков Б.В.,ФМиМ,,
Алексеев М.Ю.,ФМиЕН,,к.н.
Сидоров М.Ю.,ФМиМ,,
Смирнов В.И.,ФИВТ,доцент,к.н.
Лебедева М.Ю.,ФРТ,профессор,
Семенов Ж.Р.,ИТМО,профессор,к.н.
Петров В.И.,ФИВТ,доцент,
Петров К.М.,ФУПМ,доцент,
Смирнов Г.Н.,ИТМО,ассистент,к.н.
Семенов З.Т.,ФИВТ,,
Попов Д.С.,ФИТ,профессор,к.н.
Алексеев Г.Н.,ФМиМ,,д.н.
Петров З.Т.,ФРТ,,
Волков Б.В.,ИТМО,доцент,д.н.
Лебедев А.А.,ФЭТ,,к.н.
Лебедев В.И.,ИТМО,профессор,д.н.
Новиков К.М.,ФИТ,,д.н.
Кузнецов Д.С.,ФПМИ,доцент,д.н.
Новиков А.А.,ФПМИ,доцент,д.н.
Смирнов А.А.,ФРТ,ассистент,
Сидоров Г.Н.,ФМиМ,ассистент,д.н.
Новиков А.А.,ФПМИ,доцент,
Лебедев Л.О.,ФИТ,ассистент,д.н.
Алексеев Ж.Р.,ФПМИ,,д.н.
Кузнецов М.Ю.,ИТМО,,
Соколов К.М.,ФУПМ,ассистент,к.н.
Лебедева Д.С.,ФМиЕН,профессор,
Смирнов Г.Н.,ФИТ,доцент,к.н.
Петров М.Ю.,ФМиЕН,профессор,д.н.
Кузнецов Г.Н.,ФФ,,д.н.
Алексеев А.А.,ФМиЕН,доцент,д.н.
Семенов З.Т.,ФФ,,д.н.
Кузнецов Б.В.,ФЭТ,профессор,к.н.
Волков А.А.,ФЭТ,профессор,
Сидоров К.М.,ФЭТ,,
Лебедева Б.В.,ИТМО,ассистент,к.н.
Сидоров Л.О.,ФИТ,,
Попов Г.Н.,ФФ,ассистент,д.н.
Морозов З.Т.,ФЭТ,профессор,
Лебедева М.Ю.,ФМиМ,,к.н.
Попов З.Т.,ИТМО,,
Козлов Ж.Р.,ФПМИ,,
Лебедев И.К.,ФМиЕН,,к.н.
Сидоров Л.О.,ФУПМ,ассистент,д.н.
Лебедев Л.О.,ФФ,доцент,д.н.
Лебедев Б.В.,ФФ,доцент,д.н.
Сидоров З.Т.,ФИТ,ассистент,к.н.
Семенов Б.В.,ФМиЕН,профессор,д.н.
Волков Ж.Р.,ФФ,ассистент,д.н.
Кузнецов И.К.,ФЭТ,,д.н.
Попов К.М.,ФРТ,,к.н.
Семенов Г.Н.,ФФ,профессор,д.н.
Сидоров Е.П.,ФРТ,доцент,к.н.
Семенов К.М.,ФЭТ,ассистент,к.н.
Козлов Ж.Р.,ФПМИ,профессор,д.н.
Егоров М.Ю.,ИТМО,,д.н.
Волков З.Т.,ФМиМ,,
Алексеев А.А.,ФИТ,доцент,к.н.
Алексеев З.Т.,ФЭТ,доцент,
Сидоров Б.В.,ФФ,профессор,д.н.
Соколов К.М.,ФРТ,,
Алексеев К.М.,ФМиЕН,доцент,
Семенов И.К.,ФИВТ,,д.н.
Лебедева Е.П.,ФЭТ,профессор,д.н.
Иванов Е.П.,ИТМО,,к.н.
Кузнецов Л.О.,ФЭТ,ассистент,
Попов Е.П.,ФУПМ,ассистент,д.н.
Морозов И.К.,ИТМО,ассистент,
Алексеев Л.О.,ФПМИ,профессор,к.н.
Кузнецов К.М.,ФЭТ,ассистент,д.н.
Сидоров М.Ю.,ФИВТ,профессор,
Петров Л.О.,ФМиЕН,профессор,д.н.
Егоров В.И.,ФФ,,к.н.
Петров Б.В.,ФЭТ,ассистент,
Попов Д.С.,ФМиЕН,профессор,
Соколов А.А.,ФПМИ,ассистент,к.н.
Семенов К.М.,ФМиМ,,к.н.
Семенов М.Ю.,ФИВТ,доцент,к.н.
Попов Б.В.,ИТМО,,д.н.
Смирнов З.Т.,ФФ,ассистент,
Петров Е.П.,ФИТ,,
Иванов Ж.Р.,ФФ,,к.н.
Алексеев Б.В.,ИТМО,,к.н.
Егоров М.Ю.,ФМиМ,,
Иванов И.К.,ФИТ,доцент,д.н.
Смирнов И.К.,ФМиЕН,профессор,д.н.
Семенов К.М.,ФФ,,д.н.
Козлов В.И.,ФРТ,профессор,д.н.
Алексеев В.И.,ФИВТ,профессор,
Новиков Е.П.,ФУПМ,доцент,
Иванов Б.В.,ФЭТ,доцент,к.н.
Сидоров Е.П.,ФМиМ,ассистент,к.н.
Попов М.Ю.,ФИВТ,доцент,
Сидоров М.Ю.,ФМиМ,,
Новиков А.А.,ФЭТ,доцент,
Семенов Ж.Р.,ФПМИ,,д.н.
Морозов Ж.Р.,ФРТ,,к.н.
Волков Ж.Р.,ФПМИ,профессор,д.н.
Петров Б.В.,ФИТ,профессор,к.н.
Кузнецов Г.Н.,ФПМИ,,к.н.
Попов Д.С.,ФПМИ,ассистент,
Сидоров Л.О.,ФФ,профессор,к.н.
Семенов Д.С.,ФФ,профессор,д.н.
Волков Е.П.,ФРТ,доцент,д.н.
Иванов З.Т.,ФИВТ,ассистент,д.н.
Лебедева З.Т.,ФУПМ,ассистент,
Кузнецов Е.П.,ФИТ,,к.н.
Лебедев Г.Н.,ФИТ,ассистент,д.н.
Соколов К.М.,ФЭТ,профессор,к.н.
Алексеев К.М.,ФИТ,,
Морозов Г.Н.,ФМиЕН,,к.н.
Попов Л.О.,ФИВТ,,д.н.
Кузнецов З.Т.,ФФ,,к.н.
Иванов В.И.,ФФ,профессор,
Козлов А.А.,ФФ,,д.н.
Попов Е.П.,ФФ,ассистент,к.н.
Иванов В.И.,ФПМИ,доцент,д.н.
Новиков Л.О.,ФИВТ,доцент,к.н.
Волков Е.П.,ФУПМ,,д.н.
Попов В.И.,ФРТ,ассистент,к.н.
Кузнецов К.М.,ФИТ,,д.н.
Лебедев И.К.,ФМиМ,доцент,к.н.
Семенов Л.О.,ФЭТ,профессор,д.н.
Козлов Л.О.,ФИТ,профессор,
Кузнецов З.Т.,ФМиЕН,доцент,к.н.
Соколов Б.В.,ФПМИ,ассистент,д.н.
Морозов Ж.Р.,ФУПМ,доцент,д.н.
Морозов Г.Н.,ФПМИ,доцент,
Егоров К.М.,ФИВТ,ассистент,д.н.
Морозов В.И.,ФЭТ,профессор,
Попов Г.Н.,ФМиМ,доцент,
Лебедев Г.Н.,ФИТ,доцент,к.н.
Попов З.Т.,ФМиЕН,ассистент,к.н.
Новиков В.И.,ФУПМ,профессор,к.н.
Егоров М.Ю.,ФИТ,профессор,
Волков К.М.,ФПМИ,ассистент,к.н.
Лебедева В.И.,ФИВТ,профессор,д.н.
Козлов В.И.,ФИВТ,профессор,к.н.
Волков Д.С.,ФПМИ,,д.н.
Кузнецов А.А.,ФУПМ,,к.н.
Семенов Д.С.,ФФ,доцент,
Егоров К.М.,ФУПМ,профессор,д.н.
Сидоров К.М.,ФФ,профессор,
Смирнов З.Т.,ФРТ,доцент,к.н.
Новиков Ж.Р.,ФУПМ,профессор,д.н.
Петров Б.В.,ФЭТ,ассистент,д.н.
Лебедева Ж.Р.,ФМиМ,,д.н.
Лебедев И.К.,ФИВТ,ассистент,
Морозов А.А.,ФФ,ассистент,к.н.
Козлов Л.О.,ФФ,профессор,д.н.
Козлов Г.Н.,ФПМИ,профессор,д.н.
Смирнов Е.П.,ФМиЕН,,
Соколов В.И.,ФИТ,доцент,к.н.
Егоров М.Ю.,ФИВТ,доцент,
Лебедева А.А.,ИТМО,,д.н.
Морозов А.А.,ФИТ,профессор,
Сидоров Л.О.,ФМиЕН,профессор,д.н.
Иванов Ж.Р.,ФУПМ,профессор,д.н.
Иванов И.К.,ФПМИ,профессор,к.н.
Лебедева В.И.,ФУПМ,доцент,
Кузнецов А.А.,ФИТ,,д.н.
Семенов Л.О.,ФМиМ,,к.н.
Лебедева А.А.,ФПМИ,ассистент,
Попов Ж.Р.,ФИВТ,профессор,к.н.
Лебедева Г.Н.,ФИТ,доцент,к.н.
Козлов М.Ю.,ФРТ,,
Кузнецов Г.Н.,ФМиМ,доцент,к.н.
Новиков Е.П.,ФМиМ,профессор,
Алексеев Ж.Р.,ФЭТ,доцент,к.н.
Смирнов Д.С.,ИТМО,,к.н.
Новиков К.М.,ФМиЕН,,д.н.
Попов К.М.,ФРТ,,к.н.
Соколов К.М.,ФИВТ,ассистент,к.н.
Попов Е.П.,ИТМО,профессор,к.н.
Егоров Г.Н.,ФИВТ,доцент,д.н.
Петров А.А.,ИТМО,доцент,
Иванов А.А.,ФПМИ,профессор,д.н.
Сидоров Л.О.,ФРТ,ассистент,к.н.
Лебедев К.М.,ФПМИ,профессор,
Козлов К.М.,ИТМО,,к.н.
Волков Б.В.,ИТМО,доцент,к.н.
Кузнецов Б.В.,ФИТ,профессор,д.н.
Новиков Г.Н.,ФФ,доцент,к.н.
Лебедев Г.Н.,ФРТ,доцент,к.н.
Семенов Е.П.,ФПМИ,,
Петров З.Т.,ФУПМ,профессор,к.н.
Петров И.К.,ФЭТ,,
Семенов В.И.,ФЭТ,,к.н.
Новиков Б.В.,ФЭТ,ассистент,к.н.
Иванов К.М.,ФИТ,профессор,к.н.
Егоров А.А.,ФРТ,профессор,
Алексеев Б.В.,ФМиЕН,ассистент,к.н.
Сидоров И.К.,ФМиЕН,профессор,
Егоров В.И.,ИТМО,,к.н.
Алексеев А.А.,ФПМИ,профессор,
Попов В.И.,ФМиМ,доцент,к.н.
Сидоров М.Ю.,ФПМИ,ассистент,
Иванов К.М.,ФРТ,профессор,
Козлов К.М.,ФПМИ,доцент,
Смирнов Б.В.,ФФ,доцент,д.н.
Соколов А.А.,ФИВТ,,
Петров Ж.Р.,ФУПМ,ассистент,
Волков Ж.Р.,ФПМИ,доцент,д.н.
Кузнецов И.К.,ФИВТ,доцент,д.н.
Козлов Е.П.,ФИТ,,д.н.
Морозов Б.В.,ФМиЕН,ассистент,
Кузнецов А.А.,ФИТ,доцент,к.н.
Попов Е.П.,ФРТ,ассистент,к.н.
Соколов А.А.,ФМиМ,,к.н.
Кузнецов М.Ю.,ФУПМ,доцент,
Попов Ж.Р.,ФРТ,ассистент,к.н.
Сидоров Е.П.,ФУПМ,ассистент,д.н.
Новиков Д.С.,ИТМО,профессор,к.н.
Морозов Б.В.,ИТМО,доцент,к.н.
Сидоров Е.П.,ФМиЕН,профессор,
Алексеев Л.О.,ФИТ,профессор,
Егоров Б.В.,ФМиЕН,,
Иванов Е.П.,ИТМО,профессор,
Лебедев З.Т.,ФМиЕН,,д.н.
Соколов Л.О.,ФФ,,д.н.
Попов К.М.,ФПМИ,доцент,
Лебедев Л.О.,ФМиЕН,профессор,
Новиков Б.В.,ФМиМ,доцент,
Козлов Ж.Р.,ФУПМ,,д.н.
Попов М.Ю.,ФИТ,профессор,к.н.
Иванов Г.Н.,ФМиЕН,,
Егоров К.М.,ФИВТ,профессор,к.н.
Попов К.М.,ФПМИ,ассистент,д.н.
Егоров Г.Н.,ФМиМ,профессор,д.н.
Попов Б.В.,ФИВТ,,к.н.
Соколов И.К.,ФУПМ,ассистент,
Волков З.Т.,ФРТ,,к.н.
Семенов Л.О.,ФЭТ,ассистент,
Иванов Д.С.,ФМиМ,доцент,д.н.
Сидоров Б.В.,ФМиЕН,доцент,к.н.
Лебедева Л.О.,ФФ,доцент,
Козлов К.М.,ФМиЕН,ассистент,
Лебедева А.А.,ФПМИ,профессор,
Морозов Е.П.,ФПМИ,,
Лебедева К.М.,ФУПМ,,
Иванов З.Т.,ФМиМ,ассистент,к.н.
Смирнов Д.С.,ФИТ,профессор,
Сидоров Ж.Р.,ФРТ,профессор,к.н.
Иванов Е.П.,ФИТ,ассистент,д.н.
Иванов М.Ю.,ФРТ,доцент,к.н.
Алексеев Л.О.,ФИВТ,,к.н.
Попов З.Т.,ФПМИ,,д.н.
Новиков И.К.,ФИВТ,ассистент,д.н.
Лебедев Б.В.,ФФ,доцент,
Сидоров М.Ю.,ФРТ,профессор,к.н.
Сидоров Ж.Р.,ФУПМ,доцент,к.н.
Смирнов Б.В.,ФРТ,,к.н.
Новиков Е.П.,ФЭТ,профессор,к.н.
Петров А.А.,ФРТ,доцент,д.н.
Петров Л.О.,ФМиМ,профессор,д.н.
Кузнецов В.И.,ФЭТ,,д.н.
Иванов З.Т.,ФЭТ,доцент,к.н.
Лебедев Д.С.,ФЭТ,доцент,к.н.
Соколов Ж.Р.,ФМиМ,доцент,д.н.
Лебедева М.Ю.,ФЭТ,доцент,к.н.
Лебедев Д.С.,ФМиМ,доцент,
Кузнецов З.Т.,ФИВТ,профессор,
Морозов И.К.,ФИВТ,доцент,д.н.
Новиков А.А.,ФИТ,доцент,к.н.
Алексеев Ж.Р.,ИТМО,доцент,к.н.
Волков З.Т.,ФПМИ,доцент,д.н.
Кузнецов Б.В.,ФИТ,,д.н.
Смирнов З.Т.,ФФ,доцент,
Новиков Б.В.,ИТМО,,д.н.
Морозов В.И.,ФЭТ,ассистент,д.н.
Петров В.И.,ФРТ,доцент,д.н.
Алексеев З.Т.,ФПМИ,доцент,д.н.
Лебедев В.И.,ФПМИ,доцент,
Попов Б.В.,ФИВТ,профессор,к.н.
Волков Ж.Р.,ФМиМ,профессор,к.н.
Сидоров Ж.Р.,ФЭТ,доцент,к.н.
Семенов Л.О.,ИТМО,профессор,
Сидоров Б.В.,ФРТ,ассистент,к.н.
Петров Д.С.,ИТМО,профессор,к.н.
Соколов Ж.Р.,ФИТ,ассистент,к.н.
Сидоров И.К.,ФФ,профессор,
Егоров Б.В.,ФЭТ,доцент,д.н.
Лебедев А.А.,ФПМИ,профессор,к.н.
Морозов А.А.,ФУПМ,доцент,
Петров З.Т.,ФУПМ,доцент,д.н.
Сидоров Е.П.,ФФ,,д.н.
Волков И.К.,ИТМО,доцент,
Новиков Д.С.,ФМиЕН,профессор,д.н.
Лебедева Д.С.,ФЭТ,профессор,д.н.
Попов И.К.,ФИТ,,
Волков З.Т.,ФМиМ,доцент,д.н.
Сидоров Д.С.,ФРТ,,
Соколов М.Ю.,ФФ,,
Морозов В.И.,ФМиМ,доцент,д.н.
Смирнов Л.О.,ФУПМ,доцент,
Алексеев Г.Н.,ФИТ,ассистент,
Смирнов Ж.Р.,ИТМО,доцент,д.н.
Лебедев Е.П.,ФУПМ,профессор,
Иванов И.К.,ФМиЕН,,
Попов И.К.,ФИТ,профессор,
Козлов Е.П.,ФФ,,к.н.
Лебедева Е.П.,ИТМО,профессор,к.н.
Егоров Б.В.,ИТМО,ассистент,
Новиков М.Ю.,ФИВТ,профессор,к.н.
Смирнов Ж.Р.,ФПМИ,доцент,
Семенов Ж.Р.,ФРТ,ассистент,д.н.
Семенов М.Ю.,ФПМИ,профессор,
Лебедева Ж.Р.,ФФ,ассистент,к.н.
Новиков И.К.,ИТМО,доцент,
Смирнов А.А.,ФУПМ,профессор,
Морозов Д.С.,ФМиЕН,профессор,д.н.
Алексеев Б.В.,ФУПМ,ассистент,
Егоров К.М.,ИТМО,ассистент,д.н.
Новиков Г.Н.,ИТМО,,д.н.
Семенов Б.В.,ФМиМ,,
Кузнецов М.Ю.,ФМиЕН,профессор,д.н.
Новиков А.А.,ИТМО,ассистент,
Козлов Г.Н.,ФИТ,,к.н.
Иванов И.К.,ФМиЕН,доцент,
Новиков В.И.,ФУПМ,профессор,к.н.
Попов А.А.,ФФ,доцент,
Семенов В.И.,ФИТ,доцент,к.н.
Волков М.Ю.,ФРТ,доцент,
Семенов А.А.,ФИТ,профессор,д.н.
Смирнов Г.Н.,ФИТ,,д.н.
Смирнов Е.П.,ФМиМ,профессор,д.н.
Егоров Е.П.,ФПМИ,,
Иванов М.Ю.,ФИВТ,,
Козлов А.А.,ФПМИ,профессор,к.н.
Сидоров Е.П.,ФИТ,доцент,
Попов Е.П.,ФФ,,д.н.
Козлов Л.О.,ИТМО,ассистент,
Соколов К.М.,ФМиЕН,профессор,д.н.
Семенов З.Т.,ФИВТ,доцент,
Морозов Д.С.,ФИТ,ассистент,д.н.
Алексеев Д.С.,ФМиМ,,д.н.
Сидоров Ж.Р.,ФМиМ,,к.н.
Козлов К.М.,ФМиМ,профессор,к.н.
Семенов Ж.Р.,ФУПМ,ассистент,
Сидоров Е.П.,ФЭТ,ассистент,
Попов Б.В.,ФПМИ,доцент,
Кузнецов Е.П.,ФЭТ,доцент,д.н.
Попов А.А.,ИТМО,ассистент,
Соколов Е.П.,ФИТ,профессор,д.н.
Кузнецов Е.П.,ФИВТ,ассистент,
Лебедева Л.О.,ИТМО,,д.н.
Семенов Г.Н.,ФМиМ,ассистент,
Морозов К.М.,ФИТ,доцент,
Козлов В.И.,ФИВТ,доцент,
Лебедев Г.Н.,ФРТ,профессор,
Семенов Л.О.,ФУПМ,ассистент,к.н.
Семенов И.К.,ФИВТ,,д.н.
Сидоров К.М.,ФЭТ,доцент,д.н.
Соколов В.И.,ФФ,ассистент,д.н.
Волков К.М.,ФУПМ,профессор,д.н.
Соколов Г.Н.,ФЭТ,,д.н.
Сидоров Е.П.,ФЭТ,ассистент,д.н.
Иванов К.М.,ФФ,ассистент,д.н.
Морозов З.Т.,ФИВТ,профессор,к.н.
Петров Л.О.,ФФ,профессор,д.н.
Алексеев Е.П.,ФМиМ,ассистент,
Волков Е.П.,ФУПМ,профессор,
Егоров Г.Н.,ФЭТ,,к.н.
Соколов А.А.,ФИВТ,доцент,к.н.
Новиков А.А.,ФМиМ,доцент,к.н.
Соколов Д.С.,ФРТ,доцент,к.н.
Петров И.К.,ФФ,доцент,
Соколов Е.П.,ФИТ,доцент,д.н.
Новиков Г.Н.,ФМиЕН,ассистент,
Смирнов З.Т.,ИТМО,доцент,к.н.
Лебедева Е.П.,ФУПМ,,д.н.
Семенов А.А.,ФУПМ,,к.н.
Лебедева З.Т.,ФРТ,доцент,
Егоров И.К.,ФУПМ,профессор,
Петров З.Т.,ФИВТ,ассистент,к.н.
Козлов Б.В.,ФПМИ,профессор,
Петров К.М.,ФФ,ассистент,к.н.
Лебедев З.Т.,ФПМИ,ассистент,
Новиков Б.В.,ФПМИ,,д.н.
Соколов В.И.,ФЭТ,доцент,д.н.
Егоров Ж.Р.,ФУПМ,ассистент,д.н.
Алексеев И.К.,ФПМИ,доцент,к.н.
Алексеев Л.О.,ФИВТ,,к.н.
Козлов Г.Н.,ФУПМ,ассистент,
Лебедев Б.В.,ФЭТ,,д.н.
Иванов Е.П.,ФИВТ,доцент,
Алексеев Д.С.,ФИТ,ассистент,д.н.
Попов З.Т.,ФПМИ,профессор,д.н.
Волков М.Ю.,ФУПМ,,
Иванов Б.В.,ФПМИ,ассистент,
Лебедев К.М.,ФИВТ,ассистент,
Иванов Л.О.,ФФ,ассистент,д.н.
Смирнов Л.О.,ФМиЕН,доцент,
Семенов Б.В.,ФФ,ассистент,
Смирнов А.А.,ФИТ,ассистент,
Козлов Ж.Р.,ФУПМ,ассистент,к.н.
Егоров Б.В.,ФУПМ,ассистент,д.н.
Морозов А.А.,ФМиЕН,доцент,
Егоров Б.В.,ФМиЕН,ассистент,д.н.
Попов А.А.,ФФ,,д.н.
Лебедев А.А.,ФМиЕН,ассистент,д.н.
Козлов М.Ю.,ФУПМ,,д.н.
Волков Л.О.,ФФ,доцент,д.н.
Лебедев З.Т.,ФИВТ,ассистент,
Попов Ж.Р.,ФПМИ,профессор,к.н.
Попов К.М.,ФЭТ,профессор,
Лебедева К.М.,ФМиМ,,д.н.
Лебедева Ж.Р.,ФРТ,,к.н.
Соколов К.М.,ФПМИ,доцент,
Козлов Б.В.,ФМиМ,,к.н.
Петров Ж.Р.,ФРТ,ассистент,
Сидоров Д.С.,ФИВТ,ассистент,д.н.
Морозов Е.П.,ФМиМ,,д.н.
Соколов Г.Н.,ФУПМ,профессор,
Лебедева Ж.Р.,ФИВТ,,к.н.
Козлов М.Ю.,ФЭТ,,к.н.
Новиков Б.В.,ФУПМ,профессор,д.н.
Смирнов Л.О.,ФФ,ассистент,к.н.
Егоров А.А.,ФФ,,д.н.
Смирнов А.А.,ФМиЕН,ассистент,
Петров И.К.,ФМиМ,доцент,д.н.
Егоров К.М.,ФМиЕН,ассистент,к.н.
Лебедева К.М.,ФРТ,,д.н.
Новиков Г.Н.,ИТМО,доцент,д.н.
Попов И.К.,ФМиЕН,ассистент,
Семенов И.К.,ФИТ,,к.н.
Козлов А.А.,ФИВТ,профессор,
Попов А.А.,ФПМИ,ассистент,д.н.
Кузнецов Е.П.,ФМиЕН,профессор,д.н.
Волков Л.О.,ФУПМ,ассистент,
Семенов В.И.,ФФ,профессор,к.н.
Кузнецов А.А.,ФМиМ,ассистент,к.н.
Сидоров М.Ю.,ИТМО,ассистент,
Морозов Е.П.,ФИВТ,ассистент,
Лебедева Е.П.,ФРТ,ассистент,
Новиков Л.О.,ФРТ,профессор,
Морозов З.Т.,ИТМО,ассистент,к.н.
Новиков Л.О.,ФИТ,,
Морозов Ж.Р.,ФМиМ,профессор,д.н.
Сидоров Д.С.,ФПМИ,доцент,
Иванов Б.В.,ФМиЕН,ассистент,к.н.
Морозов Г.Н.,ИТМО,ассистент,
Морозов Е.П.,ФИВТ,доцент,д.н.
Волков Д.С.,ФМиЕН,профессор,д.н.
Петров И.К.,ФИВТ,доцент,к.н.
Алексеев Ж.Р.,ФФ,ассистент,д.н.
Лебедев К.М.,ФЭТ,доцент,к.н.
Петров Б.В.,ФЭТ,,
Кузнецов Б.В.,ФФ,ассистент,д.н.
Сидоров К.М.,ИТМО,доцент,д.н.
Соколов Ж.Р.,ФУПМ,,
Морозов Г.Н.,ФЭТ,профессор,д.н.
Алексеев Г.Н.,ФИВТ,доцент,к.н.
Новиков В.И.,ФИТ,профессор,
Козлов И.К.,ФИВТ,доцент,к.н.
Морозов И.К.,ФМиМ,доцент,д.н.
Петров Д.С.,ФРТ,доцент,
Попов М.Ю.,ИТМО,ассистент,к.н.
Соколов Б.В.,ИТМО,доцент,к.н.
Семенов К.М.,ИТМО,,к.н.
Лебедев Г.Н.,ФМиЕН,профессор,к.н.
Попов Л.О.,ИТМО,профессор,
Иванов З.Т.,ФУПМ,,
Лебедев Б.В.,ИТМО,профессор,
Смирнов З.Т.,ФУПМ,ассистент,
Козлов М.Ю.,ФИВТ,профессор,к.н.
Лебедев Л.О.,ФЭТ,,к.н.
Сидоров И.К.,ФИВТ,профессор,
Соколов М.Ю.,ФПМИ,,д.н.
Соколов Б.В.,ФФ,,д.н.
Козлов В.И.,ФПМИ,,
Кузнецов Ж.Р.,ФРТ,ассистент,к.н.
Семенов Л.О.,ФИТ,доцент,
Егоров И.К.,ФПМИ,ассистент,
Козлов М.Ю.,ФУПМ,ассистент,
Лебедев М.Ю.,ФМиМ,профессор,д.н.
Морозов Г.Н.,ФРТ,доцент,д.н.
Иванов К.М.,ФРТ,профессор,к.н.
Соколов Г.Н.,ФУПМ,доцент,к.н.
Лебедева З.Т.,ФРТ,,
Семенов К.М.,ФЭТ,профессор,к.н.
Иванов Д.С.,ФРТ,ассистент,к.н.
Егоров М.Ю.,ФУПМ,,
Новиков М.Ю.,ФМиМ,профессор,к.н.
Попов В.И.,ФФ,доцент,
Волков И.К.,ФЭТ,,
Семенов В.И.,ФУПМ,ассистент,
Семенов Е.П.,ФФ,,
Лебедева В.И.,ФУПМ,ассистент,
Новиков Б.В.,ФРТ,доцент,
Алексеев М.Ю.,ФРТ,профессор,д.н.
Сидоров Л.О.,ИТМО,доцент,к.н.
Соколов Л.О.,ФИТ,ассистент,к.н.
Смирнов З.Т.,ФИТ,,к.н.
Семенов Ж.Р.,ФМиМ,доцент,
Лебедева Ж.Р.,ФМиМ,ассистент,д.н.
Алексеев Г.Н.,ФМиМ,ассистент,д.н.
Алексеев Б.В.,ФЭТ,доцент,к.н.
Петров Г.Н.,ИТМО,доцент,к.н.
Егоров К.М.,ФПМИ,доцент,
Егоров М.Ю.,ФРТ,профессор,
Попов Б.В.,ФФ,ассистент,
Морозов Ж.Р.,ФРТ,доцент,
Волков Л.О.,ФМиЕН,,к.н.
Попов М.Ю.,ФУПМ,доцент,
Сидоров Е.П.,ИТМО,профессор,
Семенов К.М.,ФИВТ,доцент,к.н.
Иванов Е.П.,ФЭТ,ассистент,к.н.
Соколов Е.П.,ИТМО,доцент,к.н.
Новиков Л.О.,ФИВТ,профессор,д.н.
Попов Ж.Р.,ФИВТ,доцент,к.н.
Лебедев Г.Н.,ФИТ,доцент,д.н.
Соколов Г.Н.,ФПМИ,профессор,к.н.
Сидоров Д.С.,ФРТ,ассистент,
Попов Г.Н.,ФИТ,,к.н.
Алексеев В.И.,ФМиМ,ассистент,к.н.
Иванов Б.В.,ФИТ,,
Козлов Г.Н.,ФИВТ,,
Волков Е.П.,ФПМИ,,д.н.
Семенов Д.С.,ФУПМ,доцент,к.н.
Козлов М.Ю.,ФИВТ,профессор,д.н.
Попов Б.В.,ФМиМ,,
Алексеев И.К.,ИТМО,ассистент,
Семенов Е.П.,ФИТ,доцент,
Новиков И.К.,ФПМИ,ассистент,
Петров Ж.Р.,ФПМИ,,к.н.
Сидоров Г.Н.,ФУПМ,доцент,к.н.
Лебедев И.К.,ФИВТ,ассистент,к.н.
Семенов Ж.Р.,ФУПМ,ассистент,д.н.
Алексеев Г.Н.,ИТМО,ассистент,к.н.
Морозов М.Ю.,ФМиМ,,
Лебедева Е.П.,ФМиМ,ассистент,к.н.
Иванов Л.О.,ФРТ,профессор,
Иванов З.Т.,ФПМИ,ассистент,д.н.
Семенов В.И.,ФЭТ,,
Козлов М.Ю.,ФРТ,,
Попов Е.П.,ФФ,профессор,к.н.
Соколов И.К.,ФФ,ассистент,д.н.
Новиков И.К.,ФФ,,к.н.
Морозов К.М.,ФЭТ,доцент,д.н.
Иванов И.К.,ФФ,профессор,к.н.
Соколов З.Т.,ФФ,,к.н.
Семенов Б.В.,ФУПМ,доцент,
Новиков Г.Н.,ФУПМ,ассистент,к.н.
Морозов Л.О.,ФРТ,профессор,
Егоров И.К.,ФПМИ,,к.н.
Лебедев Е.П.,ФМиЕН,профессор,к.н.
Соколов К.М.,ФМиЕН,доцент,к.н.
Алексеев Л.О.,ФИВТ,,к.н.
Егоров М.Ю.,ФИТ,ассистент,д.н.
Семенов Г.Н.,ФФ,,д.н.
Волков М.Ю.,ФИТ,ассистент,к.н.
Смирнов Г.Н.,ФИВТ,доцент,д.н.
Волков З.Т.,ИТМО,доцент,д.н.
Сидоров З.Т.,ФМиЕН,профессор,к.н.
Волков Б.В.,ФФ,ассистент,к.н.
Иванов А.А.,ФУПМ,ассистент,к.н.
Алексеев В.И.,ФУПМ,ассистент,д.н.
Алексеев В.И.,ФИТ,ассистент,к.н.
Козлов М.Ю.,ФУПМ,доцент,д.н.
Лебедев З.Т.,ФИВТ,доцент,д.н.
Соколов Б.В.,ФРТ,доцент,
Кузнецов Г.Н.,ФПМИ,ассистент,к.н.
Семенов Ж.Р.,ФМиЕН,профессор,к.н.
Иванов Г.Н.,ФПМИ,,к.н.
Новиков В.И.,ФИВТ,доцент,
Лебедев А.А.,ФУПМ,ассистент,д.н.
Кузнецов И.К.,ФМиМ,ассистент,к.н.
Семенов К.М.,ФФ,доцент,
Иванов А.А.,ФЭТ,ассистент,к.н.
Егоров А.А.,ФМиМ,,
Попов К.М.,ФПМИ,доцент,к.н.
Петров Г.Н.,ФРТ,,д.н.
Попов Л.О.,ФИТ,ассистент,д.н.
Соколов Ж.Р.,ФМиЕН,доцент,д.н.
Смирнов М.Ю.,ФУПМ,ассистент,д.н.
Морозов Г.Н.,ФУПМ,доцент,к.н.
Петров Е.П.,ИТМО,,к.н.
Волков Б.В.,ФИТ,доцент,
Новиков В.И.,ФМиМ,ассистент,д.н.
Новиков Л.О.,ФФ,ассистент,
Семенов А.А.,ФМиМ,профессор,к.н.
Петров Л.О.,ФРТ,ассистент,к.н.
Лебедева Л.О.,ФИВТ,профессор,д.н.
Иванов К.М.,ФМиМ,ассистент,
Новиков А.А.,ФЭТ,ассистент,д.н.
Морозов В.И.,ФУПМ,профессор,
Лебедева З.Т.,ФИВТ,ассистент,
Волков К.М.,ФИВТ,профессор,д.н.
Лебедев Г.Н.,ФФ,доцент,д.н.
Семенов Г.Н.,ФМиЕН,,д.н.
Волков Л.О.,ФФ,ассистент,д.н.
Новиков Ж.Р.,ФМиМ,,
Сидоров Г.Н.,ФМиЕН,,к.н.
Лебедев Ж.Р.,ИТМО,,д.н.
Новиков Г.Н.,ФРТ,доцент,д.н.
Петров Г.Н.,ФЭТ,ассистент,
Смирнов И.К.,ФПМИ,,д.н.
Кузнецов М.Ю.,ФЭТ,,к.н.
Алексеев М.Ю.,ФПМИ,доцент,
Лебедева К.М.,ИТМО,профессор,д.н.
Попов З.Т.,ФИТ,доцент,
Кузнецов К.М.,ФПМИ,доцент,
Волков К.М.,ФМиМ,профессор,д.н.
Сидоров Ж.Р.,ФРТ,ассистент,д.н.
Сидоров М.Ю.,ФРТ,,к.н.
Волков Л.О.,ФПМИ,доцент,д.н.
Козлов Д.С.,ФИТ,профессор,д.н.
Волков В.И.,ФФ,доцент,д.н.
Попов В.И.,ФИВТ,,к.н.
Попов Ж.Р.,ФМиМ,ассистент,д.н.
Лебедев И.К.,ФУПМ,профессор,
Волков Д.С.,ФИТ,профессор,д.н.
Соколов К.М.,ФРТ,доцент,
Соколов М.Ю.,ФИВТ,доцент,д.н.
Соколов Ж.Р.,ФИВТ,профессор,д.н.
Семенов Г.Н.,ФМиМ,профессор,
Кузнецов И.К.,ФИТ,ассистент,д.н.
Козлов Д.С.,ФЭТ,доцент,к.н.
Соколов Г.Н.,ФМиМ,профессор,
Морозов Д.С.,ФРТ,доцент,д.н.
Смирнов К.М.,ФИВТ,,
Козлов Л.О.,ФИВТ,,д.н.
Козлов И.К.,ФИТ,,к.н.
Сидоров Г.Н.,ФУПМ,профессор,д.н.
Морозов Е.П.,ФРТ,профессор,д.н.
Сидоров А.А.,ФИВТ,ассистент,
Новиков Б.В.,ФИТ,профессор,к.н.
Морозов Б.В.,ФФ,ассистент,
Сидоров К.М.,ФУПМ,ассистент,к.н.
Егоров З.Т.,ФИВТ,,
Иванов Д.С.,ФИТ,,д.н.
Волков К.М.,ФРТ,доцент,д.н.
Козлов М.Ю.,ФРТ,,
Семенов Л.О.,ФМиМ,,к.н.
Сидоров К.М.,ФРТ,профессор,
Лебедев В.И.,ФРТ,доцент,
Новиков М.Ю.,ФЭТ,ассистент,к.н.
Сидоров В.И.,ФИВТ,профессор,к.н.
Лебедева Б.В.,ФЭТ,ассистент,
Козлов М.Ю.,ИТМО,профессор,к.н.
Морозов Г.Н.,ФМиМ,ассистент,к.н.
Попов И.К.,ФМиМ,ассистент,д.н.
Семенов Б.В.,ФМиМ,ассистент,
Лебедев Б.В.,ФИВТ,ассистент,к.н.
Волков И.К.,ФИВТ,профессор,
Кузнецов Ж.Р.,ФМиЕН,профессор,к.н.
Егоров Б.В.,ФМиМ,профессор,д.н.
Лебедева З.Т.,ФИТ,профессор,к.н.
Егоров Е.П.,ФМиМ,ассистент,к.н.
Попов Л.О.,ФМиМ,профессор,д.н.
Сидоров Е.П.,ФУПМ,профессор,д.н.
Волков Е.П.,ФМиМ,доцент,
Смирнов З.Т.,ФМиЕН,профессор,к.н.
Петров Г.Н.,ФЭТ,,д.н.
Сидоров Ж.Р.,ФУПМ,ассистент,к.н.
Лебедева И.К.,ФФ,профессор,
Смирнов Ж.Р.,ФПМИ,доцент,
Кузнецов К.М.,ФЭТ,профессор,д.н.
Попов М.Ю.,ФПМИ,,
Алексеев В.И.,ФИТ,доцент,к.н.
Лебедева Г.Н.,ФИТ,профессор,д.н.
Петров Д.С.,ИТМО,профессор,д.н.
Сидоров З.Т.,ФИВТ,профессор,д.н.
Семенов К.М.,ФМиЕН,,д.н.
Волков В.И.,ФИВТ,ассистент,
Кузнецов Е.П.,ФФ,профессор,
Козлов Б.В.,ФФ,профессор,д.н.
Кузнецов А.А.,ФМиЕН,профессор,
Лебедев Д.С.,ФМиМ,,д.н.
Соколов М.Ю.,ФПМИ,ассистент,к.н.
Алексеев Е.П.,ФФ,,
Алексеев З.Т.,ФМиМ,доцент,
Алексеев М.Ю.,ФМиЕН,доцент,
Новиков И.К.,ФУПМ,ассистент,к.н.
Лебедев Г.Н.,ФУПМ,доцент,д.н.
Петров З.Т.,ФУПМ,профессор,д.н.
Морозов Л.О.,ФФ,ассистент,к.н.
Волков А.А.,ФИВТ,ассистент,к.н.
Соколов А.А.,ФУПМ,профессор,д.н.
Петров И.К.,ФПМИ,ассистент,д.н.
Волков Д.С.,ФИТ,доцент,д.н.
Петров Л.О.,ИТМО,,д.н.
Смирнов М.Ю.,ФУПМ,ассистент,
Новиков И.К.,ФРТ,,к.н.
Сидоров Б.В.,ФПМИ,ассистент,
Семенов Ж.Р.,ФИТ,доцент,к.н.
Алексеев И.К.,ФЭТ,доцент,к.н.
Петров З.Т.,ФЭТ,доцент,к.н.
Егоров Л.О.,ИТМО,профессор,к.н.
Попов В.И.,ФРТ,ассистент,к.н.
Соколов Е.П.,ФИВТ,профессор,д.н.
Попов З.Т.,ФИВТ,ассистент,
Егоров Б.В.,ФПМИ,доцент,д.н.
Козлов З.Т.,ФПМИ,профессор,
Лебедев Е.П.,ФМиЕН,доцент,к.н.
Морозов Ж.Р.,ФФ,профессор,к.н.
Смирнов Г.Н.,ФЭТ,ассистент,д.н.
Лебедева Л.О.,ФМиМ,доцент,к.н.
Семенов Г.Н.,ФУПМ,доцент,д.н.
Сидоров К.М.,ФРТ,доцент,
Лебедева И.К.,ФМиМ,ассистент,
Лебедев Е.П.,ФМиМ,,
Кузнецов Б.В.,ФМиМ,ассистент,к.н.
Козлов А.А.,ФРТ,,д.н.
Морозов Г.Н.,ФЭТ,ассистент,к.н.
Волков Г.Н.,ИТМО,,к.н.
Новиков А.А.,ФИВТ,ассистент,д.н.
Егоров М.Ю.,ФПМИ,,
Волков М.Ю.,ИТМО,доцент,к.н.
Алексеев И.К.,ФУПМ,,д.н.
Кузнецов М.Ю.,ФМиМ,,д.н.
Сидоров М.Ю.,ФПМИ,доцент,
Козлов И.К.,ФЭТ,профессор,к.н.
Алексеев В.И.,ФМиМ,,
Иванов В.И.,ФУПМ,профессор,к.н.
Козлов Л.О.,ФФ,,
Кузнецов Л.О.,ИТМО,ассистент,д.н.
Петров Ж.Р.,ФИТ,ассистент,
Семенов Г.Н.,ФИТ,ассистент,д.н.
Морозов Б.В.,ИТМО,доцент,
Морозов Е.П.,ФМиМ,ассистент,д.н.
Лебедева З.Т.,ФУПМ,,к.н.
Козлов А.А.,ФУПМ,профессор,д.н.
Петров Л.О.,ФИТ,ассистент,к.н.
Волков К.М.,ФИВТ,,к.н.
Лебедев Б.В.,ФФ,доцент,д.н.
Алексеев Д.С.,ФМиМ,ассистент,к.н.
Попов З.Т.,ФИТ,доцент,д.н.
Соколов Л.О.,ФЭТ,ассистент,
Козлов Е.П.,ФУПМ,профессор,
Кузнецов В.И.,ФУПМ,ассистент,д.н.
Козлов К.М.,ИТМО,,к.н.
Лебедев Ж.Р.,ФМиЕН,,д.н.
Смирнов К.М.,ФПМИ,,к.н.
Морозов Ж.Р.,ИТМО,ассистент,к.н.
Егоров В.И.,ФИТ,ассистент,
Попов М.Ю.,ФЭТ,ассистент,к.н.
Козлов А.А.,ИТМО,профессор,д.н.
Семенов Г.Н.,ФМиЕН,профессор,д.н.
Смирнов Ж.Р.,ФФ,профессор,
Егоров Л.О.,ФЭТ,ассистент,д.н.
Волков И.К.,ФФ,доцент,д.н.
Петров М.Ю.,ФИТ,,к.н.
Морозов И.К.,ФПМИ,,д.н.
Лебедев М.Ю.,ФРТ,доцент,к.н.
Козлов Г.Н.,ФИТ,профессор,к.н.
Новиков Е.П.,ФИТ,доцент,к.н.
Егоров Ж.Р.,ФРТ,профессор,к.н.
Козлов Д.С.,ФРТ,доцент,к.н.
Лебедева Е.П.,ФФ,,д.н.
Лебедев В.И.,ФМиЕН,,
Алексеев Ж.Р.,ФФ,доцент,к.н.
Кузнецов Б.В.,ФИВТ,доцент,
Петров Л.О.,ФЭТ,профессор,
Иванов Д.С.,ИТМО,,д.н.
Сидоров Ж.Р.,ФПМИ,профессор,к.н.
Алексеев И.К.,ФМиЕН,ассистент,
Смирнов К.М.,ФМиЕН,,
Семенов К.М.,ФИТ,профессор,
Новиков Г.Н.,ФИТ,ассистент,
Новиков Г.Н.,ФИТ,ассистент,д.н.
Семенов М.Ю.,ФЭТ,ассистент,к.н.
Морозов Ж.Р.,ФИВТ,доцент,д.н.
Семенов М.Ю.,ФМиМ,ассистент,
Алексеев Е.П.,ФМиЕН,профессор,
Кузнецов З.Т.,ФМиЕН,доцент,к.н.
Попов Е.П.,ФПМИ,,к.н.
Сидоров М.Ю.,ФИТ,профессор,
Кузнецов И.К.,ФЭТ,доцент,к.н.
Козлов В.И.,ФФ,,д.н.
Смирнов А.А.,ФИТ,,
Петров Ж.Р.,ФИВТ,доцент,к.н.
Смирнов В.И.,ФПМИ,ассистент,д.н.
Волков Б.В.,ФМиМ,,д.н.
Егоров К.М.,ИТМО,,д.н.
Семенов И.К.,ФМиМ,профессор,к.н.
Семенов Ж.Р.,ФЭТ,доцент,к.н.
Новиков К.М.,ФПМИ,,д.н.
Волков В.И.,ФЭТ,доцент,д.н.
Морозов Д.С.,ФИТ,,к.н.
Козлов Д.С.,ФРТ,доцент,к.н.
Кузнецов И.К.,ФПМИ,ассистент,к.н.
Соколов А.А.,ФРТ,,к.н.
Алексеев А.А.,ФФ,,
Петров А.А.,ФУПМ,профессор,
Семенов Г.Н.,ФРТ,доцент,к.н.
Семенов З.Т.,ФПМИ,доцент,к.н.
Козлов Г.Н.,ФУПМ,профессор,д.н.
Смирнов И.К.,ФЭТ,доцент,к.н.
Попов М.Ю.,ФЭТ,доцент,к.н.
Морозов Е.П.,ФПМИ,доцент,д.н.
Иванов Д.С.,ФЭТ,профессор,д.н.
Попов Д.С.,ИТМО,ассистент,д.н.
Сидоров М.Ю.,ФИВТ,доцент,к.н.
Алексеев А.А.,ИТМО,профессор,
Алексеев И.К.,ФФ,ассистент,
Алексеев Д.С.,ФМиМ,ассистент,д.н.
Петров Д.С.,ИТМО,доцент,
Смирнов Л.О.,ФИВТ,профессор,к.н.
Попов Е.П.,ФФ,,
Смирнов Г.Н.,ФИВТ,профессор,
Новиков М.Ю.,ФМиЕН,,д.н.
Сидоров К.М.,ФЭТ,,д.н.
Лебедева Е.П.,ИТМО,ассистент,
Егоров К.М.,ФЭТ,доцент,д.н.
Морозов М.Ю.,ФЭТ,доцент,
Петров А.А.,ФИВТ,ассистент,к.н.
Попов З.Т.,ФИВТ,ассистент,
Новиков Б.В.,ФЭТ,,
Семенов М.Ю.,ФИТ,,д.н.
Козлов Ж.Р.,ИТМО,ассистент,
Новиков Б.В.,ФУПМ,профессор,д.н.
Кузнецов З.Т.,ФМиЕН,профессор,
Соколов Е.П.,ФПМИ,профессор,
Волков М.Ю.,ФИВТ,профессор,д.н.
Сидоров Д.С.,ФУПМ,,к.н.
Алексеев А.А.,ФИТ,,д.н.
Петров М.Ю.,ИТМО,,
Кузнецов Е.П.,ФИВТ,,д.н.
Лебедев М.Ю.,ФРТ,ассистент,к.н.
Смирнов К.М.,ФИТ,,
Лебедев М.Ю.,ФПМИ,профессор,к.н.
Лебедев В.И.,ФРТ,доцент,
Новиков Б.В.,ФПМИ,ассистент,
Смирнов Г.Н.,ФМиЕН,ассистент,д.н.
Новиков Л.О.,ФУПМ,,д.н.
Алексеев Ж.Р.,ФФ,профессор,д.н.
Сидоров И.К.,ФПМИ,,д.н.
Кузнецов Ж.Р.,ФУПМ,,д.н.
Волков З.Т.,ИТМО,,к.н.
Сидоров Д.С.,ФИТ,доцент,д.н.
Алексеев Д.С.,ФФ,профессор,к.н.
Морозов В.И.,ФИТ,,к.н.
Сидоров М.Ю.,ФМиЕН,ассистент,д.н.
Новиков Б.В.,ФПМИ,,
Волков М.Ю.,ФПМИ,профессор,
Петров Г.Н.,ФМиЕН,ассистент,к.н.
Лебедева Ж.Р.,ФПМИ,доцент,д.н.
Попов М.Ю.,ФМиЕН,,к.н.
Морозов В.И.,ФФ,профессор,
Сидоров Б.В.,ФИТ,,
Егоров В.И.,ФЭТ,ассистент,д.н.
Соколов Б.В.,ФУПМ,профессор,д.н.
Новиков А.А.,ИТМО,доцент,д.н.
Сидоров Е.П.,ФУПМ,ассистент,
Егоров К.М.,ФМиМ,доцент,д.н.
Лебедев И.К.,ФПМИ,,к.н.
Новиков З.Т.,ФУПМ,ассистент,к.н.
Новиков Г.Н.,ФФ,профессор,д.н.
Иванов И.К.,ФМиЕН,,к.н.
Егоров И.К.,ФМиМ,,к.н.
Смирнов М.Ю.,ФМиМ,ассистент,к.н.
Алексеев В.И.,ФИТ,профессор,
Козлов М.Ю.,ФИВТ,,д.н.
Семенов Б.В.,ФРТ,ассистент,д.н.
Егоров М.Ю.,ФМиЕН,профессор,
Смирнов В.И.,ИТМО,,
Смирнов В.И.,ФИВТ,ассистент,
Козлов А.А.,ФМиЕН,доцент,к.н.
Волков Г.Н.,ФМиЕН,ассистент,к.н.
Волков К.М.,ФЭТ,ассистент,
Сидоров Е.П.,ФИТ,ассистент,д.н.
Лебедев Б.В.,ФРТ,ассистент,д.н.
Козлов К.М.,ФПМИ,доцент,
Лебедева А.А.,ФМиМ,,д.н.
Лебедева К.М.,ФРТ,доцент,к.н.
Соколов Б.В.,ФИТ,профессор,
Иванов И.К.,ФМиЕН,доцент,к.н.
Семенов Л.О.,ФИТ,,д.н.
Соколов Ж.Р.,ФИТ,,к.н.
Егоров М.Ю.,ФФ,доцент,к.н.
Новиков В.И.,ФРТ,,
Петров Б.В.,ФИТ,,к.н.
Иванов Б.В.,ИТМО,профессор,к.н.
Попов К.М.,ФФ,,д.н.
Лебедева В.И.,ФМиЕН,профессор,д.н.
Кузнецов Г.Н.,ФИВТ,профессор,
Смирнов Г.Н.,ФИТ,доцент,д.н.
Лебедева М.Ю.,ИТМО,профессор,к.н.
Егоров Ж.Р.,ФИТ,,к.н.
Петров Б.В.,ФЭТ,доцент,д.н.
Попов И.К.,ФИВТ,,
Лебедева Л.О.,ФИТ,,д.н.
Новиков Д.С.,ФЭТ,,д.н.
Алексеев Д.С.,ФМиМ,ассистент,к.н.
Кузнецов З.Т.,ФПМИ,ассистент,д.н.
Сидоров Д.С.,ФУПМ,ассистент,д.н.
Егоров Д.С.,ФМиМ,ассистент,к.н.
Попов И.К.,ФИТ,ассистент,д.н.
Семенов Ж.Р.,ФПМИ,,д.н.
Попов Д.С.,ФМиМ,доцент,д.н.
Козлов Д.С.,ФФ,ассистент,к.н.
Козлов Ж.Р.,ФПМИ,доцент,к.н.
Новиков В.И.,ФУПМ,доцент,д.н.
Новиков Л.О.,ФМиМ,,д.н.
Лебедев Ж.Р.,ФРТ,доцент,к.н.
Лебедева Б.В.,ФЭТ,ассистент,к.н.
Лебедев Д.С.,ФФ,профессор,к.н.
Морозов Е.П.,ФИВТ,профессор,д.н.
Попов А.А.,ФМиМ,ассистент,д.н.
Козлов А.А.,ФФ,профессор,к.н.
Козлов А.А.,ИТМО,ассистент,
Сидоров В.И.,ИТМО,ассистент,
Семенов В.И.,ИТМО,профессор,д.н.
Попов Б.В.,ФУПМ,ассистент,
Лебедева Л.О.,ФМиМ,доцент,к.н.
Попов Е.П.,ИТМО,ассистент,д.н.
Иванов Л.О.,ИТМО,ассистент,к.н.
Попов Г.Н.,ФМиМ,,
Кузнецов А.А.,ФИТ,,к.н.
Лебедев Б.В.,ФЭТ,доцент,к.н.
Лебедев Ж.Р.,ФЭТ,доцент,д.н.
Лебедев Б.В.,ФИВТ,доцент,д.н.
Лебедева Е.П.,ФРТ,профессор,к.н.
Морозов Б.В.,ФИВТ,профессор,к.н.
Соколов К.М.,ФИВТ,ассистент,
Кузнецов Л.О.,ФМиМ,ассистент,д.н.
Кузнецов Д.С.,ФРТ,,д.н.
Лебедева К.М.,ФЭТ,профессор,
Лебедева З.Т.,ФПМИ,доцент,д.н.
Волков А.А.,ФУПМ,доцент,
Егоров З.Т.,ФРТ,доцент,д.н.
Алексеев З.Т.,ФУПМ,доцент,д.н.
Волков К.М.,ФПМИ,,к.н.
Морозов В.И.,ФИВТ,ассистент,к.н.
Семенов В.И.,ФРТ,,д.н.
Лебедев М.Ю.,ИТМО,доцент,к.н.
Алексеев М.Ю.,ФУПМ,,д.н.
Кузнецов А.А.,ИТМО,,
Кузнецов З.Т.,ФПМИ,доцент,д.н.
Лебедева Л.О.,ФФ,профессор,к.н.
Смирнов Б.В.,ФИТ,доцент,к.н.
Егоров А.А.,ФФ,профессор,к.н.
Алексеев И.К.,ФПМИ,доцент,д.н.
Попов М.Ю.,ИТМО,доцент,д.н.
Смирнов Г.Н.,ФФ,профессор,
Морозов Е.П.,ФИТ,профессор,к.н.
Попов И.К.,ФЭТ,,к.н.
Семенов М.Ю.,ФПМИ,доцент,д.н.
Попов К.М.,ИТМО,доцент,д.н.
Попов Л.О.,ФФ,профессор,д.н.
Егоров М.Ю.,ФФ,ассистент,д.н.
Соколов Д.С.,ФИТ,,к.н.
Кузнецов М.Ю.,ИТМО,,к.н.
Волков Л.О.,ФИТ,доцент,д.н.
Сидоров И.К.,ФЭТ,доцент,д.н.
Волков Л.О.,ФЭТ,доцент,к.н.
Петров Б.В.,ИТМО,доцент,к.н.
Соколов И.К.,ФИТ,профессор,
Иванов К.М.,ФМиМ,доцент,
Соколов В.И.,ФПМИ,ассистент,
Соколов М.Ю.,ФИТ,ассистент,
Попов Ж.Р.,ФИВТ,профессор,д.н.
Лебедев М.Ю.,ФИТ,,
Морозов И.К.,ФФ,,к.н.
Смирнов Г.Н.,ФПМИ,профессор,к.н.
Морозов Г.Н.,ФЭТ,ассистент,к.н.
Новиков Г.Н.,ФМиМ,ассистент,д.н.
Волков Л.О.,ФЭТ,доцент,к.н.
Иванов И.К.,ФИВТ,ассистент,
Егоров З.Т.,ФИТ,доцент,д.н.
Иванов Д.С.,ФФ,доцент,
Егоров В.И.,ИТМО,доцент,
Лебедев Г.Н.,ФПМИ,ассистент,д.н.
Смирнов Д.С.,ФИВТ,ассистент,д.н.
Лебедева И.К.,ФУПМ,профессор,
Лебедев Л.О.,ФМиЕН,ассистент,д.н.
Сидоров Л.О.,ФПМИ,,д.н.
Сидоров И.К.,ИТМО,,д.н.
Морозов Г.Н.,ФМиЕН,,
Новиков Г.Н.,ФМиМ,,к.н.
Кузнецов Д.С.,ФИВТ,доцент,к.н.
Алексеев И.К.,ФУПМ,профессор,д.н.
Волков Е.П.,ФРТ,,д.н.
Семенов Г.Н.,ФМиЕН,профессор,к.н.
Иванов И.К.,ФЭТ,доцент,к.н.
Смирнов И.К.,ФУПМ,,
Петров Л.О.,ФПМИ,,
Попов Л.О.,ФИТ,,д.н.
Егоров Ж.Р.,ФИТ,,к.н.
Кузнецов Ж.Р.,ФПМИ,доцент,
Алексеев Г.Н.,ФМиЕН,,к.н.
Новиков И.К.,ФФ,доцент,д.н.
Смирнов Ж.Р.,ФФ,,
Иванов Ж.Р.,ФЭТ,,
Алексеев А.А.,ИТМО,доцент,
Семенов К.М.,ФРТ,,д.н.
Козлов Б.В.,ФРТ,профессор,к.н.
Смирнов Л.О.,ФМиМ,профессор,
Морозов Л.О.,ФРТ,профессор,д.н.
Егоров Г.Н.,ФПМИ,профессор,д.н.
Соколов К.М.,ФПМИ,профессор,к.н.
Новиков И.К.,ФМиЕН,ассистент,к.н.
Морозов И.К.,ФРТ,доцент,
Морозов М.Ю.,ФУПМ,,
Лебедева М.Ю.,ФИТ,,д.н.
Морозов А.А.,ФМиЕН,доцент,д.н.
Соколов М.Ю.,ФМиМ,профессор,д.н.
Морозов Д.С.,ФИВТ,профессор,д.н.
Козлов Б.В.,ФИВТ,доцент,д.н.
Новиков Б.В.,ФИТ,ассистент,
Смирнов А.А.,ФИТ,,д.н.
Морозов Г.Н.,ФИВТ,профессор,
Попов Ж.Р.,ФМиЕН,профессор,д.н.
Новиков А.А.,ФИВТ,профессор,
Смирнов Б.В.,ФИВТ,профессор,д.н.
Смирнов Д.С.,ФМиМ,,к.н.
Семенов Ж.Р.,ФМиЕН,доцент,
Волков В.И.,ФИВТ,,д.н.
Сидоров К.М.,ИТМО,,к.н.
Лебедев И.К.,ФИТ,ассистент,к.н.
Иванов К.М.,ФИВТ,профессор,к.н.
Попов З.Т.,ФЭТ,доцент,д.н.
Новиков И.К.,ФМиЕН,,д.н.
Попов Б.В.,ФЭТ,,к.н.
Иванов К.М.,ФУПМ,ассистент,к.н.
Волков А.А.,ФПМИ,,
Петров З.Т.,ФМиЕН,,к.н.
Волков Б.В.,ФФ,,к.н.
Лебедев З.Т.,ФУПМ,профессор,к.н.
Лебедев Г.Н.,ФМиЕН,,д.н.
Алексеев З.Т.,ФМиМ,доцент,к.н.
Иванов А.А.,ФИВТ,профессор,д.н.
Кузнецов К.М.,ФИВТ,доцент,д.н.
Петров З.Т.,ФПМИ,профессор,д.н.
Иванов Б.В.,ФРТ,ассистент,
Семенов Л.О.,ИТМО,,
Морозов А.А.,ФИВТ,ассистент,д.н.
Иванов Д.С.,ФУПМ,доцент,
Смирнов З.Т.,ФРТ,профессор,к.н.
Лебедев Д.С.,ФРТ,профессор,к.н.
Петров З.Т.,ИТМО,профессор,к.н.
Морозов З.Т.,ФПМИ,,
Лебедева Е.П.,ФМиЕН,профессор,д.н.
Козлов Г.Н.,ИТМО,ассистент,к.н.
Попов В.И.,ФПМИ,,
Попов Е.П.,ФРТ,ассистент,д.н.
Козлов З.Т.,ФФ,ассистент,
Сидоров Б.В.,ФУПМ,,
Лебедев Д.С.,ФРТ,ассистент,
Новиков М.Ю.,ФИВТ,ассистент,
Петров М.Ю.,ФУПМ,доцент,д.н.
Лебедев З.Т.,ФФ,ассистент,
Новиков Л.О.,ФМиЕН,,к.н.
Иванов Е.П.,ИТМО,ассистент,
Новиков В.И.,ФМиЕН,профессор,д.н.
Иванов Е.П.,ФПМИ,,к.н.
Егоров А.А.,ФУПМ,,
Лебедев Е.П.,ФРТ,,д.н.
Петров В.И.,ФИВТ,доцент,
Лебедева Е.П.,ФУПМ,профессор,
Соколов Е.П.,ФИТ,профессор,
Кузнецов В.И.,ФМиМ,ассистент,к.н.
Козлов В.И.,ФЭТ,,
Козлов А.А.,ФИВТ,,к.н.
Егоров М.Ю.,ФРТ,ассистент,к.н.
Лебедев З.Т.,ФЭТ,профессор,к.н.
Попов Д.С.,ФФ,ассистент,к.н.
Попов Ж.Р.,ФУПМ,ассистент,д.н.
Смирнов И.К.,ФФ,ассистент,д.н.
Егоров Д.С.,ФЭТ,доцент,д.н.
Лебедева Б.В.,ФРТ,,
Сидоров Б.В.,ИТМО,профессор,
Иванов М.Ю.,ФМиЕН,доцент,к.н.
Попов Г.Н.,ИТМО,профессор,
Егоров И.К.,ФЭТ,,
Смирнов Е.П.,ФФ,доцент,
Кузнецов Ж.Р.,ФРТ,профессор,д.н.
Алексеев Ж.Р.,ФУПМ,доцент,
Алексеев З.Т.,ФРТ,профессор,д.н.
Попов К.М.,ФМиЕН,,
Петров Д.С.,ФМиМ,ассистент,к.н.
Новиков Д.С.,ФУПМ,доцент,к.н.
Иванов И.К.,ФИВТ,,
Попов И.К.,ФУПМ,ассистент,д.н.
Сидоров К.М.,ФИТ,ассистент,
Морозов К.М.,ФФ,ассистент,к.н.
Семенов И.К.,ФУПМ,профессор,
Иванов Б.В.,ФРТ,,д.н.
Попов Е.П.,ФФ,,к.н.
Козлов И.К.,ФМиЕН,доцент,д.н.
Попов Г.Н.,ФУПМ,профессор,к.н.
Морозов В.И.,ФПМИ,,к.н.
Смирнов Е.П.,ФЭТ,профессор,
Семенов Ж.Р.,ФИВТ,доцент,
Иванов И.К.,ФФ,,д.н.
Алексеев Л.О.,ФИВТ,ассистент,д.н.
Алексеев А.А.,ФПМИ,ассистент,
Петров Г.Н.,ФЭТ,доцент,к.н.
Кузнецов К.М.,ФМиЕН,,к.н.
Иванов Г.Н.,ФМиЕН,профессор,д.н.
Егоров Л.О.,ФПМИ,ассистент,д.н.
Иванов Б.В.,ФФ,ассистент,к.н.
Смирнов З.Т.,ФИВТ,,д.н.
Попов Г.Н.,ФМиЕН,,к.н.
Кузнецов М.Ю.,ФФ,,
Семенов К.М.,ФМиМ,,
Волков В.И.,ФМиЕН,доцент,к.н.
Попов К.М.,ФИВТ,профессор,к.н.
Лебедев Б.В.,ИТМО,ассистент,
Алексеев Д.С.,ИТМО,ассистент,к.н.
Смирнов З.Т.,ФФ,доцент,к.н.
Новиков Д.С.,ФИТ,ассистент,д.н.
Егоров Д.С.,ФПМИ,,
Кузнецов Ж.Р.,ФМиЕН,ассистент,
Иванов З.Т.,ФМиМ,,д.н.
Морозов Г.Н.,ФИВТ,профессор,
Козлов Г.Н.,ФМиЕН,доцент,
Лебедева Г.Н.,ФФ,профессор,к.н.
Смирнов З.Т.,ФЭТ,,
Егоров Д.С.,ФИТ,доцент,д.н.
Лебедева Л.О.,ФЭТ,профессор,
Алексеев Б.В.,ФРТ,,к.н.
Кузнецов Г.Н.,ФЭТ,доцент,
Попов Г.Н.,ИТМО,профессор,к.н.
Морозов Б.В.,ФРТ,ассистент,
Лебедев А.А.,ФФ,,к.н.
Семенов З.Т.,ФИТ,ассистент,к.н.
Новиков М.Ю.,ФЭТ,доцент,
Иванов Д.С.,ИТМО,доцент,к.н.
Козлов Ж.Р.,ФРТ,доцент,д.н.
Лебедев И.К.,ФУПМ,профессор,д.н.
Иванов А.А.,ФМиМ,,
Попов В.И.,ФИВТ,профессор,д.н.
Морозов М.Ю.,ФРТ,доцент,д.н.
Егоров Е.П.,ФРТ,,
Попов Г.Н.,ФМиЕН,профессор,к.н.
Лебедева Ж.Р.,ФПМИ,ассистент,д.н.
Соколов Б.В.,ФИТ,ассистент,д.н.
Смирнов Д.С.,ФУПМ,профессор,
Алексеев М.Ю.,ФПМИ,ассистент,к.н.
Петров Б.В.,ФФ,профессор,д.н.
Кузнецов Е.П.,ФРТ,,
Лебедев М.Ю.,ФФ,профессор,к.н.
Егоров Л.О.,ФУПМ,профессор,к.н.
Лебедев Е.П.,ФРТ,доцент,к.н.
Козлов З.Т.,ФФ,доцент,к.н.
Лебедев Е.П.,ФФ,ассистент,
Иванов В.И.,ФПМИ,профессор,д.н.
Петров Л.О.,ФИТ,,
Лебедев Д.С.,ФРТ,доцент,
Козлов А.А.,ФЭТ,профессор,
Козлов М.Ю.,ФМиМ,профессор,к.н.
Иванов З.Т.,ФУПМ,доцент,
Новиков В.И.,ФМиМ,ассистент,
Смирнов Е.П.,ФИТ,доцент,
Лебедева Л.О.,ФПМИ,,
Морозов Е.П.,ФМиЕН,профессор,к.н.
Кузнецов Д.С.,ФУПМ,ассистент,
Егоров В.И.,ФИВТ,профессор,д.н.
Козлов Б.В.,ФПМИ,,
Новиков Д.С.,ФМиЕН,профессор,д.н.
Козлов Б.В.,ФИТ,,д.н.
Морозов Ж.Р.,ФУПМ,ассистент,к.н.
Волков Д.С.,ФМиЕН,ассистент,к.н.
Сидоров М.Ю.,ФМиЕН,доцент,
Соколов К.М.,ФПМИ,,к.н.
Петров И.К.,ФУПМ,ассистент,д.н.
Петров Е.П.,ФИТ,,
Иванов Д.С.,ИТМО,ассистент,к.н.
Новиков Е.П.,ФРТ,,к.н.
Морозов З.Т.,ФМиЕН,ассистент,к.н.
Попов Е.П.,ФУПМ,ассистент,к.н.
Смирнов З.Т.,ФФ,ассистент,к.н.
Егоров З.Т.,ФИТ,профессор,
Лебедев И.К.,ИТМО,ассистент,
Попов Е.П.,ФПМИ,,
Алексеев Д.С.,ФПМИ,доцент,д.н.
Волков Л.О.,ФМиМ,ассистент,
Кузнецов А.А.,ФИТ,ассистент,д.н.
Иванов И.К.,ФФ,профессор,
Новиков И.К.,ФФ,,к.н.
Морозов Д.С.,ФФ,ассистент,к.н.
Кузнецов Б.В.,ФИВТ,доцент,
Сидоров А.А.,ФИВТ,профессор,к.н.
Кузнецов Г.Н.,ФИТ,профессор,к.н.
Алексеев В.И.,ФМиЕН,ассистент,
Новиков Ж.Р.,ФЭТ,доцент,д.н.
Попов З.Т.,ФИТ,,
Козлов Е.П.,ФУПМ,ассистент,д.н.
Лебедев Б.В.,ИТМО,,к.н.
Смирнов Ж.Р.,ФИВТ,профессор,к.н.
Кузнецов Б.В.,ФУПМ,ассистент,к.н.
Егоров М.Ю.,ФФ,ассистент,
Волков Ж.Р.,ФФ,ассистент,
Смирнов В.И.,ФПМИ,,д.н.
Иванов К.М.,ФМиЕН,доцент,к.н.
Соколов К.М.,ФУПМ,,д.н.
Волков Е.П.,ИТМО,,
Лебедев В.И.,ФИТ,ассистент,д.н.
Волков Е.П.,ФПМИ,,к.н.
Сидоров Л.О.,ФПМИ,,к.н.
Лебедев А.А.,ФУПМ,доцент,
Смирнов В.И.,ИТМО,профессор,
Лебедева Е.П.,ФРТ,,к.н.
Егоров Б.В.,ИТМО,ассистент,к.н.
Алексеев Л.О.,ИТМО,доцент,к.н.
Лебедева Ж.Р.,ФУПМ,доцент,к.н.
Петров И.К.,ФМиМ,доцент,к.н.
Попов Л.О.,ФИВТ,,д.н.
Смирнов Д.С.,ФЭТ,,
Егоров К.М.,ФИТ,доцент,к.н.
Егоров М.Ю.,ФУПМ,доцент,к.н.
Иванов А.А.,ФМиМ,,
Лебедева Г.Н.,ИТМО,,д.н.
Смирнов Е.П.,ИТМО,доцент,к.н.
Лебедева М.Ю.,ФМиМ,доцент,д.н.
Смирнов Е.П.,ФРТ,ассистент,д.н.
Иванов Е.П.,ФЭТ,доцент,
Лебедев Г.Н.,ФИВТ,ассистент,д.н.
Лебедев Л.О.,ФИТ,ассистент,
Морозов Е.П.,ФПМИ,ассистент,
Петров Е.П.,ФУПМ,,к.н.
Соколов И.К.,ФФ,ассистент,
Лебедева Л.О.,ФИВТ,доцент,к.н.
Морозов М.Ю.,ФУПМ,доцент,д.н.
Смирнов Г.Н.,ФМиМ,,к.н.
Лебедев Ж.Р.,ФМиЕН,доцент,д.н.
Иванов К.М.,ФФ,профессор,
Егоров И.К.,ФУПМ,профессор,д.н.
Петров М.Ю.,ФФ,,д.н.
Иванов Е.П.,ФУПМ,доцент,к.н.
Козлов З.Т.,ФПМИ,доцент,д.н.
Морозов Г.Н.,ИТМО,,к.н.
Новиков М.Ю.,ФПМИ,,к.н.
Новиков Д.С.,ФИТ,,
Соколов Е.П.,ФМиЕН,доцент,к.н.
Семенов К.М.,ФИВТ,ассистент,к.н.
Сидоров З.Т.,ФМиМ,доцент,
Соколов Е.П.,ФМиЕН,ассистент,
Лебедева Д.С.,ФМиЕН,ассистент,д.н.
Соколов Б.В.,ИТМО,профессор,к.н.
Морозов З.Т.,ФУПМ,,к.н.
Смирнов Д.С.,ФМиЕН,профессор,к.н.
Попов З.Т.,ФМиМ,,к.н.
Сидоров Е.П.,ФМиЕН,профессор,
Алексеев И.К.,ФИТ,ассистент,к.н.
Кузнецов Г.Н.,ФИВТ,,д.н.
Сидоров Д.С.,ФУПМ,доцент,д.н.
Новиков И.К.,ФУПМ,,
Лебедева Е.П.,ФПМИ,доцент,д.н.
Лебедева И.К.,ФПМИ,профессор,д.н.
Егоров Е.П.,ФРТ,,к.н.
Попов Д.С.,ФИВТ,профессор,д.н.
Новиков Г.Н.,ФУПМ,,д.н.
Соколов Г.Н.,ФФ,ассистент,д.н.
Попов И.К.,ФРТ,профессор,к.н.
Лебедев М.Ю.,ФФ,ассистент,д.н.
Петров Е.П.,ФПМИ,,д.н.
Лебедев Д.С.,ФФ,доцент,
Семенов Д.С.,ФИТ,профессор,д.н.
Сидоров А.А.,ФМиМ,ассистент,
Лебедева Д.С.,ФФ,ассистент,к.н.
Лебедев З.Т.,ФМиЕН,,д.н.
Попов З.Т.,ФИТ,профессор,к.н.
Попов Ж.Р.,ФМиМ,ассистент,к.н.
Иванов К.М.,ФМиМ,доцент,к.н.
Волков Б.В.,ФИВТ,,
Лебедева Ж.Р.,ФРТ,профессор,к.н.
Попов И.К.,ФМиЕН,ассистент,д.н.
Волков Л.О.,ФРТ,профессор,к.н.
Семенов Г.Н.,ФПМИ,доцент,к.н.
Петров З.Т.,ФИТ,профессор,к.н.
Сидоров Ж.Р.,ФМиМ,ассистент,
Кузнецов В.И.,ФИТ,,к.н.
Козлов Ж.Р.,ФЭТ,профессор,к.н.
Новиков Д.С.,ФФ,,
Морозов Л.О.,ФМиЕН,,к.н.
Семенов И.К.,ФФ,профессор,
Лебедев Е.П.,ФЭТ,ассистент,
Соколов К.М.,ФПМИ,ассистент,к.н.
Лебедев В.И.,ФЭТ,ассистент,
Соколов Л.О.,ФМиМ,доцент,к.н.
Морозов Е.П.,ФЭТ,доцент,к.н.
Смирнов В.И.,ФРТ,ассистент,к.н.
Лебедев М.Ю.,ФМиЕН,ассистент,д.н.
Иванов Е.П.,ФИТ,профессор,к.н.
Соколов И.К.,ФПМИ,ассистент,
Егоров Л.О.,ФМиЕН,доцент,
Козлов Д.С.,ФМиЕН,профессор,к.н.
Петров Д.С.,ФПМИ,доцент,к.н.
Алексеев Д.С.,ФПМИ,ассистент,
Кузнецов Ж.Р.,ФИТ,профессор,д.н.
Петров З.Т.,ФЭТ,,д.н.
Лебедева В.И.,ФРТ,профессор,
Новиков З.Т.,ИТМО,профессор,
Петров З.Т.,ФПМИ,профессор,д.н.
Алексеев К.М.,ФУПМ,доцент,д.н.
Козлов И.К.,ФФ,ассистент,
Алексеев К.М.,ФЭТ,ассистент,к.н.
Кузнецов Г.Н.,ФФ,,к.н.
Егоров Ж.Р.,ИТМО,профессор,д.н.
Лебедева Б.В.,ФУПМ,,
Сидоров М.Ю.,ФИВТ,ассистент,
Иванов И.К.,ФРТ,доцент,к.н.
Волков А.А.,ФФ,доцент,к.н.
Попов Г.Н.,ФЭТ,,
Волков К.М.,ФИВТ,доцент,д.н.
Козлов И.К.,ФИТ,ассистент,
Смирнов И.К.,ФМиМ,,к.н.
Попов Г.Н.,ФЭТ,профессор,к.н.
Волков А.А.,ИТМО,профессор,к.н.
Морозов Л.О.,ФУПМ,профессор,д.н.
Козлов И.К.,ИТМО,профессор,к.н.
Иванов И.К.,ФМиЕН,,к.н.
Кузнецов З.Т.,ФИВТ,,к.н.
Смирнов В.И.,ФЭТ,доцент,
Козлов И.К.,ФМиЕН,ассистент,д.н.
Алексеев Ж.Р.,ФМиМ,,к.н.
Морозов Л.О.,ФУПМ,ассистент,
Иванов К.М.,ИТМО,,к.н.
Егоров Л.О.,ФЭТ,профессор,
Лебедева Е.П.,ФРТ,ассистент,д.н.
Козлов Ж.Р.,ФРТ,профессор,к.н.
Козлов Ж.Р.,ФРТ,ассистент,д.н.
Семенов М.Ю.,ФУПМ,профессор,
Егоров И.К.,ФРТ,профессор,
Егоров Б.В.,ФИВТ,ассистент,к.н.
Новиков Ж.Р.,ФУПМ,ассистент,к.н.
Лебедев А.А.,ФФ,,
Морозов Б.В.,ФУПМ,,д.н.
Алексеев Е.П.,ФМиЕН,ассистент,к.н.
Волков И.К.,ИТМО,профессор,к.н.
Новиков К.М.,ФФ,ассистент,
Сидоров М.Ю.,ФМиМ,профессор,к.н.
Лебедева А.А.,ФИТ,,д.н.
Лебедева Е.П.,ФРТ,,к.н.
Козлов Б.В.,ФИТ,ассистент,д.н.
Егоров М.Ю.,ФЭТ,профессор,к.н.
Соколов Ж.Р.,ФРТ,доцент,д.н.
Волков К.М.,ФЭТ,профессор,к.н.
Сидоров К.М.,ФПМИ,доцент,к.н.
Морозов Е.П.,ФМиМ,ассистент,д.н.
Лебедев М.Ю.,ФМиМ,,к.н.
Кузнецов З.Т.,ФФ,доцент,д.н.
Соколов Г.Н.,ФМиЕН,доцент,д.н.
Семенов М.Ю.,ФИВТ,доцент,
Смирнов Д.С.,ФПМИ,профессор,к.н.
Попов И.К.,ИТМО,ассистент,д.н.
Егоров Г.Н.,ФПМИ,,д.н.
Морозов А.А.,ФМиЕН,,к.н.
Семенов Л.О.,ФМиЕН,доцент,к.н.
Алексеев К.М.,ФИТ,профессор,
Соколов Г.Н.,ФПМИ,,к.н.
Кузнецов Е.П.,ФЭТ,профессор,
Петров Л.О.,ИТМО,доцент,
Новиков И.К.,ФИТ,,
Егоров Б.В.,ФЭТ,доцент,д.н.
Морозов М.Ю.,ИТМО,доцент,к.н.
Иванов М.Ю.,ФМиМ,ассистент,д.н.
Иванов М.Ю.,ФМиЕН,ассистент,к.н.
Морозов Д.С.,ФРТ,ассистент,к.н.
Соколов И.К.,ФЭТ,профессор,д.н.
Волков В.И.,ФПМИ,,д.н.
Соколов А.А.,ФЭТ,профессор,д.н.
Иванов А.А.,ФФ,ассистент,
Волков А.А.,ФИТ,доцент,к.н.
Морозов Л.О.,ФИТ,ассистент,к.н.
Семенов З.Т.,ФУПМ,ассистент,д.н.
Егоров Б.В.,ФМиЕН,,к.н.
Попов З.Т.,ИТМО,,к.н.
Соколов Д.С.,ФЭТ,профессор,к.н.
Смирнов Е.П.,ФИВТ,,
Кузнецов Ж.Р.,ФРТ,профессор,к.н.
Морозов А.А.,ФУПМ,ассистент,д.н.
Попов Д.С.,ИТМО,ассистент,д.н.
Лебедева К.М.,ФИВТ,ассистент,к.н.
Сидоров Л.О.,ФРТ,доцент,к.н.
Волков М.Ю.,ФМиЕН,ассистент,
Попов А.А.,ФУПМ,,к.н.
Новиков А.А.,ФМиМ,доцент,к.н.
Соколов Б.В.,ИТМО,,д.н.
Новиков Е.П.,ФИТ,ассистент,д.н.
Соколов Л.О.,ФУПМ,,к.н.
Петров М.Ю.,ФФ,доцент,к.н.
Алексеев И.К.,ФФ,доцент,д.н.
Сидоров К.М.,ФПМИ,профессор,к.н.
Волков Б.В.,ФМиМ,профессор,д.н.
Соколов Г.Н.,ФМиЕН,,д.н.
Иванов Г.Н.,ФРТ,ассистент,к.н.
Соколов Ж.Р.,ФУПМ,профессор,
Новиков М.Ю.,ФМиЕН,доцент,
Петров З.Т.,ИТМО,профессор,д.н.
Смирнов Е.П.,ФЭТ,ассистент,д.н.
Попов Ж.Р.,ФИТ,профессор,к.н.
Алексеев И.К.,ФЭТ,,
Сидоров Д.С.,ФУПМ,доцент,
Козлов Г.Н.,ФИТ,,
Смирнов К.М.,ФИТ,доцент,к.н.
Смирнов Л.О.,ФУПМ,профессор,
Алексеев Г.Н.,ФМиМ,ассистент,к.н.
Соколов Г.Н.,ФРТ,,д.н.
Волков Л.О.,ФМиЕН,профессор,
Волков И.К.,ИТМО,профессор,д.н.
Алексеев К.М.,ФУПМ,ассистент,д.н.
Волков В.И.,ФФ,профессор,
Новиков К.М.,ФУПМ,доцент,д.н.
Иванов Г.Н.,ИТМО,доцент,д.н.
Сидоров Б.В.,ФПМИ,доцент,
Лебедев Г.Н.,ФМиМ,ассистент,к.н.
Лебедев Е.П.,ФФ,доцент,к.н.
Попов М.Ю.,ФПМИ,ассистент,д.н.
Иванов М.Ю.,ФУПМ,ассистент,д.н.
Соколов Е.П.,ФМиЕН,,д.н.
Лебедев Ж.Р.,ФЭТ,доцент,
Лебедева Д.С.,ФЭТ,профессор,
Волков В.И.,ФУПМ,,к.н.
Козлов З.Т.,ФИВТ,доцент,д.н.
Лебедев Ж.Р.,ФФ,доцент,к.н.
Соколов В.И.,ФРТ,профессор,д.н.
Козлов И.К.,ФРТ,,д.н.
Соколов Д.С.,ФФ,профессор,
Семенов А.А.,ФФ,профессор,
Алексеев К.М.,ФПМИ,профессор,
Петров Д.С.,ФМиМ,ассистент,д.н.
Егоров М.Ю.,ФПМИ,профессор,
Лебедев К.М.,ФРТ,доцент,д.н.
Соколов Л.О.,ФЭТ,ассистент,
Петров А.А.,ФМиЕН,доцент,
Соколов К.М.,ФФ,,д.н.
Лебедева Л.О.,ФФ,,
Морозов В.И.,ИТМО,профессор,д.н.
Сидоров К.М.,ФМиЕН,,
Петров Л.О.,ФФ,,
Петров Г.Н.,ФИВТ,ассистент,к.н.
Петров В.И.,ФФ,доцент,
Попов З.Т.,ФРТ,,
Сидоров З.Т.,ФПМИ,доцент,
Лебедева Л.О.,ИТМО,профессор,
Морозов Л.О.,ФПМИ,профессор,д.н.
Алексеев Е.П.,ИТМО,ассистент,д.н.
Лебедев К.М.,ФИВТ,,д.н.
Кузнецов З.Т.,ФМиЕН,ассистент,к.н.
Попов Ж.Р.,ФПМИ,профессор,д.н.
Смирнов И.К.,ФРТ,ассистент,
Сидоров Б.В.,ФУПМ,доцент,
Соколов Е.П.,ФИВТ,доцент,
Лебедева Е.П.,ФМиЕН,доцент,к.н.
Иванов М.Ю.,ФИТ,доцент,к.н.
Егоров Г.Н.,ФИТ,доцент,д.н.
Соколов М.Ю.,ФФ,профессор,к.н.
Лебедев К.М.,ФУПМ,профессор,
Лебедев К.М.,ФФ,доцент,д.н.
Волков З.Т.,ФЭТ,,
Лебедев Д.С.,ФПМИ,,д.н.
Козлов К.М.,ФЭТ,профессор,
Лебедев В.И.,ФМиЕН,ассистент,
Соколов И.К.,ФПМИ,доцент,к.н.
Соколов Б.В.,ФУПМ,профессор,к.н.
Козлов Л.О.,ФПМИ,доцент,к.н.
Петров Л.О.,ФУПМ,профессор,к.н.
Егоров А.А.,ФМиЕН,профессор,д.н.
Морозов Ж.Р.,ФЭТ,ассистент,
Смирнов К.М.,ФУПМ,ассистент,д.н.
Петров Е.П.,ФИВТ,доцент,д.н.
Кузнецов З.Т.,ИТМО,профессор,д.н.
Волков В.И.,ИТМО,ассистент,к.н.
Сидоров М.Ю.,ФИТ,доцент,
Козлов Ж.Р.,ФЭТ,доцент,д.н.
Семенов Б.В.,ФИВТ,ассистент,к.н.
Морозов М.Ю.,ФУПМ,ассистент,д.н.
Смирнов Г.Н.,ФЭТ,,
Морозов Е.П.,ИТМО,доцент,д.н.
Сидоров Д.С.,ФИТ,,
Семенов М.Ю.,ФУПМ,доцент,
Соколов Д.С.,ФПМИ,доцент,к.н.
Попов Д.С.,ФИВТ,профессор,к.н.
Лебедев Ж.Р.,ФИВТ,доцент,д.н.
Лебедева И.К.,ФМиМ,ассистент,к.н.
Лебедева К.М.,ФПМИ,,д.н.
Козлов Г.Н.,ФФ,профессор,
Петров А.А.,ФУПМ,доцент,к.н.
Алексеев Ж.Р.,ФФ,,
Смирнов Б.В.,ФМиМ,,к.н.
Козлов Л.О.,ФРТ,профессор,к.н.
Сидоров И.К.,ФМиЕН,профессор,
Сидоров З.Т.,ФУПМ,,
Иванов Ж.Р.,ФПМИ,профессор,к.н.
Лебедев Е.П.,ФИТ,ассистент,
Егоров Д.С.,ФЭТ,доцент,д.н.
Петров Б.В.,ФЭТ,профессор,
Лебедев Д.С.,ФЭТ,,д.н.
Лебедева Г.Н.,ФПМИ,профессор,д.н.
Смирнов М.Ю.,ФФ,профессор,к.н.
Новиков Л.О.,ФФ,профессор,
Иванов З.Т.,ФРТ,доцент,
Смирнов Е.П.,ИТМО,ассистент,к.н.
Лебедев К.М.,ФИВТ,доцент,
Кузнецов Д.С.,ФПМИ,,д.н.
Смирнов Д.С.,ФМиМ,ассистент,
Алексеев И.К.,ФРТ,профессор,
Кузнецов А.А.,ИТМО,доцент,д.н.
Егоров И.К.,ФМиМ,доцент,
Семенов Ж.Р.,ФРТ,профессор,д.н.
Лебедева З.Т.,ФИВТ,ассистент,к.н.
Козлов Ж.Р.,ФМиЕН,,д.н.
Лебедева Д.С.,ФМиМ,,к.н.
Егоров А.А.,ФМиМ,ассистент,к.н.
Сидоров З.Т.,ФЭТ,ассистент,к.н.
Егоров И.К.,ФФ,ассистент,к.н.
Морозов Д.С.,ФПМИ,ассистент,
Кузнецов В.И.,ФЭТ,,д.н.
Петров Ж.Р.,ФУПМ,ассистент,
Иванов З.Т.,ФФ,профессор,д.н.
Семенов Ж.Р.,ФРТ,доцент,к.н.
Алексеев Е.П.,ФЭТ,доцент,к.н.
Соколов М.Ю.,ФФ,доцент,д.н.
Сидоров Л.О.,ФФ,доцент,д.н.
Козлов И.К.,ФИТ,профессор,
Кузнецов А.А.,ФФ,профессор,
Смирнов Л.О.,ФПМИ,ассистент,к.н.
Попов К.М.,ФФ,ассистент,д.н.
Смирнов Л.О.,ФРТ,доцент,
Морозов В.И.,ФЭТ,доцент,д.н.
Петров Б.В.,ИТМО,ассистент,к.н.
Соколов Ж.Р.,ФМиМ,ассистент,к.н.
Смирнов Ж.Р.,ФМиМ,,д.н.
Кузнецов М.Ю.,ФИТ,доцент,
Иванов Ж.Р.,ФМиЕН,,д.н.
Егоров Г.Н.,ФПМИ,профессор,к.н.
Семенов Е.П.,ИТМО,,
Морозов В.И.,ФИВТ,доцент,
Егоров Г.Н.,ФРТ,ассистент,к.н.
Смирнов А.А.,ФУПМ,профессор,к.н.
Попов Б.В.,ИТМО,,д.н.
Новиков А.А.,ФИТ,ассистент,д.н.
Лебедев Е.П.,ФУПМ,доцент,к.н.
Иванов В.И.,ФМиМ,доцент,
Попов Л.О.,ФУПМ,профессор,к.н.
Семенов Б.В.,ИТМО,,д.н.
Семенов Ж.Р.,ФМиЕН,ассистент,
Алексеев М.Ю.,ФРТ,,
Петров В.И.,ФПМИ,ассистент,
Морозов Г.Н.,ФФ,ассистент,
Морозов А.А.,ФИВТ,ассистент,д.н.
Егоров Ж.Р.,ФЭТ,профессор,к.н.
Волков Ж.Р.,ФУПМ,доцент,д.н.
Морозов Г.Н.,ИТМО,ассистент,д.н.
Сидоров Ж.Р.,ФУПМ,ассистент,
Морозов Л.О.,ФМиМ,доцент,
Соколов Г.Н.,ФЭТ,ассистент,
Козлов И.К.,ФУПМ,профессор,
Лебедев Б.В.,ФИВТ,,д.н.
Лебедев Д.С.,ИТМО,,д.н.
Иванов И.К.,ФРТ,доцент,
Петров Б.В.,ФИВТ,ассистент,к.н.
Лебедев М.Ю.,ФМиМ,,к.н.
Попов З.Т.,ФЭТ,,к.н.
Иванов Г.Н.,ФМиЕН,доцент,
Козлов И.К.,ФМиМ,ассистент,
Волков Е.П.,ФЭТ,,к.н.
Лебедев З.Т.,ФПМИ,доцент,к.н.
Морозов Е.П.,ФПМИ,,д.н.
Лебедев А.А.,ИТМО,,д.н.
Смирнов А.А.,ФЭТ,доцент,к.н.
Сидоров Е.П.,ФЭТ,,
Новиков А.А.,ФЭТ,профессор,д.н.
Иванов А.А.,ФМиЕН,профессор,д.н.
Лебедева Б.В.,ФЭТ,ассистент,к.н.
Новиков Л.О.,ФФ,профессор,к.н.
Петров А.А.,ФПМИ,,д.н.
Петров М.Ю.,ФИТ,ассистент,к.н.
Иванов Е.П.,ФПМИ,,к.н.
Морозов В.И.,ФМиЕН,ассистент,д.н.
Козлов Ж.Р.,ФИВТ,доцент,д.н.
Семенов Д.С.,ФРТ,профессор,
Егоров Ж.Р.,ФМиМ,,д.н.
Новиков В.И.,ФМиМ,,
Лебедев А.А.,ФМиМ,профессор,
Морозов Б.В.,ФРТ,ассистент,д.н.
Козлов А.А.,ФИВТ,ассистент,к.н.
Кузнецов К.М.,ФИВТ,профессор,к.н.
Лебедев Б.В.,ФМиЕН,доцент,
Егоров М.Ю.,ФФ,,д.н.
Волков Ж.Р.,ФМиМ,,
Семенов Е.П.,ИТМО,профессор,к.н.
Попов К.М.,ФМиМ,,д.н.
Попов К.М.,ФМиМ,профессор,д.н.
Смирнов И.К.,ФЭТ,ассистент,
Кузнецов А.А.,ФРТ,ассистент,к.н.
Лебедев Ж.Р.,ФПМИ,доцент,к.н.
Иванов И.К.,ФМиМ,,к.н.
Егоров В.И.,ФИТ,,к.н.
Семенов Б.В.,ИТМО,профессор,
Волков Г.Н.,ФПМИ,доцент,д.н.
Козлов Г.Н.,ФФ,доцент,к.н.
Сидоров В.И.,ФИТ,профессор,д.н.
Морозов Л.О.,ФПМИ,профессор,к.н.
Егоров Г.Н.,ФПМИ,доцент,д.н.
Егоров М.Ю.,ФЭТ,доцент,
Петров Е.П.,ФФ,,
Попов Г.Н.,ФМиМ,,
Семенов Д.С.,ФУПМ,ассистент,
Соколов Г.Н.,ФУПМ,профессор,
Кузнецов З.Т.,ФРТ,ассистент,
Козлов М.Ю.,ФУПМ,профессор,к.н.
Алексеев З.Т.,ФРТ,,к.н.
Кузнецов Д.С.,ФПМИ,доцент,д.н.
Смирнов И.К.,ИТМО,ассистент,
Попов Г.Н.,ФПМИ,профессор,к.н.
Волков М.Ю.,ФЭТ,,
Соколов Б.В.,ФЭТ,,д.н.
Новиков Г.Н.,ФРТ,,д.н.
Попов И.К.,ФМиМ,профессор,к.н.
Семенов М.Ю.,ФИВТ,ассистент,д.н.
Сидоров Е.П.,ФПМИ,ассистент,д.н.
Петров А.А.,ФИВТ,ассистент,к.н.
Попов Б.В.,ФИТ,ассистент,
Сидоров Е.П.,ФФ,,к.н.
Смирнов Е.П.,ИТМО,,
Кузнецов В.И.,ФМиЕН,,к.н.
Морозов Г.Н.,ФМиМ,доцент,к.н.
Семенов И.К.,ФРТ,,д.н.
Морозов Е.П.,ФИТ,,к.н.
Петров Ж.Р.,ФФ,профессор,
Морозов А.А.,ФИТ,ассистент,д.н.
Егоров Б.В.,ФПМИ,доцент,к.н.
Попов Д.С.,ФРТ,,к.н.
Козлов М.Ю.,ФИТ,доцент,к.н.
Иванов Е.П.,ФИТ,профессор,к.н.
Петров Б.В.,ФУПМ,ассистент,к.н.
Соколов В.И.,ФИВТ,ассистент,к.н.
Егоров К.М.,ФРТ,профессор,к.н.
Иванов А.А.,ИТМО,ассистент,д.н.
Новиков Д.С.,ФУПМ,доцент,д.н.
Волков Ж.Р.,ФИТ,доцент,к.н.
Новиков М.Ю.,ФИВТ,профессор,
Морозов Л.О.,ФЭТ,профессор,
Иванов Ж.Р.,ФУПМ,,к.н.
Морозов И.К.,ФИВТ,ассистент,
Семенов К.М.,ФЭТ,профессор,д.н.
Морозов З.Т.,ФИТ,ассистент,к.н.
Смирнов Б.В.,ФМиМ,профессор,
Волков А.А.,ФМиМ,профессор,к.н.
Петров З.Т.,ФИТ,ассистент,
Егоров В.И.,ФПМИ,,д.н.
Егоров Г.Н.,ИТМО,доцент,д.н.
Соколов Л.О.,ФПМИ,,к.н.
Семенов Д.С.,ФФ,профессор,д.н.
Егоров Б.В.,ФМиМ,доцент,
Соколов Д.С.,ФМиМ,доцент,д.н.
Козлов М.Ю.,ФФ,ассистент,
Петров Д.С.,ФПМИ,,
Волков Б.В.,ФРТ,,д.н.
Кузнецов В.И.,ФЭТ,,
Петров Д.С.,ФФ,профессор,д.н.
Семенов В.И.,ФРТ,ассистент,д.н.
Сидоров Д.С.,ФУПМ,,к.н.
Алексеев М.Ю.,ФМиЕН,ассистент,к.н.
Морозов Г.Н.,ФЭТ,доцент,к.н.
Лебедева В.И.,ФИВТ,профессор,к.н.
Козлов В.И.,ФИВТ,,к.н.
Смирнов Б.В.,ФУПМ,доцент,
Волков А.А.,ФМиЕН,,д.н.
Волков Ж.Р.,ФИТ,ассистент,к.н.
Лебедева И.К.,ФМиМ,доцент,к.н.
Новиков А.А.,ФИТ,доцент,
Иванов Г.Н.,ФПМИ,профессор,к.н.
Лебедева И.К.,ИТМО,,к.н.
Семенов Б.В.,ФПМИ,профессор,д.н.
Козлов И.К.,ФПМИ,ассистент,
Петров Ж.Р.,ИТМО,доцент,д.н.
Иванов М.Ю.,ФИВТ,доцент,
Петров И.К.,ИТМО,,к.н.
Лебедева А.А.,ФИТ,доцент,д.н.
Сидоров И.К.,ФФ,профессор,д.н.
Попов Ж.Р.,ФФ,ассистент,к.н.
Волков А.А.,ФУПМ,профессор,к.н.
Попов А.А.,ФЭТ,профессор,к.н.
Лебедев Д.С.,ФЭТ,,к.н.
Соколов В.И.,ФИВТ,ассистент,
Морозов Б.В.,ФМиЕН,ассистент,к.н.
Кузнецов В.И.,ФРТ,ассистент,
Сидоров А.А.,ФИВТ,доцент,
Лебедева М.Ю.,ФЭТ,доцент,к.н.
Лебедева Л.О.,ФПМИ,ассистент,д.н.
Лебедев Г.Н.,ФИТ,доцент,к.н.
Семенов В.И.,ФМиМ,ассистент,д.н.
Алексеев З.Т.,ФЭТ,доцент,к.н.
Иванов И.К.,ФМиЕН,ассистент,
Кузнецов А.А.,ФМиЕН,,к.н.
Егоров М.Ю.,ФИТ,,д.н.
Попов Д.С.,ФМиЕН,доцент,д.н.
Кузнецов З.Т.,ФМиМ,,
Егоров К.М.,ФУПМ,,
Лебедева К.М.,ФМиМ,ассистент,к.н.
Алексеев Л.О.,ФЭТ,профессор,к.н.
Попов Ж.Р.,ФРТ,доцент,д.н.
Соколов Б.В.,ФМиМ,ассистент,
Алексеев Б.В.,ФИВТ,профессор,д.н.
Лебедева А.А.,ФИТ,профессор,д.н.
Смирнов М.Ю.,ФУПМ,доцент,к.н.
Волков М.Ю.,ФФ,ассистент,
Лебедева Б.В.,ФУПМ,ассистент,к.н.
Алексеев З.Т.,ФПМИ,,д.н.
Морозов Л.О.,ИТМО,доцент,д.н.
Лебедев М.Ю.,ФУПМ,,
Алексеев Б.В.,ФИВТ,,
Сидоров Е.П.,ФРТ,доцент,к.н.
Лебедев Б.В.,ФФ,профессор,д.н.
Морозов Ж.Р.,ФРТ,профессор,к.н.
Морозов Г.Н.,ФРТ,профессор,д.н.
Семенов В.И.,ФПМИ,ассистент,
Лебедева Л.О.,ФИТ,ассистент,
Смирнов К.М.,ФУПМ,профессор,д.н.
Петров Б.В.,ФЭТ,профессор,
Петров А.А.,ФИВТ,ассистент,к.н.
Смирнов Л.О.,ФФ,,д.н.
Морозов И.К.,ФМиЕН,ассистент,д.н.
Морозов Б.В.,ФИТ,доцент,к.н.
Сидоров К.М.,ФМиМ,профессор,к.н.
Козлов Д.С.,ФПМИ,,д.н.
Попов З.Т.,ФУПМ,,
Новиков З.Т.,ФМиМ,ассистент,д.н.
Волков В.И.,ФУПМ,профессор,д.н.
Лебедева Г.Н.,ФФ,,
Волков Л.О.,ФУПМ,ассистент,к.н.
Сидоров А.А.,ФФ,ассистент,
Петров Е.П.,ФУПМ,доцент,к.н.
Козлов Л.О.,ИТМО,ассистент,к.н.
Семенов З.Т.,ФФ,,
Алексеев А.А.,ФПМИ,доцент,
Петров К.М.,ИТМО,профессор,д.н.
Алексеев Д.С.,ФМиЕН,,д.н.
Смирнов Е.П.,ФИВТ,профессор,к.н.
Петров Д.С.,ФМиЕН,доцент,
Иванов Л.О.,ФЭТ,,к.н.
Петров Д.С.,ФРТ,профессор,д.н.
Семенов Л.О.,ФМиМ,доцент,д.н.
Лебедева М.Ю.,ФПМИ,профессор,д.н.
Сидоров З.Т.,ФИТ,доцент,к.н.
Сидоров А.А.,ФМиМ,профессор,к.н.
Козлов Л.О.,ФУПМ,профессор,д.н.
Лебедев Б.В.,ФМиМ,доцент,д.н.
Алексеев Б.В.,ФРТ,профессор,
Новиков Г.Н.,ФРТ,,
Волков К.М.,ФИВТ,профессор,д.н.
Морозов Ж.Р.,ФФ,профессор,д.н.
Волков З.Т.,ФРТ,,д.н.
Лебедев А.А.,ФИВТ,,
Алексеев З.Т.,ФУПМ,ассистент,
Смирнов М.Ю.,ФМиМ,доцент,к.н.
Лебедева Е.П.,ФФ,профессор,д.н.
Семенов М.Ю.,ФЭТ,ассистент,
Смирнов Л.О.,ФМиМ,доцент,д.н.
Семенов Д.С.,ИТМО,ассистент,к.н.
Волков В.И.,ФФ,профессор,д.н.
Егоров Е.П.,ФРТ,профессор,
Морозов З.Т.,ФУПМ,ассистент,
Семенов И.К.,ФПМИ,,к.н.
Морозов Г.Н.,ФРТ,доцент,к.н.
Кузнецов Е.П.,ФУПМ,доцент,к.н.
Петров К.М.,ФФ,доцент,
Соколов А.А.,ФФ,,к.н.
Смирнов В.И.,ФИТ,,
Егоров Г.Н.,ФИВТ,,к.н.
Морозов И.К.,ИТМО,доцент,к.н.
Смирнов К.М.,ФУПМ,,к.н.
Кузнецов З.Т.,ФПМИ,профессор,
Лебедев З.Т.,ФЭТ,,
Егоров З.Т.,ИТМО,,д.н.
Иванов Д.С.,ФИВТ,,к.н.
Иванов Б.В.,ФИТ,профессор,к.н.
Соколов М.Ю.,ФУПМ,,к.н.
Новиков Б.В.,ФРТ,ассистент,к.н.
Иванов В.И.,ФФ,,к.н.
Петров В.И.,ФМиМ,ассистент,к.н.
Новиков Г.Н.,ФМиЕН,,к.н.
Сидоров Д.С.,ФУПМ,ассистент,
Морозов Ж.Р.,ФМиМ,,д.н.
Попов М.Ю.,ИТМО,,
Сидоров К.М.,ФИВТ,ассистент,д.н.
Новиков Б.В.,ФФ,ассистент,
Попов М.Ю.,ФФ,,
Алексеев З.Т.,ФУПМ,доцент,к.н.
Иванов Л.О.,ФМиЕН,,д.н.
Морозов Б.В.,ФФ,доцент,к.н.
Петров В.И.,ФИТ,профессор,к.н.
Лебедев И.К.,ФИВТ,ассистент,д.н.
Алексеев И.К.,ФПМИ,доцент,д.н.
Петров А.А.,ФМиЕН,,
Козлов З.Т.,ФЭТ,профессор,
Смирнов И.К.,ФПМИ,,к.н.
Лебедев Б.В.,ИТМО,профессор,д.н.
Иванов Д.С.,ФПМИ,доцент,к.н.
Смирнов М.Ю.,ФМиМ,профессор,к.н.
Алексеев Е.П.,ФПМИ,профессор,
Иванов В.И.,ФПМИ,,д.н.
Алексеев К.М.,ФПМИ,профессор,к.н.
Егоров М.Ю.,ФЭТ,профессор,д.н.
Лебедев Б.В.,ФФ,ассистент,д.н.
Новиков З.Т.,ФПМИ,профессор,д.н.
Лебедева В.И.,ФМиЕН,,
Морозов М.Ю.,ФФ,профессор,
Новиков Л.О.,ФИВТ,ассистент,
Лебедев М.Ю.,ФМиЕН,,д.н.
Козлов В.И.,ФМиМ,доцент,д.н.
Морозов К.М.,ИТМО,доцент,
Семенов Ж.Р.,ФУПМ,,
Петров Б.В.,ФМиМ,доцент,
Алексеев К.М.,ФУПМ,,к.н.
Лебедева В.И.,ИТМО,,
Петров Б.В.,ФМиЕН,ассистент,
Семенов Е.П.,ИТМО,,д.н.
Новиков З.Т.,ФМиМ,ассистент,к.н.
Егоров И.К.,ФФ,доцент,к.н.
Козлов Ж.Р.,ФУПМ,профессор,к.н.
Семенов З.Т.,ФЭТ,ассистент,
Лебедев З.Т.,ФИТ,ассистент,к.н.
Козлов М.Ю.,ФЭТ,профессор,д.н.
Иванов А.А.,ФФ,доцент,д.н.
Иванов И.К.,ИТМО,доцент,к.н.
Смирнов З.Т.,ФИТ,ассистент,д.н.
Лебедева М.Ю.,ФУПМ,,
Иванов И.К.,ФИТ,,
Петров З.Т.,ФМиМ,,д.н.
Козлов Е.П.,ФИВТ,доцент,
Кузнецов Д.С.,ИТМО,профессор,к.н.
Соколов В.И.,ФФ,ассистент,к.н.
Алексеев М.Ю.,ФМиМ,профессор,к.н.
Алексеев Б.В.,ФМиМ,профессор,к.н.
Лебедев Е.П.,ФМиЕН,доцент,к.н.
Семенов И.К.,ФИТ,доцент,к.н.
Алексеев А.А.,ФУПМ,доцент,
Кузнецов А.А.,ФИВТ,ассистент,к.н.
Егоров Е.П.,ФМиМ,профессор,
Семенов Б.В.,ФИТ,профессор,к.н.
Сидоров Д.С.,ФЭТ,,к.н.
Морозов К.М.,ИТМО,,д.н.
Алексеев М.Ю.,ФМиМ,,
Петров Ж.Р.,ФМиЕН,доцент,
Сидоров Б.В.,ФПМИ,доцент,к.н.
Соколов И.К.,ФМиЕН,,к.н.
Кузнецов Г.Н.,ИТМО,профессор,к.н.
Егоров Д.С.,ФИТ,доцент,к.н.
Алексеев Д.С.,ФЭТ,доцент,к.н.
Егоров И.К.,ИТМО,профессор,к.н.
Кузнецов Е.П.,ФЭТ,доцент,
Иванов И.К.,ФМиЕН,,д.н.
Лебедева Л.О.,ФМиЕН,доцент,д.н.
Кузнецов Г.Н.,ФУПМ,,д.н.
Егоров З.Т.,ИТМО,доцент,к.н.
Егоров К.М.,ФИТ,ассистент,
Кузнецов Ж.Р.,ФМиЕН,ассистент,
Иванов А.А.,ФРТ,,
Иванов И.К.,ФЭТ,профессор,
Сидоров И.К.,ФПМИ,профессор,к.н.
Сидоров М.Ю.,ФИТ,доцент,к.н.
Попов Л.О.,ФПМИ,,
Егоров К.М.,ФУПМ,ассистент,д.н.
Козлов В.И.,ФМиЕН,доцент,
Соколов Б.В.,ФУПМ,,д.н.
Лебедева А.А.,ФРТ,,к.н.
Иванов К.М.,ФУПМ,доцент,д.н.
Попов К.М.,ФИВТ,доцент,
Соколов В.И.,ФМиЕН,,д.н.
Егоров Б.В.,ФМиМ,ассистент,д.н.
Лебедева Ж.Р.,ИТМО,профессор,
Козлов В.И.,ФФ,,к.н.
Лебедев Г.Н.,ФЭТ,,д.н.
Волков М.Ю.,ИТМО,,
Волков З.Т.,ФМиМ,ассистент,к.н.
Иванов К.М.,ФРТ,доцент,
Семенов И.К.,ФМиМ,доцент,
Иванов Ж.Р.,ФПМИ,ассистент,к.н.
Сидоров Д.С.,ФМиМ,доцент,д.н.
Попов В.И.,ФИВТ,профессор,к.н.
Петров Г.Н.,ФРТ,доцент,к.н.
Волков Е.П.,ФЭТ,профессор,к.н.
Лебедева В.И.,ФИТ,доцент,к.н.
Попов А.А.,ФЭТ,ассистент,
Семенов М.Ю.,ФИТ,профессор,д.н.
Козлов Г.Н.,ФФ,,к.н.
Соколов А.А.,ФРТ,профессор,
Сидоров М.Ю.,ФУПМ,ассистент,д.н.
Лебедев К.М.,ФМиЕН,доцент,
Егоров М.Ю.,ИТМО,,
Петров Д.С.,ФЭТ,доцент,
Семенов Е.П.,ФЭТ,доцент,
Лебедева Е.П.,ФМиЕН,профессор,
Козлов Г.Н.,ФИТ,профессор,д.н.
Кузнецов И.К.,ФИТ,доцент,д.н.
Кузнецов Ж.Р.,ФИТ,профессор,д.н.
Алексеев Б.В.,ФЭТ,профессор,к.н.
Егоров В.И.,ФУПМ,доцент,
Егоров Л.О.,ФМиМ,профессор,
Морозов Л.О.,ФЭТ,профессор,д.н.
Лебедев И.К.,ФЭТ,,д.н.
Семенов Б.В.,ФПМИ,доцент,
Соколов Л.О.,ФФ,,к.н.
Морозов Б.В.,ФИВТ,ассистент,к.н.
Попов К.М.,ФМиМ,ассистент,
Козлов Л.О.,ФЭТ,доцент,д.н.
Кузнецов Г.Н.,ФРТ,профессор,д.н.
Соколов В.И.,ФМиЕН,,к.н.
Новиков Л.О.,ФМиЕН,,
Новиков Л.О.,ФМиМ,доцент,д.н.
Иванов М.Ю.,ФМиМ,,д.н.
Соколов З.Т.,ФЭТ,ассистент,к.н.
Морозов Б.В.,ФМиЕН,профессор,д.н.
Петров З.Т.,ФРТ,ассистент,к.н.
Лебедев З.Т.,ФМиЕН,ассистент,к.н.
Иванов Б.В.,ФПМИ,профессор,к.н.
Петров Е.П.,ФЭТ,доцент,к.н.
Козлов К.М.,ФФ,профессор,
Алексеев Е.П.,ФИВТ,доцент,к.н.
Волков А.А.,ФФ,профессор,
Алексеев В.И.,ФИВТ,ассистент,к.н.
Иванов Г.Н.,ИТМО,доцент,д.н.
Новиков К.М.,ФИВТ,профессор,д.н.
Сидоров К.М.,ФИВТ,профессор,д.н.
Кузнецов А.А.,ИТМО,ассистент,
Лебедев В.И.,ФМиЕН,,д.н.
Попов Д.С.,ФИВТ,профессор,д.н.
Лебедева В.И.,ФМиМ,,
Попов Ж.Р.,ИТМО,доцент,к.н.
Морозов З.Т.,ФФ,,к.н.
Волков А.А.,ФРТ,доцент,д.н.
Попов А.А.,ФУПМ,,д.н.
Волков Ж.Р.,ФИТ,ассистент,к.н.
Смирнов Г.Н.,ФРТ,профессор,д.н.
Петров Ж.Р.,ФЭТ,доцент,д.н.
Новиков М.Ю.,ФЭТ,доцент,к.н.
Морозов Б.В.,ФЭТ,доцент,к.н.
Кузнецов В.И.,ФМиМ,доцент,к.н.
Сидоров М.Ю.,ФУПМ,профессор,
Попов И.К.,ФИВТ,доцент,
Козлов З.Т.,ФМиМ,доцент,
Соколов В.И.,ФПМИ,ассистент,
Семенов К.М.,ИТМО,,д.н.
Соколов Д.С.,ИТМО,профессор,
Иванов Б.В.,ФМиЕН,профессор,
Попов Ж.Р.,ФУПМ,профессор,д.н.
Иванов Л.О.,ФИТ,доцент,д.н.
Лебедева М.Ю.,ФИВТ,,к.н.
Морозов В.И.,ИТМО,доцент,д.н.
Лебедева И.К.,ФФ,профессор,к.н.
Смирнов К.М.,ФУПМ,,к.н.
Морозов Д.С.,ФМиЕН,,д.н.
Сидоров И.К.,ФУПМ,доцент,
Егоров К.М.,ФУПМ,профессор,д.н.
Морозов Л.О.,ФПМИ,,д.н.
Смирнов Ж.Р.,ИТМО,ассистент,к.н.
Алексеев Ж.Р.,ФРТ,профессор,д.н.
Егоров И.К.,ФИТ,,к.н.
Сидоров А.А.,ФМиМ,ассистент,д.н.
Сидоров Б.В.,ФИВТ,ассистент,к.н.
Новиков Е.П.,ФИВТ,ассистент,д.н.
Алексеев Д.С.,ФЭТ,ассистент,к.н.
Лебедева Е.П.,ИТМО,,
Новиков Б.В.,ФРТ,профессор,
Попов Л.О.,ИТМО,ассистент,
Алексеев М.Ю.,ФИТ,доцент,д.н.
Алексеев З.Т.,ФМиМ,доцент,д.н.
Волков З.Т.,ФМиЕН,,
Сидоров Л.О.,ИТМО,профессор,к.н.
Новиков Ж.Р.,ФМиЕН,ассистент,
Новиков З.Т.,ФИВТ,доцент,к.н.
Семенов Ж.Р.,ФМиМ,профессор,д.н.
Иванов Ж.Р.,ФРТ,ассистент,д.н.
Козлов З.Т.,ФИВТ,ассистент,д.н.
Иванов Е.П.,ИТМО,доцент,к.н.
Козлов Ж.Р.,ФУПМ,профессор,д.н.
Попов Ж.Р.,ФРТ,ассистент,
Морозов К.М.,ФУПМ,ассистент,к.н.
Лебедев Д.С.,ФФ,,к.н.
Петров М.Ю.,ИТМО,ассистент,
Морозов И.К.,ФИВТ,,к.н.
Морозов З.Т.,ФПМИ,,
Лебедева Е.П.,ФМиЕН,доцент,д.н.
Лебедева З.Т.,ФИВТ,ассистент,д.н.
Морозов М.Ю.,ФМиМ,доцент,к.н.
Кузнецов Б.В.,ФИВТ,,д.н.
Лебедева А.А.,ФУПМ,профессор,д.н.
Козлов Г.Н.,ФЭТ,профессор,д.н.
Сидоров А.А.,ФРТ,ассистент,
Иванов А.А.,ФИТ,профессор,к.н.
Попов Е.П.,ФРТ,ассистент,д.н.
Егоров И.К.,ФФ,,
Смирнов Д.С.,ФУПМ,ассистент,
Волков К.М.,ФУПМ,,к.н.
Иванов З.Т.,ФПМИ,ассистент,д.н.
Новиков Б.В.,ФФ,ассистент,д.н.
Лебедев К.М.,ФЭТ,профессор,д.н.
Новиков И.К.,ФУПМ,профессор,д.н.
Морозов Е.П.,ИТМО,профессор,д.н.
Алексеев Г.Н.,ФПМИ,ассистент,
Новиков Б.В.,ФПМИ,доцент,д.н.
Егоров З.Т.,ФМиМ,доцент,к.н.
Волков Д.С.,ИТМО,профессор,к.н.
Смирнов В.И.,ИТМО,ассистент,
Соколов И.К.,ФРТ,,
Козлов Л.О.,ФРТ,профессор,д.н.
Егоров Б.В.,ФМиМ,ассистент,к.н.
Новиков И.К.,ФУПМ,,к.н.
Петров Л.О.,ФУПМ,профессор,
Козлов А.А.,ФРТ,ассистент,д.н.
Алексеев И.К.,ФПМИ,,
Иванов Б.В.,ФМиМ,,
Сидоров К.М.,ИТМО,профессор,д.н.
Волков Д.С.,ФМиМ,,к.н.
Петров Г.Н.,ФМиМ,доцент,д.н.
Егоров В.И.,ФЭТ,профессор,к.н.
Кузнецов Л.О.,ФМиМ,,д.н.
Волков Е.П.,ФЭТ,профессор,д.н.
Кузнецов В.И.,ИТМО,профессор,
Кузнецов Г.Н.,ФРТ,доцент,
Лебедева Ж.Р.,ФУПМ,доцент,д.н.
Соколов И.К.,ФЭТ,доцент,д.н.
Петров Ж.Р.,ФЭТ,доцент,д.н.
Алексеев В.И.,ИТМО,,
Сидоров Г.Н.,ФРТ,профессор,д.н.
Семенов Л.О.,ФИТ,ассистент,д.н.
Лебедев М.Ю.,ФУПМ,,к.н.
Семенов Ж.Р.,ФЭТ,доцент,
Егоров Г.Н.,ФИВТ,доцент,д.н.
Соколов Ж.Р.,ФИВТ,,
Иванов М.Ю.,ФРТ,профессор,д.н.
Егоров В.И.,ФМиМ,профессор,д.н.
Лебедев М.Ю.,ФФ,,д.н.
Лебедев Е.П.,ФЭТ,профессор,
Иванов Г.Н.,ФИТ,профессор,
Иванов К.М.,ФИТ,доцент,к.н.
Волков И.К.,ФИТ,,
Смирнов К.М.,ФРТ,,к.н.
Смирнов К.М.,ФМиМ,,
Попов Л.О.,ФИТ,профессор,к.н.
Новиков М.Ю.,ФИВТ,ассистент,
Семенов Г.Н.,ФРТ,ассистент,д.н.
Лебедев Л.О.,ФРТ,ассистент,д.н.
Попов И.К.,ФИТ,ассистент,
Соколов А.А.,ФМиМ,доцент,к.н.
Новиков А.А.,ФПМИ,,к.н.
Семенов Л.О.,ФИВТ,доцент,
Козлов Ж.Р.,ФФ,профессор,д.н.
Морозов А.А.,ФУПМ,профессор,к.н.
Новиков Д.С.,ФИВТ,доцент,к.н.
Смирнов К.М.,ФМиЕН,ассистент,д.н.
Сидоров Д.С.,ФИВТ,профессор,
Сидоров К.М.,ФМиЕН,доцент,к.н.
Смирнов Л.О.,ИТМО,ассистент,
Иванов Е.П.,ФФ,ассистент,д.н.
Морозов Д.С.,ФМиМ,доцент,
Лебедева Д.С.,ФИВТ,,д.н.
Иванов Г.Н.,ФФ,,д.н.
Семенов Г.Н.,ФФ,ассистент,к.н.
Морозов Б.В.,ФИТ,доцент,д.н.
Алексеев В.И.,ФМиЕН,,к.н.
Морозов З.Т.,ИТМО,ассистент,
Лебедев Ж.Р.,ФПМИ,профессор,
Лебедев Е.П.,ФМиМ,,
Лебедева Д.С.,ФУПМ,доцент,к.н.
Козлов Б.В.,ФИТ,профессор,к.н.
Новиков К.М.,ФМиЕН,ассистент,к.н.
Козлов Д.С.,ФИВТ,,
Лебедева К.М.,ФУПМ,профессор,д.н.
Волков В.И.,ФПМИ,ассистент,
Попов З.Т.,ФМиМ,,д.н.
Лебедев Л.О.,ФЭТ,профессор,к.н.
Алексеев Л.О.,ФМиМ,,к.н.
Алексеев В.И.,ФЭТ,профессор,д.н.
Петров К.М.,ФМиМ,профессор,д.н.
Волков В.И.,ФПМИ,,к.н.
Лебедев Б.В.,ФПМИ,ассистент,
Егоров Г.Н.,ФФ,,
Егоров Б.В.,ФЭТ,,д.н.
Алексеев Ж.Р.,ФФ,ассистент,д.н.
Лебедев Л.О.,ФПМИ,профессор,
Лебедев Е.П.,ФМиМ,ассистент,к.н.
Козлов М.Ю.,ФИВТ,,д.н.
Лебедев А.А.,ФМиМ,доцент,
Попов Б.В.,ФРТ,ассистент,к.н.
Новиков А.А.,ФИВТ,доцент,к.н.
Лебедева Ж.Р.,ИТМО,ассистент,
Новиков З.Т.,ФМиМ,доцент,
Семенов А.А.,ФЭТ,профессор,к.н.
Семенов З.Т.,ФИВТ,ассистент,д.н.
Лебедев Г.Н.,ФМиМ,ассистент,к.н.
Новиков З.Т.,ИТМО,профессор,
Алексеев З.Т.,ФФ,,к.н.
Лебедев З.Т.,ФИТ,доцент,д.н.
Морозов Д.С.,ИТМО,доцент,
Егоров А.А.,ФИТ,,д.н.
Семенов Е.П.,ФИВТ,профессор,
Волков З.Т.,ИТМО,профессор,к.н.
Егоров А.А.,ИТМО,доцент,
Лебедев Е.П.,ФИВТ,доцент,к.н.
Соколов И.К.,ФИВТ,,к.н.
Иванов В.И.,ФИВТ,ассистент,к.н.
Морозов Е.П.,ФИТ,ассистент,к.н.
Попов И.К.,ФМиМ,доцент,
Лебедев Б.В.,ФУПМ,,д.н.
Смирнов А.А.,ФМиЕН,,к.н.
Семенов Б.В.,ФМиМ,ассистент,д.н.
Лебедев Б.В.,ФФ,ассистент,к.н.
Попов Б.В.,ФПМИ,ассистент,
Козлов М.Ю.,ФПМИ,доцент,к.н.
Алексеев Б.В.,ФУПМ,доцент,д.н.
Семенов К.М.,ФУПМ,профессор,к.н.
Петров А.А.,ИТМО,доцент,к.н.
Петров Г.Н.,ФУПМ,,д.н.
Соколов К.М.,ФЭТ,профессор,д.н.
Сидоров Л.О.,ИТМО,доцент,к.н.
Лебедева И.К.,ФМиМ,доцент,к.н.
Кузнецов Д.С.,ФУПМ,доцент,к.н.
Лебедев Д.С.,ФИВТ,профессор,д.н.
Морозов Е.П.,ФУПМ,доцент,к.н.
Лебедев И.К.,ФЭТ,доцент,д.н.
Иванов А.А.,ФЭТ,профессор,к.н.
Смирнов А.А.,ФИТ,профессор,
Новиков Д.С.,ФМиМ,,к.н.
Сидоров Е.П.,ФПМИ,ассистент,д.н.
Семенов К.М.,ФРТ,,д.н.
Петров В.И.,ФФ,,
Смирнов В.И.,ФРТ,доцент,
Лебедева Е.П.,ИТМО,,д.н.
Иванов Д.С.,ФИВТ,,д.н.
Смирнов Л.О.,ФФ,профессор,
Егоров И.К.,ИТМО,ассистент,к.н.
Алексеев Д.С.,ФМиМ,профессор,
Алексеев Е.П.,ФИТ,доцент,д.н.
Козлов Л.О.,ФМиМ,профессор,
Петров В.И.,ФФ,ассистент,к.н.
Соколов Д.С.,ФФ,доцент,д.н.
Петров Л.О.,ФРТ,профессор,
Морозов Г.Н.,ФУПМ,профессор,
Соколов И.К.,ФРТ,,к.н.
Попов Б.В.,ФПМИ,,
Семенов В.И.,ФРТ,доцент,д.н.
Егоров А.А.,ФУПМ,доцент,д.н.
Лебедева Б.В.,ФИТ,ассистент,
Петров Л.О.,ИТМО,доцент,
Новиков Б.В.,ФУПМ,профессор,к.н.
Лебедев Е.П.,ФИВТ,профессор,д.н.
Лебедев Е.П.,ФПМИ,,к.н.
Козлов Л.О.,ФЭТ,профессор,д.н.
Попов З.Т.,ФМиМ,ассистент,
Лебедева И.К.,ФМиЕН,ассистент,к.н.
Козлов Е.П.,ФПМИ,доцент,
Сидоров Е.П.,ФИВТ,,д.н.
Новиков Г.Н.,ФУПМ,ассистент,
Егоров Ж.Р.,ФПМИ,доцент,д.н.
Попов Л.О.,ФМиМ,профессор,
Лебедева А.А.,ИТМО,,
Морозов Д.С.,ФРТ,доцент,д.н.
Новиков К.М.,ФМиЕН,доцент,д.н.
Козлов М.Ю.,ФИВТ,профессор,
Сидоров Ж.Р.,ФМиМ,доцент,
Лебедев И.К.,ФИТ,,
Егоров И.К.,ФМиЕН,,д.н.
Иванов И.К.,ФИТ,,к.н.
Волков З.Т.,ФРТ,доцент,к.н.
Попов Д.С.,ФПМИ,,
Алексеев Б.В.,ИТМО,доцент,д.н.
Петров Б.В.,ФРТ,ассистент,д.н.
Морозов З.Т.,ФИТ,ассистент,к.н.
Лебедев З.Т.,ФМиЕН,ассистент,д.н.
Алексеев Б.В.,ФРТ,доцент,
Смирнов В.И.,ФФ,ассистент,
Егоров З.Т.,ФИТ,ассистент,к.н.
Сидоров М.Ю.,ФИВТ,профессор,д.н.
Егоров И.К.,ФИВТ,доцент,
Сидоров Г.Н.,ФПМИ,ассистент,
Егоров З.Т.,ФИВТ,профессор,д.н.
Попов Г.Н.,ФЭТ,,к.н.
Морозов Л.О.,ФПМИ,,д.н.
Волков В.И.,ФУПМ,профессор,
Петров Г.Н.,ФЭТ,ассистент,
Смирнов Б.В.,ИТМО,доцент,д.н.
Петров М.Ю.,ФПМИ,доцент,к.н.
Егоров Е.П.,ФИВТ,доцент,к.н.
Волков Д.С.,ФУПМ,ассистент,д.н.
Козлов Л.О.,ФУПМ,доцент,
Соколов З.Т.,ФФ,,д.н.
Козлов Ж.Р.,ФУПМ,профессор,к.н.
Сидоров И.К.,ФИТ,ассистент,д.н.
Новиков И.К.,ФИВТ,профессор,к.н.
Алексеев К.М.,ФУПМ,ассистент,к.н.
Новиков Л.О.,ФРТ,,
Смирнов А.А.,ФМиЕН,,
Лебедева А.А.,ФМиЕН,профессор,
Сидоров А.А.,ФПМИ,доцент,
Сидоров Е.П.,ФРТ,профессор,д.н.
Егоров Г.Н.,ФРТ,ассистент,к.н.
Кузнецов Ж.Р.,ФУПМ,доцент,к.н.
Соколов Д.С.,ФЭТ,профессор,к.н.
Алексеев И.К.,ФМиМ,,д.н.
Кузнецов Ж.Р.,ФУПМ,доцент,д.н.
Алексеев Е.П.,ФФ,,
Семенов Г.Н.,ФМиМ,доцент,
Егоров А.А.,ИТМО,профессор,д.н.
Козлов Д.С.,ИТМО,профессор,д.н.
Семенов В.И.,ФМиЕН,,к.н.
Козлов Ж.Р.,ФМиЕН,,к.н.
Сидоров Б.В.,ФМиМ,ассистент,д.н.
Семенов В.И.,ФИТ,доцент,д.н.
Сидоров В.И.,ИТМО,профессор,
Волков И.К.,ФМиЕН,,
Лебедев А.А.,ФРТ,ассистент,д.н.
Новиков З.Т.,ФРТ,,
Волков Ж.Р.,ФФ,ассистент,д.н.
Сидоров Ж.Р.,ФМиМ,,
Лебедева А.А.,ФУПМ,,к.н.
Соколов И.К.,ФРТ,профессор,
Иванов Ж.Р.,ФПМИ,профессор,
Козлов Б.В.,ИТМО,профессор,
Лебедев М.Ю.,ФИТ,доцент,д.н.
Новиков Е.П.,ФМиМ,профессор,д.н.
Новиков И.К.,ФЭТ,доцент,д.н.
Козлов Г.Н.,ФИВТ,профессор,д.н.
Петров И.К.,ФМиМ,,
Новиков Б.В.,ФРТ,профессор,
Иванов М.Ю.,ИТМО,доцент,к.н.
Морозов Д.С.,ФИТ,ассистент,д.н.
Кузнецов И.К.,ФЭТ,,д.н.
Волков В.И.,ФМиМ,,
Егоров З.Т.,ФФ,доцент,к.н.
Попов Е.П.,ФРТ,доцент,д.н.
Петров И.К.,ФФ,ассистент,к.н.
Егоров И.К.,ФМиЕН,профессор,д.н.
Лебедева Е.П.,ИТМО,доцент,д.н.
Новиков Д.С.,ФПМИ,профессор,д.н.
Сидоров М.Ю.,ФПМИ,доцент,
Кузнецов М.Ю.,ФУПМ,,
Лебедева Г.Н.,ИТМО,ассистент,к.н.
Морозов А.А.,ФМиМ,,к.н.
Егоров К.М.,ФИВТ,профессор,
Сидоров Б.В.,ФУПМ,профессор,к.н.
Волков К.М.,ФМиМ,,д.н.
Попов Л.О.,ФРТ,,к.н.
Соколов Л.О.,ФПМИ,,
Петров Д.С.,ФИТ,профессор,
Смирнов В.И.,ФИВТ,ассистент,к.н.
Лебедев А.А.,ИТМО,ассистент,к.н.
Лебедева А.А.,ФИТ,профессор,
Семенов В.И.,ФМиЕН,,
Кузнецов В.И.,ФРТ,профессор,д.н.
Лебедева Д.С.,ФФ,профессор,к.н.
Алексеев А.А.,ФРТ,ассистент,
Смирнов З.Т.,ФМиЕН,ассистент,д.н.
Смирнов Г.Н.,ФЭТ,доцент,
Попов И.К.,ФИТ,ассистент,
Иванов А.А.,ФУПМ,ассистент,
Козлов З.Т.,ФМиМ,профессор,к.н.
Алексеев Л.О.,ФЭТ,доцент,
Сидоров Д.С.,ФРТ,ассистент,д.н.
Лебедев Е.П.,ФФ,доцент,д.н.
Лебедев Б.В.,ФУПМ,доцент,к.н.
Волков Б.В.,ФМиМ,профессор,
Морозов Л.О.,ФЭТ,доцент,к.н.
Егоров Д.С.,ФЭТ,профессор,к.н.
Иванов М.Ю.,ФМиМ,доцент,к.н.
Морозов К.М.,ФЭТ,,к.н.
Волков Г.Н.,ФЭТ,профессор,д.н.
Попов Б.В.,ФМиМ,доцент,
Козлов Л.О.,ФРТ,,д.н.
Козлов Е.П.,ФМиМ,доцент,к.н.
Сидоров М.Ю.,ФРТ,ассистент,
Кузнецов Г.Н.,ФИТ,ассистент,к.н.
Новиков Г.Н.,ФМиЕН,доцент,к.н.
Кузнецов В.И.,ФИТ,,
Сидоров Г.Н.,ФУПМ,доцент,к.н.
Морозов Л.О.,ИТМО,ассистент,
Алексеев М.Ю.,ФИВТ,доцент,д.н.
Семенов В.И.,ФМиМ,профессор,
Смирнов И.К.,ФИТ,,
Сидоров И.К.,ФЭТ,профессор,к.н.
Алексеев Ж.Р.,ФИТ,доцент,д.н.
Соколов И.К.,ФЭТ,,к.н.
Соколов Д.С.,ФПМИ,профессор,д.н.
Петров Б.В.,ФИВТ,доцент,к.н.
Кузнецов К.М.,ИТМО,,д.н.
Петров Л.О.,ИТМО,профессор,к.н.
Петров Е.П.,ФФ,доцент,
Морозов Л.О.,ФФ,доцент,к.н.
Иванов Ж.Р.,ИТМО,,д.н.
Козлов Б.В.,ФИВТ,профессор,
Петров Ж.Р.,ИТМО,доцент,к.н.
Соколов М.Ю.,ФИВТ,ассистент,
Морозов К.М.,ИТМО,профессор,
Новиков В.И.,ФУПМ,доцент,д.н.
Новиков Е.П.,ФЭТ,,д.н.
Козлов Г.Н.,ФМиЕН,,
Егоров Л.О.,ФИТ,ассистент,к.н.
Новиков Б.В.,ФРТ,ассистент,д.н.
Лебедева Л.О.,ФМиЕН,ассистент,д.н.
Сидоров З.Т.,ФИВТ,доцент,д.н.
Семенов А.А.,ИТМО,профессор,к.н.
Козлов Ж.Р.,ФМиМ,профессор,к.н.
Кузнецов Е.П.,ФРТ,профессор,к.н.
Лебедев З.Т.,ФУПМ,ассистент,к.н.
Волков З.Т.,ФИТ,профессор,к.н.
Егоров З.Т.,ФПМИ,,
Козлов В.И.,ИТМО,доцент,к.н.
Козлов Ж.Р.,ФИВТ,доцент,к.н.
Волков В.И.,ФЭТ,ассистент,к.н.
Петров М.Ю.,ИТМО,,
Сидоров Ж.Р.,ФУПМ,ассистент,д.н.
Соколов Г.Н.,ФРТ,ассистент,д.н.
Новиков Д.С.,ФУПМ,доцент,д.н.
Козлов Д.С.,ФЭТ,профессор,к.н.
Алексеев Б.В.,ФРТ,доцент,
Сидоров А.А.,ФЭТ,,д.н.
Егоров Ж.Р.,ФУПМ,ассистент,
Кузнецов А.А.,ФИВТ,ассистент,д.н.
Смирнов Д.С.,ФПМИ,профессор,
Петров З.Т.,ФРТ,,д.н.
Морозов И.К.,ФФ,ассистент,
Смирнов В.И.,ФМиЕН,доцент,д.н.
Сидоров Ж.Р.,ИТМО,ассистент,
Лебедева К.М.,ФПМИ,ассистент,
Смирнов Г.Н.,ФИТ,доцент,д.н.
Лебедев Л.О.,ФМиЕН,профессор,к.н.
Егоров Б.В.,ФИТ,профессор,д.н.
Попов Д.С.,ФУПМ,ассистент,к.н.
Смирнов В.И.,ФМиМ,доцент,
Попов И.К.,ФИТ,ассистент,д.н.
Иванов Л.О.,ИТМО,ассистент,к.н.
Козлов Г.Н.,ФРТ,,
Семенов В.И.,ФИТ,доцент,к.н.
Новиков Б.В.,ФИТ,доцент,к.н.
Морозов М.Ю.,ФПМИ,профессор,к.н.
Морозов А.А.,ИТМО,ассистент,к.н.
Лебедева Е.П.,ИТМО,ассистент,
Семенов Г.Н.,ФИВТ,доцент,д.н.
Морозов И.К.,ФПМИ,,к.н.
Попов М.Ю.,ФМиМ,,к.н.
Волков М.Ю.,ФЭТ,,к.н.
Морозов З.Т.,ФИВТ,профессор,
Соколов З.Т.,ФРТ,ассистент,д.н.
Лебедева М.Ю.,ФУПМ,ассистент,
Новиков А.А.,ФРТ,профессор,
Петров Е.П.,ИТМО,профессор,
Кузнецов В.И.,ФПМИ,ассистент,
Лебедев Б.В.,ФУПМ,доцент,
Егоров Д.С.,ИТМО,,д.н.
Сидоров Л.О.,ФПМИ,,д.н.
Соколов Г.Н.,ФИТ,ассистент,д.н.
Алексеев Л.О.,ФИВТ,профессор,к.н.
Петров Е.П.,ФИТ,,
Лебедев Б.В.,ФИТ,,к.н.
Сидоров И.К.,ФФ,доцент,к.н.
Соколов Б.В.,ФПМИ,профессор,д.н.
Попов Л.О.,ФФ,профессор,к.н.
Волков Ж.Р.,ИТМО,,
Петров Ж.Р.,ФПМИ,доцент,
Алексеев М.Ю.,ФЭТ,доцент,
Новиков М.Ю.,ИТМО,,к.н.
Сидоров В.И.,ФПМИ,профессор,к.н.
Егоров М.Ю.,ФУПМ,профессор,
Морозов Д.С.,ФИТ,доцент,д.н.
Лебедева А.А.,ФЭТ,ассистент,к.н.
Сидоров А.А.,ФИВТ,доцент,
Козлов А.А.,ФМиЕН,,
Лебедев К.М.,ФУПМ,доцент,д.н.
Лебедева Л.О.,ФМиМ,ассистент,к.н.
Смирнов З.Т.,ФМиМ,,к.н.
Соколов Ж.Р.,ФПМИ,профессор,
Сидоров Ж.Р.,ФРТ,доцент,к.н.
Сидоров И.К.,ФИТ,,д.н.
Соколов Л.О.,ФФ,профессор,
Козлов Д.С.,ФУПМ,ассистент,д.н.
Лебедева Г.Н.,ФИВТ,,
Петров З.Т.,ФМиМ,профессор,к.н.
Лебедева Б.В.,ФМиЕН,ассистент,д.н.
Козлов А.А.,ФПМИ,профессор,к.н.
Алексеев Л.О.,ФЭТ,ассистент,к.н.
Волков К.М.,ФИТ,профессор,д.н.
Иванов Г.Н.,ФИТ,доцент,д.н.
Семенов А.А.,ФРТ,ассистент,д.н.
Петров Ж.Р.,ФМиЕН,доцент,д.н.
Иванов Г.Н.,ФЭТ,профессор,к.н.
Лебедева Ж.Р.,ФПМИ,доцент,
Кузнецов Б.В.,ФЭТ,профессор,д.н.
Сидоров Ж.Р.,ФМиМ,,к.н.
Лебедева Б.В.,ФМиЕН,профессор,
Лебедева В.И.,ФПМИ,профессор,к.н.
Сидоров Г.Н.,ФПМИ,доцент,д.н.
Егоров В.И.,ФИВТ,,д.н.
Лебедева Д.С.,ИТМО,доцент,
Волков Ж.Р.,ФЭТ,,д.н.
Попов Ж.Р.,ФЭТ,доцент,д.н.
Морозов М.Ю.,ФУПМ,доцент,
Попов Д.С.,ФИВТ,доцент,к.н.
Кузнецов Ж.Р.,ФУПМ,доцент,
Волков Д.С.,ФРТ,доцент,к.н.
Козлов Е.П.,ФМиЕН,ассистент,
Смирнов А.А.,ФЭТ,,
Морозов Б.В.,ФИВТ,,к.н.
Сидоров И.К.,ФПМИ,профессор,
Лебедев З.Т.,ФРТ,,к.н.
Петров З.Т.,ФМиМ,ассистент,
Петров Д.С.,ФФ,ассистент,к.н.
Волков А.А.,ФУПМ,,к.н.
Кузнецов А.А.,ИТМО,,д.н.
Егоров Е.П.,ИТМО,,к.н.
Волков К.М.,ФПМИ,,д.н.
Алексеев З.Т.,ФРТ,,
Морозов Ж.Р.,ИТМО,доцент,д.н.
Кузнецов Д.С.,ФИВТ,,д.н.
Попов Е.П.,ФИТ,доцент,к.н.
Алексеев И.К.,ФИТ,доцент,
Попов Е.П.,ИТМО,доцент,
Семенов З.Т.,ФФ,доцент,
Соколов Д.С.,ФМиМ,доцент,
Иванов Б.В.,ФУПМ,доцент,
Смирнов А.А.,ФЭТ,ассистент,
Лебедев Д.С.,ФРТ,,д.н.
Петров М.Ю.,ФМиЕН,,к.н.
Кузнецов М.Ю.,ФЭТ,ассистент,д.н.
Семенов Е.П.,ИТМО,,к.н.
Попов Ж.Р.,ИТМО,доцент,д.н.
Волков Ж.Р.,ФРТ,профессор,
Егоров Д.С.,ФМиМ,профессор,к.н.
Попов И.К.,ФПМИ,профессор,
Лебедев Б.В.,ФМиЕН,профессор,
Волков М.Ю.,ФМиЕН,,д.н.
Семенов Б.В.,ФФ,,
Козлов Г.Н.,ФЭТ,профессор,д.н.
Егоров К.М.,ФУПМ,профессор,
Лебедева А.А.,ФФ,,к.н.
Новиков И.К.,ФИТ,ассистент,
Лебедев Б.В.,ФИВТ,профессор,к.н.
Новиков Ж.Р.,ФЭТ,,
Новиков И.К.,ФЭТ,доцент,д.н.
Сидоров М.Ю.,ИТМО,доцент,д.н.
Лебедева Л.О.,ФМиЕН,профессор,к.н.
Волков М.Ю.,ФМиМ,,д.н.
Смирнов Ж.Р.,ИТМО,,д.н.
Лебедев Г.Н.,ФМиМ,доцент,д.н.
Волков А.А.,ФМиМ,доцент,д.н.
Сидоров Е.П.,ФРТ,профессор,д.н.
Иванов Ж.Р.,ФЭТ,ассистент,д.н.
Кузнецов М.Ю.,ФПМИ,доцент,
Сидоров Е.П.,ФМиМ,профессор,к.н.
Иванов М.Ю.,ФМиМ,ассистент,
Петров Ж.Р.,ФМиМ,профессор,к.н.
Егоров З.Т.,ФЭТ,,
Кузнецов М.Ю.,ФМиЕН,,д.н.
Смирнов А.А.,ФИТ,профессор,к.н.
Семенов И.К.,ФЭТ,профессор,к.н.
Морозов Е.П.,ФЭТ,,д.н.
Козлов Ж.Р.,ФПМИ,,
Сидоров К.М.,ФРТ,доцент,к.н.
Смирнов Д.С.,ФФ,,д.н.
Лебедева И.К.,ФУПМ,профессор,
Козлов Д.С.,ФИТ,ассистент,
Алексеев З.Т.,ФИТ,,д.н.
Соколов Ж.Р.,ФФ,ассистент,
Иванов К.М.,ФРТ,профессор,к.н.
Егоров Д.С.,ФМиМ,профессор,д.н.
Смирнов К.М.,ФУПМ,ассистент,к.н.
Егоров Д.С.,ФМиЕН,ассистент,
Петров Ж.Р.,ФФ,профессор,
Иванов Б.В.,ФМиЕН,профессор,д.н.
Лебедева А.А.,ФУПМ,профессор,к.н.
Новиков В.И.,ФМиЕН,доцент,
Соколов И.К.,ФМиМ,доцент,д.н.
Новиков И.К.,ИТМО,,к.н.
Сидоров И.К.,ФУПМ,,д.н.
Егоров М.Ю.,ФМиМ,профессор,
Сидоров Б.В.,ФФ,профессор,
Петров М.Ю.,ФУПМ,доцент,к.н.
Лебедева Г.Н.,ФЭТ,,д.н.
Лебедев Б.В.,ФФ,,
Сидоров М.Ю.,ФЭТ,доцент,к.н.
Волков В.И.,ФИТ,доцент,
Сидоров И.К.,ФИТ,профессор,д.н.
Сидоров З.Т.,ФИВТ,,к.н.
Кузнецов Б.В.,ФМиМ,ассистент,д.н.
Алексеев Е.П.,ФЭТ,профессор,
Морозов К.М.,ФФ,,д.н.
Сидоров Д.С.,ФРТ,ассистент,д.н.
Алексеев Б.В.,ФЭТ,ассистент,
Козлов М.Ю.,ФРТ,,
Соколов М.Ю.,ФМиЕН,профессор,д.н.
Морозов А.А.,ФИТ,доцент,к.н.
Морозов В.И.,ИТМО,доцент,
Козлов К.М.,ФМиЕН,профессор,д.н.
Волков К.М.,ФМиЕН,ассистент,д.н.
Семенов М.Ю.,ФРТ,ассистент,к.н.
Петров Д.С.,ФПМИ,доцент,
Смирнов З.Т.,ИТМО,доцент,
Новиков К.М.,ИТМО,,к.н.
Попов Ж.Р.,ФИВТ,доцент,
Соколов В.И.,ФЭТ,доцент,
Семенов А.А.,ИТМО,профессор,
Лебедева В.И.,ФИВТ,профессор,д.н.
Волков Г.Н.,ФРТ,доцент,д.н.
Иванов В.И.,ФФ,,
Алексеев Ж.Р.,ФИВТ,доцент,д.н.
Волков Г.Н.,ФУПМ,ассистент,
Лебедев В.И.,ФМиЕН,,д.н.
Кузнецов Б.В.,ФУПМ,доцент,д.н.
Кузнецов З.Т.,ИТМО,,д.н.
Смирнов Б.В.,ФЭТ,,
Волков Е.П.,ИТМО,ассистент,д.н.
Кузнецов А.А.,ФМиЕН,ассистент,к.н.
Соколов Ж.Р.,ФУПМ,профессор,к.н.
Егоров Г.Н.,ФЭТ,доцент,к.н.
Соколов И.К.,ФФ,ассистент,к.н.
Сидоров В.И.,ФМиМ,ассистент,к.н.
Егоров А.А.,ФРТ,доцент,д.н.
Петров Л.О.,ФФ,доцент,д.н.
Морозов А.А.,ИТМО,,
Алексеев Е.П.,ФРТ,,
Алексеев Г.Н.,ФУПМ,профессор,
Семенов Ж.Р.,ФИТ,,
Попов Б.В.,ФИВТ,профессор,к.н.
Козлов Б.В.,ФРТ,,к.н.
Морозов Г.Н.,ФУПМ,профессор,к.н.
Иванов З.Т.,ФИТ,профессор,к.н.
Соколов А.А.,ФМиЕН,доцент,
Иванов Л.О.,ФРТ,профессор,к.н.
Алексеев К.М.,ФФ,ассистент,к.н.
Семенов Г.Н.,ФМиМ,,д.н.
Морозов Г.Н.,ФПМИ,доцент,к.н.
Волков М.Ю.,ФИТ,ассистент,
Алексеев А.А.,ФИТ,,к.н.
Лебедева Д.С.,ФМиЕН,профессор,д.н.
Иванов Л.О.,ФМиМ,,д.н.
Лебедева В.И.,ФРТ,профессор,
Морозов Д.С.,ФФ,доцент,
Новиков Г.Н.,ФИТ,,к.н.
Егоров Д.С.,ФУПМ,ассистент,д.н.
Попов Е.П.,ФИТ,профессор,
Кузнецов Е.П.,ФЭТ,доцент,
Семенов Г.Н.,ФУПМ,доцент,к.н.
Морозов А.А.,ФРТ,профессор,
Сидоров К.М.,ФМиЕН,ассистент,
Петров И.К.,ФПМИ,ассистент,к.н.
Лебедев В.И.,ИТМО,доцент,д.н.
Лебедева К.М.,ФЭТ,ассистент,к.н.
Лебедева Г.Н.,ФМиМ,ассистент,д.н.
Семенов Д.С.,ФМиЕН,профессор,к.н.
Попов Д.С.,ФИТ,профессор,
Лебедев Ж.Р.,ФМиЕН,ассистент,д.н.
Кузнецов И.К.,ИТМО,профессор,к.н.
Попов Д.С.,ФМиМ,ассистент,к.н.
Кузнецов Д.С.,ФЭТ,профессор,
Лебедева Е.П.,ФРТ,профессор,д.н.
Иванов М.Ю.,ФУПМ,,к.н.
Смирнов З.Т.,ФМиЕН,доцент,
Сидоров Е.П.,ФЭТ,ассистент,к.н.
Кузнецов М.Ю.,ФПМИ,,
Сидоров Б.В.,ФУПМ,ассистент,д.н.
Алексеев А.А.,ФМиМ,доцент,к.н.
Петров К.М.,ФПМИ,профессор,к.н.
Морозов К.М.,ФРТ,доцент,д.н.
Козлов Е.П.,ФПМИ,профессор,к.н.
Семенов И.К.,ФУПМ,,
Лебедева Е.П.,ФИВТ,ассистент,к.н.
Козлов Е.П.,ФИТ,ассистент,д.н.
Егоров М.Ю.,ФПМИ,профессор,д.н.
Волков В.И.,ФУПМ,,к.н.
Смирнов А.А.,ФИТ,доцент,д.н.
Сидоров Б.В.,ФЭТ,доцент,
Иванов А.А.,ФЭТ,доцент,к.н.
Волков М.Ю.,ФПМИ,,д.н.
Смирнов Л.О.,ФПМИ,доцент,д.н.
Иванов Ж.Р.,ФПМИ,профессор,д.н.
Лебедев М.Ю.,ФУПМ,ассистент,д.н.
Сидоров Ж.Р.,ФИТ,доцент,д.н.
Кузнецов М.Ю.,ФПМИ,доцент,
Козлов З.Т.,ИТМО,ассистент,д.н.
Козлов М.Ю.,ФИВТ,,к.н.
Иванов З.Т.,ФИВТ,ассистент,к.н.
Петров В.И.,ФМиЕН,,д.н.
Сидоров Е.П.,ФЭТ,доцент,к.н.
Соколов Л.О.,ФМиЕН,профессор,
Петров А.А.,ФРТ,,к.н.
Соколов Б.В.,ФРТ,ассистент,
Сидоров М.Ю.,ФФ,профессор,д.н.
Иванов Б.В.,ФЭТ,ассистент,
Кузнецов М.Ю.,ФРТ,ассистент,д.н.
Семенов М.Ю.,ФПМИ,профессор,к.н.
Смирнов И.К.,ИТМО,,к.н.
Семенов И.К.,ИТМО,,
Кузнецов К.М.,ФИВТ,ассистент,д.н.
Лебедева И.К.,ФИТ,доцент,
Попов М.Ю.,ФЭТ,профессор,д.н.
Попов Л.О.,ФУПМ,ассистент,к.н.
Семенов К.М.,ИТМО,доцент,д.н.
Морозов М.Ю.,ФФ,профессор,д.н.
Сидоров Л.О.,ФМиМ,профессор,д.н.
Козлов Г.Н.,ФИВТ,,к.н.
Кузнецов Г.Н.,ФМиМ,,к.н.
Лебедев Л.О.,ФЭТ,,к.н.
Лебедева В.И.,ФФ,ассистент,д.н.
Сидоров В.И.,ФЭТ,доцент,к.н.
Егоров Б.В.,ФИТ,доцент,
Егоров Д.С.,ФПМИ,доцент,
Смирнов Д.С.,ФФ,доцент,
Соколов В.И.,ФУПМ,доцент,
Новиков Д.С.,ФИТ,,
Соколов В.И.,ФМиЕН,доцент,д.н.
Алексеев З.Т.,ФИВТ,,
Лебедев И.К.,ФЭТ,доцент,
Петров В.И.,ФМиМ,,
Алексеев Д.С.,ФФ,ассистент,д.н.
Кузнецов Ж.Р.,ФФ,доцент,
Смирнов М.Ю.,ФУПМ,,к.н.
Иванов Г.Н.,ФИВТ,ассистент,д.н.
Новиков В.И.,ФУПМ,,к.н.
Смирнов Л.О.,ФМиЕН,доцент,д.н.
Новиков И.К.,ФИТ,доцент,
Лебедев Г.Н.,ФУПМ,профессор,
Смирнов В.И.,ИТМО,профессор,д.н.
Лебедева И.К.,ФЭТ,профессор,
Смирнов В.И.,ИТМО,профессор,
Новиков Ж.Р.,ФЭТ,доцент,
Петров Д.С.,ФПМИ,,
Лебедев М.Ю.,ФИТ,профессор,к.н.
Новиков А.А.,ФФ,профессор,д.н.
Лебедева Е.П.,ФИТ,,
Лебедева А.А.,ФИТ,профессор,
Лебедева М.Ю.,ФУПМ,доцент,
Волков Г.Н.,ФИВТ,доцент,к.н.
Новиков Г.Н.,ФРТ,доцент,д.н.
Лебедев Ж.Р.,ФИТ,профессор,д.н.
Петров Д.С.,ИТМО,доцент,к.н.
Попов Г.Н.,ФЭТ,доцент,к.н.
Алексеев К.М.,ФМиЕН,ассистент,к.н.
Семенов Ж.Р.,ФИВТ,,к.н.
Лебедев Д.С.,ФРТ,,д.н.
Попов Г.Н.,ФМиЕН,профессор,
Козлов Г.Н.,ФУПМ,ассистент,к.н.
Сидоров И.К.,ФМиМ,доцент,к.н.
Лебедев И.К.,ФФ,,
Петров В.И.,ИТМО,,
Петров Д.С.,ФИТ,ассистент,д.н.
Морозов И.К.,ФПМИ,доцент,
Козлов З.Т.,ФИВТ,профессор,к.н.
Сидоров А.А.,ИТМО,,д.н.
Алексеев К.М.,ФИТ,профессор,
Лебедева Б.В.,ИТМО,,к.н.
Волков Б.В.,ФИВТ,доцент,
Козлов Е.П.,ФПМИ,ассистент,к.н.
Семенов Б.В.,ФИВТ,профессор,
Новиков З.Т.,ФУПМ,ассистент,к.н.
Петров Б.В.,ФИТ,профессор,к.н.
Кузнецов Е.П.,ФИТ,доцент,д.н.
Морозов В.И.,ИТМО,профессор,
Семенов Л.О.,ИТМО,профессор,д.н.
Егоров Е.П.,ФУПМ,,к.н.
Егоров И.К.,ФУПМ,ассистент,
Смирнов В.И.,ФПМИ,ассистент,д.н.
Кузнецов М.Ю.,ИТМО,ассистент,
Смирнов З.Т.,ФРТ,профессор,д.н.
Кузнецов Б.В.,ФМиМ,профессор,к.н.
Петров Г.Н.,ИТМО,доцент,д.н.
Иванов И.К.,ФРТ,доцент,д.н.
Сидоров К.М.,ФМиМ,доцент,д.н.
Сидоров Е.П.,ФРТ,,
Лебедев Б.В.,ФПМИ,профессор,д.н.
Кузнецов Г.Н.,ФИТ,доцент,д.н.
Лебедева Г.Н.,ФМиМ,профессор,
Лебедев З.Т.,ФИВТ,,
Кузнецов Е.П.,ФМиЕН,ассистент,к.н.
Морозов В.И.,ФФ,,к.н.
Попов Л.О.,ИТМО,доцент,к.н.
Смирнов А.А.,ИТМО,,к.н.
Лебедев В.И.,ФУПМ,ассистент,к.н.
Козлов К.М.,ФЭТ,профессор,д.н.
Морозов И.К.,ФРТ,профессор,к.н.
Семенов Е.П.,ФМиМ,ассистент,
Лебедев Д.С.,ФМиМ,профессор,д.н.
Петров К.М.,ФУПМ,,д.н.
Козлов Д.С.,ФУПМ,доцент,к.н.
Соколов Б.В.,ФПМИ,доцент,
Лебедев Д.С.,ФИВТ,,
Иванов И.К.,ФМиЕН,ассистент,д.н.
Алексеев Ж.Р.,ФЭТ,ассистент,д.н.
Лебедев Б.В.,ФЭТ,доцент,
Соколов А.А.,ИТМО,доцент,к.н.
Козлов М.Ю.,ФУПМ,ассистент,д.н.
Иванов Г.Н.,ФФ,профессор,к.н.
Соколов Г.Н.,ФФ,,к.н.
Лебедева Л.О.,ФРТ,,д.н.
Петров М.Ю.,ФФ,ассистент,д.н.
Волков И.К.,ФМиЕН,,
Семенов М.Ю.,ФУПМ,,к.н.
Алексеев З.Т.,ФФ,доцент,
Петров З.Т.,ФФ,доцент,к.н.
Егоров М.Ю.,ФИТ,профессор,д.н.
Семенов Г.Н.,ФФ,ассистент,к.н.
Попов Л.О.,ФФ,доцент,д.н.
Попов Л.О.,ФПМИ,ассистент,
Семенов Б.В.,ФЭТ,ассистент,
Смирнов В.И.,ФУПМ,профессор,к.н.
Алексеев В.И.,ФПМИ,доцент,
Алексеев Е.П.,ИТМО,,к.н.
Семенов Г.Н.,ФМиЕН,,
Новиков Е.П.,ФИВТ,доцент,д.н.
Попов М.Ю.,ФУПМ,профессор,к.н.
Лебедева А.А.,ФМиМ,профессор,
Козлов М.Ю.,ФПМИ,доцент,к.н.
Алексеев Б.В.,ФРТ,профессор,д.н.
Волков Д.С.,ФИТ,профессор,д.н.
Семенов А.А.,ФЭТ,профессор,к.н.
Соколов Г.Н.,ФМиЕН,доцент,д.н.
Соколов Ж.Р.,ФМиМ,доцент,к.н.
Попов К.М.,ФМиЕН,доцент,д.н.
Лебедев А.А.,ФПМИ,,к.н.
Кузнецов З.Т.,ФМиМ,,д.н.
Иванов И.К.,ФПМИ,доцент,к.н.
Волков В.И.,ФРТ,доцент,д.н.
Лебедев Л.О.,ФМиЕН,профессор,д.н.
Попов Л.О.,ФМиМ,ассистент,д.н.
Морозов К.М.,ФИВТ,доцент,
Волков З.Т.,ФУПМ,ассистент,д.н.
Лебедев Д.С.,ФМиМ,профессор,
Сидоров Г.Н.,ФУПМ,профессор,д.н.
Смирнов А.А.,ФЭТ,ассистент,д.н.
Смирнов Е.П.,ФПМИ,ассистент,к.н.
Волков В.И.,ФПМИ,ассистент,д.н.
Соколов Г.Н.,ФФ,ассистент,
Лебедева Г.Н.,ФУПМ,,
Козлов В.И.,ФУПМ,доцент,д.н.
Егоров З.Т.,ФЭТ,профессор,
Попов З.Т.,ФЭТ,доцент,
Кузнецов Л.О.,ФУПМ,ассистент,д.н.
Лебедева Г.Н.,ФЭТ,,д.н.
Кузнецов К.М.,ФРТ,ассистент,к.н.
Семенов Л.О.,ФМиМ,ассистент,
Лебедева Ж.Р.,ФИТ,профессор,д.н.
Волков Б.В.,ФФ,профессор,
Петров Ж.Р.,ФПМИ,профессор,
Иванов В.И.,ИТМО,доцент,к.н.
Новиков М.Ю.,ФМиМ,профессор,д.н.
Егоров А.А.,ФФ,,д.н.
Волков К.М.,ФМиЕН,доцент,к.н.
Соколов Г.Н.,ФРТ,доцент,д.н.
Сидоров М.Ю.,ФЭТ,,д.н.
Семенов Б.В.,ИТМО,,
Кузнецов Г.Н.,ФРТ,,д.н.
Козлов З.Т.,ФПМИ,доцент,к.н.
Лебедева Е.П.,ФИТ,,к.н.
Морозов И.К.,ФИТ,доцент,
Семенов Д.С.,ФРТ,,к.н.
Козлов Л.О.,ФПМИ,профессор,
Попов В.И.,ИТМО,ассистент,
Волков Б.В.,ИТМО,ассистент,д.н.
Кузнецов З.Т.,ФИВТ,доцент,
Петров К.М.,ФУПМ,ассистент,д.н.
Морозов В.И.,ФМиЕН,ассистент,д.н.
Семенов Г.Н.,ФМиЕН,,д.н.
Семенов А.А.,ФЭТ,доцент,д.н.
Лебедев З.Т.,ФЭТ,ассистент,д.н.
Иванов К.М.,ФИТ,,к.н.
Иванов З.Т.,ФИВТ,доцент,
Сидоров З.Т.,ФМиЕН,профессор,
Волков Д.С.,ФУПМ,ассистент,к.н.
Егоров З.Т.,ФМиМ,ассистент,
Сидоров В.И.,ФПМИ,,к.н.
Соколов Д.С.,ФФ,,к.н.
Козлов Б.В.,ИТМО,ассистент,к.н.
Петров К.М.,ФФ,,д.н.
Семенов Л.О.,ФРТ,ассистент,
Козлов И.К.,ФЭТ,ассистент,к.н.
Иванов З.Т.,ФМиЕН,ассистент,
Алексеев К.М.,ИТМО,,д.н.
Лебедева З.Т.,ФИТ,,д.н.
Петров М.Ю.,ФМиЕН,ассистент,
Семенов Г.Н.,ФМиЕН,профессор,д.н.
Морозов Е.П.,ФРТ,профессор,д.н.
Петров И.К.,ФУПМ,,
Сидоров Л.О.,ФФ,профессор,д.н.
Петров Ж.Р.,ФИВТ,ассистент,к.н.
Лебедев К.М.,ФУПМ,,к.н.
Петров Л.О.,ФИТ,,д.н.
Петров И.К.,ФРТ,профессор,
Козлов Ж.Р.,ФЭТ,доцент,д.н.
Семенов Е.П.,ИТМО,доцент,к.н.
Волков Ж.Р.,ФИТ,,д.н.
Новиков М.Ю.,ФУПМ,ассистент,к.н.
Попов Е.П.,ФЭТ,профессор,д.н.
Лебедева З.Т.,ФИВТ,,
Кузнецов З.Т.,ФРТ,,д.н.
Соколов Л.О.,ФПМИ,доцент,
Кузнецов Л.О.,ФФ,,
Соколов Г.Н.,ФУПМ,доцент,к.н.
Козлов К.М.,ФМиЕН,доцент,
Петров В.И.,ФИТ,профессор,
Егоров И.К.,ФРТ,профессор,к.н.
Кузнецов И.К.,ФРТ,доцент,
Новиков Ж.Р.,ФРТ,ассистент,д.н.
Козлов К.М.,ФЭТ,доцент,
Козлов Е.П.,ФФ,ассистент,
Семенов Г.Н.,ФИВТ,ассистент,д.н.
Соколов К.М.,ФПМИ,доцент,д.н.
Кузнецов Д.С.,ФПМИ,ассистент,д.н.
Смирнов В.И.,ФИВТ,профессор,к.н.
Петров К.М.,ФИТ,,к.н.
Сидоров А.А.,ФПМИ,профессор,к.н.
Козлов Ж.Р.,ФЭТ,доцент,д.н.
Петров Л.О.,ФИТ,,д.н.
Попов А.А.,ФИВТ,доцент,к.н.
Петров А.А.,ФИВТ,доцент,к.н.
Лебедева В.И.,ФИВТ,профессор,
Попов М.Ю.,ФМиЕН,ассистент,
Козлов И.К.,ФМиЕН,,д.н.
Иванов З.Т.,ФРТ,ассистент,д.н.
Соколов Е.П.,ФМиЕН,ассистент,д.н.
Петров Ж.Р.,ФФ,доцент,
Волков Д.С.,ФРТ,,д.н.
Кузнецов Ж.Р.,ФМиМ,ассистент,
Кузнецов М.Ю.,ФПМИ,,д.н.
Соколов К.М.,ФУПМ,ассистент,д.н.
Попов Б.В.,ФИТ,доцент,
Кузнецов В.И.,ФФ,,к.н.
Егоров Б.В.,ФЭТ,ассистент,к.н.
Иванов М.Ю.,ФУПМ,профессор,к.н.
Козлов Б.В.,ФИТ,доцент,к.н.
Лебедева Л.О.,ФЭТ,профессор,
Новиков Ж.Р.,ФФ,,
Сидоров Е.П.,ИТМО,доцент,
Лебедев В.И.,ИТМО,профессор,к.н.
Попов Е.П.,ФФ,ассистент,д.н.
Новиков Д.С.,ФМиЕН,ассистент,
Смирнов З.Т.,ФУПМ,профессор,д.н.
Алексеев И.К.,ФМиЕН,профессор,
Морозов Л.О.,ФПМИ,доцент,д.н.
Алексеев Г.Н.,ФФ,ассистент,
Смирнов И.К.,ФПМИ,,д.н.
Попов И.К.,ФФ,профессор,д.н.
Егоров Ж.Р.,ИТМО,ассистент,к.н.
Лебедев Ж.Р.,ФМиМ,ассистент,к.н.
Лебедев В.И.,ФИТ,профессор,к.н.
Иванов А.А.,ФПМИ,профессор,д.н.
Сидоров Б.В.,ИТМО,профессор,
Новиков К.М.,ФИВТ,доцент,к.н.
Кузнецов К.М.,ФУПМ,доцент,к.н.
Новиков Г.Н.,ФУПМ,профессор,к.н.
Петров Л.О.,ФПМИ,,к.н.
Волков М.Ю.,ФМиЕН,доцент,
Козлов И.К.,ФРТ,ассистент,д.н.
Смирнов Ж.Р.,ФРТ,,
Лебедев З.Т.,ИТМО,доцент,к.н.
Сидоров Ж.Р.,ФМиМ,,
Иванов М.Ю.,ФМиЕН,,д.н.
Козлов К.М.,ФИВТ,ассистент,д.н.
Иванов В.И.,ФРТ,,д.н.
Семенов Г.Н.,ФМиЕН,,д.н.
Семенов А.А.,ФФ,профессор,д.н.
Лебедева В.И.,ФМиЕН,профессор,д.н.
Морозов А.А.,ФРТ,,
Козлов Л.О.,ФМиМ,,к.н.
Лебедева В.И.,ФИВТ,доцент,д.н.
Иванов Б.В.,ФПМИ,доцент,
Алексеев К.М.,ФУПМ,,
Смирнов В.И.,ФУПМ,доцент,д.н.
Смирнов Г.Н.,ФМиМ,ассистент,
Новиков Л.О.,ФУПМ,ассистент,д.н.
Кузнецов Л.О.,ФЭТ,ассистент,к.н.
Иванов К.М.,ФИТ,доцент,д.н.
Иванов Ж.Р.,ФФ,профессор,
Лебедева З.Т.,ИТМО,,
Лебедев Ж.Р.,ИТМО,доцент,д.н.
Смирнов Б.В.,ФФ,профессор,д.н.
Петров Л.О.,ФИТ,ассистент,д.н.
Иванов К.М.,ФУПМ,доцент,к.н.
Семенов И.К.,ФЭТ,доцент,
Соколов Ж.Р.,ФИТ,,к.н.
Сидоров Л.О.,ФУПМ,,
Волков А.А.,ФМиЕН,профессор,д.н.
Семенов И.К.,ИТМО,доцент,д.н.
Кузнецов З.Т.,ФМиЕН,,к.н.
Семенов Е.П.,ФПМИ,ассистент,
Волков В.И.,ФИТ,ассистент,д.н.
Сидоров Ж.Р.,ФЭТ,профессор,
Семенов Ж.Р.,ФУПМ,профессор,д.н.
Петров Ж.Р.,ФЭТ,доцент,
Иванов З.Т.,ФРТ,профессор,к.н.
Смирнов Д.С.,ФУПМ,профессор,д.н.
Петров М.Ю.,ФФ,профессор,
Лебедева И.К.,ФФ,профессор,к.н.
Новиков И.К.,ФИТ,,
Смирнов Е.П.,ФИТ,,д.н.
Морозов Г.Н.,ФРТ,ассистент,
Лебедева А.А.,ИТМО,ассистент,
Петров И.К.,ФИВТ,профессор,
Егоров Д.С.,ФПМИ,ассистент,д.н.
Егоров А.А.,ФМиЕН,ассистент,
Кузнецов М.Ю.,ИТМО,профессор,к.н.
Семенов В.И.,ФЭТ,ассистент,д.н.
Новиков Г.Н.,ФРТ,ассистент,
Попов Д.С.,ФМиМ,ассистент,к.н.
Морозов И.К.,ФИТ,ассистент,
Лебедева Е.П.,ФИВТ,доцент,к.н.
Егоров З.Т.,ИТМО,,
Новиков Д.С.,ФИВТ,профессор,
Иванов И.К.,ФИВТ,доцент,
Морозов З.Т.,ФМиМ,доцент,д.н.
Смирнов М.Ю.,ФФ,профессор,
Семенов Ж.Р.,ФМиМ,профессор,д.н.
Семенов А.А.,ФФ,ассистент,
Морозов Ж.Р.,ФИВТ,ассистент,
Попов Л.О.,ФУПМ,,к.н.
Попов В.И.,ИТМО,,
Алексеев З.Т.,ФЭТ,,д.н.
Лебедева Ж.Р.,ИТМО,доцент,д.н.
Волков И.К.,ФИТ,,д.н.
Волков Г.Н.,ФРТ,,к.н.
Козлов Г.Н.,ФПМИ,,
Соколов К.М.,ФМиЕН,доцент,д.н.
Волков А.А.,ИТМО,доцент,
Соколов В.И.,ФМиМ,,к.н.
Козлов А.А.,ФПМИ,доцент,
Лебедева Д.С.,ФМиЕН,доцент,д.н.
Попов Б.В.,ИТМО,доцент,к.н.
Егоров Е.П.,ФИВТ,профессор,
Иванов Ж.Р.,ФРТ,,
Сидоров Ж.Р.,ФИВТ,профессор,
Новиков З.Т.,ФУПМ,,к.н.
Морозов З.Т.,ФПМИ,ассистент,к.н.
Алексеев Л.О.,ИТМО,профессор,д.н.
Лебедева И.К.,ФПМИ,,к.н.
Волков А.А.,ФРТ,профессор,
Смирнов И.К.,ФУПМ,профессор,к.н.
Иванов А.А.,ФФ,ассистент,
Петров В.И.,ФИВТ,ассистент,
Лебедева М.Ю.,ФИВТ,профессор,к.н.
Волков М.Ю.,ФМиЕН,профессор,д.н.
Попов Ж.Р.,ФФ,,
Семенов М.Ю.,ИТМО,,к.н.
Кузнецов А.А.,ИТМО,доцент,д.н.
Сидоров Е.П.,ИТМО,,д.н.
Смирнов А.А.,ФФ,,д.н.
Попов Л.О.,ИТМО,профессор,
Лебедев А.А.,ФМиЕН,профессор,к.н.
Лебедев К.М.,ФЭТ,,к.н.
Морозов А.А.,ФПМИ,профессор,
Кузнецов З.Т.,ФЭТ,доцент,
Сидоров М.Ю.,ФФ,доцент,к.н.
Попов Г.Н.,ФЭТ,ассистент,
Иванов А.А.,ФПМИ,профессор,
Алексеев К.М.,ФИТ,профессор,д.н.
Попов Е.П.,ФУПМ,профессор,к.н.
Попов Е.П.,ФРТ,профессор,
Кузнецов Г.Н.,ФИТ,профессор,к.н.
Новиков А.А.,ФУПМ,доцент,к.н.
Кузнецов Г.Н.,ФМиЕН,профессор,д.н.
Сидоров Л.О.,ФЭТ,ассистент,к.н.
Петров А.А.,ФМиЕН,доцент,к.н.
Козлов И.К.,ФМиЕН,доцент,к.н.
Лебедева Ж.Р.,ФЭТ,,
Новиков В.И.,ФИВТ,доцент,к.н.
Смирнов Е.П.,ФЭТ,доцент,к.н.
Кузнецов Д.С.,ИТМО,профессор,
Новиков Б.В.,ФФ,ассистент,д.н.
Иванов И.К.,ФЭТ,доцент,к.н.
Лебедев Л.О.,ФИТ,,
Волков З.Т.,ИТМО,доцент,к.н.
Морозов Ж.Р.,ФЭТ,доцент,к.н.
Лебедева К.М.,ФИВТ,ассистент,д.н.
Сидоров А.А.,ФУПМ,доцент,д.н.
Попов Д.С.,ФИТ,профессор,
Егоров К.М.,ИТМО,профессор,
Морозов Л.О.,ФПМИ,доцент,к.н.
Волков Д.С.,ФМиМ,ассистент,
Попов Л.О.,ФИВТ,,д.н.
Попов З.Т.,ФИВТ,профессор,д.н.
Морозов И.К.,ИТМО,ассистент,к.н.
Петров В.И.,ФМиЕН,доцент,д.н.
Смирнов Л.О.,ФРТ,,
Попов З.Т.,ФМиМ,ассистент,д.н.
Новиков Г.Н.,ФИВТ,профессор,к.н.
Попов Д.С.,ФУПМ,профессор,к.н.
Козлов Ж.Р.,ФЭТ,доцент,д.н.
Козлов А.А.,ФУПМ,,
Петров Г.Н.,ФИТ,доцент,
Лебедева Е.П.,ФЭТ,профессор,к.н.
Волков Ж.Р.,ФФ,профессор,д.н.
Волков А.А.,ФМиЕН,профессор,
Алексеев З.Т.,ФФ,ассистент,к.н.
Соколов К.М.,ИТМО,ассистент,д.н.
Морозов Ж.Р.,ФУПМ,профессор,к.н.
Волков Д.С.,ФФ,ассистент,д.н.
Петров В.И.,ФЭТ,профессор,д.н.
Козлов К.М.,ФФ,,д.н.
Алексеев И.К.,ФРТ,,к.н.
Егоров И.К.,ФФ,,д.н.
Морозов Е.П.,ФМиЕН,ассистент,д.н.
Кузнецов И.К.,ФМиЕН,профессор,
Алексеев К.М.,ФПМИ,,к.н.
Егоров З.Т.,ФМиЕН,,
Алексеев Е.П.,ИТМО,,
Кузнецов М.Ю.,ФЭТ,доцент,д.н.
Лебедева В.И.,ФМиЕН,доцент,д.н.
Семенов З.Т.,ФМиЕН,доцент,д.н.
Лебедева З.Т.,ИТМО,доцент,д.н.
Кузнецов З.Т.,ФФ,профессор,
Алексеев Д.С.,ФРТ,профессор,
Попов З.Т.,ФФ,профессор,к.н.
Волков А.А.,ФУПМ,ассистент,д.н.
Волков Б.В.,ФМиМ,доцент,д.н.
Морозов Б.В.,ФИТ,,
Смирнов А.А.,ФМиЕН,ассистент,
Попов Г.Н.,ФИТ,,
Новиков В.И.,ФИВТ,,
Семенов Б.В.,ФИВТ,,
Алексеев К.М.,ИТМО,,
Смирнов К.М.,ФМиЕН,профессор,
Лебедев Е.П.,ФУПМ,профессор,
Лебедев Г.Н.,ФИТ,доцент,к.н.
Волков И.К.,ФПМИ,ассистент,д.н.
Морозов К.М.,ИТМО,,д.н.
Сидоров К.М.,ФЭТ,доцент,к.н.
Лебедева Б.В.,ФМиЕН,ассистент,к.н.
Волков Е.П.,ФПМИ,профессор,д.н.
Егоров Б.В.,ФРТ,профессор,д.н.
Кузнецов В.И.,ФПМИ,доцент,д.н.
Петров К.М.,ФЭТ,профессор,
Сидоров Д.С.,ФМиЕН,доцент,к.н.
Иванов И.К.,ФМиМ,,д.н.
Новиков В.И.,ФУПМ,ассистент,к.н.
Иванов Б.В.,ИТМО,профессор,к.н.
Попов Б.В.,ФИВТ,профессор,
Алексеев Д.С.,ФМиМ,доцент,д.н.
Семенов Г.Н.,ФИВТ,,
Лебедева Г.Н.,ИТМО,,д.н.
Кузнецов З.Т.,ИТМО,,
Петров Л.О.,ФРТ,доцент,к.н.
Попов А.А.,ФМиМ,ассистент,д.н.
Волков В.И.,ФЭТ,доцент,д.н.
Попов М.Ю.,ФИВТ,профессор,к.н.
Петров Г.Н.,ФМиЕН,доцент,д.н.
Козлов Ж.Р.,ФРТ,,
Петров Г.Н.,ИТМО,доцент,к.н.
Сидоров М.Ю.,ФМиМ,профессор,д.н.
Лебедева Г.Н.,ФИВТ,ассистент,к.н.
Иванов Ж.Р.,ФИВТ,,
Лебедев А.А.,ИТМО,,
Петров Ж.Р.,ФМиМ,доцент,к.н.
Петров Б.В.,ФРТ,ассистент,
Иванов Л.О.,ФРТ,доцент,д.н.
Волков Г.Н.,ФМиМ,,
Петров Л.О.,ФИВТ,профессор,д.н.
Иванов Г.Н.,ФМиМ,ассистент,
Морозов Б.В.,ФМиЕН,ассистент,
Лебедева И.К.,ФЭТ,ассистент,
Кузнецов М.Ю.,ФПМИ,ассистент,к.н.
Соколов Ж.Р.,ФУПМ,профессор,д.н.
Волков Б.В.,ФФ,,к.н.
Новиков Ж.Р.,ФИВТ,,
Егоров Е.П.,ФЭТ,профессор,д.н.
Алексеев Е.П.,ФМиМ,ассистент,
Петров Ж.Р.,ФМиЕН,профессор,
Морозов Л.О.,ФРТ,ассистент,к.н.
Иванов Ж.Р.,ИТМО,ассистент,к.н.
Лебедева Ж.Р.,ИТМО,ассистент,к.н.
Лебедев К.М.,ФЭТ,доцент,
Кузнецов М.Ю.,ФРТ,доцент,д.н.
Морозов Ж.Р.,ФИВТ,,
Петров Ж.Р.,ФРТ,,
Лебедева Е.П.,ФМиМ,ассистент,к.н.
Петров К.М.,ФМиМ,доцент,д.н.
Кузнецов М.Ю.,ФМиЕН,ассистент,к.н.
Морозов Д.С.,ФЭТ,,
Морозов А.А.,ФЭТ,профессор,к.н.
Лебедев Ж.Р.,ФИТ,профессор,к.н.
Козлов Ж.Р.,ФУПМ,профессор,к.н.
Морозов Е.П.,ИТМО,ассистент,д.н.
Попов Л.О.,ФИТ,профессор,
Семенов Ж.Р.,ФИВТ,профессор,д.н.
Попов Л.О.,ФЭТ,,
Лебедев М.Ю.,ФУПМ,,
Кузнецов Ж.Р.,ФФ,профессор,
Семенов Ж.Р.,ФРТ,доцент,
Лебедева Б.В.,ИТМО,профессор,
Семенов Б.В.,ФУПМ,ассистент,
Новиков Г.Н.,ФИТ,,
Попов Ж.Р.,ФЭТ,профессор,к.н.
Егоров Е.П.,ФРТ,ассистент,д.н.
Алексеев Б.В.,ФЭТ,,
Лебедев И.К.,ФРТ,ассистент,д.н.
Соколов З.Т.,ФУПМ,ассистент,д.н.
Лебедев И.К.,ФМиЕН,ассистент,к.н.
Козлов Г.Н.,ФФ,профессор,к.н.
Лебедева В.И.,ФИВТ,,
Сидоров К.М.,ФРТ,,д.н.
Волков Е.П.,ФИТ,ассистент,к.н.
Алексеев Г.Н.,ФФ,ассистент,д.н.
Новиков М.Ю.,ФРТ,профессор,к.н.
Морозов В.И.,ИТМО,,к.н.
Лебедева В.И.,ФУПМ,ассистент,к.н.
Козлов Г.Н.,ФМиМ,,д.н.
Морозов К.М.,ФФ,доцент,
Петров М.Ю.,ФРТ,ассистент,
Лебедева Г.Н.,ФФ,профессор,к.н.
Новиков В.И.,ФФ,доцент,д.н.
Попов А.А.,ФЭТ,ассистент,к.н.
Козлов Г.Н.,ФМиЕН,ассистент,к.н.
Егоров Ж.Р.,ФМиЕН,ассистент,д.н.
Лебедев Ж.Р.,ФФ,,д.н.
Егоров К.М.,ФФ,профессор,д.н.
Лебедев И.К.,ФЭТ,ассистент,д.н.
Иванов Д.С.,ФМиМ,доцент,д.н.
Смирнов Г.Н.,ФФ,доцент,д.н.
Лебедева И.К.,ФМиМ,профессор,к.н.
Попов Б.В.,ФИВТ,доцент,д.н.
Соколов З.Т.,ФЭТ,профессор,
Козлов Ж.Р.,ФИТ,,к.н.
Егоров В.И.,ФИТ,,д.н.
Козлов М.Ю.,ФРТ,профессор,к.н.
Смирнов Д.С.,ИТМО,,к.н.
Новиков Л.О.,ФУПМ,ассистент,к.н.
Кузнецов В.И.,ИТМО,доцент,к.н.
Соколов З.Т.,ФУПМ,профессор,
Соколов М.Ю.,ФМиМ,профессор,
Волков Д.С.,ФИТ,ассистент,к.н.
Новиков Б.В.,ФИВТ,,
Иванов К.М.,ФУПМ,профессор,д.н.
Морозов В.И.,ФФ,ассистент,к.н.
Алексеев Д.С.,ИТМО,ассистент,к.н.
Морозов Ж.Р.,ФЭТ,доцент,к.н.
Сидоров Е.П.,ФИВТ,профессор,
Волков Л.О.,ФМиМ,ассистент,
Смирнов Л.О.,ФПМИ,ассистент,
Морозов Д.С.,ФМиМ,профессор,
Козлов И.К.,ФЭТ,доцент,
Кузнецов А.А.,ФМиМ,ассистент,д.н.
Смирнов Е.П.,ФУПМ,,к.н.
Семенов Ж.Р.,ФЭТ,,
Алексеев З.Т.,ФМиМ,ассистент,д.н.
Соколов Г.Н.,ФИТ,ассистент,д.н.
Лебедева Е.П.,ФМиЕН,,
Соколов Г.Н.,ФЭТ,профессор,к.н.
Егоров З.Т.,ИТМО,ассистент,к.н.
Кузнецов И.К.,ФФ,доцент,к.н.
Лебедев А.А.,ФФ,профессор,к.н.
Козлов В.И.,ФМиЕН,,д.н.
Смирнов В.И.,ФИТ,доцент,
Соколов Г.Н.,ИТМО,доцент,
Волков Б.В.,ФФ,,д.н.
Сидоров Ж.Р.,ФФ,ассистент,д.н.
Егоров В.И.,ФРТ,ассистент,к.н.
Алексеев М.Ю.,ФЭТ,ассистент,д.н.
Волков И.К.,ФЭТ,профессор,д.н.
Волков И.К.,ФИВТ,профессор,д.н.
Козлов К.М.,ФПМИ,профессор,к.н.
Алексеев В.И.,ФУПМ,ассистент,д.н.
Попов З.Т.,ФЭТ,профессор,д.н.
Лебедев Д.С.,ФМиЕН,,д.н.
Семенов З.Т.,ФИТ,,д.н.
Новиков К.М.,ФПМИ,,
Новиков Ж.Р.,ФУПМ,ассистент,
Сидоров Б.В.,ФРТ,доцент,к.н.
Кузнецов Г.Н.,ФЭТ,профессор,
Алексеев Ж.Р.,ФМиМ,,д.н.
Попов М.Ю.,ФУПМ,доцент,д.н.
Смирнов В.И.,ФУПМ,доцент,д.н.
Иванов К.М.,ФУПМ,,к.н.
Лебедев Б.В.,ФИВТ,профессор,д.н.
Козлов Д.С.,ФИТ,доцент,
Соколов К.М.,ФМиЕН,ассистент,к.н.
Иванов Г.Н.,ИТМО,,д.н.
Петров М.Ю.,ИТМО,доцент,
Попов Е.П.,ИТМО,ассистент,д.н.
Егоров Д.С.,ФИВТ,ассистент,
Смирнов Е.П.,ФИТ,профессор,к.н.
Морозов Д.С.,ФИВТ,профессор,к.н.
Иванов А.А.,ФМиМ,,
Новиков И.К.,ИТМО,доцент,
Попов Г.Н.,ФУПМ,профессор,д.н.
Морозов Г.Н.,ИТМО,доцент,д.н.
Новиков Д.С.,ФИТ,профессор,
Кузнецов Ж.Р.,ФФ,профессор,д.н.
Лебедев В.И.,ФИТ,профессор,
Морозов Г.Н.,ФФ,,д.н.
Иванов В.И.,ФИВТ,профессор,к.н.
Лебедев И.К.,ИТМО,,д.н.
Лебедев Е.П.,ФИТ,доцент,к.н.
Новиков З.Т.,ФМиЕН,доцент,
Козлов В.И.,ФПМИ,ассистент,д.н.
Кузнецов И.К.,ФПМИ,ассистент,
Семенов Б.В.,ФРТ,профессор,
Егоров Д.С.,ФУПМ,профессор,к.н.
Попов К.М.,ФИВТ,профессор,
Лебедева Б.В.,ФПМИ,профессор,к.н.
Иванов Д.С.,ФРТ,ассистент,д.н.
Сидоров Б.В.,ИТМО,,
Волков К.М.,ФИТ,ассистент,к.н.
Соколов Г.Н.,ФФ,,д.н.
Козлов А.А.,ФРТ,,
Алексеев Б.В.,ФМиЕН,ассистент,к.н.
Алексеев З.Т.,ФМиМ,ассистент,к.н.
Соколов Ж.Р.,ФИТ,профессор,к.н.
Петров И.К.,ФФ,ассистент,к.н.
Лебедева Ж.Р.,ФРТ,доцент,д.н.
Лебедев Г.Н.,ФМиМ,,к.н.
Смирнов Г.Н.,ФИВТ,,к.н.
Смирнов Е.П.,ФПМИ,доцент,д.н.
Новиков М.Ю.,ФИВТ,,к.н.
Лебедев И.К.,ФУПМ,профессор,к.н.
Алексеев Д.С.,ФМиЕН,профессор,
Лебедева А.А.,ФМиЕН,,д.н.
Лебедев Е.П.,ФЭТ,профессор,д.н.
Волков М.Ю.,ФРТ,ассистент,д.н.
Соколов Д.С.,ФРТ,,д.н.
Иванов В.И.,ФИВТ,доцент,
Козлов Е.П.,ФРТ,ассистент,
Алексеев Д.С.,ФФ,профессор,к.н.
Волков Г.Н.,ФУПМ,доцент,д.н.
Соколов А.А.,ФМиЕН,доцент,д.н.
Соколов Ж.Р.,ФЭТ,,д.н.
Алексеев Д.С.,ФМиМ,,
Лебедев Г.Н.,ИТМО,доцент,к.н.
Сидоров Д.С.,ФУПМ,ассистент,д.н.
Новиков И.К.,ИТМО,,д.н.
Соколов Л.О.,ФМиМ,,
Лебедева Г.Н.,ФИТ,ассистент,
Новиков М.Ю.,ФРТ,доцент,
Алексеев Е.П.,ФУПМ,ассистент,д.н.
Кузнецов Г.Н.,ФПМИ,,к.н.
Смирнов Л.О.,ФРТ,профессор,д.н.
Семенов Г.Н.,ФФ,ассистент,
Петров М.Ю.,ФЭТ,доцент,
Семенов М.Ю.,ФРТ,,д.н.
Сидоров Ж.Р.,ФМиМ,,к.н.
Семенов Г.Н.,ИТМО,доцент,д.н.
Иванов А.А.,ФЭТ,,д.н.
Иванов Б.В.,ФИТ,ассистент,д.н.
Кузнецов И.К.,ФИВТ,доцент,к.н.
Лебедев Б.В.,ФУПМ,,к.н.
Лебедев Ж.Р.,ФМиМ,ассистент,д.н.
Попов Д.С.,ФУПМ,доцент,д.н.
Петров Ж.Р.,ФРТ,ассистент,к.н.
Попов Л.О.,ФУПМ,,д.н.
Егоров А.А.,ФМиМ,профессор,
Егоров А.А.,ФФ,,к.н.
Сидоров М.Ю.,ФУПМ,профессор,
Кузнецов Б.В.,ФИВТ,ассистент,д.н.
Сидоров Г.Н.,ФИТ,ассистент,
Семенов Е.П.,ФУПМ,ассистент,д.н.
Егоров Б.В.,ФИТ,,к.н.
Волков И.К.,ФУПМ,доцент,
Иванов З.Т.,ФФ,доцент,д.н.
Лебедев И.К.,ФФ,ассистент,
Егоров А.А.,ФИТ,профессор,к.н.
Семенов Л.О.,ФУПМ,доцент,д.н.
Морозов В.И.,ИТМО,ассистент,д.н.
Волков Л.О.,ФУПМ,,д.н.
Лебедева Е.П.,ФИВТ,доцент,д.н.
Попов А.А.,ИТМО,профессор,
Лебедев К.М.,ФИВТ,ассистент,к.н.
Кузнецов З.Т.,ФПМИ,,д.н.
Соколов Б.В.,ФМиМ,ассистент,д.н.
Сидоров М.Ю.,ФПМИ,доцент,
Смирнов Л.О.,ФПМИ,,
Семенов Б.В.,ФМиМ,доцент,к.н.
Морозов Б.В.,ФРТ,профессор,
Лебедева Л.О.,ФИВТ,доцент,
Смирнов Д.С.,ФЭТ,доцент,д.н.
Алексеев Б.В.,ФЭТ,доцент,д.н.
Кузнецов Ж.Р.,ФРТ,ассистент,к.н.
Егоров З.Т.,ФРТ,доцент,к.н.
Лебедева Е.П.,ФМиЕН,доцент,
Сидоров В.И.,ФМиМ,ассистент,д.н.
Сидоров Л.О.,ФИТ,доцент,д.н.
Егоров Е.П.,ФУПМ,,
Морозов М.Ю.,ФМиМ,профессор,к.н.
Лебедев А.А.,ФЭТ,ассистент,к.н.
Семенов Ж.Р.,ФЭТ,доцент,д.н.
Козлов Д.С.,ФМиМ,профессор,д.н.
Иванов Г.Н.,ФУПМ,ассистент,к.н.
Сидоров Д.С.,ФФ,ассистент,
Егоров Д.С.,ФМиМ,доцент,
Новиков Е.П.,ФФ,ассистент,к.н.
Лебедев М.Ю.,ИТМО,доцент,
Иванов В.И.,ФМиМ,ассистент,к.н.
Алексеев А.А.,ФЭТ,доцент,
Морозов Б.В.,ФФ,доцент,д.н.
Сидоров В.И.,ФФ,профессор,д.н.
Попов М.Ю.,ФМиМ,,к.н.
Кузнецов Г.Н.,ФПМИ,ассистент,д.н.
Волков В.И.,ФИВТ,профессор,
Сидоров З.Т.,ФПМИ,ассистент,
Лебедева Е.П.,ИТМО,доцент,к.н.
Смирнов В.И.,ФМиЕН,профессор,д.н.
Козлов К.М.,ФИТ,ассистент,
Иванов Б.В.,ФЭТ,,
Егоров А.А.,ФИТ,профессор,д.н.
Морозов Б.В.,ФМиМ,профессор,к.н.
Лебедев К.М.,ФФ,,д.н.
Семенов М.Ю.,ФМиМ,,д.н.
Иванов И.К.,ФМиМ,ассистент,к.н.
Смирнов М.Ю.,ФУПМ,,
Попов М.Ю.,ФМиЕН,профессор,к.н.
Иванов З.Т.,ФИТ,доцент,д.н.
Алексеев Ж.Р.,ФРТ,,д.н.
Лебедева А.А.,ФФ,профессор,
Семенов Б.В.,ФМиМ,ассистент,д.н.
Егоров Д.С.,ФМиЕН,профессор,д.н.
Волков М.Ю.,ФУПМ,профессор,
Кузнецов Л.О.,ФМиЕН,,к.н.
Волков Д.С.,ФРТ,ассистент,к.н.
Сидоров М.Ю.,ФРТ,,
Егоров К.М.,ФУПМ,ассистент,
Кузнецов Г.Н.,ФУПМ,профессор,к.н.
Соколов И.К.,ФИТ,,д.н.
Лебедев Ж.Р.,ФИВТ,доцент,д.н.
Волков В.И.,ФФ,профессор,
Лебедева Г.Н.,ФФ,доцент,
Петров И.К.,ФИТ,,
Козлов Г.Н.,ФПМИ,доцент,к.н.
Лебедева Ж.Р.,ФЭТ,профессор,
Петров Б.В.,ФМиЕН,доцент,д.н.
Алексеев Е.П.,ФМиЕН,доцент,д.н.
Петров Г.Н.,ФИТ,ассистент,
Волков М.Ю.,ФИВТ,,
Козлов Л.О.,ФИВТ,ассистент,
Лебедев В.И.,ФФ,ассистент,
Козлов Ж.Р.,ИТМО,профессор,
Кузнецов Г.Н.,ФПМИ,доцент,д.н.
Сидоров Д.С.,ФИТ,доцент,к.н.
Алексеев М.Ю.,ФЭТ,ассистент,д.н.
Соколов И.К.,ФИТ,профессор,д.н.
Алексеев В.И.,ИТМО,профессор,
Попов М.Ю.,ФМиМ,профессор,
Иванов М.Ю.,ФУПМ,,
Лебедев З.Т.,ФУПМ,,д.н.
Семенов Е.П.,ФИТ,доцент,
Петров И.К.,ИТМО,,
Козлов Е.П.,ФИТ,ассистент,
Егоров Л.О.,ФМиЕН,профессор,к.н.
Волков Ж.Р.,ФУПМ,,
Алексеев А.А.,ФУПМ,ассистент,к.н.
Алексеев Ж.Р.,ФУПМ,профессор,д.н.
Волков Л.О.,ФИТ,ассистент,
Семенов З.Т.,ФЭТ,ассистент,к.н.
Лебедев Л.О.,ИТМО,,
Смирнов М.Ю.,ФМиМ,доцент,
Волков М.Ю.,ФФ,доцент,д.н.
Алексеев Д.С.,ФФ,ассистент,
Семенов М.Ю.,ФРТ,доцент,к.н.
Лебедев Л.О.,ФИТ,,д.н.
Алексеев А.А.,ИТМО,ассистент,к.н.
Иванов Л.О.,ФРТ,доцент,к.н.
Морозов М.Ю.,ФИВТ,ассистент,к.н.
Лебедев А.А.,ФИТ,профессор,
Иванов В.И.,ФПМИ,ассистент,
Петров Ж.Р.,ФИВТ,профессор,
Семенов Г.Н.,ФУПМ,профессор,
Морозов А.А.,ИТМО,профессор,к.н.
Алексеев Ж.Р.,ФФ,ассистент,
Кузнецов А.А.,ИТМО,профессор,
Лебедев Ж.Р.,ФИТ,,д.н.
Иванов А.А.,ФИВТ,ассистент,к.н.
Егоров И.К.,ФУПМ,ассистент,д.н.
Соколов Б.В.,ИТМО,ассистент,
Соколов З.Т.,ФЭТ,,
Егоров К.М.,ФРТ,ассистент,
Сидоров Д.С.,ФУПМ,доцент,д.н.
Сидоров Е.П.,ФЭТ,ассистент,к.н.
Иванов Г.Н.,ФПМИ,ассистент,
Петров Б.В.,ФЭТ,ассистент,
Петров М.Ю.,ФМиМ,,
Волков А.А.,ФМиЕН,профессор,
Иванов Ж.Р.,ФМиМ,,д.н.
Попов К.М.,ФИТ,доцент,к.н.
Алексеев М.Ю.,ФЭТ,ассистент,
Соколов З.Т.,ФМиМ,,
Семенов З.Т.,ФЭТ,доцент,
Петров Д.С.,ФМиЕН,профессор,д.н.
Волков Г.Н.,ФИТ,,
Соколов В.И.,ИТМО,ассистент,к.н.
Семенов Е.П.,ФИТ,,к.н.
Соколов Л.О.,ФИТ,доцент,д.н.
Лебедев К.М.,ФУПМ,ассистент,к.н.
Волков М.Ю.,ФЭТ,доцент,к.н.
Козлов В.И.,ФМиМ,доцент,к.н.
Козлов Л.О.,ИТМО,ассистент,д.н.
Лебедева Д.С.,ФРТ,,к.н.
Алексеев Г.Н.,ФФ,,
Попов В.И.,ФРТ,ассистент,д.н.
Иванов Г.Н.,ФИВТ,профессор,
Иванов А.А.,ФМиМ,профессор,к.н.
Лебедев В.И.,ФРТ,профессор,к.н.
Смирнов И.К.,ФРТ,доцент,к.н.
Соколов Б.В.,ФМиЕН,ассистент,к.н.
Сидоров Ж.Р.,ФМиМ,доцент,д.н.
Иванов К.М.,ФУПМ,профессор,к.н.
Смирнов Б.В.,ФЭТ,ассистент,к.н.
Лебедев В.И.,ФИВТ,профессор,д.н.
Лебедев А.А.,ФЭТ,,д.н.
Сидоров И.К.,ФРТ,ассистент,
Смирнов Д.С.,ФМиМ,ассистент,
Волков М.Ю.,ФЭТ,,д.н.
Лебедев М.Ю.,ФИВТ,,д.н.
Лебедева Ж.Р.,ФМиЕН,профессор,
Алексеев И.К.,ФПМИ,доцент,д.н.
Сидоров Г.Н.,ФФ,,д.н.
Попов М.Ю.,ФМиЕН,,к.н.
Иванов А.А.,ФПМИ,,
Попов В.И.,ФПМИ,ассистент,к.н.
Смирнов Г.Н.,ФРТ,доцент,д.н.
Попов Д.С.,ИТМО,доцент,
Иванов В.И.,ФМиМ,,
Лебедев З.Т.,ФПМИ,,к.н.
Новиков Е.П.,ФМиЕН,ассистент,д.н.
Алексеев А.А.,ФПМИ,доцент,д.н.
Соколов В.И.,ФПМИ,,к.н.
Козлов Б.В.,ФМиМ,ассистент,д.н.
Попов К.М.,ФФ,доцент,д.н.
Смирнов Д.С.,ФПМИ,ассистент,к.н.
Семенов Б.В.,ФЭТ,доцент,
Соколов Е.П.,ФМиЕН,,
Кузнецов Д.С.,ФЭТ,профессор,д.н.
Морозов Ж.Р.,ФМиЕН,профессор,к.н.
Семенов З.Т.,ФМиЕН,профессор,
Волков Ж.Р.,ФИВТ,профессор,д.н.
Алексеев А.А.,ФФ,,д.н.
Кузнецов З.Т.,ФУПМ,профессор,
Новиков Ж.Р.,ФИТ,доцент,
Лебедева Ж.Р.,ФФ,профессор,
Попов Ж.Р.,ФИТ,,
Лебедева Л.О.,ФИТ,доцент,к.н.
Лебедева Г.Н.,ФФ,профессор,д.н.
Алексеев А.А.,ФПМИ,доцент,к.н.
Смирнов Б.В.,ФФ,доцент,д.н.
Лебедев Б.В.,ФРТ,,к.н.
Сидоров З.Т.,ФЭТ,ассистент,д.н.
Смирнов Д.С.,ФРТ,доцент,к.н.
Алексеев З.Т.,ФПМИ,профессор,
Егоров А.А.,ФРТ,доцент,к.н.
Алексеев Б.В.,ИТМО,профессор,
Алексеев Г.Н.,ФУПМ,,
Морозов Б.В.,ФУПМ,профессор,к.н.
Сидоров К.М.,ФЭТ,доцент,
Алексеев З.Т.,ФИТ,,
Кузнецов К.М.,ФУПМ,профессор,
Семенов В.И.,ФРТ,доцент,
Козлов З.Т.,ФФ,,д.н.
Козлов Г.Н.,ФИТ,,
Смирнов М.Ю.,ФУПМ,ассистент,
Морозов В.И.,ФИВТ,,к.н.
Козлов К.М.,ФПМИ,ассистент,
Волков Д.С.,ФМиЕН,профессор,д.н.
Новиков Б.В.,ФМиЕН,,
Попов К.М.,ФПМИ,,к.н.
Лебедева Л.О.,ФРТ,профессор,
Козлов И.К.,ФМиМ,,
Егоров М.Ю.,ИТМО,,к.н.
Козлов Ж.Р.,ИТМО,,д.н.
Лебедева Ж.Р.,ФФ,ассистент,д.н.
Попов К.М.,ФФ,доцент,к.н.
Козлов Ж.Р.,ФМиМ,ассистент,
Соколов З.Т.,ФУПМ,профессор,к.н.
Волков Д.С.,ФУПМ,,д.н.
Лебедева М.Ю.,ФРТ,,д.н.
Иванов Б.В.,ФРТ,ассистент,д.н.
Лебедев Л.О.,ФМиМ,доцент,д.н.
Иванов И.К.,ФЭТ,доцент,д.н.
Алексеев Д.С.,ФМиМ,профессор,к.н.
Иванов Д.С.,ФПМИ,профессор,к.н.
Соколов В.И.,ФФ,,к.н.
Алексеев Б.В.,ИТМО,,к.н.
Козлов Е.П.,ФФ,,к.н.
Смирнов Б.В.,ФПМИ,профессор,к.н.
Кузнецов А.А.,ФУПМ,профессор,к.н.
Петров И.К.,ФУПМ,профессор,к.н.
Алексеев Л.О.,ФФ,доцент,
Смирнов М.Ю.,ФМиЕН,ассистент,
Лебедева И.К.,ФРТ,доцент,д.н.
Морозов В.И.,ФПМИ,,д.н.
Семенов В.И.,ФУПМ,ассистент,к.н.
Петров А.А.,ФМиМ,профессор,
Смирнов Ж.Р.,ФМиЕН,профессор,д.н.
Смирнов Г.Н.,ФЭТ,ассистент,к.н.
Егоров Д.С.,ФИВТ,,
Егоров К.М.,ФФ,доцент,
Смирнов З.Т.,ФИТ,ассистент,к.н.
Смирнов Д.С.,ФРТ,профессор,
Егоров К.М.,ФУПМ,,д.н.
Лебедева Г.Н.,ФПМИ,профессор,к.н.
Сидоров Б.В.,ФИТ,профессор,д.н.
Смирнов В.И.,ФМиМ,доцент,д.н.
Волков И.К.,ФПМИ,доцент,
Лебедев К.М.,ФУПМ,,
Петров В.И.,ФРТ,,
Волков Д.С.,ФУПМ,доцент,д.н.
Лебедева К.М.,ФМиМ,,к.н.
Лебедева А.А.,ФУПМ,ассистент,
Семенов Г.Н.,ФЭТ,доцент,д.н.
Иванов И.К.,ФПМИ,ассистент,
Волков Ж.Р.,ФУПМ,ассистент,д.н.
Смирнов Б.В.,ФРТ,доцент,к.н.
Смирнов Б.В.,ФРТ,профессор,
Сидоров В.И.,ФМиЕН,профессор,к.н.
Алексеев Б.В.,ФПМИ,ассистент,к.н.
Сидоров З.Т.,ФМиЕН,ассистент,к.н.
Лебедев Д.С.,ФУПМ,профессор,
Козлов Е.П.,ФРТ,профессор,
Петров А.А.,ФПМИ,,к.н.
Лебедев Д.С.,ФПМИ,,д.н.
Семенов Ж.Р.,ФИВТ,,д.н.
Смирнов Ж.Р.,ФЭТ,доцент,
Смирнов Г.Н.,ФМиМ,ассистент,к.н.
Иванов Ж.Р.,ФИТ,профессор,д.н.
Сидоров Г.Н.,ФИВТ,профессор,
Сидоров Е.П.,ФИВТ,доцент,д.н.
Морозов Е.П.,ФИВТ,доцент,д.н.
Морозов Ж.Р.,ФМиЕН,профессор,к.н.
Новиков К.М.,ФУПМ,профессор,д.н.
Смирнов Ж.Р.,ФФ,профессор,к.н.
Лебедева В.И.,ФИВТ,ассистент,к.н.
Семенов Е.П.,ФМиЕН,доцент,
Сидоров К.М.,ИТМО,,д.н.
Кузнецов М.Ю.,ИТМО,,
Соколов В.И.,ФЭТ,профессор,к.н.
Лебедева Ж.Р.,ФРТ,ассистент,
Сидоров Д.С.,ФПМИ,доцент,к.н.
Лебедев М.Ю.,ФФ,доцент,д.н.
Волков З.Т.,ИТМО,ассистент,д.н.
Попов И.К.,ФИТ,,д.н.
Сидоров З.Т.,ФПМИ,ассистент,д.н.
Егоров В.И.,ФРТ,ассистент,
Егоров Л.О.,ФЭТ,,к.н.
Семенов К.М.,ФИВТ,,
Морозов В.И.,ФПМИ,доцент,к.н.
Попов Д.С.,ФРТ,доцент,д.н.
Иванов В.И.,ИТМО,,д.н.
Сидоров З.Т.,ФМиМ,профессор,д.н.
Козлов А.А.,ФРТ,,к.н.
Сидоров А.А.,ФМиМ,,к.н.
Смирнов Г.Н.,ФФ,профессор,д.н.
Семенов В.И.,ФМиМ,ассистент,д.н.
Лебедева Г.Н.,ФУПМ,профессор,
Морозов В.И.,ФУПМ,доцент,
Соколов Д.С.,ФЭТ,ассистент,к.н.
Смирнов З.Т.,ФМиЕН,ассистент,д.н.
Соколов Л.О.,ФМиМ,профессор,
Кузнецов И.К.,ФМиЕН,доцент,
Егоров К.М.,ФИВТ,ассистент,к.н.
Морозов А.А.,ФУПМ,профессор,д.н.
Волков К.М.,ИТМО,,д.н.
Лебедев Е.П.,ФУПМ,ассистент,
Соколов Б.В.,ФФ,профессор,
Смирнов В.И.,ФУПМ,профессор,к.н.
Лебедев Б.В.,ФИТ,ассистент,д.н.
Соколов И.К.,ФЭТ,доцент,
Алексеев З.Т.,ФИТ,ассистент,д.н.
Сидоров Л.О.,ФМиЕН,,д.н.
Петров Г.Н.,ФУПМ,ассистент,
Попов К.М.,ФМиМ,профессор,д.н.
Смирнов З.Т.,ФФ,доцент,д.н.
Соколов Д.С.,ФРТ,доцент,
Петров Б.В.,ФУПМ,ассистент,к.н.
Лебедева А.А.,ИТМО,ассистент,д.н.
Семенов Б.В.,ФИВТ,,к.н.
Кузнецов Л.О.,ФЭТ,ассистент,д.н.
Смирнов И.К.,ФИВТ,,к.н.
Петров М.Ю.,ФРТ,,д.н.
Соколов Ж.Р.,ФМиЕН,профессор,
Лебедева Л.О.,ФЭТ,ассистент,к.н.
Смирнов Г.Н.,ИТМО,,к.н.
Лебедева Д.С.,ФИТ,ассистент,к.н.
Алексеев И.К.,ФЭТ,доцент,к.н.
Попов Б.В.,ФМиЕН,ассистент,к.н.
Новиков Е.П.,ФРТ,,
Семенов Е.П.,ФИВТ,,
Смирнов А.А.,ИТМО,профессор,
Кузнецов З.Т.,ФПМИ,профессор,
Иванов И.К.,ФФ,доцент,к.н.
Иванов Е.П.,ФФ,доцент,д.н.
Соколов Е.П.,ФМиМ,ассистент,
Волков А.А.,ФРТ,,к.н.
Попов А.А.,ФМиМ,доцент,д.н.
Иванов Б.В.,ФИВТ,профессор,д.н.
Иванов А.А.,ФИТ,доцент,к.н.
Смирнов К.М.,ИТМО,ассистент,
Соколов А.А.,ФИВТ,,
Сидоров В.И.,ФМиЕН,,д.н.
Козлов К.М.,ФУПМ,доцент,
Петров Б.В.,ФУПМ,,д.н.
Лебедев Ж.Р.,ФИТ,,
Егоров М.Ю.,ФУПМ,,к.н.
Егоров Б.В.,ФИТ,профессор,
Иванов А.А.,ФМиМ,профессор,к.н.
Морозов И.К.,ФИВТ,профессор,
Алексеев И.К.,ФУПМ,ассистент,
Иванов Г.Н.,ФПМИ,ассистент,к.н.
Лебедев Е.П.,ФЭТ,профессор,
Соколов З.Т.,ФИВТ,доцент,д.н.
Сидоров З.Т.,ИТМО,,к.н.
Лебедева З.Т.,ФФ,,д.н.
Семенов И.К.,ФМиМ,доцент,д.н.
Морозов И.К.,ФМиМ,ассистент,к.н.
Козлов З.Т.,ФИТ,доцент,д.н.
Иванов В.И.,ФУПМ,ассистент,д.н.
Сидоров М.Ю.,ФФ,профессор,к.н.
Семенов Ж.Р.,ФМиЕН,профессор,
Петров Е.П.,ФУПМ,профессор,д.н.
Семенов А.А.,ФУПМ,ассистент,к.н.
Смирнов И.К.,ФМиМ,профессор,д.н.
Семенов Ж.Р.,ФУПМ,профессор,к.н.
Волков Л.О.,ИТМО,профессор,
Новиков А.А.,ФМиМ,профессор,
Лебедев В.И.,ФРТ,,д.н.
Новиков И.К.,ФУПМ,профессор,
Лебедев Л.О.,ФРТ,доцент,
Попов М.Ю.,ФРТ,доцент,д.н.
Морозов Б.В.,ФИТ,профессор,д.н.
Семенов Г.Н.,ФИВТ,профессор,
Семенов А.А.,ФУПМ,доцент,д.н.
Волков М.Ю.,ФМиЕН,ассистент,д.н.
Лебедева А.А.,ИТМО,,к.н.
Егоров Г.Н.,ФПМИ,ассистент,д.н.
Лебедева М.Ю.,ФИВТ,профессор,д.н.
Алексеев А.А.,ФУПМ,доцент,
Сидоров И.К.,ИТМО,,к.н.
Морозов М.Ю.,ИТМО,,д.н.
Сидоров К.М.,ФМиМ,,
Новиков Б.В.,ФУПМ,,
Козлов Д.С.,ИТМО,профессор,
Лебедев Е.П.,ИТМО,ассистент,к.н.
Волков Л.О.,ИТМО,профессор,к.н.
Егоров В.И.,ФПМИ,ассистент,к.н.
Иванов Г.Н.,ФИТ,,д.н.
Лебедева М.Ю.,ФУПМ,ассистент,к.н.
Смирнов И.К.,ФМиМ,профессор,к.н.
Смирнов А.А.,ФПМИ,профессор,д.н.
Новиков И.К.,ФИВТ,ассистент,д.н.
Лебедева И.К.,ФУПМ,доцент,д.н.
Смирнов К.М.,ФЭТ,,д.н.
Иванов И.К.,ФУПМ,ассистент,к.н.
Семенов И.К.,ФИТ,,к.н.
Попов К.М.,ФМиЕН,доцент,
Морозов Д.С.,ФМиМ,доцент,к.н.
Алексеев А.А.,ФИТ,,к.н.
Козлов Е.П.,ФУПМ,доцент,
Алексеев В.И.,ФЭТ,доцент,д.н.
Семенов И.К.,ФМиМ,профессор,к.н.
Иванов А.А.,ИТМО,доцент,
Соколов Г.Н.,ФИТ,профессор,к.н.
Егоров И.К.,ФИТ,доцент,к.н.
Волков Г.Н.,ФИВТ,доцент,д.н.
Козлов Б.В.,ФМиМ,профессор,
Новиков Ж.Р.,ФИВТ,доцент,д.н.
Кузнецов М.Ю.,ФРТ,профессор,к.н.
Сидоров Г.Н.,ФИВТ,профессор,д.н.
Смирнов А.А.,ФРТ,,к.н.
Алексеев Г.Н.,ФФ,ассистент,
Волков Ж.Р.,ФМиМ,доцент,к.н.
Петров З.Т.,ФМиЕН,ассистент,д.н.
Козлов А.А.,ФМиМ,,к.н.
Алексеев И.К.,ФУПМ,доцент,к.н.
Егоров К.М.,ФРТ,доцент,
Лебедева А.А.,ФПМИ,профессор,
Новиков И.К.,ИТМО,,
Лебедев В.И.,ФРТ,доцент,
Сидоров Г.Н.,ФИТ,,
Алексеев К.М.,ИТМО,профессор,к.н.
Соколов К.М.,ФМиМ,доцент,к.н.
Козлов В.И.,ФФ,доцент,
Козлов Б.В.,ФМиМ,профессор,д.н.
Егоров М.Ю.,ФМиМ,профессор,
Морозов А.А.,ИТМО,ассистент,
Новиков Ж.Р.,ФИТ,,
Соколов М.Ю.,ФИТ,ассистент,
Лебедева М.Ю.,ФРТ,доцент,д.н.
Иванов М.Ю.,ФМиМ,ассистент,
Новиков Ж.Р.,ФИВТ,доцент,д.н.
Лебедев З.Т.,ФЭТ,доцент,д.н.
Лебедев Ж.Р.,ФУПМ,доцент,к.н.
Сидоров З.Т.,ФРТ,,к.н.
Лебедева В.И.,ФПМИ,,д.н.
Новиков Л.О.,ФФ,ассистент,к.н.
Семенов И.К.,ФУПМ,,к.н.
Петров И.К.,ФПМИ,ассистент,
Егоров К.М.,ФУПМ,доцент,
Егоров Ж.Р.,ФФ,доцент,д.н.
Иванов Ж.Р.,ФЭТ,,к.н.
Иванов Б.В.,ФМиЕН,профессор,к.н.
Петров М.Ю.,ФПМИ,ассистент,к.н.
Козлов З.Т.,ФПМИ,доцент,д.н.
Алексеев В.И.,ФФ,,к.н.
Семенов Е.П.,ФПМИ,ассистент,к.н.
Егоров В.И.,ФМиМ,профессор,к.н.
Семенов Д.С.,ФПМИ,,к.н.
Егоров А.А.,ФПМИ,,д.н.
Семенов Ж.Р.,ФПМИ,,
Сидоров Е.П.,ФИТ,доцент,
Егоров К.М.,ФРТ,профессор,д.н.
Петров Б.В.,ФРТ,ассистент,д.н.
Попов Ж.Р.,ФИВТ,ассистент,д.н.
Алексеев А.А.,ФУПМ,профессор,д.н.
Волков Л.О.,ФМиЕН,профессор,к.н.
Лебедева И.К.,ФФ,доцент,
Егоров Г.Н.,ФМиМ,профессор,д.н.
Морозов Б.В.,ФФ,ассистент,
Попов Л.О.,ФУПМ,,
Семенов А.А.,ФФ,,к.н.
Новиков К.М.,ФЭТ,,к.н.
Попов Л.О.,ФПМИ,,д.н.
Иванов Г.Н.,ФИТ,доцент,
Петров З.Т.,ФМиМ,доцент,д.н.
Лебедев Д.С.,ФУПМ,доцент,д.н.
Егоров А.А.,ФМиЕН,,к.н.
Лебедев Е.П.,ФМиМ,,д.н.
Кузнецов З.Т.,ФПМИ,профессор,
Иванов Л.О.,ФМиМ,ассистент,к.н.
Алексеев Е.П.,ФМиМ,доцент,
Морозов В.И.,ФУПМ,ассистент,
Кузнецов З.Т.,ФПМИ,профессор,
Новиков Ж.Р.,ФФ,профессор,к.н.
Смирнов Б.В.,ИТМО,доцент,к.н.
Петров М.Ю.,ФРТ,ассистент,д.н.
Новиков Е.П.,ФФ,ассистент,
Смирнов З.Т.,ФПМИ,доцент,
Смирнов Б.В.,ФМиМ,,д.н.
Козлов М.Ю.,ФЭТ,доцент,
Семенов К.М.,ИТМО,ассистент,к.н.
Соколов З.Т.,ФФ,доцент,к.н.
Егоров Л.О.,ФМиЕН,профессор,к.н.
Иванов В.И.,ФПМИ,доцент,
Новиков А.А.,ФМиМ,доцент,
Морозов М.Ю.,ФФ,ассистент,д.н.
Новиков Л.О.,ФУПМ,профессор,
Новиков М.Ю.,ФЭТ,доцент,
Кузнецов З.Т.,ФМиМ,профессор,д.н.
Семенов И.К.,ФМиЕН,ассистент,
Егоров Ж.Р.,ФЭТ,,
Соколов К.М.,ФРТ,доцент,
Попов Г.Н.,ФЭТ,,к.н.
Иванов Е.П.,ФМиЕН,профессор,к.н.
Морозов К.М.,ФИТ,доцент,д.н.
Петров Г.Н.,ИТМО,профессор,д.н.
Лебедева Л.О.,ИТМО,,к.н.
Алексеев З.Т.,ФЭТ,,д.н.
Семенов Б.В.,ФУПМ,ассистент,
Иванов Е.П.,ФИТ,профессор,
Лебедев Ж.Р.,ФПМИ,ассистент,д.н.
Семенов Б.В.,ФИТ,,к.н.
Новиков М.Ю.,ФУПМ,профессор,
Лебедева Е.П.,ФПМИ,ассистент,
Новиков Г.Н.,ФПМИ,,
Морозов Л.О.,ФМиЕН,профессор,к.н.
Сидоров З.Т.,ФФ,доцент,
Лебедева Л.О.,ФФ,доцент,д.н.
Козлов В.И.,ФМиЕН,,к.н.
Иванов И.К.,ФПМИ,,к.н.
Лебедева Б.В.,ФПМИ,,
Смирнов М.Ю.,ФУПМ,доцент,
Соколов А.А.,ФЭТ,доцент,
Попов М.Ю.,ФРТ,ассистент,к.н.
Смирнов Л.О.,ФИВТ,ассистент,к.н.
Смирнов М.Ю.,ФМиМ,доцент,к.н.
Петров И.К.,ФУПМ,профессор,к.н.
Петров В.И.,ФЭТ,ассистент,к.н.
Кузнецов Б.В.,ФИВТ,ассистент,
Семенов А.А.,ФПМИ,доцент,д.н.
Егоров Е.П.,ФИТ,,д.н.
Алексеев З.Т.,ФУПМ,профессор,к.н.
Соколов Г.Н.,ФФ,профессор,
Морозов М.Ю.,ФФ,ассистент,
Сидоров И.К.,ФМиМ,ассистент,д.н.
Соколов М.Ю.,ФМиЕН,профессор,д.н.
Сидоров Е.П.,ФФ,,
Соколов М.Ю.,ФМиЕН,доцент,д.н.
Козлов К.М.,ФУПМ,ассистент,к.н.
Егоров Г.Н.,ФФ,,
Иванов М.Ю.,ФМиЕН,профессор,
Семенов Б.В.,ФИВТ,профессор,к.н.
Попов Л.О.,ФИВТ,доцент,
Морозов М.Ю.,ФМиЕН,,
Петров Б.В.,ФУПМ,профессор,к.н.
Лебедев Д.С.,ФИВТ,профессор,
Егоров Д.С.,ФМиЕН,доцент,
Соколов В.И.,ФПМИ,,д.н.
Егоров Ж.Р.,ФУПМ,доцент,д.н.
Лебедева А.А.,ИТМО,профессор,к.н.
Алексеев М.Ю.,ФПМИ,,
Егоров В.И.,ФРТ,,к.н.
Кузнецов З.Т.,ИТМО,профессор,
Соколов М.Ю.,ФУПМ,,к.н.
Алексеев Б.В.,ФРТ,профессор,к.н.
Смирнов И.К.,ФЭТ,ассистент,к.н.
Волков В.И.,ИТМО,профессор,
Морозов Г.Н.,ФИТ,ассистент,д.н.
Семенов Г.Н.,ФИТ,доцент,к.н.
Лебедев З.Т.,ФИВТ,,д.н.
Иванов Б.В.,ФИВТ,профессор,к.н.
Морозов М.Ю.,ФУПМ,,д.н.
Новиков Д.С.,ФИТ,,
Лебедева А.А.,ФФ,доцент,д.н.
Смирнов Б.В.,ФМиМ,ассистент,
Кузнецов Г.Н.,ФМиЕН,ассистент,
Лебедева Г.Н.,ФМиМ,ассистент,д.н.
Алексеев Б.В.,ФМиМ,доцент,к.н.
Семенов И.К.,ИТМО,ассистент,к.н.
Петров Д.С.,ФМиЕН,,д.н.
Козлов Д.С.,ФМиЕН,доцент,к.н.
Иванов И.К.,ФМиЕН,профессор,д.н.
Морозов М.Ю.,ФМиЕН,,
Козлов А.А.,ИТМО,доцент,
Волков В.И.,ФРТ,доцент,д.н.
Попов Д.С.,ФИВТ,доцент,
Попов Л.О.,ИТМО,профессор,к.н.
Лебедева З.Т.,ФУПМ,профессор,к.н.
Иванов Л.О.,ФФ,ассистент,к.н.
Петров Е.П.,ИТМО,,к.н.
Новиков Г.Н.,ИТМО,доцент,
Семенов А.А.,ФМиЕН,ассистент,д.н.
Егоров Ж.Р.,ИТМО,ассистент,
Волков А.А.,ФМиЕН,ассистент,к.н.
Соколов А.А.,ФМиМ,ассистент,д.н.
Кузнецов В.И.,ФФ,,
Волков В.И.,ФИТ,профессор,
Волков Г.Н.,ИТМО,ассистент,д.н.
Семенов Д.С.,ФМиМ,доцент,
Семенов Б.В.,ФМиМ,,
Соколов Е.П.,ФМиМ,доцент,
Попов К.М.,ФМиЕН,,
Козлов Л.О.,ИТМО,,д.н.
Иванов В.И.,ФЭТ,профессор,
Морозов И.К.,ИТМО,,
Иванов М.Ю.,ФМиМ,,д.н.
Петров Д.С.,ФРТ,профессор,д.н.
Егоров К.М.,ФМиЕН,,д.н.
Попов В.И.,ФЭТ,ассистент,д.н.
Сидоров Л.О.,ФПМИ,профессор,
Лебедева Е.П.,ФУПМ,профессор,
Кузнецов Е.П.,ФМиЕН,ассистент,к.н.
Лебедев Г.Н.,ФМиМ,профессор,к.н.
Морозов А.А.,ИТМО,,
Семенов Д.С.,ФФ,,
Сидоров Г.Н.,ФПМИ,ассистент,д.н.
Лебедев В.И.,ФЭТ,ассистент,д.н.
Кузнецов Б.В.,ФРТ,доцент,к.н.
Кузнецов Д.С.,ФЭТ,доцент,
Иванов Е.П.,ФРТ,доцент,к.н.
Петров Д.С.,ФФ,доцент,д.н.
Смирнов М.Ю.,ФУПМ,профессор,
Попов В.И.,ИТМО,ассистент,д.н.
Кузнецов К.М.,ФИТ,,д.н.
Попов В.И.,ФЭТ,доцент,д.н.
Соколов Д.С.,ФИВТ,,к.н.
Семенов Б.В.,ИТМО,доцент,к.н.
Кузнецов Г.Н.,ФРТ,ассистент,
Смирнов З.Т.,ФЭТ,,д.н.
Семенов Е.П.,ФЭТ,доцент,к.н.
Егоров Е.П.,ИТМО,профессор,д.н.
Соколов В.И.,ФРТ,профессор,
Смирнов Д.С.,ФФ,ассистент,
Лебедева В.И.,ФИВТ,,
Морозов Б.В.,ФМиЕН,,д.н.
Козлов Д.С.,ФФ,профессор,д.н.
Лебедев Б.В.,ФУПМ,профессор,к.н.
Иванов Б.В.,ФМиМ,,к.н.
Козлов К.М.,ФФ,ассистент,к.н.
Сидоров В.И.,ИТМО,профессор,д.н.
Волков М.Ю.,ФРТ,доцент,к.н.
Козлов Л.О.,ФУПМ,ассистент,д.н.
Волков К.М.,ФИВТ,профессор,к.н.
Кузнецов Е.П.,ФЭТ,,
Лебедева М.Ю.,ФЭТ,профессор,
Алексеев Л.О.,ФПМИ,профессор,д.н.
Морозов И.К.,ФФ,профессор,к.н.
Алексеев В.И.,ФИТ,,
Алексеев В.И.,ФФ,профессор,к.н.
Лебедева Е.П.,ФИТ,доцент,
Новиков Е.П.,ИТМО,,к.н.
Смирнов К.М.,ИТМО,ассистент,
Морозов Ж.Р.,ФЭТ,,
Смирнов К.М.,ФИВТ,,к.н.
Смирнов Е.П.,ФИТ,доцент,д.н.
Лебедев А.А.,ФФ,доцент,д.н.
Соколов Б.В.,ФИТ,доцент,
Новиков И.К.,ФЭТ,,к.н.
Семенов Г.Н.,ФФ,ассистент,к.н.
Попов А.А.,ИТМО,,к.н.
Соколов В.И.,ФЭТ,ассистент,
Козлов К.М.,ФПМИ,профессор,к.н.
Волков К.М.,ИТМО,профессор,
Иванов В.И.,ФИТ,,д.н.
Сидоров З.Т.,ФИВТ,доцент,д.н.
Лебедев Е.П.,ФПМИ,профессор,
Алексеев В.И.,ФПМИ,ассистент,к.н.
Новиков А.А.,ФЭТ,,
Смирнов Б.В.,ФФ,профессор,к.н.
Морозов Е.П.,ФИВТ,профессор,д.н.
Семенов Л.О.,ФМиМ,ассистент,д.н.
Попов З.Т.,ФИТ,профессор,д.н.
Козлов К.М.,ФЭТ,ассистент,к.н.
Лебедева Д.С.,ФЭТ,ассистент,д.н.
Попов М.Ю.,ФРТ,,д.н.
Новиков Л.О.,ФПМИ,,
Морозов И.К.,ФИТ,ассистент,к.н.
Сидоров З.Т.,ФМиМ,профессор,д.н.
Семенов Ж.Р.,ФИТ,профессор,д.н.
Новиков Б.В.,ФРТ,доцент,к.н.
Егоров Е.П.,ФИТ,ассистент,д.н.
Морозов Д.С.,ФМиМ,доцент,
Лебедев З.Т.,ФРТ,доцент,к.н.
Соколов И.К.,ФМиЕН,профессор,д.н.
Алексеев Д.С.,ФПМИ,доцент,к.н.
Сидоров Д.С.,ФПМИ,,д.н.
Соколов Е.П.,ФЭТ,профессор,к.н.
Алексеев И.К.,ФИВТ,доцент,д.н.
Смирнов Д.С.,ФИТ,ассистент,д.н.
Новиков Ж.Р.,ФУПМ,профессор,
Соколов Е.П.,ФФ,ассистент,д.н.
Петров А.А.,ФУПМ,ассистент,к.н.
Иванов К.М.,ФЭТ,,
Лебедева К.М.,ФУПМ,профессор,д.н.
Смирнов Е.П.,ФМиЕН,профессор,д.н.
Смирнов З.Т.,ФРТ,ассистент,
Соколов Л.О.,ИТМО,доцент,д.н.
Сидоров З.Т.,ФМиМ,,д.н.
Волков Д.С.,ФФ,,к.н.
Попов Г.Н.,ФМиЕН,ассистент,к.н.
Соколов З.Т.,ФРТ,доцент,
Иванов Г.Н.,ФФ,ассистент,д.н.
Петров Ж.Р.,ФФ,ассистент,д.н.
Иванов Б.В.,ФИТ,,д.н.
Сидоров К.М.,ФПМИ,доцент,
Алексеев З.Т.,ФФ,,
Лебедев К.М.,ФРТ,профессор,к.н.
Попов А.А.,ФМиМ,ассистент,д.н.
Смирнов М.Ю.,ФМиЕН,ассистент,к.н.
Кузнецов Г.Н.,ФИТ,,к.н.
Попов М.Ю.,ФУПМ,,д.н.
Сидоров Е.П.,ФЭТ,доцент,
Сидоров З.Т.,ФУПМ,,
Кузнецов Е.П.,ФУПМ,ассистент,к.н.
Лебедев Б.В.,ФФ,,к.н.
Морозов Л.О.,ФЭТ,ассистент,
Попов Б.В.,ФМиМ,,к.н.
Новиков В.И.,ФМиЕН,профессор,
Лебедев К.М.,ФУПМ,профессор,
Попов К.М.,ИТМО,доцент,д.н.
Егоров Л.О.,ФМиЕН,ассистент,
Козлов К.М.,ФПМИ,,к.н.
Волков Д.С.,ФЭТ,профессор,к.н.
Иванов З.Т.,ФМиМ,доцент,
Сидоров А.А.,ФМиЕН,ассистент,
Алексеев В.И.,ФЭТ,ассистент,к.н.
Смирнов Е.П.,ФФ,,к.н.
Семенов К.М.,ФФ,ассистент,д.н.
Смирнов Б.В.,ФИВТ,ассистент,к.н.
Козлов В.И.,ФМиЕН,доцент,д.н.
Морозов Ж.Р.,ФМиЕН,ассистент,к.н.
Попов А.А.,ФПМИ,ассистент,д.н.
Козлов Л.О.,ФЭТ,,
Соколов Ж.Р.,ФИТ,,к.н.
Козлов Б.В.,ФЭТ,профессор,к.н.
Егоров А.А.,ФМиМ,доцент,к.н.
Семенов З.Т.,ФЭТ,доцент,к.н.
Лебедев А.А.,ФМиЕН,доцент,
Лебедева Е.П.,ФИТ,профессор,к.н.
Козлов Ж.Р.,ИТМО,,к.н.
Смирнов Д.С.,ФИТ,профессор,д.н.
Алексеев З.Т.,ФИВТ,ассистент,д.н.
Волков А.А.,ФПМИ,доцент,д.н.
Соколов В.И.,ИТМО,,
Лебедева К.М.,ФИВТ,,к.н.
Лебедев Д.С.,ИТМО,доцент,
Семенов К.М.,ФИТ,,
Козлов Е.П.,ФФ,ассистент,
Семенов Д.С.,ФФ,профессор,к.н.
Новиков З.Т.,ФМиМ,,
Алексеев Е.П.,ФЭТ,профессор,к.н.
Сидоров К.М.,ФИВТ,ассистент,д.н.
Егоров В.И.,ФМиМ,профессор,д.н.
Попов К.М.,ФМиМ,профессор,д.н.
Новиков Г.Н.,ФИВТ,ассистент,
Волков М.Ю.,ФУПМ,,
Новиков Е.П.,ФЭТ,доцент,к.н.
Волков Д.С.,ФИВТ,ассистент,к.н.
Попов Ж.Р.,ФФ,профессор,к.н.
Семенов З.Т.,ФМиЕН,профессор,д.н.
Новиков И.К.,ИТМО,ассистент,к.н.
Лебедева Г.Н.,ФМиЕН,профессор,к.н.
Лебедева Б.В.,ФРТ,ассистент,к.н.
Лебедева З.Т.,ИТМО,,к.н.
Петров З.Т.,ФПМИ,профессор,д.н.
Семенов Ж.Р.,ФИВТ,доцент,к.н.
Лебедева М.Ю.,ФУПМ,ассистент,к.н.
Сидоров А.А.,ФУПМ,профессор,д.н.
Сидоров И.К.,ФМиЕН,,
Кузнецов М.Ю.,ФМиЕН,ассистент,к.н.
Семенов З.Т.,ФМиЕН,профессор,к.н.
Иванов М.Ю.,ФРТ,,
Семенов Е.П.,ФМиМ,,к.н.
Иванов В.И.,ФФ,профессор,к.н.
Новиков Ж.Р.,ФИТ,ассистент,
Семенов Е.П.,ФМиЕН,,д.н.
Козлов Ж.Р.,ФРТ,доцент,
Соколов Л.О.,ФМиЕН,доцент,к.н.
Кузнецов Г.Н.,ФМиЕН,профессор,к.н.
Волков А.А.,ИТМО,ассистент,к.н.
Морозов И.К.,ФИТ,профессор,
Петров З.Т.,ФМиЕН,ассистент,
Иванов А.А.,ФПМИ,доцент,к.н.
Лебедев В.И.,ФУПМ,профессор,
Семенов И.К.,ФМиЕН,доцент,к.н.
Кузнецов Е.П.,ФУПМ,доцент,к.н.
Попов А.А.,ИТМО,,д.н.
Лебедев В.И.,ФРТ,доцент,
Иванов В.И.,ИТМО,,к.н.
Кузнецов В.И.,ФРТ,,д.н.
Лебедева Е.П.,ФПМИ,ассистент,к.н.
Алексеев Е.П.,ФУПМ,,д.н.
Попов М.Ю.,ФИВТ,доцент,
Смирнов В.И.,ФМиМ,доцент,к.н.
Петров И.К.,ФПМИ,ассистент,д.н.
Алексеев К.М.,ФИВТ,доцент,д.н.
Иванов М.Ю.,ФФ,ассистент,д.н.
Кузнецов Б.В.,ФИВТ,,к.н.
Новиков А.А.,ФФ,,к.н.
Сидоров Л.О.,ИТМО,ассистент,д.н.
Попов М.Ю.,ФМиЕН,ассистент,д.н.
Петров Б.В.,ФФ,профессор,к.н.
Сидоров Б.В.,ФМиЕН,профессор,к.н.
Иванов Е.П.,ФИВТ,,к.н.
Морозов Д.С.,ФУПМ,доцент,д.н.
Иванов М.Ю.,ФМиМ,,д.н.
Егоров В.И.,ФПМИ,профессор,д.н.
Егоров И.К.,ФРТ,профессор,
Морозов Л.О.,ФМиМ,,к.н.
Петров Г.Н.,ФИТ,профессор,
Смирнов М.Ю.,ФМиЕН,доцент,д.н.
Лебедев Г.Н.,ФЭТ,,к.н.
Морозов Л.О.,ФУПМ,,к.н.
Иванов Л.О.,ФИВТ,профессор,к.н.
Лебедева Ж.Р.,ФИТ,ассистент,д.н.
Козлов К.М.,ФИВТ,доцент,д.н.
Лебедева Ж.Р.,ФЭТ,профессор,
Смирнов И.К.,ФПМИ,ассистент,
Кузнецов Г.Н.,ФИТ,профессор,д.н.
Егоров Л.О.,ФФ,профессор,к.н.
Семенов З.Т.,ФИТ,доцент,д.н.
Козлов И.К.,ФИТ,профессор,
Смирнов Д.С.,ФМиЕН,профессор,
Иванов А.А.,ФУПМ,ассистент,д.н.
Иванов Б.В.,ФФ,доцент,к.н.
Кузнецов Е.П.,ФМиМ,профессор,д.н.
Семенов Д.С.,ФИТ,ассистент,д.н.
Морозов Г.Н.,ФУПМ,ассистент,д.н.
Алексеев А.А.,ИТМО,доцент,к.н.
Смирнов А.А.,ФИТ,,
Попов Л.О.,ФМиМ,,д.н.
Семенов М.Ю.,ФПМИ,ассистент,к.н.
Новиков Б.В.,ФЭТ,ассистент,
Егоров А.А.,ФЭТ,ассистент,к.н.
Новиков Г.Н.,ФМиЕН,доцент,д.н.
Козлов М.Ю.,ФИВТ,доцент,
Егоров М.Ю.,ФУПМ,профессор,д.н.
Кузнецов Л.О.,ФФ,доцент,д.н.
Петров В.И.,ФИТ,,д.н.
Семенов И.К.,ФЭТ,ассистент,
Алексеев И.К.,ФПМИ,доцент,к.н.
Лебедев Д.С.,ФПМИ,доцент,д.н.
Волков М.Ю.,ИТМО,доцент,
Лебедев З.Т.,ФФ,,д.н.
Козлов В.И.,ФРТ,профессор,д.н.
Козлов М.Ю.,ФУПМ,доцент,д.н.
Лебедев А.А.,ФМиЕН,профессор,
Петров З.Т.,ФМиЕН,,
Попов Д.С.,ИТМО,профессор,к.н.
Новиков А.А.,ФУПМ,доцент,д.н.
Семенов М.Ю.,ФМиМ,профессор,
Кузнецов И.К.,ФМиМ,профессор,к.н.
Петров Б.В.,ФРТ,ассистент,к.н.
Волков З.Т.,ФЭТ,,
Сидоров И.К.,ФИТ,доцент,д.н.
Сидоров Л.О.,ФРТ,профессор,к.н.
Егоров М.Ю.,ФПМИ,профессор,к.н.
Волков З.Т.,ФРТ,доцент,
Смирнов З.Т.,ФФ,доцент,к.н.
Кузнецов В.И.,ФИТ,ассистент,д.н.
Лебедев А.А.,ФМиЕН,доцент,
Лебедев Д.С.,ФРТ,,
Кузнецов В.И.,ФУПМ,доцент,к.н.
Лебедев Е.П.,ФЭТ,ассистент,д.н.
Соколов И.К.,ФИВТ,ассистент,к.н.
Морозов М.Ю.,ФИТ,,д.н.
Соколов Ж.Р.,ФРТ,,д.н.
Алексеев Д.С.,ФПМИ,ассистент,д.н.
Лебедев Г.Н.,ФМиЕН,ассистент,к.н.
Кузнецов Е.П.,ФИТ,,к.н.
Морозов Б.В.,ФПМИ,,
Морозов З.Т.,ФЭТ,профессор,
Новиков Б.В.,ФРТ,доцент,
Лебедева Л.О.,ФМиЕН,доцент,
Кузнецов З.Т.,ФЭТ,доцент,
Попов З.Т.,ФУПМ,ассистент,
Сидоров Е.П.,ФЭТ,профессор,
Петров Ж.Р.,ФИВТ,доцент,д.н.
Алексеев З.Т.,ФМиЕН,,д.н.
Морозов Д.С.,ФИВТ,профессор,
Козлов Б.В.,ФФ,профессор,к.н.
Сидоров Б.В.,ФФ,профессор,д.н.
Смирнов Е.П.,ФПМИ,,д.н.
Волков Д.С.,ФРТ,доцент,к.н.
Козлов К.М.,ФУПМ,,
Петров К.М.,ФРТ,профессор,д.н.
Петров В.И.,ФУПМ,ассистент,
Семенов Ж.Р.,ИТМО,,к.н.
Морозов Е.П.,ФМиМ,доцент,д.н.
Лебедева Е.П.,ФРТ,профессор,к.н.
Алексеев Ж.Р.,ФПМИ,,д.н.
Сидоров З.Т.,ФМиЕН,ассистент,
Морозов Б.В.,ФМиМ,доцент,
Петров Б.В.,ФФ,ассистент,
Иванов К.М.,ФМиЕН,доцент,к.н.
Сидоров М.Ю.,ФМиЕН,профессор,
Козлов К.М.,ФМиЕН,,д.н.
Сидоров И.К.,ФЭТ,доцент,
Соколов И.К.,ФИВТ,ассистент,к.н.
Семенов И.К.,ФЭТ,профессор,к.н.
Морозов Ж.Р.,ФИТ,профессор,д.н.
Козлов В.И.,ФИТ,ассистент,к.н.
Волков Л.О.,ФЭТ,ассистент,
Соколов Д.С.,ФПМИ,,
Новиков Е.П.,ФИТ,ассистент,
Петров Ж.Р.,ФИВТ,доцент,
Алексеев Л.О.,ФМиМ,ассистент,к.н.
Козлов Ж.Р.,ФИТ,доцент,д.н.
Смирнов З.Т.,ФФ,доцент,к.н.
Семенов Ж.Р.,ИТМО,профессор,д.н.
Новиков К.М.,ФРТ,,
Егоров Г.Н.,ФМиМ,профессор,
Попов Е.П.,ИТМО,профессор,д.н.
Соколов Е.П.,ФПМИ,доцент,д.н.
Егоров К.М.,ФМиМ,профессор,
Новиков В.И.,ФУПМ,доцент,д.н.
Егоров З.Т.,ИТМО,профессор,д.н.
Семенов К.М.,ФМиЕН,ассистент,д.н.
Алексеев Д.С.,ФЭТ,профессор,
Иванов Е.П.,ФИВТ,доцент,к.н.
Новиков К.М.,ФМиЕН,профессор,
Волков Г.Н.,ФЭТ,доцент,к.н.
Петров Л.О.,ФУПМ,доцент,
Волков Д.С.,ФУПМ,ассистент,к.н.
Семенов Б.В.,ФУПМ,ассистент,
Кузнецов Б.В.,ИТМО,доцент,к.н.
Сидоров Ж.Р.,ФФ,ассистент,д.н.
Кузнецов Б.В.,ФФ,,д.н.
Лебедев Г.Н.,ФИВТ,профессор,к.н.
Попов К.М.,ФИТ,доцент,к.н.
Сидоров Д.С.,ФФ,ассистент,к.н.
Морозов М.Ю.,ФРТ,доцент,д.н.
Соколов М.Ю.,ФРТ,,
Кузнецов Г.Н.,ФФ,,
Иванов Ж.Р.,ФИТ,,д.н.
Егоров А.А.,ИТМО,доцент,к.н.
Попов Ж.Р.,ФПМИ,профессор,
Смирнов Б.В.,ФИТ,ассистент,к.н.
Алексеев З.Т.,ФЭТ,профессор,д.н.
Козлов Г.Н.,ФИТ,профессор,к.н.
Новиков Л.О.,ИТМО,ассистент,
Семенов Г.Н.,ИТМО,профессор,д.н.
Козлов Ж.Р.,ФМиМ,профессор,к.н.
Козлов А.А.,ФПМИ,доцент,
Волков Е.П.,ФПМИ,доцент,д.н.
Морозов А.А.,ФФ,доцент,д.н.
Иванов В.И.,ФМиЕН,ассистент,к.н.
Козлов Ж.Р.,ФМиЕН,профессор,к.н.
Смирнов Б.В.,ФРТ,профессор,к.н.
Новиков И.К.,ФМиМ,,
Иванов В.И.,ФИТ,доцент,д.н.
Волков М.Ю.,ФУПМ,ассистент,к.н.
Козлов Е.П.,ФРТ,,к.н.
Лебедев Д.С.,ФФ,,д.н.
Егоров Ж.Р.,ФИТ,профессор,к.н.
Морозов В.И.,ФУПМ,ассистент,к.н.
Смирнов Б.В.,ФПМИ,доцент,к.н.
Семенов А.А.,ФЭТ,доцент,д.н.
Новиков Г.Н.,ИТМО,ассистент,
Семенов Б.В.,ФМиМ,профессор,д.н.
Новиков И.К.,ФИВТ,доцент,д.н.
Козлов Ж.Р.,ИТМО,профессор,к.н.
Семенов З.Т.,ФМиЕН,доцент,
Сидоров Б.В.,ФИВТ,ассистент,к.н.
Морозов К.М.,ФМиМ,доцент,к.н.
Кузнецов З.Т.,ФРТ,,к.н.
Попов Л.О.,ФФ,,
Новиков К.М.,ФИТ,доцент,д.н.
Козлов Д.С.,ФЭТ,ассистент,
Семенов Б.В.,ФЭТ,доцент,д.н.
Иванов И.К.,ФУПМ,профессор,к.н.
Волков З.Т.,ФИТ,доцент,
Иванов Л.О.,ФРТ,профессор,
Волков К.М.,ФЭТ,профессор,
Лебедева Д.С.,ФМиЕН,доцент,д.н.
Петров З.Т.,ФПМИ,профессор,д.н.
Кузнецов Е.П.,ФИВТ,профессор,к.н.
Козлов К.М.,ФРТ,доцент,д.н.
Семенов Ж.Р.,ФУПМ,доцент,к.н.
Соколов А.А.,ФМиМ,профессор,д.н.
Лебедев Г.Н.,ФУПМ,ассистент,д.н.
Лебедев Д.С.,ФЭТ,ассистент,к.н.
Лебедева Л.О.,ФРТ,ассистент,д.н.
Петров В.И.,ФРТ,доцент,д.н.
Попов З.Т.,ФРТ,ассистент,д.н.
Попов А.А.,ФИВТ,,к.н.
Лебедева З.Т.,ФУПМ,ассистент,к.н.
Семенов Л.О.,ФУПМ,доцент,
Лебедева Д.С.,ФПМИ,ассистент,к.н.
Козлов Г.Н.,ФПМИ,ассистент,к.н.
Морозов М.Ю.,ФЭТ,ассистент,д.н.
Сидоров Б.В.,ФИВТ,,д.н.
Смирнов М.Ю.,ИТМО,доцент,
Лебедева Ж.Р.,ФПМИ,профессор,
Егоров И.К.,ФМиМ,,к.н.
Лебедева А.А.,ФФ,доцент,
Егоров Ж.Р.,ФУПМ,ассистент,
Морозов Л.О.,ФРТ,профессор,
Алексеев Л.О.,ФМиЕН,доцент,
Лебедев З.Т.,ФУПМ,профессор,
Алексеев И.К.,ИТМО,доцент,
Кузнецов К.М.,ФЭТ,,
Иванов А.А.,ФМиЕН,доцент,к.н.
Попов Е.П.,ФРТ,ассистент,
Петров Г.Н.,ФЭТ,ассистент,д.н.
Морозов Д.С.,ФРТ,,д.н.
Егоров В.И.,ФРТ,профессор,к.н.
Попов Е.П.,ФМиМ,профессор,
Волков Г.Н.,ИТМО,ассистент,к.н.
Алексеев Д.С.,ФМиЕН,доцент,д.н.
Семенов Л.О.,ФМиЕН,профессор,к.н.
Семенов А.А.,ФФ,доцент,к.н.
Лебедева И.К.,ФМиМ,ассистент,д.н.
Семенов И.К.,ФУПМ,ассистент,к.н.
Соколов Д.С.,ФМиМ,ассистент,
Иванов А.А.,ФИТ,,
Кузнецов Д.С.,ФРТ,доцент,к.н.
Кузнецов Ж.Р.,ФМиМ,профессор,к.н.
Соколов Ж.Р.,ФУПМ,,
Морозов Б.В.,ФМиМ,ассистент,
Попов З.Т.,ФФ,профессор,
Козлов З.Т.,ФПМИ,профессор,
Попов Ж.Р.,ИТМО,ассистент,к.н.
Алексеев К.М.,ФМиМ,профессор,
Попов Ж.Р.,ФУПМ,ассистент,д.н.
Петров Е.П.,ФМиЕН,,д.н.
Волков Е.П.,ФРТ,профессор,д.н.
Соколов Ж.Р.,ФМиЕН,ассистент,
Семенов И.К.,ФИТ,профессор,к.н.
Кузнецов Д.С.,ФМиЕН,доцент,
Егоров И.К.,ФМиМ,профессор,к.н.
Егоров Б.В.,ФФ,доцент,д.н.
Семенов Л.О.,ФИТ,ассистент,
Петров Г.Н.,ФЭТ,,к.н.
Соколов М.Ю.,ИТМО,профессор,к.н.
Егоров В.И.,ИТМО,доцент,д.н.
Алексеев М.Ю.,ФИТ,ассистент,д.н.
Лебедев Ж.Р.,ИТМО,ассистент,д.н.
Сидоров Л.О.,ИТМО,ассистент,д.н.
Новиков М.Ю.,ФМиЕН,профессор,
Петров Б.В.,ФУПМ,профессор,
Новиков Ж.Р.,ФЭТ,профессор,к.н.
Петров К.М.,ФМиМ,,
Соколов А.А.,ФЭТ,ассистент,д.н.
Козлов Б.В.,ФМиЕН,профессор,д.н.
Егоров В.И.,ФИТ,,
Соколов К.М.,ФИТ,ассистент,
Кузнецов Г.Н.,ФРТ,ассистент,д.н.
Петров М.Ю.,ФМиЕН,,к.н.
Козлов Д.С.,ФИТ,доцент,д.н.
Волков В.И.,ФИТ,,к.н.
Лебедев Ж.Р.,ФЭТ,доцент,д.н.
Попов Ж.Р.,ФМиМ,профессор,д.н.
Соколов Е.П.,ФМиЕН,ассистент,
Новиков Д.С.,ФПМИ,,
Козлов М.Ю.,ИТМО,,д.н.
Семенов Г.Н.,ФМиМ,профессор,
Новиков А.А.,ФИТ,доцент,
Морозов Д.С.,ФПМИ,,
Петров А.А.,ИТМО,,
Егоров А.А.,ФРТ,,
Волков Ж.Р.,ФУПМ,ассистент,д.н.
Петров Л.О.,ФРТ,доцент,к.н.
Иванов К.М.,ФИТ,доцент,к.н.
Лебедев Б.В.,ФРТ,,к.н.
Егоров В.И.,ФМиМ,доцент,к.н.
Соколов А.А.,ФЭТ,,к.н.
Морозов В.И.,ИТМО,доцент,
Алексеев К.М.,ФЭТ,доцент,
Лебедева И.К.,ФЭТ,профессор,
Соколов Л.О.,ФРТ,,
Козлов Г.Н.,ФМиМ,,
Алексеев Д.С.,ФПМИ,,к.н.
Егоров В.И.,ФИТ,профессор,к.н.
Соколов В.И.,ФИВТ,доцент,
Морозов И.К.,ФРТ,,д.н.
Волков Д.С.,ФФ,профессор,к.н.
Егоров Б.В.,ФПМИ,доцент,к.н.
Соколов А.А.,ИТМО,ассистент,к.н.
Семенов В.И.,ФМиЕН,профессор,к.н.
Лебедева К.М.,ФИТ,ассистент,
Соколов З.Т.,ФЭТ,доцент,
Новиков Ж.Р.,ФМиМ,доцент,д.н.
Алексеев М.Ю.,ФЭТ,доцент,к.н.
Егоров И.К.,ФИТ,ассистент,д.н.
Петров И.К.,ФИТ,доцент,
Соколов Л.О.,ФУПМ,профессор,
Иванов Ж.Р.,ИТМО,ассистент,к.н.
Новиков К.М.,ФФ,профессор,
Сидоров Е.П.,ФИТ,профессор,
Новиков К.М.,ФМиМ,доцент,д.н.
Иванов Л.О.,ФИТ,ассистент,д.н.
Семенов Е.П.,ФИВТ,доцент,к.н.
Попов Л.О.,ИТМО,профессор,
Иванов В.И.,ФУПМ,ассистент,д.н.
Лебедев Д.С.,ФМиМ,профессор,д.н.
Лебедева И.К.,ФМиЕН,профессор,к.н.
Лебедева А.А.,ФРТ,профессор,к.н.
Сидоров Д.С.,ИТМО,профессор,к.н.
Сидоров З.Т.,ФРТ,ассистент,к.н.
Петров Л.О.,ФИВТ,,д.н.
Кузнецов В.И.,ФФ,доцент,к.н.
Волков Г.Н.,ФИТ,ассистент,к.н.
Егоров Г.Н.,ФФ,доцент,к.н.
Алексеев М.Ю.,ФУПМ,ассистент,
Попов А.А.,ИТМО,доцент,к.н.
Кузнецов Г.Н.,ФИТ,,
Егоров Ж.Р.,ФЭТ,доцент,д.н.
Петров М.Ю.,ФИВТ,,д.н.
Иванов В.И.,ФИТ,доцент,
Соколов К.М.,ФМиМ,доцент,к.н.
Попов К.М.,ИТМО,,к.н.
Лебедев Г.Н.,ФУПМ,профессор,к.н.
Новиков Г.Н.,ФУПМ,ассистент,к.н.
Лебедев Д.С.,ФРТ,профессор,д.н.
Волков А.А.,ФЭТ,,д.н.
Егоров В.И.,ФРТ,,к.н.
Егоров Л.О.,ФРТ,профессор,к.н.
Волков К.М.,ФФ,доцент,д.н.
Семенов Д.С.,ФУПМ,,д.н.
Морозов Г.Н.,ФМиЕН,,д.н.
Волков Г.Н.,ФПМИ,,к.н.
Попов М.Ю.,ФЭТ,профессор,к.н.
Сидоров Д.С.,ФМиМ,ассистент,
Лебедев Е.П.,ФУПМ,доцент,к.н.
Алексеев Е.П.,ФМиМ,доцент,д.н.
Соколов В.И.,ФИТ,,
Соколов М.Ю.,ФМиМ,ассистент,д.н.
Волков И.К.,ФИТ,ассистент,д.н.
Кузнецов М.Ю.,ФЭТ,доцент,д.н.
Иванов Г.Н.,ФМиМ,,д.н.
Алексеев В.И.,ФУПМ,доцент,
Попов Г.Н.,ФМиМ,ассистент,д.н.
Попов М.Ю.,ФЭТ,профессор,д.н.
Лебедева Е.П.,ФМиЕН,,
Алексеев И.К.,ФМиМ,доцент,
Кузнецов Д.С.,ФИВТ,доцент,д.н.
Семенов Ж.Р.,ФЭТ,профессор,д.н.
Лебедева К.М.,ФИВТ,доцент,д.н.
Сидоров М.Ю.,ФМиЕН,профессор,к.н.
Лебедев З.Т.,ИТМО,ассистент,д.н.
Кузнецов В.И.,ФИТ,профессор,д.н.
Новиков К.М.,ФМиМ,ассистент,
Морозов К.М.,ФУПМ,профессор,к.н.
Семенов Д.С.,ФЭТ,доцент,д.н.
Иванов А.А.,ФФ,профессор,
Иванов Ж.Р.,ФРТ,доцент,к.н.
Смирнов Е.П.,ИТМО,доцент,
Смирнов И.К.,ФМиМ,доцент,
Лебедев А.А.,ФИТ,ассистент,
Семенов А.А.,ФМиЕН,доцент,
Волков И.К.,ФИВТ,,к.н.
Попов Л.О.,ФЭТ,доцент,
Новиков Б.В.,ФЭТ,,
Иванов Б.В.,ФИВТ,ассистент,
Волков А.А.,ФЭТ,,д.н.
Кузнецов Б.В.,ФМиМ,ассистент,
Лебедева Е.П.,ФМиМ,доцент,
Попов Л.О.,ФЭТ,,к.н.
Смирнов Е.П.,ФИТ,доцент,к.н.
Иванов Л.О.,ФИВТ,ассистент,д.н.
Семенов И.К.,ФМиЕН,,д.н.
Егоров И.К.,ФПМИ,ассистент,к.н.
Попов Б.В.,ФЭТ,профессор,д.н.
Сидоров Л.О.,ФЭТ,,
Новиков М.Ю.,ФМиМ,профессор,д.н.
Соколов Е.П.,ФЭТ,доцент,д.н.
Егоров Л.О.,ФМиМ,профессор,д.н.
Попов В.И.,ФИТ,профессор,
Алексеев В.И.,ФИВТ,,д.н.
Морозов М.Ю.,ФМиЕН,доцент,
Новиков Б.В.,ФУПМ,доцент,к.н.
Морозов А.А.,ФФ,профессор,к.н.
Петров З.Т.,ФЭТ,доцент,к.н.
Алексеев Ж.Р.,ФУПМ,,
Морозов Д.С.,ФПМИ,профессор,
Козлов Е.П.,ИТМО,ассистент,к.н.
Алексеев З.Т.,ФЭТ,ассистент,к.н.
Смирнов Л.О.,ФПМИ,профессор,к.н.
Сидоров К.М.,ФФ,доцент,
Сидоров Д.С.,ФФ,ассистент,к.н.
Лебедев Ж.Р.,ФЭТ,профессор,
Семенов В.И.,ФУПМ,доцент,
Кузнецов В.И.,ИТМО,профессор,
Попов Б.В.,ИТМО,доцент,
Алексеев Г.Н.,ИТМО,,к.н.
Петров Ж.Р.,ФРТ,,к.н.
Семенов К.М.,ФИВТ,доцент,д.н.
Морозов И.К.,ФФ,ассистент,
Лебедева З.Т.,ФРТ,доцент,к.н.
Сидоров Л.О.,ФФ,доцент,
Лебедева И.К.,ФМиЕН,,к.н.
Семенов К.М.,ФРТ,ассистент,д.н.
Морозов Д.С.,ФФ,,д.н.
Смирнов А.А.,ФУПМ,профессор,
Сидоров Л.О.,ФИТ,,
Смирнов Ж.Р.,ФФ,ассистент,
Козлов Е.П.,ФУПМ,ассистент,
Козлов В.И.,ФУПМ,,д.н.
Морозов Б.В.,ФЭТ,,д.н.
Морозов М.Ю.,ФРТ,доцент,д.н.
Волков Ж.Р.,ФРТ,,
Лебедева И.К.,ФИТ,профессор,д.н.
Смирнов К.М.,ФФ,ассистент,
Иванов И.К.,ФУПМ,профессор,
Петров Д.С.,ФМиМ,профессор,д.н.
Семенов Л.О.,ФПМИ,профессор,д.н.
Петров Ж.Р.,ФРТ,ассистент,
Иванов М.Ю.,ФИВТ,доцент,к.н.
Соколов Б.В.,ФЭТ,профессор,д.н.
Новиков З.Т.,ФПМИ,доцент,
Соколов Е.П.,ИТМО,ассистент,д.н.
Новиков Д.С.,ФРТ,ассистент,д.н.
Сидоров К.М.,ФИТ,профессор,к.н.
Алексеев Д.С.,ФПМИ,профессор,
Козлов И.К.,ФУПМ,доцент,к.н.
Иванов М.Ю.,ФПМИ,,д.н.
Козлов Ж.Р.,ФПМИ,ассистент,д.н.
Сидоров Л.О.,ФМиЕН,ассистент,д.н.
Морозов А.А.,ФИТ,профессор,
Петров Ж.Р.,ФПМИ,ассистент,д.н.
Алексеев Г.Н.,ФИВТ,,
Соколов Б.В.,ФМиЕН,профессор,к.н.
Попов И.К.,ФУПМ,профессор,
Алексеев Е.П.,ИТМО,,к.н.
Егоров В.И.,ФМиМ,профессор,
Смирнов Б.В.,ФЭТ,профессор,
Петров Ж.Р.,ФУПМ,ассистент,
Попов Ж.Р.,ФПМИ,ассистент,
Морозов Ж.Р.,ИТМО,доцент,к.н.
Семенов Д.С.,ФИВТ,,
Кузнецов Ж.Р.,ФПМИ,профессор,
Петров В.И.,ФМиЕН,,к.н.
Петров Ж.Р.,ФПМИ,профессор,д.н.
Сидоров З.Т.,ФЭТ,профессор,д.н.
Морозов Б.В.,ФИТ,доцент,к.н.
Егоров М.Ю.,ФУПМ,,д.н.
Егоров К.М.,ФИВТ,доцент,к.н.
Сидоров З.Т.,ФМиЕН,доцент,к.н.
Лебедев Д.С.,ФУПМ,доцент,д.н.
Егоров И.К.,ФМиМ,,
Лебедева А.А.,ИТМО,ассистент,к.н.
Алексеев Д.С.,ФИТ,доцент,к.н.
Сидоров Б.В.,ИТМО,ассистент,д.н.
Петров М.Ю.,ФПМИ,ассистент,к.н.
Козлов Л.О.,ФПМИ,,к.н.
Козлов З.Т.,ФМиЕН,профессор,д.н.
Попов З.Т.,ФРТ,профессор,д.н.
Сидоров Д.С.,ФФ,ассистент,к.н.
Волков Г.Н.,ФФ,ассистент,
Морозов А.А.,ИТМО,,к.н.
Морозов К.М.,ФИВТ,доцент,к.н.
Егоров Е.П.,ФПМИ,доцент,
Алексеев Б.В.,ФМиМ,ассистент,
Козлов М.Ю.,ФЭТ,,д.н.
Лебедев Е.П.,ФПМИ,профессор,д.н.
Алексеев Б.В.,ФУПМ,доцент,д.н.
Соколов В.И.,ФПМИ,,к.н.
Кузнецов Е.П.,ФИТ,,
Иванов З.Т.,ФМиМ,,к.н.
Алексеев Ж.Р.,ФУПМ,,д.н.
Сидоров Ж.Р.,ФИВТ,профессор,
Смирнов Д.С.,ФИВТ,,
Лебедев В.И.,ФМиМ,доцент,
Кузнецов Л.О.,ФИТ,доцент,
Егоров Г.Н.,ФПМИ,доцент,д.н.
Егоров Е.П.,ФИВТ,ассистент,
Егоров Л.О.,ФМиЕН,,д.н.
Попов М.Ю.,ФПМИ,профессор,к.н.
Соколов Б.В.,ФИВТ,ассистент,к.н.
Морозов З.Т.,ФЭТ,ассистент,
Козлов Л.О.,ФЭТ,,д.н.
Семенов В.И.,ФМиЕН,доцент,д.н.
Кузнецов И.К.,ФПМИ,профессор,к.н.
Лебедев Г.Н.,ФПМИ,ассистент,
Соколов Л.О.,ФУПМ,профессор,к.н.
Смирнов Е.П.,ФМиМ,доцент,
Морозов Д.С.,ФПМИ,ассистент,д.н.
Кузнецов М.Ю.,ФФ,профессор,к.н.
Соколов Л.О.,ФМиЕН,профессор,
Волков Ж.Р.,ФУПМ,,
Козлов Г.Н.,ФМиМ,,к.н.
Алексеев М.Ю.,ИТМО,ассистент,
Иванов З.Т.,ИТМО,доцент,к.н.
Семенов К.М.,ФЭТ,ассистент,
Смирнов А.А.,ФУПМ,ассистент,
Лебедева Ж.Р.,ФПМИ,,д.н.
Петров И.К.,ФИТ,доцент,к.н.
Алексеев Ж.Р.,ФИТ,профессор,д.н.
Соколов В.И.,ФИВТ,профессор,
Сидоров Г.Н.,ФПМИ,ассистент,д.н.
Сидоров Е.П.,ФЭТ,доцент,д.н.
Смирнов Г.Н.,ФРТ,доцент,
Лебедева И.К.,ФИВТ,профессор,д.н.
Сидоров И.К.,ФИТ,,
Попов Л.О.,ФМиЕН,доцент,к.н.
Алексеев Г.Н.,ФМиЕН,ассистент,
Соколов Г.Н.,ФИТ,доцент,д.н.
Смирнов Ж.Р.,ФРТ,,
Алексеев М.Ю.,ФУПМ,ассистент,
Егоров Е.П.,ФФ,,
Морозов К.М.,ФМиМ,ассистент,к.н.
Семенов В.И.,ФМиЕН,профессор,
Смирнов И.К.,ФПМИ,профессор,
Семенов М.Ю.,ФИВТ,профессор,
Козлов Б.В.,ФИВТ,ассистент,
Сидоров З.Т.,ФФ,доцент,д.н.
Петров Г.Н.,ФФ,профессор,д.н.
Попов К.М.,ФМиМ,профессор,д.н.
Попов А.А.,ИТМО,доцент,
Волков А.А.,ФЭТ,ассистент,к.н.
Семенов М.Ю.,ФПМИ,ассистент,к.н.
Сидоров А.А.,ФУПМ,ассистент,к.н.
Иванов Г.Н.,ФРТ,ассистент,к.н.
Попов Е.П.,ФМиМ,профессор,д.н.
Егоров Ж.Р.,ФИВТ,доцент,к.н.
Волков Е.П.,ИТМО,ассистент,
Лебедев В.И.,ФИВТ,ассистент,д.н.
Кузнецов Б.В.,ФИТ,,к.н.
Попов К.М.,ФЭТ,,д.н.
Новиков Ж.Р.,ФМиЕН,,
Кузнецов З.Т.,ИТМО,доцент,д.н.
Лебедева Д.С.,ФФ,,д.н.
Алексеев А.А.,ФМиЕН,доцент,д.н.
Иванов Ж.Р.,ФИВТ,,
Смирнов Е.П.,ФРТ,профессор,д.н.
Козлов В.И.,ФУПМ,профессор,к.н.
Козлов К.М.,ФЭТ,,к.н.
Алексеев Б.В.,ФРТ,доцент,к.н.
Волков Д.С.,ФРТ,доцент,д.н.
Новиков Л.О.,ИТМО,доцент,д.н.
Лебедева А.А.,ФФ,доцент,д.н.
Лебедева В.И.,ФИТ,,к.н.
Егоров В.И.,ФМиМ,доцент,
Морозов Г.Н.,ФФ,,
Попов К.М.,ФРТ,,д.н.
Лебедева З.Т.,ИТМО,ассистент,
Новиков Ж.Р.,ФЭТ,профессор,д.н.
Алексеев В.И.,ФПМИ,доцент,к.н.
Кузнецов Л.О.,ФРТ,,
Кузнецов И.К.,ФИТ,ассистент,
Иванов И.К.,ФФ,,к.н.
Петров Е.П.,ИТМО,доцент,д.н.
Смирнов Е.П.,ИТМО,профессор,
Алексеев Л.О.,ФИВТ,доцент,
Смирнов А.А.,ФМиЕН,профессор,
Сидоров З.Т.,ИТМО,доцент,
Петров М.Ю.,ФФ,ассистент,к.н.
Козлов Д.С.,ФРТ,,д.н.
Попов Е.П.,ФРТ,профессор,
Алексеев Е.П.,ФФ,,д.н.
Семенов Б.В.,ИТМО,профессор,к.н.
Сидоров Б.В.,ФФ,,д.н.
Морозов К.М.,ФМиМ,,д.н.
Волков Г.Н.,ФФ,доцент,
Лебедева Г.Н.,ФМиМ,профессор,к.н.
Семенов А.А.,ФФ,,к.н.
Лебедев Д.С.,ФМиЕН,профессор,к.н.
Кузнецов Л.О.,ФФ,,к.н.
Сидоров К.М.,ФМиМ,доцент,д.н.
Соколов Е.П.,ФМиЕН,доцент,к.н.
Соколов З.Т.,ФФ,ассистент,
Морозов Г.Н.,ИТМО,профессор,
Соколов В.И.,ФЭТ,доцент,
Соколов М.Ю.,ФРТ,,к.н.
Петров Л.О.,ИТМО,ассистент,к.н.
Смирнов В.И.,ФМиЕН,ассистент,д.н.
Волков Е.П.,ФИТ,ассистент,к.н.
Иванов Д.С.,ФФ,профессор,к.н.
Алексеев Ж.Р.,ФУПМ,ассистент,к.н.
Попов Ж.Р.,ФИВТ,,к.н.
Семенов Е.П.,ФПМИ,доцент,к.н.
Лебедев М.Ю.,ФМиМ,ассистент,к.н.
Морозов К.М.,ИТМО,доцент,д.н.
Иванов Б.В.,ИТМО,профессор,к.н.
Кузнецов Г.Н.,ФФ,ассистент,
Лебедев А.А.,ФМиЕН,доцент,к.н.
Лебедев З.Т.,ФУПМ,ассистент,к.н.
Егоров К.М.,ФИВТ,ассистент,д.н.
Егоров Д.С.,ИТМО,профессор,к.н.
Сидоров Г.Н.,ФМиМ,,д.н.
Смирнов Д.С.,ФЭТ,доцент,к.н.
Кузнецов Л.О.,ФУПМ,ассистент,д.н.
Лебедева Ж.Р.,ФУПМ,профессор,
Алексеев Е.П.,ФИВТ,доцент,д.н.
Соколов М.Ю.,ФУПМ,ассистент,
Лебедева К.М.,ФЭТ,ассистент,к.н.
Семенов Е.П.,ФЭТ,доцент,д.н.
Смирнов Д.С.,ФУПМ,,д.н.
Морозов И.К.,ФМиЕН,,к.н.
Егоров Б.В.,ФИТ,доцент,
Лебедев В.И.,ФПМИ,ассистент,
Сидоров Е.П.,ФФ,ассистент,д.н.
Лебедева З.Т.,ФУПМ,,
Козлов Б.В.,ФИВТ,ассистент,к.н.
Петров А.А.,ФРТ,профессор,
Егоров В.И.,ФМиЕН,ассистент,к.н.
Сидоров М.Ю.,ФПМИ,профессор,д.н.
Кузнецов Д.С.,ФРТ,ассистент,д.н.
Кузнецов Г.Н.,ФФ,доцент,к.н.
Смирнов К.М.,ФФ,доцент,д.н.
Сидоров Д.С.,ФРТ,,
Лебедева В.И.,ФМиМ,профессор,
Новиков Г.Н.,ФПМИ,ассистент,д.н.
Козлов К.М.,ФПМИ,,
Семенов Г.Н.,ФПМИ,профессор,
Семенов Е.П.,ФУПМ,профессор,к.н.
Волков З.Т.,ФМиЕН,доцент,
Волков Г.Н.,ИТМО,ассистент,к.н.
Сидоров М.Ю.,ФИВТ,доцент,к.н.
Иванов Г.Н.,ФИВТ,ассистент,д.н.
Морозов М.Ю.,ФИТ,профессор,
Козлов Е.П.,ФМиЕН,ассистент,д.н.
Попов К.М.,ФФ,доцент,к.н.
Попов К.М.,ФЭТ,,к.н.
Кузнецов Е.П.,ФРТ,ассистент,д.н.
Иванов К.М.,ФРТ,профессор,
Смирнов З.Т.,ИТМО,ассистент,к.н.
Семенов А.А.,ФИТ,доцент,к.н.
Лебедева Л.О.,ФЭТ,ассистент,д.н.
Лебедева З.Т.,ФПМИ,ассистент,к.н.
Лебедев А.А.,ФЭТ,доцент,к.н.
Козлов В.И.,ФМиМ,,д.н.
Семенов К.М.,ФИТ,доцент,
Петров Е.П.,ФИТ,,
Морозов М.Ю.,ФЭТ,ассистент,
Петров М.Ю.,ФПМИ,ассистент,д.н.
Попов В.И.,ФЭТ,,д.н.
Егоров З.Т.,ФИТ,профессор,
Волков И.К.,ФИВТ,,
Алексеев М.Ю.,ФМиМ,доцент,
Соколов Д.С.,ФУПМ,доцент,к.н.
Лебедев Б.В.,ИТМО,,д.н.
Соколов М.Ю.,ФФ,,к.н.
Морозов М.Ю.,ФМиМ,доцент,к.н.
Семенов Ж.Р.,ФИВТ,доцент,
Лебедева А.А.,ФРТ,профессор,д.н.
Смирнов Д.С.,ФМиЕН,ассистент,
Смирнов Д.С.,ФМиМ,доцент,д.н.
Попов Ж.Р.,ФМиМ,,д.н.
Семенов Д.С.,ФРТ,ассистент,
Петров Ж.Р.,ФИВТ,ассистент,д.н.
Семенов Б.В.,ФИВТ,ассистент,к.н.
Волков Ж.Р.,ФЭТ,ассистент,д.н.
Иванов М.Ю.,ФУПМ,ассистент,д.н.
Смирнов Е.П.,ФМиМ,ассистент,к.н.
Петров М.Ю.,ФПМИ,профессор,
Лебедева И.К.,ФУПМ,доцент,
Иванов Е.П.,ФРТ,,д.н.
Морозов Б.В.,ФРТ,,д.н.
Волков Ж.Р.,ФУПМ,доцент,д.н.
Кузнецов М.Ю.,ИТМО,профессор,
Морозов В.И.,ФФ,ассистент,к.н.
Попов З.Т.,ФМиЕН,доцент,д.н.
Смирнов З.Т.,ФМиМ,профессор,
Попов Ж.Р.,ФИТ,профессор,д.н.
Алексеев Ж.Р.,ФМиЕН,доцент,к.н.
Семенов Д.С.,ИТМО,профессор,
Соколов Б.В.,ФИВТ,доцент,к.н.
Петров Ж.Р.,ФФ,профессор,к.н.
Новиков А.А.,ФМиЕН,профессор,к.н.
Новиков М.Ю.,ФМиМ,,д.н.
Волков А.А.,ФПМИ,ассистент,
Иванов И.К.,ФРТ,профессор,к.н.
Новиков В.И.,ФМиЕН,ассистент,д.н.
Морозов Б.В.,ИТМО,доцент,д.н.
Новиков Ж.Р.,ИТМО,профессор,к.н.
Егоров И.К.,ФИВТ,профессор,к.н.
Лебедев В.И.,ФРТ,доцент,д.н.
Новиков В.И.,ФФ,ассистент,д.н.
Лебедева Г.Н.,ФУПМ,доцент,
Иванов В.И.,ФЭТ,профессор,д.н.
Волков Л.О.,ФИВТ,ассистент,
Волков А.А.,ФФ,ассистент,к.н.
Алексеев В.И.,ФЭТ,профессор,
Морозов М.Ю.,ФФ,доцент,д.н.
Алексеев М.Ю.,ИТМО,профессор,
Кузнецов К.М.,ФПМИ,доцент,к.н.
Лебедева Г.Н.,ФМиЕН,,д.н.
Морозов М.Ю.,ФИТ,,
Алексеев Ж.Р.,ФУПМ,доцент,к.н.
Новиков Б.В.,ФФ,,к.н.
Лебедев М.Ю.,ФЭТ,профессор,д.н.
Козлов Г.Н.,ФИТ,ассистент,к.н.
Попов М.Ю.,ФРТ,,к.н.
Иванов В.И.,ФПМИ,профессор,д.н.
Лебедева Ж.Р.,ФМиМ,профессор,д.н.
Лебедев З.Т.,ФИВТ,ассистент,
Иванов К.М.,ИТМО,,к.н.
Волков З.Т.,ФИВТ,профессор,
Соколов З.Т.,ФФ,,
Морозов И.К.,ФЭТ,профессор,
Лебедев Л.О.,ФПМИ,профессор,
Иванов Ж.Р.,ФУПМ,ассистент,д.н.
Алексеев Л.О.,ФФ,доцент,д.н.
Попов Д.С.,ИТМО,ассистент,
Лебедев А.А.,ФЭТ,ассистент,
Алексеев Б.В.,ФИТ,ассистент,к.н.
Алексеев З.Т.,ФУПМ,ассистент,к.н.
Попов Ж.Р.,ИТМО,профессор,к.н.
Семенов Л.О.,ФФ,профессор,
Новиков Б.В.,ФЭТ,профессор,к.н.
Волков Л.О.,ФЭТ,профессор,к.н.
Сидоров И.К.,ФИВТ,ассистент,
Морозов Г.Н.,ФФ,,д.н.
Сидоров Ж.Р.,ИТМО,,
Егоров В.И.,ФИТ,доцент,д.н.
Волков А.А.,ФМиМ,профессор,
Козлов Л.О.,ФЭТ,доцент,
Иванов И.К.,ФМиМ,ассистент,к.н.
Кузнецов Л.О.,ФМиЕН,доцент,к.н.
Лебедев Е.П.,ФМиЕН,доцент,д.н.
Кузнецов Г.Н.,ФЭТ,ассистент,к.н.
Новиков Л.О.,ФУПМ,доцент,
Соколов М.Ю.,ФФ,,к.н.
Кузнецов Б.В.,ФМиЕН,,д.н.
Лебедев В.И.,ФФ,профессор,
Иванов Л.О.,ФМиМ,,
Лебедев М.Ю.,ФМиЕН,профессор,к.н.
Семенов Б.В.,ФИТ,профессор,
Козлов И.К.,ФФ,,д.н.
Попов Д.С.,ФПМИ,доцент,
Егоров А.А.,ФРТ,профессор,
Козлов З.Т.,ФИВТ,ассистент,д.н.
Соколов И.К.,ФИВТ,профессор,д.н.
Попов Г.Н.,ФУПМ,,к.н.
Лебедева Д.С.,ФИТ,ассистент,
Егоров Е.П.,ИТМО,,д.н.
Козлов Б.В.,ФМиМ,ассистент,к.н.
Петров Е.П.,ФМиЕН,доцент,
Егоров Л.О.,ФФ,доцент,д.н.
Смирнов И.К.,ФЭТ,доцент,д.н.
Лебедева И.К.,ФФ,доцент,к.н.
Морозов Д.С.,ФМиМ,,
Новиков Л.О.,ФРТ,профессор,д.н.
Лебедев Б.В.,ФРТ,,д.н.
Алексеев Г.Н.,ФУПМ,доцент,
Козлов А.А.,ФРТ,доцент,к.н.
Новиков И.К.,ФУПМ,,д.н.
Петров Ж.Р.,ФУПМ,ассистент,
Волков М.Ю.,ФЭТ,профессор,д.н.
Попов Л.О.,ФРТ,,д.н.
Иванов Б.В.,ФИТ,профессор,
Егоров Л.О.,ФПМИ,профессор,
Кузнецов Л.О.,ФФ,доцент,д.н.
Алексеев Л.О.,ФЭТ,доцент,к.н.
Егоров З.Т.,ФПМИ,ассистент,к.н.
Иванов Е.П.,ФИТ,ассистент,д.н.
Козлов Д.С.,ФПМИ,профессор,
Морозов Г.Н.,ФИТ,доцент,
Кузнецов Ж.Р.,ФМиМ,доцент,д.н.
Новиков А.А.,ФМиМ,профессор,д.н.
Смирнов Л.О.,ФПМИ,,к.н.
Кузнецов З.Т.,ФРТ,,к.н.
Сидоров К.М.,ФИВТ,профессор,к.н.
Петров И.К.,ФЭТ,,д.н.
Лебедева Д.С.,ФПМИ,ассистент,к.н.
Волков И.К.,ФРТ,доцент,д.н.
Семенов З.Т.,ФФ,,д.н.
Волков Е.П.,ФПМИ,профессор,д.н.
Смирнов К.М.,ИТМО,,д.н.
Смирнов М.Ю.,ФЭТ,доцент,д.н.
Петров Б.В.,ФПМИ,,д.н.
Иванов И.К.,ФПМИ,профессор,
Козлов К.М.,ФФ,доцент,д.н.
Алексеев И.К.,ФФ,доцент,д.н.
Попов И.К.,ФФ,,к.н.
Лебедев И.К.,ФФ,ассистент,д.н.
Козлов И.К.,ФМиЕН,,
Семенов М.Ю.,ФЭТ,ассистент,д.н.
Алексеев Е.П.,ФУПМ,,д.н.
Петров А.А.,ФРТ,,д.н.
Сидоров В.И.,ФИТ,доцент,д.н.
Попов К.М.,ФМиМ,профессор,д.н.
Иванов Д.С.,ФИВТ,профессор,
Петров Г.Н.,ФЭТ,профессор,
Соколов Ж.Р.,ИТМО,доцент,д.н.
Егоров М.Ю.,ФИТ,профессор,
Кузнецов Л.О.,ФМиМ,профессор,к.н.
Петров К.М.,ФЭТ,,к.н.
Иванов М.Ю.,ФИВТ,доцент,
Козлов В.И.,ФРТ,ассистент,к.н.
Соколов К.М.,ФМиМ,,
Петров Г.Н.,ИТМО,профессор,
Новиков Г.Н.,ФРТ,доцент,к.н.
Егоров К.М.,ФМиЕН,,к.н.
Соколов Г.Н.,ФУПМ,доцент,д.н.
Иванов А.А.,ФУПМ,профессор,к.н.
Смирнов Ж.Р.,ФФ,ассистент,д.н.
Алексеев В.И.,ФУПМ,,
Козлов И.К.,ФРТ,ассистент,к.н.
Сидоров Ж.Р.,ИТМО,профессор,к.н.
Кузнецов Ж.Р.,ФИВТ,ассистент,к.н.
Сидоров А.А.,ИТМО,,
Волков И.К.,ФИТ,доцент,
Иванов М.Ю.,ФПМИ,доцент,д.н.
Семенов Д.С.,ФЭТ,доцент,
Егоров А.А.,ФИВТ,,д.н.
Петров Л.О.,ФИТ,ассистент,д.н.
Семенов В.И.,ФЭТ,,к.н.
Сидоров Б.В.,ФМиЕН,ассистент,д.н.
Морозов Л.О.,ФМиЕН,,к.н.
Сидоров Д.С.,ФМиМ,доцент,д.н.
Алексеев М.Ю.,ФЭТ,доцент,д.н.
Новиков Г.Н.,ФИТ,доцент,
Лебедева З.Т.,ФУПМ,профессор,
Кузнецов Е.П.,ФИТ,ассистент,д.н.
Морозов К.М.,ФМиМ,доцент,к.н.
Иванов А.А.,ФПМИ,профессор,д.н.
Иванов З.Т.,ИТМО,профессор,к.н.
Попов А.А.,ИТМО,профессор,
Смирнов М.Ю.,ФИВТ,профессор,д.н.
Попов И.К.,ФПМИ,,
Кузнецов Л.О.,ФЭТ,профессор,
Егоров Л.О.,ФИТ,,
Петров Ж.Р.,ФФ,,д.н.
Новиков А.А.,ФУПМ,профессор,к.н.
Егоров Ж.Р.,ФИТ,доцент,
Лебедев А.А.,ФРТ,профессор,к.н.
Козлов К.М.,ИТМО,ассистент,
Смирнов А.А.,ФРТ,профессор,к.н.
Волков И.К.,ФИТ,,к.н.
Козлов А.А.,ФФ,доцент,
Смирнов Б.В.,ФФ,ассистент,к.н.
Соколов А.А.,ФМиМ,ассистент,к.н.
Кузнецов К.М.,ФМиМ,,к.н.
Соколов Ж.Р.,ФИВТ,доцент,к.н.
Лебедева К.М.,ФПМИ,доцент,
Волков В.И.,ФИТ,,к.н.
Козлов Д.С.,ФМиЕН,ассистент,д.н.
Попов К.М.,ФМиЕН,ассистент,к.н.
Новиков З.Т.,ФИТ,,д.н.
Лебедев М.Ю.,ФПМИ,доцент,д.н.
Иванов З.Т.,ФУПМ,ассистент,
Смирнов Д.С.,ФРТ,профессор,
Кузнецов К.М.,ФМиЕН,доцент,д.н.
Смирнов Г.Н.,ФПМИ,ассистент,д.н.
Козлов К.М.,ФРТ,ассистент,
Попов З.Т.,ФМиЕН,доцент,
Алексеев А.А.,ФИТ,,к.н.
Лебедев В.И.,ФИВТ,доцент,д.н.
Иванов М.Ю.,ФИТ,доцент,
Лебедева И.К.,ФУПМ,профессор,
Алексеев А.А.,ФЭТ,профессор,к.н.
Иванов А.А.,ФИТ,ассистент,д.н.
Лебедева Е.П.,ФРТ,ассистент,
Егоров Е.П.,ФМиМ,профессор,к.н.
Лебедева Ж.Р.,ФРТ,ассистент,к.н.
Соколов З.Т.,ФФ,ассистент,к.н.
Егоров А.А.,ФФ,профессор,д.н.
Попов Л.О.,ФРТ,ассистент,д.н.
Лебедев Г.Н.,ФПМИ,доцент,
Лебедева К.М.,ФМиМ,ассистент,к.н.
Соколов Д.С.,ФРТ,профессор,
Петров Б.В.,ФПМИ,профессор,к.н.
Сидоров В.И.,ФМиЕН,ассистент,
Сидоров И.К.,ФПМИ,профессор,
Волков З.Т.,ФРТ,доцент,
Семенов И.К.,ФИТ,доцент,к.н.
Егоров Д.С.,ФМиЕН,ассистент,к.н.
Алексеев М.Ю.,ФПМИ,доцент,к.н.
Волков Л.О.,ФЭТ,ассистент,
Семенов Д.С.,ФМиМ,ассистент,д.н.
Петров Б.В.,ФМиМ,профессор,д.н.
Козлов Г.Н.,ФИТ,ассистент,д.н.
Козлов Л.О.,ФМиЕН,,к.н.
Попов К.М.,ФФ,доцент,
Волков Д.С.,ФРТ,,д.н.
Лебедев Ж.Р.,ФМиМ,ассистент,
Морозов Д.С.,ФМиЕН,доцент,к.н.
Кузнецов К.М.,ФУПМ,,д.н.
Волков К.М.,ФРТ,доцент,
Соколов Е.П.,ФИВТ,профессор,
Морозов З.Т.,ФЭТ,,д.н.
Егоров Ж.Р.,ФУПМ,доцент,
Сидоров В.И.,ФМиМ,профессор,
Лебедев Б.В.,ФРТ,,
Волков К.М.,ФФ,доцент,д.н.
Петров К.М.,ФЭТ,доцент,к.н.
Кузнецов К.М.,ФМиЕН,ассистент,к.н.
Сидоров М.Ю.,ФИВТ,доцент,д.н.
Егоров А.А.,ФРТ,доцент,
Алексеев В.И.,ФФ,профессор,д.н.
Семенов Б.В.,ФПМИ,,д.н.
Лебедев А.А.,ФРТ,,
Смирнов Г.Н.,ФУПМ,ассистент,
Смирнов Л.О.,ФМиМ,,д.н.
Смирнов В.И.,ФЭТ,ассистент,д.н.
Кузнецов Ж.Р.,ФИТ,,
Семенов К.М.,ФФ,доцент,
Лебедева Г.Н.,ФЭТ,доцент,к.н.
Семенов Д.С.,ФФ,доцент,
Попов Е.П.,ФМиМ,,д.н.
Соколов Л.О.,ФЭТ,,к.н.
Лебедева В.И.,ФФ,,
Алексеев Л.О.,ФИТ,ассистент,д.н.
Лебедев К.М.,ФЭТ,доцент,
Лебедев К.М.,ФФ,,д.н.
Лебедева Д.С.,ФФ,ассистент,д.н.
Лебедев М.Ю.,ФИТ,профессор,
Соколов Л.О.,ФИВТ,ассистент,к.н.
Лебедев Д.С.,ФМиМ,ассистент,к.н.
Соколов М.Ю.,ФМиМ,ассистент,д.н.
Козлов Г.Н.,ФИТ,,к.н.
Петров Б.В.,ФИВТ,доцент,к.н.
Сидоров И.К.,ФИТ,ассистент,
Попов К.М.,ФРТ,доцент,к.н.
Сидоров М.Ю.,ФМиЕН,ассистент,
Новиков Г.Н.,ФПМИ,ассистент,
Волков З.Т.,ИТМО,,к.н.
Иванов А.А.,ФИТ,профессор,д.н.
Семенов Ж.Р.,ФУПМ,доцент,к.н.
Лебедев И.К.,ФУПМ,ассистент,к.н.
Кузнецов К.М.,ФИТ,доцент,д.н.
Смирнов З.Т.,ФМиЕН,профессор,д.н.
Семенов Е.П.,ФПМИ,,к.н.
Волков Е.П.,ФПМИ,ассистент,
Сидоров Ж.Р.,ФИТ,профессор,д.н.
Иванов Б.В.,ФФ,,д.н.
Смирнов М.Ю.,ФФ,профессор,д.н.
Петров Г.Н.,ФЭТ,,д.н.
Алексеев М.Ю.,ИТМО,доцент,к.н.
Сидоров Д.С.,ИТМО,,д.н.
Волков А.А.,ФИВТ,профессор,
Лебедева И.К.,ФИТ,ассистент,к.н.
Соколов Л.О.,ФРТ,профессор,к.н.
Петров Ж.Р.,ФРТ,доцент,к.н.
Соколов И.К.,ИТМО,,
Семенов З.Т.,ФУПМ,профессор,д.н.
Лебедев Д.С.,ФФ,,д.н.
Лебедев К.М.,ФРТ,,к.н.
Лебедева Г.Н.,ФИВТ,доцент,д.н.
Попов М.Ю.,ФМиМ,ассистент,
Кузнецов М.Ю.,ФФ,профессор,д.н.
Иванов Д.С.,ФИТ,ассистент,к.н.
Петров Л.О.,ФМиЕН,профессор,д.н.
Егоров Б.В.,ФУПМ,,д.н.
Алексеев А.А.,ФИВТ,,
Иванов К.М.,ФРТ,доцент,
Смирнов Д.С.,ФПМИ,ассистент,д.н.
Семенов Е.П.,ФМиМ,,д.н.
Лебедев И.К.,ФМиМ,профессор,д.н.
Новиков З.Т.,ФМиЕН,профессор,
Новиков Е.П.,ИТМО,профессор,д.н.
Морозов В.И.,ИТМО,,
Попов Е.П.,ФПМИ,ассистент,к.н.
Соколов Л.О.,ФЭТ,доцент,д.н.
Егоров З.Т.,ФЭТ,доцент,
Егоров Ж.Р.,ФРТ,ассистент,
Сидоров Д.С.,ФМиЕН,профессор,
Волков Д.С.,ФИВТ,профессор,к.н.
Лебедева З.Т.,ФЭТ,ассистент,д.н.
Лебедев Е.П.,ФРТ,ассистент,
Козлов Л.О.,ФФ,,
Попов Д.С.,ФИТ,,
Кузнецов И.К.,ФИВТ,,
Попов Л.О.,ФУПМ,ассистент,к.н.
Соколов М.Ю.,ФМиМ,профессор,
Лебедев М.Ю.,ИТМО,доцент,
Волков З.Т.,ФИВТ,профессор,к.н.
Лебедев З.Т.,ФИВТ,ассистент,д.н.
Соколов Е.П.,ФИТ,ассистент,
Волков В.И.,ФРТ,ассистент,д.н.
Смирнов Д.С.,ФФ,профессор,к.н.
Семенов Б.В.,ИТМО,,к.н.
Попов З.Т.,ФПМИ,ассистент,д.н.
Иванов А.А.,ИТМО,ассистент,к.н.
Иванов Л.О.,ФУПМ,,д.н.
Лебедева И.К.,ФИТ,доцент,
Иванов В.И.,ФУПМ,доцент,
Иванов З.Т.,ФМиЕН,,д.н.
Петров И.К.,ФФ,доцент,
Семенов Г.Н.,ФМиЕН,,
Алексеев З.Т.,ИТМО,доцент,
Соколов Е.П.,ФИТ,,д.н.
Лебедева В.И.,ФФ,профессор,
Сидоров Г.Н.,ФИВТ,,д.н.
Сидоров Е.П.,ФИВТ,профессор,д.н.
Соколов А.А.,ИТМО,,к.н.
Волков Л.О.,ФИТ,профессор,
Козлов Б.В.,ФИТ,доцент,д.н.
Алексеев М.Ю.,ФУПМ,,к.н.
Семенов З.Т.,ФМиЕН,ассистент,
Петров Б.В.,ФЭТ,доцент,к.н.
Петров З.Т.,ФПМИ,доцент,
Егоров Ж.Р.,ИТМО,,
Егоров И.К.,ФРТ,доцент,к.н.
Козлов И.К.,ФМиМ,доцент,д.н.
Козлов Б.В.,ФЭТ,профессор,
Смирнов А.А.,ФМиЕН,профессор,к.н.
Егоров Л.О.,ФИВТ,,к.н.
Лебедев З.Т.,ФМиЕН,доцент,д.н.
Волков З.Т.,ФМиЕН,профессор,д.н.
Алексеев Ж.Р.,ФМиЕН,ассистент,д.н.
Козлов З.Т.,ФРТ,,
Козлов Г.Н.,ФРТ,профессор,
Новиков Е.П.,ФМиЕН,доцент,
Кузнецов Ж.Р.,ФРТ,,
Попов Ж.Р.,ФФ,,д.н.
Попов И.К.,ФРТ,профессор,
Алексеев Л.О.,ИТМО,ассистент,к.н.
Сидоров Д.С.,ФЭТ,ассистент,д.н.
Попов М.Ю.,ФПМИ,,
Попов Л.О.,ФМиМ,,к.н.
Лебедев Е.П.,ФМиЕН,,
Алексеев Д.С.,ФРТ,профессор,д.н.
Соколов Г.Н.,ФПМИ,доцент,
Егоров И.К.,ФИТ,ассистент,д.н.
Лебедева Л.О.,ФЭТ,,к.н.
Соколов Л.О.,ФПМИ,,д.н.
Семенов Л.О.,ФПМИ,профессор,
Егоров Ж.Р.,ФРТ,ассистент,к.н.
Соколов К.М.,ФПМИ,доцент,к.н.
Морозов З.Т.,ФФ,ассистент,к.н.
Смирнов А.А.,ФЭТ,доцент,к.н.
Сидоров Е.П.,ФРТ,,д.н.
Лебедева В.И.,ФИТ,профессор,д.н.
Кузнецов Е.П.,ФФ,профессор,к.н.
Лебедев И.К.,ФИВТ,доцент,к.н.
Егоров Г.Н.,ФИВТ,доцент,д.н.
Волков И.К.,ФМиЕН,профессор,к.н.
Волков Б.В.,ФПМИ,доцент,к.н.
Козлов М.Ю.,ФИВТ,ассистент,д.н.
Козлов Д.С.,ФМиМ,ассистент,к.н.
Лебедев Ж.Р.,ФМиЕН,ассистент,д.н.
Иванов В.И.,ФУПМ,,
Алексеев Е.П.,ФМиМ,ассистент,
Егоров М.Ю.,ИТМО,профессор,д.н.
Алексеев Л.О.,ИТМО,доцент,к.н.
Сидоров В.И.,ИТМО,доцент,
Петров Б.В.,ФЭТ,доцент,д.н.
Семенов Г.Н.,ФЭТ,доцент,
Козлов И.К.,ФИВТ,профессор,д.н.
Новиков К.М.,ФМиМ,доцент,д.н.
Семенов В.И.,ФМиЕН,,д.н.
Соколов В.И.,ФПМИ,ассистент,к.н.
Морозов А.А.,ФРТ,,д.н.
Новиков И.К.,ФРТ,ассистент,
Соколов М.Ю.,ФФ,профессор,д.н.
Алексеев Л.О.,ФУПМ,ассистент,
Иванов Е.П.,ФИТ,профессор,к.н.
Козлов З.Т.,ФМиЕН,доцент,д.н.
Соколов Ж.Р.,ФИТ,профессор,д.н.
Сидоров Б.В.,ФПМИ,профессор,
Лебедева Г.Н.,ФИТ,профессор,к.н.
Соколов Д.С.,ФРТ,,к.н.
Морозов В.И.,ФРТ,ассистент,
Волков В.И.,ФУПМ,,д.н.
Волков Е.П.,ФЭТ,профессор,д.н.
Петров А.А.,ФМиМ,ассистент,
Семенов И.К.,ФУПМ,,к.н.
Смирнов К.М.,ФРТ,профессор,
Соколов Д.С.,ФУПМ,ассистент,к.н.
Соколов З.Т.,ФИВТ,доцент,
Соколов Г.Н.,ФУПМ,,к.н.
Иванов А.А.,ФПМИ,ассистент,к.н.
Петров Ж.Р.,ФУПМ,доцент,д.н.
Соколов Б.В.,ФРТ,доцент,д.н.
Новиков И.К.,ФПМИ,доцент,д.н.
Алексеев Ж.Р.,ФМиМ,профессор,к.н.
Новиков К.М.,ФМиМ,доцент,
Волков Д.С.,ФМиМ,доцент,к.н.
Петров Б.В.,ФИВТ,доцент,д.н.
Кузнецов В.И.,ФУПМ,,к.н.
Семенов В.И.,ФИВТ,профессор,к.н.
Козлов И.К.,ФУПМ,профессор,
Козлов Л.О.,ФМиЕН,ассистент,
Семенов Ж.Р.,ФМиЕН,ассистент,
Егоров Г.Н.,ФМиЕН,профессор,к.н.
Попов Е.П.,ФЭТ,профессор,
Соколов Б.В.,ФУПМ,ассистент,
Лебедев Л.О.,ФРТ,доцент,д.н.
Новиков Е.П.,ФИТ,профессор,д.н.
Козлов А.А.,ИТМО,профессор,к.н.
Попов М.Ю.,ФИВТ,доцент,д.н.
Лебедев В.И.,ФИТ,профессор,д.н.
Иванов К.М.,ФЭТ,профессор,
Козлов Ж.Р.,ФФ,,к.н.
Семенов З.Т.,ФПМИ,доцент,д.н.
Козлов И.К.,ФРТ,,
Волков Л.О.,ФПМИ,доцент,
Лебедева В.И.,ФУПМ,профессор,к.н.
Смирнов А.А.,ФРТ,профессор,к.н.
Лебедева Л.О.,ФИТ,профессор,д.н.
Иванов К.М.,ФУПМ,ассистент,
Волков Л.О.,ФПМИ,профессор,д.н.
Смирнов А.А.,ИТМО,профессор,д.н.
Козлов В.И.,ФРТ,доцент,к.н.
Лебедев Г.Н.,ФИВТ,ассистент,
Алексеев К.М.,ИТМО,ассистент,к.н.
Соколов Б.В.,ФМиМ,,д.н.
Морозов К.М.,ФРТ,профессор,д.н.
Алексеев В.И.,ФФ,профессор,
Кузнецов Б.В.,ФМиЕН,ассистент,к.н.
Алексеев Л.О.,ФМиМ,ассистент,д.н.
Смирнов В.И.,ФУПМ,,
Попов Б.В.,ФИВТ,,д.н.
Новиков И.К.,ФУПМ,профессор,к.н.
Новиков З.Т.,ФРТ,,
Волков Ж.Р.,ФФ,,к.н.
Алексеев Г.Н.,ФПМИ,доцент,
Козлов З.Т.,ФПМИ,профессор,к.н.
Семенов Е.П.,ИТМО,,
Попов Б.В.,ФМиМ,ассистент,
Алексеев М.Ю.,ФИТ,ассистент,к.н.
Семенов Б.В.,ФИТ,,к.н.
Сидоров Г.Н.,ФПМИ,доцент,
Новиков А.А.,ФПМИ,,
Егоров Л.О.,ФМиМ,профессор,д.н.
Алексеев Е.П.,ФМиЕН,профессор,к.н.
Волков Ж.Р.,ФМиЕН,ассистент,к.н.
Алексеев З.Т.,ФФ,профессор,д.н.
Новиков З.Т.,ФМиМ,доцент,к.н.
Петров Б.В.,ФФ,профессор,д.н.
Лебедев М.Ю.,ФИВТ,доцент,д.н.
Козлов М.Ю.,ФУПМ,доцент,
Смирнов А.А.,ФЭТ,профессор,д.н.
Семенов А.А.,ФПМИ,доцент,
Сидоров В.И.,ФУПМ,,к.н.
Иванов И.К.,ИТМО,ассистент,
Лебедева А.А.,ФЭТ,профессор,
Волков З.Т.,ФМиМ,ассистент,
Волков Б.В.,ФИВТ,,к.н.
Волков И.К.,ФПМИ,доцент,д.н.
Егоров Ж.Р.,ИТМО,профессор,д.н.
Волков З.Т.,ФПМИ,профессор,
Семенов И.К.,ФМиМ,,
Иванов Ж.Р.,ФИТ,,к.н.
Соколов Е.П.,ФЭТ,ассистент,д.н.
Иванов З.Т.,ФУПМ,ассистент,
Морозов К.М.,ФПМИ,ассистент,к.н.
Морозов К.М.,ИТМО,ассистент,
Волков В.И.,ИТМО,,к.н.
Алексеев М.Ю.,ФИТ,профессор,д.н.
Соколов И.К.,ИТМО,ассистент,к.н.
Волков К.М.,ФМиЕН,,
Волков Ж.Р.,ФМиМ,,д.н.
Волков Ж.Р.,ФПМИ,,к.н.
Лебедев А.А.,ИТМО,профессор,д.н.
Егоров Ж.Р.,ФРТ,профессор,д.н.
Козлов М.Ю.,ФИВТ,ассистент,
Попов В.И.,ФУПМ,доцент,д.н.
Соколов Г.Н.,ФФ,,к.н.
Волков В.И.,ФРТ,доцент,к.н.
Кузнецов Г.Н.,ФРТ,профессор,
Алексеев Л.О.,ФЭТ,профессор,д.н.
Иванов Б.В.,ФРТ,,
Петров Д.С.,ФРТ,доцент,
Иванов В.И.,ФУПМ,профессор,к.н.
Алексеев Д.С.,ФЭТ,доцент,д.н.
Новиков Д.С.,ФФ,,к.н.
Попов Д.С.,ИТМО,доцент,к.н.
Козлов К.М.,ФМиЕН,,
Сидоров А.А.,ФМиМ,ассистент,
Сидоров И.К.,ФПМИ,профессор,к.н.
Иванов К.М.,ФЭТ,доцент,к.н.
Смирнов В.И.,ФУПМ,доцент,д.н.
Кузнецов Е.П.,ФИТ,,д.н.
Лебедев Л.О.,ФЭТ,ассистент,д.н.
Егоров Д.С.,ФМиМ,доцент,к.н.
Волков З.Т.,ФИТ,,
Иванов Б.В.,ФРТ,профессор,д.н.
Новиков И.К.,ФУПМ,,
Кузнецов З.Т.,ФРТ,ассистент,к.н.
Козлов Б.В.,ФПМИ,профессор,к.н.
Новиков Б.В.,ИТМО,доцент,
Лебедева Д.С.,ФМиЕН,ассистент,к.н.
Новиков А.А.,ФФ,,д.н.
Петров Г.Н.,ФФ,,
Алексеев И.К.,ФФ,ассистент,д.н.
Волков Ж.Р.,ФМиЕН,доцент,к.н.
Попов Г.Н.,ФПМИ,доцент,д.н.
Алексеев З.Т.,ФРТ,,к.н.
Волков Ж.Р.,ФМиЕН,профессор,
Волков Б.В.,ФПМИ,ассистент,к.н.
Волков Ж.Р.,ФФ,доцент,к.н.
Морозов К.М.,ФПМИ,ассистент,
Попов Е.П.,ИТМО,,д.н.
Соколов И.К.,ФМиЕН,ассистент,д.н.
Петров Д.С.,ФИТ,доцент,д.н.
Новиков В.И.,ФУПМ,ассистент,
Семенов К.М.,ФУПМ,,к.н.
Лебедев Е.П.,ФФ,,
Лебедев И.К.,ИТМО,ассистент,д.н.
Соколов Г.Н.,ИТМО,,
Алексеев В.И.,ФМиМ,доцент,д.н.
Егоров А.А.,ФМиМ,ассистент,к.н.
Лебедев З.Т.,ФЭТ,профессор,
Новиков В.И.,ФМиЕН,ассистент,к.н.
Новиков Д.С.,ФМиЕН,профессор,
Морозов Д.С.,ФРТ,доцент,к.н.
Лебедева И.К.,ФЭТ,доцент,д.н.
Смирнов Е.П.,ФЭТ,доцент,к.н.
Соколов В.И.,ФФ,ассистент,д.н.
Козлов Д.С.,ФЭТ,доцент,к.н.
Кузнецов Б.В.,ФРТ,доцент,
Иванов Б.В.,ФМиЕН,,
Петров З.Т.,ФФ,профессор,к.н.
Лебедева Г.Н.,ФУПМ,доцент,д.н.
Лебедев Е.П.,ФУПМ,ассистент,
Козлов И.К.,ФУПМ,ассистент,
Попов Г.Н.,ФМиМ,доцент,д.н.
Лебедев И.К.,ФЭТ,доцент,к.н.
Семенов Ж.Р.,ФИВТ,профессор,к.н.
Лебедева З.Т.,ФИТ,,
Морозов Г.Н.,ФРТ,доцент,к.н.
Петров К.М.,ФМиЕН,доцент,д.н.
Смирнов К.М.,ФУПМ,доцент,д.н.
Егоров Д.С.,ФУПМ,ассистент,д.н.
Алексеев Г.Н.,ИТМО,профессор,к.н.
Попов Е.П.,ФИТ,доцент,д.н.
Волков Е.П.,ФМиЕН,доцент,д.н.
Лебедев Д.С.,ФМиЕН,,к.н.
Новиков Д.С.,ФЭТ,доцент,к.н.
Семенов Г.Н.,ФМиЕН,доцент,к.н.
Кузнецов К.М.,ФФ,ассистент,к.н.
Попов А.А.,ФПМИ,профессор,к.н.
Иванов А.А.,ФМиМ,доцент,д.н.
Соколов К.М.,ФФ,ассистент,д.н.
Семенов Б.В.,ФМиЕН,профессор,д.н.
Сидоров В.И.,ФИВТ,профессор,
Кузнецов Б.В.,ИТМО,профессор,
Соколов Е.П.,ФИВТ,профессор,к.н.
Козлов Г.Н.,ФУПМ,ассистент,
Морозов Г.Н.,ФМиЕН,ассистент,к.н.
Алексеев Г.Н.,ФФ,доцент,
Алексеев Д.С.,ФМиМ,,д.н.
Соколов И.К.,ФФ,ассистент,д.н.
Иванов Е.П.,ФМиЕН,профессор,к.н.
Козлов Л.О.,ФИТ,ассистент,д.н.
Смирнов Б.В.,ФЭТ,,д.н.
Морозов И.К.,ФФ,,д.н.
Алексеев А.А.,ФМиМ,доцент,д.н.
Егоров М.Ю.,ФИВТ,ассистент,к.н.
Волков И.К.,ФУПМ,профессор,к.н.
Волков Б.В.,ФМиЕН,профессор,д.н.
Кузнецов Д.С.,ФИТ,доцент,к.н.
Козлов Г.Н.,ФФ,доцент,д.н.
Кузнецов К.М.,ФМиЕН,ассистент,к.н.
Алексеев М.Ю.,ФИВТ,ассистент,д.н.
Волков Д.С.,ФФ,ассистент,
Смирнов Ж.Р.,ФФ,доцент,д.н.
Семенов И.К.,ИТМО,профессор,д.н.
Соколов И.К.,ФИВТ,доцент,
Морозов К.М.,ФИТ,доцент,д.н.
Козлов Б.В.,ФУПМ,ассистент,
Попов М.Ю.,ФИВТ,профессор,к.н.
Сидоров Л.О.,ФУПМ,доцент,
Лебедева М.Ю.,ФМиЕН,ассистент,д.н.
Смирнов В.И.,ФУПМ,доцент,д.н.
Попов З.Т.,ФИВТ,доцент,
Козлов Е.П.,ФФ,доцент,
Соколов И.К.,ФИТ,профессор,к.н.
Семенов Д.С.,ФПМИ,доцент,к.н.
Смирнов Б.В.,ФРТ,ассистент,
Кузнецов Д.С.,ФРТ,доцент,
Смирнов М.Ю.,ФИВТ,доцент,
Лебедева И.К.,ФИВТ,профессор,д.н.
Соколов Г.Н.,ФФ,,к.н.
Волков В.И.,ФМиЕН,профессор,
Смирнов Ж.Р.,ФЭТ,профессор,к.н.
Петров Б.В.,ФРТ,профессор,к.н.
Лебедев Б.В.,ФЭТ,,к.н.
Соколов И.К.,ФМиМ,ассистент,д.н.
Лебедева В.И.,ФМиМ,ассистент,
Иванов Е.П.,ФЭТ,ассистент,
Соколов К.М.,ФФ,,
Смирнов Б.В.,ФМиЕН,,к.н.
Волков Г.Н.,ФУПМ,доцент,
Кузнецов К.М.,ФУПМ,профессор,к.н.
Семенов Е.П.,ФИТ,,д.н.
Кузнецов Е.П.,ИТМО,доцент,к.н.
Егоров К.М.,ФФ,профессор,д.н.
Иванов И.К.,ФРТ,ассистент,д.н.
Лебедев В.И.,ФЭТ,профессор,к.н.
Семенов И.К.,ФРТ,,д.н.
Козлов Ж.Р.,ФИВТ,ассистент,д.н.
Соколов И.К.,ФМиМ,доцент,д.н.
Волков Л.О.,ФРТ,профессор,
Иванов Л.О.,ФФ,доцент,к.н.
Лебедев В.И.,ФФ,ассистент,
Петров М.Ю.,ФМиЕН,доцент,
Лебедева М.Ю.,ФФ,,к.н.
Смирнов Д.С.,ФИТ,ассистент,к.н.
Кузнецов Б.В.,ФМиМ,,к.н.
Козлов К.М.,ФИВТ,доцент,
Петров Д.С.,ФРТ,доцент,д.н.
Алексеев В.И.,ФФ,,к.н.
Алексеев А.А.,ФИТ,,д.н.
Попов В.И.,ФРТ,ассистент,к.н.
Иванов Ж.Р.,ФМиМ,доцент,к.н.
Волков Л.О.,ФРТ,доцент,к.н.
Семенов В.И.,ФФ,ассистент,д.н.
Морозов Д.С.,ФРТ,доцент,
Смирнов В.И.,ФУПМ,профессор,к.н.
Сидоров Д.С.,ФИТ,,
Лебедева А.А.,ФИВТ,доцент,к.н.
Лебедев Д.С.,ФЭТ,,к.н.
Лебедева З.Т.,ФИВТ,профессор,
Лебедев А.А.,ФПМИ,профессор,д.н.
Волков Б.В.,ФФ,ассистент,
Петров М.Ю.,ФМиЕН,профессор,к.н.
Лебедев Л.О.,ФИТ,профессор,к.н.
Лебедев Б.В.,ИТМО,ассистент,
Соколов Б.В.,ФУПМ,,к.н.
Новиков Д.С.,ФРТ,,к.н.
Семенов И.К.,ФФ,ассистент,к.н.
Петров А.А.,ФМиЕН,доцент,к.н.
Соколов К.М.,ФИТ,ассистент,к.н.
Петров Б.В.,ФМиМ,профессор,
Попов З.Т.,ФМиМ,доцент,
Сидоров Ж.Р.,ФУПМ,ассистент,к.н.
Егоров Ж.Р.,ФМиМ,ассистент,д.н.
Лебедев К.М.,ФМиЕН,доцент,д.н.
Егоров Ж.Р.,ФИТ,,
Алексеев Е.П.,ФУПМ,доцент,
Лебедева Г.Н.,ФРТ,,к.н.
Алексеев К.М.,ФМиЕН,доцент,д.н.
Алексеев К.М.,ФПМИ,профессор,к.н.
Петров Д.С.,ФИВТ,профессор,к.н.
Семенов К.М.,ФМиМ,ассистент,к.н.
Алексеев Л.О.,ФФ,,д.н.
Кузнецов З.Т.,ФМиМ,доцент,д.н.
Соколов К.М.,ФУПМ,профессор,д.н.
Алексеев К.М.,ФМиМ,профессор,к.н.
Кузнецов В.И.,ФПМИ,ассистент,
Сидоров В.И.,ФМиМ,доцент,д.н.
Иванов Л.О.,ФМиЕН,ассистент,к.н.
Петров Д.С.,ИТМО,профессор,к.н.
Попов Б.В.,ФУПМ,профессор,к.н.
Алексеев З.Т.,ФУПМ,профессор,к.н.
Новиков Д.С.,ФМиМ,доцент,к.н.
Алексеев В.И.,ФМиМ,,
Петров Ж.Р.,ФМиМ,профессор,д.н.
Волков В.И.,ФМиМ,,к.н.
Лебедев Ж.Р.,ФФ,,д.н.
Смирнов В.И.,ФМиЕН,профессор,к.н.
Иванов В.И.,ФЭТ,ассистент,д.н.
Кузнецов Г.Н.,ФИВТ,доцент,
Семенов Л.О.,ФИВТ,профессор,д.н.
Попов Б.В.,ФМиЕН,доцент,
Петров Д.С.,ФМиМ,доцент,д.н.
Кузнецов В.И.,ФМиМ,профессор,
Кузнецов А.А.,ФПМИ,ассистент,к.н.
Алексеев М.Ю.,ФУПМ,доцент,
Сидоров Г.Н.,ФРТ,,д.н.
Иванов В.И.,ИТМО,ассистент,
Семенов Д.С.,ФИВТ,,д.н.
Волков Д.С.,ФМиЕН,,к.н.
Волков И.К.,ФМиЕН,ассистент,к.н.
Семенов И.К.,ФПМИ,профессор,к.н.
Новиков Ж.Р.,ИТМО,ассистент,
Кузнецов К.М.,ФМиЕН,доцент,
Козлов М.Ю.,ФРТ,,к.н.
Смирнов Г.Н.,ФИТ,профессор,к.н.
Лебедева М.Ю.,ФФ,доцент,д.н.
Алексеев К.М.,ФУПМ,доцент,
Сидоров Г.Н.,ФПМИ,профессор,к.н.
Семенов Е.П.,ФМиМ,доцент,д.н.
Алексеев Г.Н.,ФМиМ,доцент,
Козлов Л.О.,ФМиЕН,ассистент,
Кузнецов М.Ю.,ФИТ,доцент,д.н.
Соколов А.А.,ФИТ,,
Лебедева Г.Н.,ФУПМ,ассистент,
Новиков Б.В.,ФУПМ,доцент,д.н.
Попов Ж.Р.,ФЭТ,профессор,д.н.
Семенов В.И.,ИТМО,ассистент,д.н.
Новиков М.Ю.,ФРТ,,
Петров М.Ю.,ФЭТ,профессор,д.н.
Петров Г.Н.,ФИВТ,,
Соколов Г.Н.,ФУПМ,,к.н.
Алексеев И.К.,ФРТ,профессор,д.н.
Соколов К.М.,ФИТ,,к.н.
Соколов Д.С.,ФИВТ,,
Новиков Л.О.,ФУПМ,,
Алексеев К.М.,ФПМИ,ассистент,
Козлов Л.О.,ФРТ,ассистент,д.н.
Соколов Е.П.,ФМиМ,,к.н.
Морозов Б.В.,ФМиЕН,профессор,к.н.
Сидоров Л.О.,ФМиМ,доцент,к.н.
Семенов В.И.,ФИВТ,профессор,к.н.
Попов М.Ю.,ФМиМ,ассистент,
Козлов Г.Н.,ФФ,ассистент,д.н.
Егоров К.М.,ФРТ,ассистент,д.н.
Егоров Ж.Р.,ФФ,профессор,к.н.
Кузнецов В.И.,ФИТ,ассистент,к.н.
Морозов Б.В.,ФЭТ,,к.н.
Козлов Е.П.,ИТМО,,
Семенов Д.С.,ФМиЕН,профессор,к.н.
Лебедева З.Т.,ФЭТ,доцент,д.н.
Петров Б.В.,ФФ,доцент,
Петров И.К.,ФМиЕН,профессор,
Иванов Ж.Р.,ФИТ,профессор,
Сидоров Е.П.,ФИВТ,доцент,д.н.
Новиков К.М.,ФУПМ,ассистент,к.н.
Алексеев Ж.Р.,ФИВТ,ассистент,
Иванов Ж.Р.,ФИТ,ассистент,к.н.
Алексеев З.Т.,ФУПМ,,д.н.
Соколов В.И.,ФИТ,ассистент,к.н.
Сидоров К.М.,ФМиМ,профессор,д.н.
Соколов А.А.,ФРТ,профессор,к.н.
Новиков М.Ю.,ФУПМ,,
Лебедев Д.С.,ИТМО,профессор,к.н.
Алексеев К.М.,ФМиЕН,профессор,
Смирнов Г.Н.,ФМиЕН,ассистент,
Иванов М.Ю.,ФИТ,доцент,
Соколов З.Т.,ФМиМ,профессор,д.н.
Семенов Г.Н.,ФИТ,ассистент,д.н.
Лебедева М.Ю.,ФИВТ,профессор,
Попов А.А.,ФИВТ,доцент,д.н.
Семенов А.А.,ФУПМ,профессор,
Смирнов Ж.Р.,ФУПМ,доцент,д.н.
Волков Ж.Р.,ФРТ,профессор,д.н.
Волков Г.Н.,ФМиЕН,,к.н.
Лебедева К.М.,ИТМО,,
Лебедев М.Ю.,ФПМИ,ассистент,к.н.
Лебедев А.А.,ФФ,ассистент,
Попов А.А.,ФПМИ,ассистент,к.н.
Лебедев А.А.,ФФ,профессор,д.н.
Лебедев А.А.,ФФ,профессор,д.н.
Лебедева В.И.,ФПМИ,доцент,д.н.
Козлов Е.П.,ФИВТ,ассистент,к.н.
Сидоров К.М.,ФРТ,ассистент,
Волков К.М.,ФМиЕН,ассистент,д.н.
Смирнов А.А.,ФИВТ,ассистент,д.н.
Сидоров К.М.,ФМиМ,,д.н.
Семенов М.Ю.,ФРТ,ассистент,к.н.
Кузнецов Д.С.,ФЭТ,ассистент,к.н.
Кузнецов М.Ю.,ФЭТ,ассистент,
Морозов И.К.,ФЭТ,,
Иванов М.Ю.,ФЭТ,профессор,д.н.
Попов Е.П.,ФУПМ,профессор,д.н.
Петров Б.В.,ФМиЕН,доцент,д.н.
Петров В.И.,ИТМО,доцент,к.н.
Попов Д.С.,ФИВТ,,д.н.
Козлов Г.Н.,ФЭТ,доцент,
Козлов А.А.,ФПМИ,,д.н.
Морозов И.К.,ФПМИ,профессор,к.н.
Попов Л.О.,ФРТ,доцент,к.н.
Козлов Е.П.,ИТМО,доцент,д.н.
Волков В.И.,ФМиМ,доцент,д.н.
Иванов М.Ю.,ФУПМ,ассистент,к.н.
Лебедева З.Т.,ФЭТ,ассистент,
Лебедев Ж.Р.,ФФ,профессор,д.н.
Сидоров З.Т.,ФРТ,,д.н.
Петров Ж.Р.,ФМиМ,,
Соколов Ж.Р.,ФПМИ,доцент,д.н.
Семенов В.И.,ФРТ,доцент,д.н.
Попов М.Ю.,ФИТ,,д.н.
Смирнов Ж.Р.,ФМиМ,ассистент,к.н.
Иванов А.А.,ФФ,профессор,к.н.
Новиков В.И.,ФЭТ,профессор,
Иванов Д.С.,ФМиМ,,
Лебедев К.М.,ФФ,доцент,
Смирнов Г.Н.,ФПМИ,профессор,к.н.
Смирнов Г.Н.,ФРТ,доцент,к.н.
Попов Е.П.,ФРТ,ассистент,
Лебедев Д.С.,ФФ,,
Алексеев И.К.,ФФ,ассистент,д.н.
Петров Г.Н.,ФРТ,ассистент,к.н.
Морозов Ж.Р.,ФМиЕН,доцент,к.н.
Козлов В.И.,ФМиЕН,,д.н.
Новиков И.К.,ФИВТ,ассистент,д.н.
Соколов Г.Н.,ФИТ,,к.н.
Морозов В.И.,ФФ,доцент,к.н.
Козлов Д.С.,ФИВТ,,
Иванов И.К.,ФУПМ,доцент,
Смирнов Ж.Р.,ФМиМ,доцент,
Козлов Г.Н.,ФМиМ,доцент,к.н.
Новиков И.К.,ФПМИ,доцент,к.н.
Лебедев Л.О.,ИТМО,ассистент,к.н.
Лебедева Л.О.,ФМиЕН,доцент,к.н.
Соколов М.Ю.,ФРТ,профессор,д.н.
Алексеев А.А.,ФРТ,,к.н.
Волков М.Ю.,ФФ,,
Лебедева В.И.,ФМиЕН,доцент,д.н.
Егоров М.Ю.,ФМиМ,профессор,
Алексеев З.Т.,ФЭТ,доцент,к.н.
Семенов В.И.,ФРТ,доцент,
Сидоров Б.В.,ФЭТ,профессор,д.н.
Волков Б.В.,ФУПМ,профессор,
Кузнецов З.Т.,ФИВТ,ассистент,к.н.
Алексеев Ж.Р.,ФПМИ,ассистент,
Смирнов Ж.Р.,ФУПМ,профессор,
Козлов Е.П.,ФМиМ,доцент,д.н.
Волков Д.С.,ФМиМ,,к.н.
Кузнецов Ж.Р.,ФФ,профессор,
Новиков М.Ю.,ФИВТ,доцент,к.н.
Смирнов Л.О.,ФУПМ,профессор,к.н.
Волков Ж.Р.,ФУПМ,профессор,
Новиков Е.П.,ФИТ,доцент,
Петров Д.С.,ФПМИ,ассистент,д.н.
Новиков И.К.,ФФ,профессор,к.н.
Семенов М.Ю.,ФМиЕН,ассистент,
Смирнов В.И.,ФИТ,доцент,
Попов Е.П.,ФУПМ,,д.н.
Соколов Г.Н.,ФУПМ,,
Соколов Г.Н.,ФИТ,,к.н.
Лебедев Д.С.,ФРТ,профессор,
Семенов Л.О.,ФЭТ,,к.н.
Морозов Е.П.,ФФ,профессор,д.н.
Морозов Е.П.,ФИТ,профессор,
Соколов Г.Н.,ФИВТ,доцент,к.н.
Семенов Г.Н.,ФМиЕН,,д.н.
Козлов Ж.Р.,ИТМО,ассистент,
Иванов Л.О.,ФИТ,профессор,к.н.
Соколов Ж.Р.,ФМиЕН,,к.н.
Соколов Ж.Р.,ФМиМ,доцент,д.н.
Алексеев Е.П.,ФМиМ,,к.н.
Морозов Д.С.,ФРТ,профессор,д.н.
Лебедев З.Т.,ФЭТ,доцент,к.н.
Алексеев Л.О.,ФМиМ,профессор,
Смирнов К.М.,ИТМО,ассистент,
Козлов Д.С.,ФЭТ,профессор,д.н.
Смирнов Б.В.,ФМиЕН,доцент,к.н.
Морозов Ж.Р.,ФМиМ,профессор,
Алексеев А.А.,ФМиЕН,,
Петров Б.В.,ФПМИ,ассистент,д.н.
Соколов З.Т.,ФИВТ,профессор,д.н.
Лебедев З.Т.,ФЭТ,,к.н.
Лебедева И.К.,ФМиЕН,ассистент,д.н.
Морозов Ж.Р.,ФМиМ,ассистент,к.н.
Лебедева В.И.,ФИВТ,ассистент,д.н.
Иванов Г.Н.,ФЭТ,профессор,д.н.
Волков Л.О.,ФМиЕН,профессор,д.н.
Соколов А.А.,ФМиЕН,ассистент,д.н.
Сидоров М.Ю.,ИТМО,,
Попов М.Ю.,ФУПМ,,д.н.
Алексеев Д.С.,ФЭТ,профессор,д.н.
Смирнов З.Т.,ФИВТ,профессор,
Волков В.И.,ФМиМ,профессор,к.н.
Морозов М.Ю.,ФИВТ,доцент,д.н.
Сидоров И.К.,ФЭТ,,
Морозов З.Т.,ФИВТ,доцент,к.н.
Попов И.К.,ФМиМ,профессор,к.н.
Лебедева К.М.,ФИВТ,,к.н.
Волков Л.О.,ФФ,доцент,д.н.
Егоров З.Т.,ФМиМ,,к.н.
Соколов Л.О.,ФФ,ассистент,д.н.
Смирнов И.К.,ФИТ,ассистент,к.н.
Смирнов Ж.Р.,ФИТ,профессор,
Егоров Б.В.,ФПМИ,ассистент,
Попов Г.Н.,ФФ,,
Лебедева Б.В.,ФИТ,доцент,к.н.
Алексеев М.Ю.,ФФ,ассистент,к.н.
Сидоров Л.О.,ФПМИ,доцент,
Лебедева А.А.,ФЭТ,,д.н.
Лебедев З.Т.,ФПМИ,профессор,к.н.
Иванов З.Т.,ФФ,,к.н.
Лебедев К.М.,ИТМО,,
Кузнецов И.К.,ФЭТ,доцент,к.н.
Волков Е.П.,ФИВТ,профессор,к.н.
Лебедева З.Т.,ФМиЕН,профессор,
Новиков З.Т.,ФИВТ,ассистент,д.н.
Иванов А.А.,ФЭТ,ассистент,д.н.
Соколов А.А.,ФМиМ,ассистент,д.н.
Соколов Г.Н.,ФИТ,доцент,к.н.
Алексеев В.И.,ФИТ,профессор,к.н.
Иванов Л.О.,ФИВТ,ассистент,
Петров Е.П.,ФПМИ,ассистент,д.н.
Волков Д.С.,ФРТ,доцент,д.н.
Алексеев Е.П.,ФУПМ,профессор,к.н.
Козлов Д.С.,ФРТ,,к.н.
Кузнецов Ж.Р.,ФИВТ,,к.н.
Егоров А.А.,ФЭТ,доцент,к.н.
Алексеев Б.В.,ФФ,,
Кузнецов К.М.,ФРТ,доцент,
Сидоров Ж.Р.,ФПМИ,,
Соколов К.М.,ФМиМ,профессор,к.н.
Егоров М.Ю.,ФЭТ,доцент,д.н.
Соколов А.А.,ФЭТ,доцент,
Алексеев Ж.Р.,ФЭТ,доцент,к.н.
Семенов И.К.,ФУПМ,,к.н.
Смирнов Л.О.,ФРТ,,к.н.
Алексеев Л.О.,ФЭТ,,к.н.
Морозов Г.Н.,ИТМО,профессор,к.н.
Сидоров К.М.,ФМиМ,доцент,д.н.
Сидоров З.Т.,ФПМИ,профессор,д.н.
Алексеев К.М.,ФЭТ,,д.н.
Смирнов З.Т.,ФЭТ,доцент,д.н.
Лебедев Б.В.,ФМиЕН,профессор,к.н.
Морозов М.Ю.,ФРТ,доцент,д.н.
Лебедев И.К.,ФИВТ,профессор,д.н.
Кузнецов А.А.,ФМиМ,профессор,д.н.
Волков Д.С.,ФМиМ,ассистент,
Сидоров И.К.,ИТМО,профессор,к.н.
Морозов Б.В.,ФФ,,д.н.
Соколов В.И.,ФМиМ,,
Смирнов З.Т.,ИТМО,профессор,
Морозов М.Ю.,ФУПМ,доцент,д.н.
Алексеев А.А.,ФФ,,д.н.
Смирнов Г.Н.,ФЭТ,ассистент,
Козлов Л.О.,ФПМИ,профессор,к.н.
Новиков Г.Н.,ФИВТ,доцент,д.н.
Соколов И.К.,ФФ,доцент,д.н.
Смирнов З.Т.,ФЭТ,доцент,д.н.
Соколов Ж.Р.,ФПМИ,ассистент,к.н.
Смирнов Ж.Р.,ФФ,,к.н.
Лебедева Ж.Р.,ФУПМ,доцент,к.н.
Егоров А.А.,ФМиЕН,профессор,д.н.
Попов К.М.,ИТМО,ассистент,д.н.
Лебедев И.К.,ФПМИ,профессор,д.н.
Смирнов Б.В.,ФИВТ,доцент,д.н.
Попов И.К.,ФРТ,доцент,д.н.
Морозов И.К.,ФИТ,,д.н.
Петров З.Т.,ФМиМ,,
Козлов Л.О.,ФЭТ,,к.н.
Кузнецов В.И.,ФПМИ,,д.н.
Попов М.Ю.,ФИТ,ассистент,к.н.
Алексеев Ж.Р.,ФИТ,доцент,к.н.
Семенов И.К.,ФУПМ,,
Иванов К.М.,ФУПМ,доцент,д.н.
Смирнов К.М.,ФИВТ,,
Егоров А.А.,ФУПМ,ассистент,
Волков Ж.Р.,ФЭТ,,
Петров Е.П.,ФФ,,д.н.
Егоров И.К.,ФЭТ,ассистент,к.н.
Волков М.Ю.,ФИТ,ассистент,
Морозов А.А.,ФМиЕН,ассистент,к.н.
Морозов А.А.,ФИВТ,доцент,к.н.
Семенов К.М.,ФЭТ,,д.н.
Морозов А.А.,ФПМИ,ассистент,к.н.
Иванов Л.О.,ФИТ,ассистент,
Соколов Б.В.,ФЭТ,ассистент,к.н.
Алексеев В.И.,ФЭТ,доцент,к.н.
Волков Б.В.,ФФ,ассистент,к.н.
Сидоров Е.П.,ФИВТ,доцент,д.н.
Попов А.А.,ФРТ,ассистент,к.н.
Морозов И.К.,ФИВТ,профессор,к.н.
Лебедева Г.Н.,ФЭТ,профессор,к.н.
Попов И.К.,ФМиМ,ассистент,д.н.
Сидоров З.Т.,ФЭТ,доцент,к.н.
Лебедева Б.В.,ФУПМ,доцент,д.н.
Сидоров З.Т.,ФИТ,,к.н.
Алексеев М.Ю.,ФУПМ,доцент,к.н.
Волков К.М.,ФПМИ,ассистент,д.н.
Сидоров И.К.,ФМиЕН,,
Новиков Г.Н.,ФИТ,доцент,д.н.
Новиков З.Т.,ФРТ,доцент,д.н.
Кузнецов А.А.,ФЭТ,,к.н.
Попов Г.Н.,ФФ,доцент,
Сидоров Ж.Р.,ФМиЕН,ассистент,д.н.
Алексеев Г.Н.,ФРТ,профессор,к.н.
Семенов Ж.Р.,ФИВТ,доцент,к.н.
Смирнов В.И.,ФУПМ,доцент,к.н.
Соколов Е.П.,ФФ,ассистент,к.н.
Лебедева Ж.Р.,ФИТ,ассистент,к.н.
Семенов Ж.Р.,ФУПМ,ассистент,к.н.
Козлов Б.В.,ИТМО,ассистент,к.н.
Петров Г.Н.,ИТМО,ассистент,
Новиков И.К.,ИТМО,,к.н.
Лебедева Л.О.,ФМиМ,ассистент,
Иванов Л.О.,ФПМИ,профессор,
Петров К.М.,ФИВТ,профессор,к.н.
Сидоров Ж.Р.,ФЭТ,доцент,
Новиков Б.В.,ФИВТ,доцент,
Волков Б.В.,ИТМО,,д.н.
Смирнов И.К.,ФМиМ,доцент,д.н.
Новиков И.К.,ИТМО,доцент,д.н.
Волков И.К.,ФУПМ,доцент,д.н.
Иванов В.И.,ФРТ,доцент,
Алексеев И.К.,ФПМИ,доцент,д.н.
Волков А.А.,ФРТ,,д.н.
Лебедева Ж.Р.,ФМиМ,ассистент,д.н.
Новиков Е.П.,ФМиЕН,доцент,
Кузнецов М.Ю.,ФИВТ,,к.н.
Лебедев М.Ю.,ФЭТ,профессор,д.н.
Смирнов В.И.,ФМиМ,,к.н.
Соколов Л.О.,ФИТ,доцент,к.н.
Иванов К.М.,ФУПМ,,д.н.
Сидоров Б.В.,ФИТ,,к.н.
Лебедев Д.С.,ФМиМ,доцент,к.н.
Кузнецов З.Т.,ФИВТ,,д.н.
Смирнов И.К.,ФЭТ,доцент,д.н.
Егоров Л.О.,ФФ,ассистент,д.н.
Семенов В.И.,ФЭТ,профессор,к.н.
Алексеев Ж.Р.,ФМиЕН,,к.н.
Козлов Л.О.,ФМиЕН,ассистент,
Петров И.К.,ФИТ,профессор,
Петров Г.Н.,ФМиЕН,ассистент,
Алексеев Д.С.,ФУПМ,ассистент,к.н.
Петров А.А.,ФУПМ,доцент,к.н.
Алексеев К.М.,ФЭТ,доцент,д.н.
Кузнецов К.М.,ФМиЕН,,
Иванов Д.С.,ФУПМ,профессор,к.н.
Волков В.И.,ФИВТ,ассистент,к.н.
Семенов Б.В.,ФИТ,,к.н.
Волков К.М.,ФИВТ,ассистент,
Егоров М.Ю.,ФПМИ,ассистент,к.н.
Иванов Б.В.,ФМиМ,доцент,к.н.
Волков М.Ю.,ФИТ,доцент,д.н.
Иванов В.И.,ФФ,,д.н.
Сидоров И.К.,ИТМО,,д.н.
Иванов И.К.,ФИВТ,ассистент,д.н.
Козлов Л.О.,ФИТ,профессор,д.н.
Смирнов Е.П.,ФФ,ассистент,к.н.
Иванов Ж.Р.,ФИВТ,профессор,
Семенов А.А.,ФУПМ,доцент,д.н.
Лебедев Ж.Р.,ФМиЕН,профессор,к.н.
Волков К.М.,ФРТ,доцент,д.н.
Смирнов З.Т.,ФРТ,ассистент,д.н.
Козлов И.К.,ФМиМ,ассистент,
Семенов Б.В.,ФУПМ,ассистент,к.н.
Егоров Л.О.,ФМиЕН,доцент,к.н.
Волков К.М.,ФФ,,к.н.
Козлов Е.П.,ФФ,,д.н.
Волков Л.О.,ФМиМ,ассистент,
Козлов И.К.,ФРТ,ассистент,
Петров К.М.,ФМиМ,профессор,
Иванов Л.О.,ФУПМ,профессор,д.н.
Козлов Д.С.,ИТМО,ассистент,
Морозов Д.С.,ФИТ,доцент,к.н.
Новиков Л.О.,ИТМО,,д.н.
Сидоров Д.С.,ФРТ,ассистент,
Семенов Г.Н.,ФПМИ,профессор,
Иванов В.И.,ФМиЕН,,
Кузнецов З.Т.,ФПМИ,,
Петров Д.С.,ФФ,доцент,д.н.
Новиков Л.О.,ФМиМ,,
Иванов Б.В.,ИТМО,ассистент,д.н.
Алексеев Б.В.,ФФ,доцент,
Лебедев К.М.,ФИТ,доцент,к.н.
Кузнецов З.Т.,ФФ,профессор,д.н.
Петров А.А.,ФПМИ,ассистент,
Лебедев А.А.,ФИВТ,профессор,
Егоров Е.П.,ФИТ,доцент,к.н.
Козлов Е.П.,ФЭТ,,
Попов Б.В.,ФИВТ,ассистент,к.н.
Смирнов В.И.,ФИТ,,
Попов Ж.Р.,ФЭТ,профессор,
Сидоров К.М.,ФУПМ,профессор,к.н.
Егоров Г.Н.,ФРТ,ассистент,д.н.
Волков В.И.,ФФ,доцент,к.н.
Козлов К.М.,ФИТ,доцент,к.н.
Лебедев М.Ю.,ФФ,ассистент,д.н.
Петров И.К.,ФУПМ,,д.н.
Соколов К.М.,ФИВТ,,
Сидоров Л.О.,ФУПМ,профессор,д.н.
Егоров Е.П.,ФМиМ,профессор,д.н.
Морозов З.Т.,ФМиЕН,,к.н.
Алексеев Б.В.,ФРТ,ассистент,к.н.
Петров А.А.,ФИТ,ассистент,к.н.
Попов Б.В.,ФПМИ,профессор,к.н.
Козлов Д.С.,ФРТ,,
Петров М.Ю.,ФРТ,,
Семенов Е.П.,ФФ,доцент,к.н.
Петров М.Ю.,ФИВТ,доцент,
Попов В.И.,ФРТ,,
Смирнов З.Т.,ФЭТ,доцент,
Егоров К.М.,ФРТ,ассистент,к.н.
Лебедев М.Ю.,ФЭТ,,
Сидоров И.К.,ФФ,ассистент,к.н.
Семенов А.А.,ФЭТ,,к.н.
Козлов В.И.,ИТМО,доцент,
Кузнецов В.И.,ФМиМ,доцент,
Сидоров М.Ю.,ФМиЕН,профессор,д.н.
Семенов Ж.Р.,ФИТ,профессор,к.н.
Лебедева Е.П.,ФМиЕН,профессор,к.н.
Морозов В.И.,ФМиЕН,ассистент,к.н.
Петров Ж.Р.,ФПМИ,ассистент,д.н.
Попов З.Т.,ФУПМ,ассистент,
Петров Е.П.,ФИТ,ассистент,д.н.
Сидоров И.К.,ФПМИ,,к.н.
Козлов Ж.Р.,ФПМИ,доцент,к.н.
Егоров Л.О.,ФПМИ,ассистент,д.н.
Морозов И.К.,ФРТ,доцент,к.н.
Морозов А.А.,ФУПМ,ассистент,
Иванов В.И.,ФЭТ,доцент,
Петров Е.П.,ФИТ,доцент,
Сидоров Л.О.,ФМиМ,профессор,д.н.
Морозов М.Ю.,ФИВТ,,д.н.
Сидоров Е.П.,ФФ,,к.н.
Семенов М.Ю.,ФИВТ,профессор,
Егоров И.К.,ФФ,ассистент,
Соколов Л.О.,ФФ,,д.н.
Иванов Г.Н.,ИТМО,ассистент,к.н.
Смирнов Е.П.,ФПМИ,профессор,д.н.
Смирнов Д.С.,ФПМИ,ассистент,
Кузнецов Ж.Р.,ФРТ,ассистент,к.н.
Морозов Д.С.,ФПМИ,профессор,д.н.
Новиков А.А.,ФУПМ,профессор,к.н.
Егоров Ж.Р.,ФРТ,ассистент,к.н.
Морозов З.Т.,ФУПМ,,к.н.
Волков В.И.,ФМиМ,профессор,д.н.
Морозов Ж.Р.,ФРТ,,
Попов К.М.,ФИВТ,профессор,д.н.
Егоров Г.Н.,ФЭТ,профессор,к.н.
Смирнов Ж.Р.,ФФ,ассистент,
Соколов З.Т.,ФИВТ,ассистент,д.н.
Лебедева Е.П.,ФИВТ,ассистент,к.н.
Лебедев Б.В.,ФПМИ,доцент,д.н.
Иванов И.К.,ФЭТ,ассистент,
Семенов Б.В.,ИТМО,ассистент,д.н.
Семенов И.К.,ФМиЕН,,д.н.
Кузнецов Е.П.,ФИТ,ассистент,
Семенов Л.О.,ФИТ,ассистент,
Кузнецов З.Т.,ФПМИ,,
Кузнецов З.Т.,ФУПМ,профессор,к.н.
Попов И.К.,ФФ,,к.н.
Волков З.Т.,ФМиЕН,ассистент,
Егоров Б.В.,ФЭТ,профессор,д.н.
Козлов Б.В.,ФИТ,доцент,к.н.
Семенов М.Ю.,ФУПМ,,к.н.
Лебедева К.М.,ФЭТ,,к.н.
Алексеев В.И.,ФФ,ассистент,д.н.
Козлов Л.О.,ФФ,,
Лебедева Г.Н.,ФЭТ,доцент,
Лебедев К.М.,ФМиЕН,профессор,
Семенов Б.В.,ФУПМ,доцент,к.н.
Сидоров К.М.,ФЭТ,ассистент,
Козлов В.И.,ФПМИ,профессор,д.н.
Козлов Л.О.,ФМиЕН,доцент,
Попов Ж.Р.,ФРТ,доцент,к.н.
Лебедева И.К.,ФИТ,,д.н.
Лебедева Д.С.,ФИВТ,ассистент,
Семенов И.К.,ФЭТ,профессор,д.н.
Соколов Ж.Р.,ФМиМ,профессор,
Козлов Ж.Р.,ФИВТ,ассистент,к.н.
Смирнов М.Ю.,ФМиМ,доцент,к.н.
Петров Е.П.,ФРТ,ассистент,д.н.
Егоров Д.С.,ФИВТ,профессор,к.н.
Попов Б.В.,ФМиЕН,,к.н.
Соколов Е.П.,ИТМО,доцент,д.н.
Козлов В.И.,ИТМО,доцент,д.н.
Морозов В.И.,ФУПМ,ассистент,к.н.
Егоров В.И.,ФУПМ,ассистент,д.н.
Петров Б.В.,ФИТ,,д.н.
Волков Д.С.,ФФ,ассистент,
Смирнов В.И.,ФИТ,ассистент,
Попов И.К.,ФУПМ,,к.н.
Егоров М.Ю.,ФМиМ,ассистент,
Лебедев З.Т.,ФМиМ,ассистент,
Алексеев З.Т.,ФПМИ,ассистент,д.н.
Петров З.Т.,ФЭТ,доцент,
Алексеев А.А.,ФРТ,профессор,д.н.
Семенов М.Ю.,ИТМО,доцент,к.н.
Лебедев Г.Н.,ФЭТ,доцент,д.н.
Семенов Ж.Р.,ФПМИ,доцент,к.н.
Петров З.Т.,ИТМО,ассистент,д.н.
Семенов В.И.,ФИТ,ассистент,
Лебедева И.К.,ФИВТ,профессор,д.н.
Волков А.А.,ФЭТ,ассистент,к.н.
Морозов В.И.,ФМиМ,доцент,д.н.
Иванов Е.П.,ФРТ,,к.н.
Кузнецов Б.В.,ФПМИ,профессор,к.н.
Семенов Г.Н.,ФИТ,,к.н.
Егоров Л.О.,ФУПМ,профессор,к.н.
Козлов К.М.,ФИВТ,,д.н.
Соколов К.М.,ФПМИ,ассистент,
Попов Л.О.,ФИТ,доцент,к.н.
Лебедева И.К.,ИТМО,профессор,
Козлов К.М.,ФЭТ,ассистент,к.н.
Лебедев Л.О.,ИТМО,профессор,к.н.
Козлов В.И.,ФФ,,к.н.
Семенов Г.Н.,ФЭТ,профессор,
Сидоров Е.П.,ФИВТ,,
Смирнов Ж.Р.,ФЭТ,ассистент,д.н.
Лебедев Д.С.,ФЭТ,ассистент,к.н.
Волков Г.Н.,ФУПМ,,
Новиков Е.П.,ФРТ,профессор,к.н.
Алексеев Б.В.,ФРТ,доцент,д.н.
Сидоров И.К.,ФУПМ,доцент,к.н.
Морозов Ж.Р.,ФЭТ,,
Волков Г.Н.,ФИТ,ассистент,к.н.
Иванов М.Ю.,ФРТ,доцент,д.н.
Смирнов И.К.,ФМиЕН,,
Морозов К.М.,ФИТ,доцент,
Алексеев А.А.,ФМиЕН,,д.н.
Козлов К.М.,ФМиЕН,ассистент,к.н.
Иванов В.И.,ФМиЕН,профессор,к.н.
Кузнецов К.М.,ФИВТ,,
Попов Б.В.,ФИТ,доцент,к.н.
Козлов Д.С.,ФМиЕН,ассистент,к.н.
Морозов Г.Н.,ФМиМ,,к.н.
Егоров А.А.,ФПМИ,доцент,
Семенов Б.В.,ФИВТ,профессор,д.н.
Соколов Л.О.,ФУПМ,ассистент,
Волков Е.П.,ФМиЕН,ассистент,к.н.
Новиков Б.В.,ФЭТ,,к.н.
Сидоров Л.О.,ИТМО,,
Сидоров Л.О.,ФПМИ,доцент,к.н.
Волков Е.П.,ФИВТ,профессор,д.н.
Алексеев В.И.,ИТМО,профессор,
Смирнов З.Т.,ФУПМ,ассистент,к.н.
Смирнов М.Ю.,ФИВТ,доцент,д.н.
Лебедев И.К.,ФУПМ,доцент,
Волков З.Т.,ФРТ,,к.н.
Сидоров З.Т.,ФИТ,доцент,д.н.
Алексеев Е.П.,ФПМИ,ассистент,к.н.
Смирнов А.А.,ФМиМ,профессор,к.н.
Смирнов В.И.,ФПМИ,профессор,к.н.
Алексеев А.А.,ФИТ,доцент,д.н.
Соколов Д.С.,ФИВТ,профессор,к.н.
Новиков Е.П.,ФИВТ,,
Лебедев Б.В.,ФПМИ,доцент,
Соколов К.М.,ФИТ,ассистент,
Соколов Г.Н.,ФПМИ,,к.н.
Иванов К.М.,ФМиМ,ассистент,
Егоров М.Ю.,ФМиМ,доцент,д.н.
Алексеев И.К.,ФМиМ,ассистент,
Соколов М.Ю.,ИТМО,,д.н.
Соколов Л.О.,ФИВТ,ассистент,к.н.
Егоров Е.П.,ФФ,доцент,к.н.
Лебедев Г.Н.,ФМиЕН,профессор,к.н.
Семенов Б.В.,ФФ,ассистент,
Сидоров Е.П.,ИТМО,профессор,д.н.
Попов Е.П.,ФРТ,,к.н.
Алексеев Д.С.,ИТМО,ассистент,д.н.
Соколов Г.Н.,ФУПМ,,к.н.
Соколов Л.О.,ФФ,профессор,
Алексеев Л.О.,ФПМИ,ассистент,
Попов Е.П.,ФИТ,доцент,д.н.
Петров М.Ю.,ФУПМ,,
Сидоров М.Ю.,ФЭТ,ассистент,
Егоров А.А.,ФПМИ,,
Петров Е.П.,ФМиМ,профессор,д.н.
Сидоров В.И.,ФЭТ,ассистент,д.н.
Иванов К.М.,ФИТ,доцент,
Попов Ж.Р.,ФРТ,ассистент,
Егоров Б.В.,ФМиЕН,профессор,
Кузнецов Л.О.,ФРТ,профессор,д.н.
Иванов М.Ю.,ФПМИ,профессор,д.н.
Петров М.Ю.,ФЭТ,профессор,к.н.
Петров А.А.,ФЭТ,профессор,д.н.
Соколов З.Т.,ФУПМ,доцент,
Алексеев Б.В.,ФЭТ,профессор,к.н.
Козлов Б.В.,ФМиЕН,,
Алексеев М.Ю.,ФМиЕН,,д.н.
Кузнецов Ж.Р.,ФИТ,профессор,к.н.
Лебедева Г.Н.,ФФ,ассистент,к.н.
Козлов Б.В.,ФУПМ,ассистент,к.н.
Соколов Л.О.,ФМиЕН,доцент,
Попов К.М.,ФФ,доцент,
Семенов К.М.,ИТМО,профессор,д.н.
Попов Ж.Р.,ФЭТ,,к.н.
Петров И.К.,ФИВТ,доцент,
Волков Б.В.,ФЭТ,,
Смирнов Г.Н.,ФМиМ,профессор,д.н.
Морозов И.К.,ФИТ,ассистент,д.н.
Петров З.Т.,ФМиЕН,доцент,д.н.
Сидоров А.А.,ФУПМ,доцент,
Иванов Е.П.,ФПМИ,доцент,
Лебедева И.К.,ФИТ,доцент,
Лебедева З.Т.,ФРТ,профессор,д.н.
Козлов Л.О.,ФМиМ,ассистент,д.н.
Алексеев Д.С.,ФРТ,,
Сидоров Б.В.,ФПМИ,ассистент,
Сидоров В.И.,ФЭТ,ассистент,д.н.
Семенов К.М.,ФЭТ,,
Иванов И.К.,ФМиМ,доцент,к.н.
Смирнов Б.В.,ФЭТ,,д.н.
Лебедев Г.Н.,ФМиЕН,профессор,к.н.
Кузнецов З.Т.,ФРТ,,
Иванов Ж.Р.,ФИВТ,ассистент,к.н.
Семенов Б.В.,ФМиМ,профессор,д.н.
Лебедев Б.В.,ФМиЕН,ассистент,д.н.
Лебедева Е.П.,ФФ,доцент,к.н.
Сидоров Б.В.,ИТМО,ассистент,к.н.
Алексеев Г.Н.,ФПМИ,,к.н.
Волков Д.С.,ФМиЕН,,д.н.
Смирнов Г.Н.,ФИТ,доцент,д.н.
Смирнов В.И.,ФФ,,д.н.
Смирнов И.К.,ФИВТ,доцент,д.н.
Лебедев Г.Н.,ФИВТ,профессор,
Алексеев А.А.,ФУПМ,,д.н.
Попов В.И.,ФФ,ассистент,
Лебедева Е.П.,ФФ,ассистент,к.н.
Лебедева Д.С.,ФЭТ,профессор,д.н.
Попов Л.О.,ФИТ,доцент,
Семенов Л.О.,ФЭТ,доцент,к.н.
Алексеев В.И.,ФУПМ,доцент,к.н.
Егоров Ж.Р.,ФУПМ,профессор,
Сидоров З.Т.,ФПМИ,профессор,д.н.
Морозов Д.С.,ФПМИ,профессор,
Соколов А.А.,ФРТ,,к.н.
Новиков И.К.,ФИТ,ассистент,д.н.
Алексеев М.Ю.,ФЭТ,ассистент,
Соколов Л.О.,ФИТ,ассистент,к.н.
Кузнецов А.А.,ФМиМ,,д.н.
Сидоров Д.С.,ФФ,доцент,к.н.
Иванов И.К.,ФМиМ,,к.н.
Кузнецов Л.О.,ФМиМ,,к.н.
Иванов И.К.,ФЭТ,,д.н.
Иванов И.К.,ФФ,профессор,
Волков З.Т.,ИТМО,ассистент,
Попов Б.В.,ФРТ,профессор,
Морозов Л.О.,ФМиМ,,к.н.
Смирнов Г.Н.,ФИВТ,,
Лебедева Ж.Р.,ФФ,доцент,д.н.
Лебедев Е.П.,ФРТ,доцент,
Лебедев В.И.,ФИТ,,д.н.
Семенов Б.В.,ФФ,ассистент,д.н.
Егоров А.А.,ФИВТ,ассистент,д.н.
Соколов М.Ю.,ИТМО,доцент,д.н.
Смирнов А.А.,ФИВТ,ассистент,д.н.
Козлов Г.Н.,ФМиМ,профессор,д.н.
Иванов А.А.,ФЭТ,,
Морозов Е.П.,ФИВТ,ассистент,д.н.
Лебедева Г.Н.,ИТМО,профессор,к.н.
Морозов К.М.,ФИТ,профессор,д.н.
Иванов Г.Н.,ФМиЕН,доцент,
Иванов Д.С.,ФМиЕН,,к.н.
Морозов М.Ю.,ФМиЕН,профессор,д.н.
Иванов В.И.,ФФ,профессор,
Морозов Е.П.,ФУПМ,,к.н.
Лебедева М.Ю.,ФРТ,профессор,д.н.
Морозов Л.О.,ФЭТ,профессор,к.н.
Волков И.К.,ФМиМ,,к.н.
Петров М.Ю.,ФФ,профессор,
Лебедева Л.О.,ФФ,,д.н.
Волков И.К.,ФИТ,,к.н.
Егоров З.Т.,ФИТ,доцент,
Смирнов А.А.,ФРТ,,д.н.
Лебедев З.Т.,ФИВТ,профессор,
Лебедева Л.О.,ФПМИ,доцент,к.н.
Лебедев В.И.,ФФ,доцент,д.н.
Новиков К.М.,ФПМИ,доцент,д.н.
Егоров Е.П.,ФМиМ,,
Козлов Д.С.,ФИТ,профессор,д.н.
Петров Г.Н.,ФИВТ,ассистент,
Волков И.К.,ФФ,ассистент,д.н.
Алексеев Е.П.,ФПМИ,доцент,к.н.
Лебедев В.И.,ФМиМ,ассистент,д.н.
Иванов А.А.,ФУПМ,доцент,
Семенов Л.О.,ФИВТ,профессор,
Кузнецов Л.О.,ФФ,доцент,д.н.
Иванов Д.С.,ФПМИ,,д.н.
Сидоров Г.Н.,ФЭТ,профессор,
Иванов Б.В.,ФИТ,,д.н.
Новиков Е.П.,ФИВТ,,д.н.
Козлов Л.О.,ФИТ,доцент,д.н.
Соколов И.К.,ФРТ,,
Семенов Ж.Р.,ФИТ,ассистент,д.н.
Семенов Л.О.,ФРТ,профессор,д.н.
Попов Л.О.,ИТМО,профессор,
Соколов И.К.,ФМиМ,профессор,д.н.
Волков Л.О.,ФЭТ,профессор,к.н.
Петров К.М.,ФИТ,ассистент,к.н.
Петров А.А.,ФПМИ,ассистент,к.н.
Петров Д.С.,ФУПМ,ассистент,к.н.
Козлов К.М.,ФПМИ,профессор,
Егоров В.И.,ФУПМ,доцент,к.н.
Кузнецов Ж.Р.,ФИТ,доцент,к.н.
Сидоров Е.П.,ФМиЕН,ассистент,к.н.
Иванов Ж.Р.,ФМиЕН,ассистент,д.н.
Соколов Д.С.,ФМиЕН,,к.н.
Семенов Б.В.,ФИТ,профессор,д.н.
Соколов Ж.Р.,ИТМО,ассистент,д.н.
Волков И.К.,ИТМО,,
Волков М.Ю.,ФМиЕН,,
Попов К.М.,ФИТ,,д.н.
Козлов Д.С.,ФЭТ,,
Смирнов З.Т.,ФФ,,д.н.
Лебедев Б.В.,ИТМО,профессор,
Сидоров Д.С.,ФМиЕН,профессор,д.н.
Лебедева Д.С.,ФМиЕН,ассистент,
Смирнов Е.П.,ИТМО,доцент,д.н.
Лебедев Д.С.,ФМиМ,доцент,к.н.
Соколов Ж.Р.,ФМиМ,ассистент,
Смирнов И.К.,ФЭТ,,д.н.
Морозов З.Т.,ФИТ,ассистент,к.н.
Лебедева И.К.,ФУПМ,профессор,
Семенов Б.В.,ФПМИ,доцент,
Попов Е.П.,ФИТ,профессор,д.н.
Егоров Л.О.,ФФ,доцент,
Егоров Д.С.,ФПМИ,,к.н.
Соколов К.М.,ФЭТ,профессор,
Иванов Л.О.,ФИВТ,,
Сидоров А.А.,ФЭТ,,к.н.
Попов А.А.,ФФ,ассистент,к.н.
Новиков Л.О.,ФРТ,профессор,д.н.
Алексеев В.И.,ФРТ,,к.н.
Лебедева А.А.,ФПМИ,доцент,
Иванов М.Ю.,ФИТ,,к.н.
Волков Д.С.,ФУПМ,профессор,
Семенов Б.В.,ФПМИ,,к.н.
Сидоров Г.Н.,ИТМО,,
Сидоров Е.П.,ФУПМ,,д.н.
Иванов В.И.,ФИВТ,ассистент,к.н.
Алексеев К.М.,ФРТ,профессор,к.н.
Семенов Б.В.,ИТМО,профессор,к.н.
Иванов Ж.Р.,ФМиМ,доцент,д.н.
Смирнов Л.О.,ФМиМ,ассистент,
Егоров И.К.,ФИТ,,
Семенов З.Т.,ФМиМ,доцент,
Попов А.А.,ИТМО,профессор,д.н.
Новиков Г.Н.,ФИВТ,профессор,д.н.
Петров А.А.,ФПМИ,,
Волков Ж.Р.,ФМиЕН,профессор,
Алексеев З.Т.,ФМиЕН,,к.н.
Попов Е.П.,ФМиЕН,доцент,к.н.
Лебедев А.А.,ФФ,,
Петров В.И.,ФИВТ,доцент,
Лебедев Г.Н.,ФМиЕН,доцент,д.н.
Егоров Е.П.,ФИТ,профессор,
Козлов М.Ю.,ФРТ,,к.н.
Морозов В.И.,ФИВТ,доцент,д.н.
Морозов Б.В.,ФИВТ,профессор,к.н.
Лебедева М.Ю.,ФИТ,профессор,к.н.
Смирнов Ж.Р.,ФПМИ,профессор,к.н.
Попов А.А.,ИТМО,профессор,д.н.
Сидоров З.Т.,ФПМИ,доцент,к.н.
Кузнецов М.Ю.,ФИТ,доцент,к.н.
Сидоров З.Т.,ФИТ,ассистент,д.н.
Смирнов Ж.Р.,ФЭТ,профессор,д.н.
Козлов Д.С.,ФИТ,профессор,к.н.
Волков Л.О.,ФЭТ,профессор,д.н.
Новиков И.К.,ФМиМ,профессор,
Лебедев Л.О.,ФИТ,доцент,к.н.
Кузнецов Е.П.,ФРТ,доцент,д.н.
Семенов Л.О.,ФПМИ,профессор,
Иванов Б.В.,ФУПМ,профессор,
Егоров М.Ю.,ИТМО,доцент,
Лебедев Е.П.,ФПМИ,,к.н.
Волков И.К.,ФМиЕН,доцент,д.н.
Алексеев Ж.Р.,ФУПМ,ассистент,
Козлов Ж.Р.,ФФ,,д.н.
Смирнов Л.О.,ФЭТ,профессор,д.н.
Иванов В.И.,ФПМИ,ассистент,д.н.
Морозов Е.П.,ИТМО,,д.н.
Лебедева Е.П.,ИТМО,,д.н.
Лебедева Б.В.,ФЭТ,,
Петров Д.С.,ФУПМ,профессор,
Петров И.К.,ФМиМ,ассистент,д.н.
Волков Б.В.,ФМиЕН,,к.н.
Петров А.А.,ФЭТ,профессор,д.н.
Новиков Е.П.,ФРТ,ассистент,д.н.
Лебедева В.И.,ФМиМ,,д.н.
Попов Г.Н.,ФРТ,профессор,д.н.
Попов В.И.,ФУПМ,доцент,к.н.
Попов И.К.,ФРТ,ассистент,д.н.
Семенов Ж.Р.,ФИВТ,,д.н.
Иванов Г.Н.,ФУПМ,,к.н.
Семенов Ж.Р.,ФРТ,,к.н.
Соколов В.И.,ФЭТ,,к.н.
Петров И.К.,ФРТ,ассистент,д.н.
Сидоров А.А.,ИТМО,,к.н.
Смирнов Г.Н.,ФПМИ,ассистент,д.н.
Сидоров З.Т.,ФУПМ,ассистент,д.н.
Иванов И.К.,ФЭТ,профессор,
Петров К.М.,ФЭТ,,
Лебедева Ж.Р.,ФИВТ,ассистент,к.н.
Кузнецов М.Ю.,ФЭТ,,к.н.
Лебедев К.М.,ФРТ,,
Лебедева Б.В.,ФМиЕН,,к.н.
Попов Л.О.,ФИТ,ассистент,к.н.
Лебедева Е.П.,ФИВТ,профессор,д.н.
Сидоров Л.О.,ФЭТ,профессор,к.н.
Козлов А.А.,ФРТ,доцент,к.н.
Иванов Е.П.,ФИВТ,ассистент,к.н.
Алексеев К.М.,ФУПМ,профессор,к.н.
Егоров Г.Н.,ФИВТ,,д.н.
Сидоров В.И.,ФЭТ,профессор,к.н.
Новиков К.М.,ФФ,профессор,д.н.
Семенов Б.В.,ФИТ,ассистент,
Попов В.И.,ФУПМ,,к.н.
Лебедев Г.Н.,ФМиЕН,,
Козлов Д.С.,ФПМИ,доцент,
Новиков В.И.,ИТМО,,к.н.
Алексеев И.К.,ФЭТ,доцент,д.н.
Алексеев Д.С.,ФИВТ,,к.н.
Петров Г.Н.,ФМиМ,,к.н.
Соколов К.М.,ФЭТ,ассистент,к.н.
Смирнов З.Т.,ФУПМ,профессор,
Новиков М.Ю.,ФМиЕН,доцент,д.н.
Семенов И.К.,ФЭТ,,д.н.
Иванов В.И.,ФУПМ,доцент,
Новиков М.Ю.,ФФ,доцент,к.н.
Алексеев В.И.,ИТМО,доцент,
Петров Ж.Р.,ФПМИ,доцент,к.н.
Сидоров В.И.,ФМиМ,доцент,к.н.
Иванов В.И.,ИТМО,ассистент,
Семенов В.И.,ФМиМ,доцент,к.н.
Лебедев Ж.Р.,ФИВТ,доцент,д.н.
Алексеев З.Т.,ФЭТ,доцент,
Волков Ж.Р.,ФЭТ,,
Сидоров Г.Н.,ФИВТ,ассистент,д.н.
Морозов К.М.,ФРТ,,
Иванов Ж.Р.,ИТМО,,д.н.
Морозов З.Т.,ФМиЕН,профессор,к.н.
Смирнов З.Т.,ФРТ,доцент,
Новиков Л.О.,ФФ,профессор,д.н.
Волков Ж.Р.,ФРТ,профессор,д.н.
Иванов А.А.,ИТМО,доцент,д.н.
Новиков Д.С.,ФУПМ,ассистент,
Волков Б.В.,ФЭТ,профессор,к.н.
Семенов В.И.,ФМиМ,,к.н.
Семенов Г.Н.,ФПМИ,ассистент,д.н.
Козлов З.Т.,ФМиМ,профессор,к.н.
Смирнов Ж.Р.,ФМиЕН,,д.н.
Сидоров З.Т.,ФФ,доцент,
Лебедев И.К.,ФУПМ,ассистент,к.н.
Козлов З.Т.,ФУПМ,ассистент,д.н.
Сидоров Г.Н.,ФУПМ,доцент,
Попов Е.П.,ФПМИ,ассистент,к.н.
Новиков З.Т.,ФРТ,ассистент,
Сидоров Б.В.,ФФ,ассистент,к.н.
Егоров И.К.,ФРТ,ассистент,к.н.
Попов З.Т.,ФПМИ,профессор,д.н.
Морозов Г.Н.,ИТМО,профессор,к.н.
Сидоров А.А.,ИТМО,доцент,к.н.
Морозов К.М.,ФПМИ,,д.н.
Попов Д.С.,ФИВТ,доцент,д.н.
Волков А.А.,ФИТ,доцент,к.н.
Алексеев Ж.Р.,ФИВТ,ассистент,д.н.
Новиков К.М.,ФРТ,,
Соколов Ж.Р.,ФИТ,доцент,к.н.
Соколов Д.С.,ФЭТ,ассистент,д.н.
Соколов З.Т.,ФИВТ,доцент,к.н.
Соколов В.И.,ФУПМ,ассистент,
Сидоров А.А.,ФФ,ассистент,д.н.
Алексеев А.А.,ФРТ,,
Новиков Л.О.,ИТМО,профессор,д.н.
Петров А.А.,ФИТ,профессор,д.н.
Кузнецов Б.В.,ФФ,ассистент,к.н.
Попов И.К.,ФИВТ,доцент,к.н.
Смирнов Л.О.,ФФ,ассистент,к.н.
Лебедев И.К.,ФПМИ,профессор,к.н.
Смирнов М.Ю.,ФМиЕН,,
Алексеев Ж.Р.,ИТМО,ассистент,д.н.
Сидоров Е.П.,ФЭТ,профессор,к.н.
Кузнецов Г.Н.,ФРТ,,к.н.
Новиков Ж.Р.,ФПМИ,профессор,д.н.
Попов И.К.,ФМиМ,ассистент,к.н.
Попов Л.О.,ФМиМ,ассистент,
Сидоров Л.О.,ФМиМ,доцент,к.н.
Иванов Л.О.,ФЭТ,доцент,д.н.
Иванов З.Т.,ФМиЕН,профессор,
Кузнецов Л.О.,ФМиМ,профессор,к.н.
Семенов Д.С.,ФПМИ,доцент,к.н.
Лебедева Е.П.,ФЭТ,профессор,д.н.
Лебедев Г.Н.,ФУПМ,доцент,к.н.
Алексеев И.К.,ФУПМ,профессор,д.н.
Кузнецов Л.О.,ФФ,,
Соколов Е.П.,ФФ,ассистент,к.н.
Волков Л.О.,ФЭТ,,д.н.
Козлов К.М.,ФФ,,д.н.
Кузнецов З.Т.,ФМиЕН,ассистент,
Петров З.Т.,ФИВТ,,
Лебедева К.М.,ФИВТ,профессор,к.н.
Новиков Л.О.,ИТМО,,к.н.
Сидоров Ж.Р.,ФМиЕН,доцент,к.н.
Смирнов Б.В.,ФФ,профессор,к.н.
Егоров З.Т.,ФИТ,доцент,д.н.
Сидоров А.А.,ФФ,ассистент,
Алексеев В.И.,ФИТ,профессор,
Соколов Е.П.,ФИВТ,доцент,д.н.
Лебедев Е.П.,ФЭТ,,к.н.
Иванов И.К.,ФЭТ,доцент,
Морозов Е.П.,ФУПМ,доцент,к.н.
Алексеев М.Ю.,ФФ,ассистент,д.н.
Козлов К.М.,ФИВТ,ассистент,д.н.
Кузнецов А.А.,ФУПМ,профессор,к.н.
Алексеев Л.О.,ФИВТ,,
Соколов З.Т.,ФЭТ,ассистент,к.н.
Петров Б.В.,ФУПМ,,д.н.
Волков К.М.,ФПМИ,ассистент,д.н.
Волков Д.С.,ИТМО,ассистент,
Новиков И.К.,ФИВТ,профессор,
Козлов В.И.,ИТМО,профессор,
Волков Д.С.,ФМиЕН,профессор,
Петров Б.В.,ФУПМ,,к.н.
Кузнецов З.Т.,ФИВТ,,д.н.
Соколов К.М.,ФМиМ,профессор,
Козлов Л.О.,ФМиЕН,,
Алексеев Г.Н.,ФРТ,,к.н.
Егоров Ж.Р.,ФИТ,доцент,к.н.
Соколов З.Т.,ФМиМ,доцент,
Попов Г.Н.,ФПМИ,ассистент,д.н.
Сидоров А.А.,ФУПМ,ассистент,
Козлов К.М.,ФУПМ,,
Лебедев И.К.,ФРТ,профессор,к.н.
Козлов Г.Н.,ФПМИ,,к.н.
Морозов Л.О.,ФПМИ,профессор,
Лебедева В.И.,ФИВТ,доцент,д.н.
Семенов А.А.,ФМиМ,,к.н.
Егоров А.А.,ФФ,доцент,д.н.
Кузнецов Г.Н.,ИТМО,доцент,
Попов Д.С.,ИТМО,профессор,к.н.
Семенов М.Ю.,ФРТ,профессор,д.н.
Иванов Л.О.,ФРТ,,д.н.
Новиков Е.П.,ФИТ,профессор,
Попов А.А.,ИТМО,,д.н.
Петров А.А.,ФЭТ,доцент,
Егоров Е.П.,ФМиМ,доцент,д.н.
Соколов В.И.,ФПМИ,доцент,д.н.
Сидоров К.М.,ФМиМ,,д.н.
Сидоров В.И.,ФПМИ,,
Алексеев Е.П.,ФУПМ,ассистент,к.н.
Сидоров Г.Н.,ИТМО,профессор,д.н.
Алексеев З.Т.,ФУПМ,профессор,к.н.
Сидоров И.К.,ФПМИ,ассистент,д.н.
Морозов З.Т.,ФФ,ассистент,к.н.
Алексеев А.А.,ФМиЕН,ассистент,д.н.
Новиков В.И.,ФМиЕН,доцент,к.н.
Соколов Г.Н.,ФЭТ,ассистент,д.н.
Волков Е.П.,ИТМО,профессор,к.н.
Алексеев З.Т.,ФФ,профессор,к.н.
Волков Г.Н.,ФМиЕН,ассистент,д.н.
Лебедева А.А.,ФИТ,профессор,
Волков В.И.,ФМиЕН,ассистент,д.н.
Семенов Ж.Р.,ФИТ,профессор,д.н.
Смирнов В.И.,ФМиМ,профессор,к.н.
Кузнецов З.Т.,ФИТ,профессор,к.н.
Морозов Г.Н.,ФПМИ,профессор,
Петров Е.П.,ФМиМ,доцент,
Сидоров Е.П.,ФМиЕН,ассистент,
Семенов Ж.Р.,ФИВТ,ассистент,
Лебедев И.К.,ФУПМ,,
Смирнов А.А.,ФИВТ,доцент,к.н.
Морозов Б.В.,ФМиЕН,профессор,д.н.
Волков Б.В.,ФИТ,ассистент,д.н.
Лебедева И.К.,ФМиМ,профессор,д.н.
Иванов Л.О.,ФПМИ,доцент,к.н.
Семенов Д.С.,ФМиМ,профессор,д.н.
Морозов З.Т.,ФИВТ,профессор,к.н.
Петров Л.О.,ФФ,ассистент,
Соколов Ж.Р.,ФМиМ,,
Попов И.К.,ФМиЕН,доцент,д.н.
Морозов В.И.,ФМиМ,доцент,д.н.
Волков Л.О.,ФФ,ассистент,
Морозов Д.С.,ИТМО,,д.н.
Семенов Е.П.,ФМиЕН,ассистент,
Петров Б.В.,ФПМИ,ассистент,д.н.
Петров А.А.,ФРТ,,д.н.
Алексеев Е.П.,ФПМИ,доцент,
Алексеев Г.Н.,ФМиЕН,,
Петров А.А.,ФИТ,доцент,д.н.
Сидоров А.А.,ФИТ,ассистент,к.н.
Сидоров З.Т.,ФИТ,ассистент,д.н.
Егоров Л.О.,ФРТ,,
Алексеев И.К.,ФФ,доцент,
Алексеев К.М.,ФИВТ,,д.н.
Лебедева Д.С.,ФМиМ,ассистент,
Лебедева Г.Н.,ФИВТ,,д.н.
Егоров З.Т.,ФФ,,д.н.
Кузнецов А.А.,ФМиЕН,профессор,к.н.
Алексеев А.А.,ФФ,,
Лебедев И.К.,ФЭТ,профессор,д.н.
Семенов Г.Н.,ФИТ,доцент,
Петров В.И.,ФЭТ,профессор,к.н.
Сидоров К.М.,ФЭТ,ассистент,к.н.
Кузнецов Е.П.,ФМиЕН,ассистент,д.н.
Иванов Е.П.,ФИВТ,доцент,д.н.
Морозов Л.О.,ФИВТ,,д.н.
Егоров И.К.,ИТМО,доцент,д.н.
Лебедев Б.В.,ФИТ,,д.н.
Козлов К.М.,ИТМО,,д.н.
Попов З.Т.,ФИТ,доцент,
Сидоров В.И.,ИТМО,профессор,к.н.
Петров З.Т.,ФМиЕН,ассистент,к.н.
Иванов Б.В.,ИТМО,профессор,д.н.
Козлов Д.С.,ФМиЕН,доцент,
Кузнецов Д.С.,ФИВТ,,к.н.
Козлов Б.В.,ФЭТ,профессор,к.н.
Алексеев К.М.,ФФ,,к.н.
Морозов З.Т.,ФЭТ,ассистент,д.н.
Кузнецов Л.О.,ИТМО,ассистент,к.н.
Лебедев Б.В.,ФУПМ,профессор,
Петров А.А.,ФПМИ,профессор,к.н.
Волков Г.Н.,ФМиЕН,доцент,д.н.
Новиков З.Т.,ФФ,профессор,
Попов И.К.,ФРТ,профессор,
Волков З.Т.,ФУПМ,доцент,к.н.
Козлов А.А.,ФРТ,доцент,к.н.
Лебедева Г.Н.,ФПМИ,ассистент,к.н.
Смирнов Д.С.,ФРТ,,к.н.
Сидоров Б.В.,ФПМИ,профессор,
Семенов Г.Н.,ИТМО,доцент,
Алексеев Е.П.,ФИВТ,профессор,к.н.
Попов Д.С.,ФИТ,доцент,к.н.
Егоров Ж.Р.,ИТМО,ассистент,к.н.
Попов Г.Н.,ФУПМ,,д.н.
Лебедева З.Т.,ФПМИ,профессор,к.н.
Волков Д.С.,ФИВТ,,д.н.
Волков В.И.,ФПМИ,доцент,д.н.
Козлов Г.Н.,ФМиЕН,ассистент,д.н.
Петров Д.С.,ФФ,профессор,
Смирнов Е.П.,ФРТ,доцент,д.н.
Козлов Г.Н.,ФИВТ,,к.н.
Лебедева В.И.,ФПМИ,профессор,
Кузнецов И.К.,ФЭТ,,к.н.
Семенов Б.В.,ФПМИ,доцент,к.н.
Попов В.И.,ФРТ,,к.н.
Егоров В.И.,ФМиМ,доцент,к.н.
Попов Е.П.,ИТМО,профессор,к.н.
Семенов Д.С.,ФУПМ,профессор,
Смирнов Б.В.,ФРТ,,к.н.
Петров Б.В.,ФПМИ,доцент,
Морозов В.И.,ФЭТ,,д.н.
Соколов Л.О.,ФМиМ,,
Лебедева М.Ю.,ФУПМ,,
Алексеев К.М.,ФИТ,профессор,
Сидоров Д.С.,ФПМИ,доцент,
Волков И.К.,ФФ,доцент,к.н.
Волков В.И.,ФЭТ,,д.н.
Алексеев Д.С.,ФПМИ,ассистент,к.н.
Алексеев Д.С.,ФФ,,
Волков Е.П.,ФУПМ,,к.н.
Смирнов З.Т.,ФИВТ,профессор,к.н.
Козлов И.К.,ФРТ,доцент,
Волков Б.В.,ФЭТ,,к.н.
Попов Д.С.,ФИВТ,профессор,к.н.
Морозов Л.О.,ФРТ,,
Попов В.И.,ФФ,профессор,д.н.
Лебедева Ж.Р.,ФМиМ,профессор,д.н.
Семенов Г.Н.,ФФ,ассистент,д.н.
Смирнов М.Ю.,ФУПМ,,к.н.
Лебедева М.Ю.,ФИВТ,,к.н.
Лебедева Г.Н.,ФИВТ,ассистент,к.н.
Соколов Е.П.,ФИТ,ассистент,к.н.
Волков К.М.,ФИВТ,ассистент,к.н.
Сидоров А.А.,ФУПМ,ассистент,к.н.
Волков К.М.,ФЭТ,профессор,д.н.
Алексеев Л.О.,ФИВТ,доцент,к.н.
Лебедева А.А.,ФУПМ,профессор,к.н.
Смирнов А.А.,ФПМИ,,д.н.
Семенов Д.С.,ФФ,профессор,
Морозов М.Ю.,ИТМО,ассистент,д.н.
Морозов Ж.Р.,ФПМИ,доцент,к.н.
Соколов Д.С.,ФПМИ,,к.н.
Лебедев А.А.,ФЭТ,ассистент,д.н.
Егоров Б.В.,ФПМИ,ассистент,д.н.
Соколов А.А.,ФУПМ,ассистент,к.н.
Лебедева В.И.,ФИТ,,
Лебедева Е.П.,ФФ,профессор,д.н.
Лебедева З.Т.,ФЭТ,профессор,
Соколов Д.С.,ФМиЕН,доцент,
Морозов М.Ю.,ФМиЕН,ассистент,
Егоров А.А.,ФПМИ,ассистент,к.н.
Егоров Д.С.,ФФ,доцент,
Кузнецов Л.О.,ФФ,доцент,
Семенов Е.П.,ФМиМ,ассистент,к.н.
Смирнов Л.О.,ФЭТ,ассистент,
Лебедева Г.Н.,ФЭТ,профессор,
Козлов Л.О.,ФИТ,профессор,д.н.
Егоров И.К.,ФЭТ,,к.н.
Семенов И.К.,ФПМИ,ассистент,д.н.
Смирнов Б.В.,ФЭТ,профессор,д.н.
Егоров Г.Н.,ФФ,доцент,
Кузнецов В.И.,ФФ,ассистент,
Егоров А.А.,ИТМО,,
Смирнов Д.С.,ФЭТ,,
Петров Г.Н.,ИТМО,,
Соколов Ж.Р.,ФМиЕН,ассистент,
Сидоров И.К.,ФУПМ,профессор,д.н.
Морозов Д.С.,ФИТ,доцент,д.н.
Козлов Г.Н.,ФПМИ,доцент,
Кузнецов К.М.,ФЭТ,доцент,д.н.
Попов Б.В.,ИТМО,доцент,к.н.
Егоров И.К.,ФПМИ,,д.н.
Смирнов В.И.,ФМиЕН,профессор,д.н.
Морозов Б.В.,ФРТ,доцент,к.н.
Волков Б.В.,ФРТ,ассистент,к.н.
Козлов Д.С.,ФМиМ,,
Попов Б.В.,ФМиМ,ассистент,к.н.
Волков К.М.,ФИВТ,доцент,к.н.
Новиков Ж.Р.,ФИТ,доцент,
Волков Г.Н.,ФУПМ,ассистент,д.н.
Волков Д.С.,ФПМИ,,д.н.
Семенов З.Т.,ФМиМ,доцент,д.н.
Кузнецов Ж.Р.,ФМиМ,профессор,
Петров Ж.Р.,ФМиМ,доцент,д.н.
Новиков З.Т.,ФРТ,ассистент,д.н.
Волков Б.В.,ФПМИ,ассистент,д.н.
Смирнов И.К.,ФИВТ,профессор,к.н.
Лебедева З.Т.,ФИВТ,,
Иванов Л.О.,ФМиЕН,,к.н.
Петров Ж.Р.,ФЭТ,ассистент,д.н.
Семенов В.И.,ИТМО,ассистент,к.н.
Иванов Ж.Р.,ФФ,доцент,к.н.
Егоров В.И.,ФРТ,доцент,д.н.
Попов М.Ю.,ФУПМ,профессор,к.н.
Алексеев Г.Н.,ФЭТ,ассистент,
Морозов М.Ю.,ФФ,ассистент,д.н.
Морозов И.К.,ФЭТ,профессор,
Иванов Л.О.,ИТМО,,
Алексеев В.И.,ФЭТ,ассистент,к.н.
Семенов А.А.,ФМиМ,,
Сидоров Д.С.,ФМиЕН,,
Морозов З.Т.,ИТМО,ассистент,к.н.
Семенов Д.С.,ФИТ,,д.н.
Соколов Л.О.,ФИВТ,,
Лебедева Б.В.,ФЭТ,ассистент,
Алексеев З.Т.,ФМиМ,,
Новиков М.Ю.,ФИВТ,ассистент,
Иванов В.И.,ИТМО,доцент,к.н.
Семенов А.А.,ФМиЕН,ассистент,к.н.
Лебедева М.Ю.,ФЭТ,доцент,
Алексеев Ж.Р.,ФМиЕН,профессор,
Кузнецов З.Т.,ФУПМ,доцент,д.н.
Семенов И.К.,ФМиМ,профессор,к.н.
Смирнов Б.В.,ИТМО,доцент,д.н.
Кузнецов И.К.,ИТМО,профессор,к.н.
Иванов И.К.,ФИТ,доцент,
Петров К.М.,ИТМО,доцент,д.н.
Иванов Е.П.,ФУПМ,профессор,к.н.
Лебедева Е.П.,ФУПМ,доцент,к.н.
Попов В.И.,ФМиМ,доцент,к.н.
Кузнецов Д.С.,ФРТ,ассистент,д.н.
Егоров Г.Н.,ФФ,доцент,к.н.
Иванов Д.С.,ФФ,,к.н.
Семенов В.И.,ФМиМ,профессор,
Соколов Д.С.,ФЭТ,доцент,к.н.
Лебедева Г.Н.,ФЭТ,профессор,
Попов З.Т.,ФИТ,профессор,д.н.
Сидоров А.А.,ФИТ,ассистент,к.н.
Морозов Д.С.,ФМиЕН,доцент,к.н.
Козлов Д.С.,ФРТ,профессор,к.н.
Иванов Б.В.,ФУПМ,профессор,к.н.
Семенов Б.В.,ФЭТ,ассистент,к.н.
Алексеев А.А.,ФПМИ,ассистент,д.н.
Попов Е.П.,ФИТ,доцент,к.н.
Козлов Б.В.,ФИТ,доцент,д.н.
Смирнов Е.П.,ФМиМ,,
Смирнов К.М.,ФИТ,доцент,
Лебедев Ж.Р.,ФИВТ,профессор,д.н.
Лебедев И.К.,ФРТ,ассистент,к.н.
Сидоров М.Ю.,ФПМИ,доцент,к.н.
Новиков Б.В.,ФРТ,профессор,
Новиков И.К.,ФМиМ,профессор,к.н.
Смирнов Е.П.,ФФ,доцент,
Алексеев В.И.,ФУПМ,доцент,
Попов Ж.Р.,ФУПМ,ассистент,к.н.
Иванов Б.В.,ФИТ,доцент,д.н.
Козлов З.Т.,ФРТ,ассистент,к.н.
Попов З.Т.,ФРТ,доцент,к.н.
Лебедев Д.С.,ФУПМ,профессор,
Лебедева Л.О.,ФИТ,доцент,д.н.
Лебедева И.К.,ФМиМ,доцент,
Морозов З.Т.,ФМиМ,профессор,д.н.
Петров К.М.,ФРТ,доцент,д.н.
Иванов М.Ю.,ФЭТ,,
Семенов М.Ю.,ФРТ,профессор,
Козлов Б.В.,ФРТ,ассистент,д.н.
Сидоров Е.П.,ФРТ,доцент,д.н.
Кузнецов Ж.Р.,ФПМИ,профессор,к.н.
Смирнов К.М.,ФИТ,,д.н.
Егоров В.И.,ФРТ,,
Кузнецов М.Ю.,ФРТ,доцент,д.н.
Петров М.Ю.,ФИВТ,доцент,
Смирнов В.И.,ФРТ,ассистент,д.н.
Алексеев З.Т.,ФЭТ,,д.н.
Семенов А.А.,ФИВТ,доцент,д.н.
Новиков А.А.,ФИВТ,,к.н.
Егоров Ж.Р.,ФМиМ,доцент,к.н.
Алексеев Б.В.,ФИТ,,д.н.
Алексеев К.М.,ИТМО,,д.н.
Попов А.А.,ФУПМ,,д.н.
Иванов Б.В.,ФЭТ,профессор,
Алексеев Ж.Р.,ФМиЕН,доцент,к.н.
Соколов К.М.,ФФ,профессор,д.н.
Попов Д.С.,ИТМО,профессор,д.н.
Смирнов Б.В.,ФИТ,доцент,
Петров Д.С.,ИТМО,доцент,д.н.
Козлов Л.О.,ФМиМ,профессор,к.н.
Семенов Д.С.,ИТМО,доцент,к.н.
Новиков Е.П.,ФМиЕН,профессор,д.н.
Лебедева З.Т.,ФПМИ,ассистент,д.н.
Алексеев В.И.,ФРТ,,
Сидоров Д.С.,ФРТ,доцент,к.н.
Соколов Б.В.,ИТМО,,
Петров М.Ю.,ФИВТ,доцент,
Попов А.А.,ФИТ,ассистент,
Лебедев И.К.,ИТМО,ассистент,д.н.
Волков М.Ю.,ФРТ,доцент,
Иванов Д.С.,ФИВТ,доцент,
Козлов Б.В.,ФМиМ,профессор,д.н.
Семенов Л.О.,ФИТ,доцент,к.н.
Морозов Ж.Р.,ФИВТ,,
Лебедева Е.П.,ФИТ,,д.н.
Кузнецов Е.П.,ФИВТ,ассистент,
Козлов Г.Н.,ФМиМ,профессор,д.н.
Семенов Л.О.,ФПМИ,ассистент,к.н.
Волков Л.О.,ФПМИ,доцент,к.н.
Лебедева Г.Н.,ИТМО,профессор,
Иванов Г.Н.,ФПМИ,ассистент,
Морозов В.И.,ФРТ,,д.н.
Попов Л.О.,ФИВТ,доцент,
Морозов Д.С.,ФЭТ,доцент,к.н.
Волков Ж.Р.,ФИТ,профессор,к.н.
Соколов М.Ю.,ФФ,,к.н.
Сидоров Б.В.,ФИТ,ассистент,
Сидоров Г.Н.,ФМиМ,доцент,д.н.
Петров Б.В.,ФУПМ,профессор,
Семенов Ж.Р.,ФМиЕН,доцент,к.н.
Сидоров Б.В.,ФЭТ,доцент,д.н.
Попов Ж.Р.,ФПМИ,профессор,
Сидоров И.К.,ФИТ,,д.н.
Волков Ж.Р.,ФИВТ,доцент,д.н.
Лебедев К.М.,ФМиЕН,доцент,д.н.
Семенов З.Т.,ФПМИ,доцент,к.н.
Алексеев З.Т.,ФИТ,профессор,к.н.
Соколов З.Т.,ФУПМ,,д.н.
Лебедева Д.С.,ФМиМ,,
Сидоров Л.О.,ФУПМ,доцент,
Кузнецов М.Ю.,ФИТ,профессор,
Лебедева В.И.,ФМиМ,доцент,к.н.
Егоров И.К.,ФУПМ,ассистент,к.н.
Иванов Г.Н.,ФПМИ,,к.н.
Козлов К.М.,ФМиМ,,д.н.
Петров В.И.,ФФ,,д.н.
Семенов Ж.Р.,ФИТ,профессор,д.н.
Козлов З.Т.,ФУПМ,доцент,д.н.
Козлов К.М.,ФМиЕН,доцент,
Морозов А.А.,ФРТ,,д.н.
Соколов З.Т.,ФМиЕН,,
Смирнов Д.С.,ФЭТ,,к.н.
Козлов К.М.,ФИВТ,,к.н.
Иванов Г.Н.,ИТМО,,к.н.
Семенов Ж.Р.,ИТМО,ассистент,
Алексеев З.Т.,ИТМО,ассистент,д.н.
Семенов И.К.,ФРТ,,
Соколов Г.Н.,ФРТ,доцент,к.н.
Смирнов Д.С.,ФЭТ,профессор,
Волков Д.С.,ФРТ,ассистент,
Лебедева Б.В.,ФИВТ,ассистент,
Соколов В.И.,ФПМИ,ассистент,
Морозов В.И.,ФМиЕН,профессор,д.н.
Соколов З.Т.,ФЭТ,ассистент,д.н.
Морозов В.И.,ФИВТ,ассистент,к.н.
Попов М.Ю.,ФФ,доцент,к.н.
Соколов Л.О.,ФМиЕН,,к.н.
Смирнов Б.В.,ФМиЕН,доцент,к.н.
Иванов Г.Н.,ФМиЕН,,д.н.
Козлов М.Ю.,ФМиЕН,доцент,к.н.
Соколов Л.О.,ИТМО,ассистент,
Лебедева К.М.,ФЭТ,ассистент,
Иванов Ж.Р.,ФМиМ,доцент,к.н.
Сидоров Г.Н.,ФРТ,профессор,к.н.
Морозов Б.В.,ФФ,профессор,к.н.
Сидоров Л.О.,ФРТ,ассистент,
Кузнецов Л.О.,ФФ,,
Смирнов Ж.Р.,ФПМИ,доцент,
Морозов Б.В.,ФЭТ,ассистент,д.н.
Алексеев Е.П.,ИТМО,доцент,к.н.
Алексеев В.И.,ФУПМ,профессор,д.н.
Козлов Ж.Р.,ИТМО,профессор,
Кузнецов В.И.,ФРТ,,к.н.
Соколов М.Ю.,ФУПМ,профессор,д.н.
Семенов И.К.,ФМиМ,,д.н.
Морозов И.К.,ФФ,профессор,к.н.
Кузнецов А.А.,ФИВТ,,д.н.
Попов А.А.,ФИТ,,
Сидоров Ж.Р.,ФИВТ,профессор,д.н.
Лебедева Г.Н.,ФПМИ,ассистент,
Семенов Ж.Р.,ФЭТ,доцент,д.н.
Петров Д.С.,ФЭТ,профессор,
Морозов З.Т.,ФМиЕН,доцент,к.н.
Лебедев Г.Н.,ФФ,профессор,к.н.
Волков В.И.,ФУПМ,доцент,д.н.
Алексеев Д.С.,ИТМО,профессор,
Иванов В.И.,ФЭТ,доцент,д.н.
Лебедев В.И.,ФПМИ,,д.н.
Смирнов Л.О.,ФПМИ,профессор,д.н.
Егоров Г.Н.,ФИТ,,
Попов В.И.,ФМиЕН,ассистент,
Кузнецов К.М.,ФМиМ,доцент,
Иванов В.И.,ИТМО,,
Семенов М.Ю.,ФЭТ,профессор,д.н.
Лебедева Е.П.,ФИВТ,профессор,д.н.
Петров Ж.Р.,ФФ,доцент,
Егоров М.Ю.,ФИВТ,профессор,
Попов В.И.,ФИВТ,доцент,к.н.
Егоров В.И.,ФМиЕН,,
Сидоров Ж.Р.,ФМиМ,,д.н.
Волков Д.С.,ФЭТ,,
Алексеев К.М.,ФРТ,профессор,д.н.
Смирнов Л.О.,ФИТ,ассистент,
Морозов К.М.,ФПМИ,доцент,
Лебедев Г.Н.,ИТМО,доцент,д.н.
Семенов Ж.Р.,ФУПМ,доцент,
Попов Е.П.,ФФ,ассистент,д.н.
Егоров В.И.,ФМиМ,ассистент,д.н.
Алексеев М.Ю.,ФМиМ,доцент,
Петров Л.О.,ФМиМ,профессор,к.н.
Новиков Е.П.,ФПМИ,профессор,к.н.
Волков К.М.,ИТМО,профессор,д.н.
Волков В.И.,ФИТ,,д.н.
Семенов Д.С.,ФИВТ,профессор,д.н.
Лебедев К.М.,ФФ,,д.н.
Алексеев Г.Н.,ФЭТ,доцент,д.н.
Лебедев Ж.Р.,ФМиЕН,доцент,д.н.
Лебедев Д.С.,ФПМИ,ассистент,д.н.
Лебедев Г.Н.,ФМиЕН,ассистент,к.н.
Волков Е.П.,ФМиЕН,ассистент,
Кузнецов Б.В.,ФУПМ,профессор,д.н.
Лебедев Д.С.,ФМиМ,доцент,
Семенов А.А.,ФФ,профессор,
Волков Б.В.,ФИТ,профессор,д.н.
Иванов З.Т.,ФРТ,профессор,д.н.
Кузнецов Б.В.,ФФ,ассистент,д.н.
Новиков З.Т.,ФМиЕН,доцент,д.н.
Попов М.Ю.,ФПМИ,профессор,к.н.
Сидоров Л.О.,ФРТ,профессор,к.н.
Иванов И.К.,ФИВТ,профессор,д.н.
Морозов В.И.,ФМиЕН,доцент,д.н.
Иванов З.Т.,ФУПМ,,к.н.
Кузнецов Б.В.,ФИТ,профессор,
Сидоров Е.П.,ФМиМ,ассистент,
Попов З.Т.,ФЭТ,профессор,
Лебедева З.Т.,ФИВТ,доцент,
Семенов И.К.,ФИТ,ассистент,
Попов А.А.,ФФ,доцент,к.н.
Петров З.Т.,ИТМО,,д.н.
Лебедева Ж.Р.,ФЭТ,доцент,д.н.
Волков Д.С.,ФЭТ,ассистент,д.н.
Волков М.Ю.,ФРТ,ассистент,
Петров Л.О.,ФЭТ,ассистент,
Лебедева К.М.,ФИТ,доцент,к.н.
Морозов Ж.Р.,ФИТ,ассистент,
Козлов М.Ю.,ФИВТ,,к.н.
Козлов Б.В.,ФИВТ,доцент,д.н.
Козлов М.Ю.,ФИТ,доцент,
Козлов Б.В.,ФИВТ,профессор,д.н.
Соколов Л.О.,ФРТ,,
Волков Е.П.,ФФ,ассистент,д.н.
Семенов Ж.Р.,ФИВТ,профессор,к.н.
Новиков М.Ю.,ФУПМ,,д.н.
Смирнов Л.О.,ФМиЕН,,к.н.
Попов К.М.,ФПМИ,ассистент,
Петров Ж.Р.,ФЭТ,профессор,
Алексеев Е.П.,ФПМИ,доцент,д.н.
Соколов З.Т.,ФИТ,профессор,
Новиков Г.Н.,ФМиЕН,профессор,к.н.
Егоров Ж.Р.,ФФ,профессор,к.н.
Волков М.Ю.,ФМиЕН,,к.н.
Кузнецов З.Т.,ФФ,,к.н.
Новиков Е.П.,ФФ,профессор,д.н.
Лебедев Г.Н.,ФФ,,
Смирнов В.И.,ИТМО,ассистент,к.н.
Лебедев Л.О.,ФФ,,д.н.
Попов В.И.,ФПМИ,ассистент,д.н.
Козлов Б.В.,ФЭТ,,д.н.
Егоров З.Т.,ФРТ,профессор,
Морозов З.Т.,ФФ,профессор,к.н.
Лебедева К.М.,ФМиЕН,доцент,
Кузнецов З.Т.,ФИВТ,,
Козлов Г.Н.,ФФ,профессор,д.н.
Козлов М.Ю.,ФПМИ,,к.н.
Соколов Л.О.,ФПМИ,доцент,
Соколов З.Т.,ФМиЕН,профессор,к.н.
Сидоров В.И.,ФМиМ,,к.н.
Сидоров Г.Н.,ФУПМ,,
Попов Ж.Р.,ФФ,доцент,д.н.
Лебедева Е.П.,ИТМО,ассистент,
Волков Е.П.,ФУПМ,ассистент,к.н.
Кузнецов Е.П.,ФРТ,,д.н.
Петров Д.С.,ФМиЕН,профессор,д.н.
Козлов М.Ю.,ФМиМ,,д.н.
Волков Е.П.,ФИВТ,ассистент,
Новиков Г.Н.,ФУПМ,ассистент,
Козлов Е.П.,ФРТ,,
Лебедев Д.С.,ФМиЕН,доцент,
Смирнов И.К.,ФУПМ,доцент,
Петров З.Т.,ФРТ,профессор,к.н.
Лебедев М.Ю.,ФМиЕН,профессор,к.н.
Лебедев В.И.,ФПМИ,профессор,д.н.
Морозов Г.Н.,ФЭТ,доцент,к.н.
Попов М.Ю.,ИТМО,профессор,к.н.
Егоров Б.В.,ФМиЕН,доцент,д.н.
Алексеев Д.С.,ФИТ,ассистент,д.н.
Козлов Б.В.,ФУПМ,,
Сидоров А.А.,ФФ,,д.н.
Козлов В.И.,ФФ,,д.н.
Смирнов А.А.,ФПМИ,доцент,д.н.
Смирнов Б.В.,ФМиМ,профессор,
Лебедев И.К.,ФМиЕН,доцент,
Иванов В.И.,ФРТ,доцент,к.н.
Алексеев А.А.,ФЭТ,ассистент,к.н.
Соколов Ж.Р.,ИТМО,ассистент,
Морозов Л.О.,ФФ,,к.н.
Попов Л.О.,ФИТ,доцент,д.н.
Попов К.М.,ФИТ,ассистент,к.н.
Лебедев В.И.,ФЭТ,,д.н.
Иванов Ж.Р.,ФМиЕН,,
Лебедев И.К.,ФИТ,доцент,
Козлов М.Ю.,ФУПМ,,к.н.
Семенов З.Т.,ФМиМ,,к.н.
Попов А.А.,ФПМИ,,
Сидоров А.А.,ФРТ,профессор,д.н.
Соколов З.Т.,ФЭТ,ассистент,
Алексеев З.Т.,ФЭТ,,
Сидоров В.И.,ФЭТ,доцент,к.н.
Иванов М.Ю.,ФФ,профессор,
Морозов И.К.,ФУПМ,,к.н.
Волков Ж.Р.,ФМиМ,профессор,
Соколов Д.С.,ФФ,профессор,к.н.
Козлов А.А.,ФМиЕН,,
Смирнов А.А.,ФУПМ,доцент,д.н.
Егоров В.И.,ФМиМ,профессор,д.н.
Лебедев Л.О.,ФЭТ,ассистент,к.н.
Новиков Ж.Р.,ФРТ,ассистент,
Соколов З.Т.,ФЭТ,доцент,д.н.
Козлов Б.В.,ФПМИ,профессор,к.н.
Егоров Ж.Р.,ФФ,доцент,к.н.
Попов Д.С.,ИТМО,профессор,
Новиков Д.С.,ФИТ,,д.н.
Лебедев В.И.,ФМиЕН,профессор,
Семенов К.М.,ФМиМ,ассистент,
Новиков А.А.,ФПМИ,,
Смирнов Г.Н.,ИТМО,ассистент,д.н.
Волков Е.П.,ФМиМ,доцент,
Кузнецов М.Ю.,ИТМО,доцент,
Петров Д.С.,ФФ,ассистент,к.н.
Козлов И.К.,ФЭТ,ассистент,д.н.
Попов В.И.,ИТМО,,к.н.
Новиков И.К.,ФИТ,доцент,
Сидоров К.М.,ФПМИ,ассистент,д.н.
Морозов И.К.,ФИТ,,
Козлов Д.С.,ФЭТ,,к.н.
Попов А.А.,ФРТ,доцент,к.н.
Петров Г.Н.,ФИВТ,доцент,д.н.
Смирнов Е.П.,ФУПМ,профессор,к.н.
Сидоров В.И.,ФЭТ,профессор,д.н.
Новиков Д.С.,ФИВТ,ассистент,к.н.
Петров Ж.Р.,ФЭТ,доцент,
Егоров Ж.Р.,ФПМИ,,
Козлов Г.Н.,ФМиМ,профессор,д.н.
Морозов Л.О.,ИТМО,доцент,
Семенов Е.П.,ФУПМ,доцент,
Семенов А.А.,ФМиМ,,д.н.
Петров И.К.,ФИТ,профессор,д.н.
Кузнецов Б.В.,ФИВТ,профессор,к.н.
Кузнецов А.А.,ФФ,ассистент,к.н.
Лебедева М.Ю.,ФМиМ,профессор,к.н.
Иванов И.К.,ФПМИ,,
Алексеев З.Т.,ФЭТ,доцент,д.н.
Семенов З.Т.,ФПМИ,профессор,
Соколов И.К.,ФИВТ,,к.н.
Козлов З.Т.,ФФ,,к.н.
Кузнецов Г.Н.,ФФ,,к.н.
Сидоров М.Ю.,ФУПМ,профессор,к.н.
Смирнов М.Ю.,ФМиЕН,профессор,
Смирнов Л.О.,ФФ,,
Козлов М.Ю.,ФУПМ,,
Петров Ж.Р.,ФИТ,доцент,д.н.
Морозов А.А.,ФРТ,доцент,к.н.
Иванов И.К.,ФУПМ,доцент,
Егоров З.Т.,ФИТ,профессор,к.н.
Волков Д.С.,ФФ,,к.н.
Семенов Б.В.,ФУПМ,профессор,д.н.
Морозов Б.В.,ФФ,ассистент,д.н.
Алексеев А.А.,ФМиМ,,к.н.
Иванов В.И.,ФЭТ,профессор,
Семенов Г.Н.,ФУПМ,доцент,
Волков М.Ю.,ФИВТ,доцент,
Сидоров М.Ю.,ФЭТ,,к.н.
Соколов З.Т.,ФПМИ,ассистент,
Сидоров Г.Н.,ФПМИ,,
Волков Е.П.,ФПМИ,доцент,
Кузнецов В.И.,ФМиМ,,
Морозов И.К.,ИТМО,профессор,
Козлов Ж.Р.,ФМиЕН,профессор,к.н.
Иванов К.М.,ФПМИ,ассистент,д.н.
Новиков Ж.Р.,ФМиЕН,доцент,к.н.
Волков К.М.,ФИТ,ассистент,к.н.
Козлов Д.С.,ФИВТ,ассистент,к.н.
Сидоров Д.С.,ФРТ,ассистент,
Сидоров М.Ю.,ФФ,профессор,к.н.
Попов В.И.,ФПМИ,профессор,д.н.
Козлов М.Ю.,ФПМИ,,
Иванов К.М.,ФУПМ,,к.н.
Лебедева Ж.Р.,ФРТ,,к.н.
Попов Г.Н.,ФМиЕН,профессор,к.н.
Морозов В.И.,ФМиЕН,профессор,д.н.
Морозов М.Ю.,ФРТ,,д.н.
Лебедев Г.Н.,ФРТ,доцент,к.н.
Новиков Д.С.,ФИВТ,профессор,
Петров Л.О.,ФМиМ,,д.н.
Егоров Д.С.,ФРТ,,к.н.
Лебедева З.Т.,ФЭТ,профессор,д.н.
Кузнецов Г.Н.,ФМиЕН,,д.н.
Попов А.А.,ФУПМ,доцент,д.н.
Сидоров К.М.,ФПМИ,доцент,д.н.
Морозов Ж.Р.,ФФ,профессор,
Кузнецов К.М.,ФИВТ,профессор,к.н.
Смирнов Б.В.,ФИТ,ассистент,д.н.
Попов М.Ю.,ИТМО,доцент,
Егоров З.Т.,ФФ,,д.н.
Семенов Л.О.,ФФ,,д.н.
Волков З.Т.,ФЭТ,доцент,
Лебедева Л.О.,ФРТ,профессор,к.н.
Егоров К.М.,ФМиЕН,доцент,
Соколов Л.О.,ФПМИ,ассистент,
Попов Д.С.,ФФ,доцент,д.н.
Кузнецов Л.О.,ФУПМ,,д.н.
Лебедев Д.С.,ФМиЕН,профессор,к.н.
Попов В.И.,ИТМО,,к.н.
Кузнецов А.А.,ФМиЕН,профессор,д.н.
Новиков В.И.,ФРТ,ассистент,
Морозов Ж.Р.,ФФ,профессор,д.н.
Морозов Г.Н.,ИТМО,профессор,к.н.
Семенов З.Т.,ФИТ,,д.н.
Петров А.А.,ФУПМ,,д.н.
Алексеев Б.В.,ФФ,,д.н.
Соколов Ж.Р.,ФМиМ,доцент,
Попов З.Т.,ФМиЕН,доцент,
Кузнецов А.А.,ФИВТ,ассистент,к.н.
Морозов Ж.Р.,ФИВТ,доцент,д.н.
Морозов Г.Н.,ФИТ,профессор,д.н.
Лебедев А.А.,ФМиМ,профессор,к.н.
Иванов З.Т.,ИТМО,,к.н.
Иванов З.Т.,ФМиМ,профессор,
Лебедев М.Ю.,ФЭТ,доцент,д.н.
Попов И.К.,ФМиЕН,,к.н.
Иванов Б.В.,ФПМИ,ассистент,д.н.
Егоров К.М.,ФИТ,профессор,к.н.
Семенов Ж.Р.,ФФ,доцент,
Алексеев М.Ю.,ФРТ,ассистент,д.н.
Морозов З.Т.,ИТМО,доцент,к.н.
Кузнецов Е.П.,ФМиМ,профессор,д.н.
Кузнецов И.К.,ФЭТ,доцент,
Лебедев Д.С.,ФЭТ,,к.н.
Смирнов И.К.,ФЭТ,,к.н.
Семенов Г.Н.,ФИТ,ассистент,д.н.
Новиков М.Ю.,ИТМО,доцент,
Смирнов В.И.,ФПМИ,,д.н.
Смирнов Б.В.,ФУПМ,доцент,д.н.
Алексеев А.А.,ФМиМ,доцент,
Волков Л.О.,ИТМО,доцент,к.н.
Алексеев Ж.Р.,ФИТ,доцент,д.н.
Соколов Б.В.,ФМиМ,,
Семенов Б.В.,ФМиЕН,доцент,д.н.
Волков М.Ю.,ФРТ,доцент,к.н.
Попов И.К.,ФРТ,,д.н.
Морозов Б.В.,ФФ,,к.н.
Смирнов А.А.,ФРТ,,
Иванов Г.Н.,ФФ,,
Лебедев З.Т.,ФМиМ,доцент,д.н.
Морозов К.М.,ФИТ,доцент,
Семенов Л.О.,ФПМИ,профессор,к.н.
Сидоров Д.С.,ФУПМ,ассистент,д.н.
Кузнецов Д.С.,ИТМО,ассистент,д.н.
Козлов Д.С.,ФРТ,ассистент,к.н.
Соколов Д.С.,ФЭТ,,
Волков К.М.,ФПМИ,доцент,к.н.
Алексеев Л.О.,ФИВТ,ассистент,д.н.
Сидоров К.М.,ФУПМ,ассистент,к.н.
Смирнов З.Т.,ФМиЕН,,д.н.
Попов В.И.,ФЭТ,,
Морозов Л.О.,ИТМО,,
Петров Г.Н.,ФЭТ,,к.н.
Новиков Г.Н.,ФРТ,ассистент,
Попов М.Ю.,ФМиМ,доцент,д.н.
Алексеев М.Ю.,ФФ,доцент,д.н.
Козлов Д.С.,ФРТ,доцент,к.н.
Лебедева Б.В.,ФМиМ,доцент,д.н.
Лебедев В.И.,ФИТ,ассистент,к.н.
Кузнецов Б.В.,ФЭТ,,д.н.
Иванов Б.В.,ФМиМ,доцент,
Иванов В.И.,ФУПМ,,д.н.
Смирнов И.К.,ФИВТ,,
Соколов З.Т.,ФМиМ,,д.н.
Сидоров З.Т.,ФМиЕН,ассистент,
Алексеев З.Т.,ИТМО,ассистент,
Семенов Ж.Р.,ФРТ,доцент,
Смирнов Ж.Р.,ФИТ,,д.н.
Алексеев Б.В.,ФИВТ,доцент,к.н.
Сидоров З.Т.,ФМиЕН,профессор,д.н.
Соколов Л.О.,ФУПМ,ассистент,к.н.
Петров М.Ю.,ФПМИ,профессор,д.н.
Семенов Г.Н.,ФИВТ,профессор,к.н.
Сидоров Л.О.,ФИВТ,ассистент,д.н.
Иванов К.М.,ФРТ,профессор,к.н.
Морозов Ж.Р.,ИТМО,,д.н.
Лебедева Б.В.,ФУПМ,,к.н.
Лебедева И.К.,ФЭТ,ассистент,д.н.
Морозов Б.В.,ФИТ,,д.н.
Новиков Ж.Р.,ИТМО,,
Морозов З.Т.,ФИВТ,ассистент,
Смирнов А.А.,ФУПМ,ассистент,д.н.
Лебедев Е.П.,ФМиМ,профессор,к.н.
Морозов З.Т.,ФПМИ,профессор,д.н.
Морозов З.Т.,ФРТ,ассистент,
Козлов Е.П.,ФПМИ,доцент,
Смирнов Л.О.,ФУПМ,профессор,
Кузнецов Г.Н.,ФФ,,к.н.
Соколов Е.П.,ФМиМ,профессор,к.н.
Кузнецов Г.Н.,ФПМИ,доцент,
Смирнов Л.О.,ИТМО,,
Лебедева Б.В.,ФФ,,к.н.
Морозов Д.С.,ИТМО,профессор,к.н.
Петров И.К.,ФИТ,профессор,
Егоров Г.Н.,ФИВТ,доцент,
Смирнов Ж.Р.,ФФ,ассистент,
Волков И.К.,ФИВТ,доцент,к.н.
Егоров А.А.,ФИТ,доцент,д.н.
Морозов Е.П.,ФУПМ,профессор,д.н.
Иванов Д.С.,ФФ,профессор,д.н.
Волков Е.П.,ФМиЕН,,к.н.
Козлов М.Ю.,ФРТ,ассистент,д.н.
Смирнов З.Т.,ФМиЕН,,к.н.
Смирнов И.К.,ИТМО,ассистент,
Козлов В.И.,ФЭТ,ассистент,к.н.
Кузнецов М.Ю.,ФФ,ассистент,к.н.
Егоров Л.О.,ФИВТ,,к.н.
Сидоров М.Ю.,ФПМИ,ассистент,к.н.
Козлов К.М.,ФМиЕН,ассистент,д.н.
Сидоров Б.В.,ФПМИ,,к.н.
Морозов К.М.,ФФ,,к.н.
Козлов Ж.Р.,ФУПМ,профессор,к.н.
Попов Б.В.,ИТМО,ассистент,к.н.
Егоров В.И.,ФЭТ,доцент,к.н.
Сидоров В.И.,ФМиМ,,
Морозов В.И.,ИТМО,,
Иванов Г.Н.,ФМиЕН,,
Волков М.Ю.,ФУПМ,доцент,к.н.
Смирнов М.Ю.,ФПМИ,,к.н.
Морозов Д.С.,ФРТ,ассистент,
Козлов А.А.,ФМиЕН,,д.н.
Попов З.Т.,ИТМО,,д.н.
Козлов К.М.,ФИТ,профессор,
Смирнов А.А.,ФФ,профессор,к.н.
Семенов И.К.,ФМиМ,профессор,к.н.
Попов В.И.,ФПМИ,доцент,к.н.
Кузнецов К.М.,ФИВТ,,к.н.
Егоров Ж.Р.,ФЭТ,ассистент,к.н.
Козлов Ж.Р.,ФМиМ,ассистент,д.н.
Волков Л.О.,ИТМО,доцент,
Лебедев Л.О.,ФУПМ,доцент,
Попов Г.Н.,ФМиЕН,доцент,д.н.
Соколов Ж.Р.,ФИТ,доцент,
Сидоров Л.О.,ФУПМ,доцент,д.н.
Попов Е.П.,ФМиЕН,,к.н.
Новиков М.Ю.,ИТМО,профессор,
Новиков Ж.Р.,ФЭТ,профессор,д.н.
Сидоров З.Т.,ФУПМ,ассистент,д.н.
Алексеев Ж.Р.,ФИВТ,,к.н.
Лебедева М.Ю.,ФПМИ,профессор,
Лебедев Л.О.,ИТМО,,к.н.
Сидоров И.К.,ФМиЕН,ассистент,к.н.
Сидоров К.М.,ФМиЕН,профессор,д.н.
Морозов Ж.Р.,ИТМО,ассистент,к.н.
Козлов Д.С.,ФУПМ,доцент,к.н.
Егоров Б.В.,ФПМИ,ассистент,к.н.
Егоров И.К.,ФМиЕН,доцент,д.н.
Морозов Л.О.,ФУПМ,ассистент,к.н.
Алексеев И.К.,ФРТ,профессор,д.н.
Соколов Ж.Р.,ФРТ,профессор,
Иванов В.И.,ФМиЕН,доцент,к.н.
Волков Б.В.,ФУПМ,,д.н.
Новиков Ж.Р.,ИТМО,профессор,
Козлов Г.Н.,ИТМО,профессор,д.н.
Лебедев И.К.,ФИВТ,ассистент,
Волков Л.О.,ФИТ,доцент,к.н.
Иванов Л.О.,ФМиЕН,доцент,д.н.
Петров М.Ю.,ФЭТ,доцент,
Алексеев В.И.,ФРТ,ассистент,
Лебедева М.Ю.,ФПМИ,профессор,д.н.
Кузнецов И.К.,ФИТ,профессор,д.н.
Морозов Л.О.,ФУПМ,доцент,к.н.
Сидоров И.К.,ФМиЕН,профессор,
Петров Л.О.,ФМиМ,доцент,к.н.
Смирнов М.Ю.,ФИВТ,,к.н.
Попов И.К.,ИТМО,,
Сидоров Г.Н.,ФУПМ,ассистент,д.н.
Иванов З.Т.,ФПМИ,,
Попов В.И.,ФРТ,профессор,
Попов Л.О.,ИТМО,профессор,д.н.
Егоров Е.П.,ФУПМ,доцент,к.н.
Лебедева Е.П.,ФПМИ,доцент,д.н.
Соколов З.Т.,ФРТ,,
Семенов Е.П.,ФЭТ,,
Иванов Л.О.,ФРТ,,д.н.
Кузнецов З.Т.,ФРТ,профессор,д.н.
Петров Г.Н.,ИТМО,профессор,д.н.
Соколов А.А.,ФИТ,доцент,к.н.
Волков А.А.,ФФ,,к.н.
Козлов Б.В.,ФМиЕН,доцент,к.н.
Морозов М.Ю.,ИТМО,ассистент,
Волков З.Т.,ФИВТ,ассистент,д.н.
Семенов Ж.Р.,ФУПМ,,к.н.
Кузнецов В.И.,ФРТ,профессор,к.н.
Попов А.А.,ФИТ,ассистент,к.н.
Семенов Г.Н.,ИТМО,ассистент,
Волков З.Т.,ФИТ,ассистент,к.н.
Лебедев М.Ю.,ФРТ,,д.н.
Волков З.Т.,ФИВТ,профессор,к.н.
Алексеев Д.С.,ФФ,доцент,д.н.
Соколов Г.Н.,ФУПМ,ассистент,д.н.
Егоров Г.Н.,ФПМИ,профессор,
Семенов Д.С.,ФФ,ассистент,к.н.
Козлов Б.В.,ФРТ,ассистент,к.н.
Петров Ж.Р.,ФРТ,доцент,к.н.
Козлов Б.В.,ФМиЕН,ассистент,д.н.
Волков Д.С.,ИТМО,профессор,
Алексеев М.Ю.,ФМиЕН,ассистент,к.н.
Алексеев Л.О.,ФПМИ,,
Сидоров Е.П.,ФРТ,ассистент,
Егоров М.Ю.,ИТМО,профессор,к.н.
Иванов Л.О.,ФЭТ,,к.н.
Морозов Г.Н.,ФФ,ассистент,к.н.
Иванов И.К.,ФМиМ,доцент,к.н.
Смирнов Д.С.,ФФ,профессор,
Егоров М.Ю.,ФМиМ,ассистент,к.н.
Новиков Ж.Р.,ФЭТ,профессор,
Козлов В.И.,ФУПМ,,к.н.
Попов Е.П.,ИТМО,профессор,к.н.
Петров А.А.,ФИТ,ассистент,к.н.
Соколов Ж.Р.,ИТМО,профессор,
Козлов Д.С.,ФЭТ,доцент,д.н.
Петров К.М.,ИТМО,доцент,д.н.
Алексеев Б.В.,ФМиМ,профессор,д.н.
Кузнецов К.М.,ФМиМ,профессор,
Алексеев К.М.,ФМиЕН,профессор,
Сидоров Ж.Р.,ФФ,ассистент,д.н.
Петров Д.С.,ФУПМ,ассистент,д.н.
Алексеев Б.В.,ФИВТ,ассистент,д.н.
Соколов Л.О.,ИТМО,доцент,д.н.
Новиков Г.Н.,ФМиЕН,профессор,д.н.
Семенов В.И.,ФРТ,доцент,к.н.
Кузнецов К.М.,ФРТ,ассистент,д.н.
Смирнов А.А.,ИТМО,доцент,д.н.
Алексеев Л.О.,ФИТ,профессор,к.н.
Петров Г.Н.,ФРТ,ассистент,
Смирнов А.А.,ФЭТ,доцент,к.н.
Семенов В.И.,ИТМО,профессор,
Козлов Д.С.,ФФ,доцент,к.н.
Алексеев Е.П.,ФФ,профессор,д.н.
Петров З.Т.,ИТМО,профессор,к.н.
Лебедев Г.Н.,ФМиЕН,профессор,к.н.
Волков Д.С.,ФФ,ассистент,
Егоров И.К.,ФМиЕН,доцент,
Морозов З.Т.,ИТМО,,
Сидоров Ж.Р.,ФИТ,ассистент,д.н.
Козлов В.И.,ФФ,ассистент,
Лебедева Е.П.,ФФ,доцент,д.н.
Иванов Ж.Р.,ФМиЕН,,д.н.
Иванов В.И.,ФУПМ,ассистент,д.н.
Новиков Ж.Р.,ФФ,ассистент,к.н.
Лебедева Б.В.,ФРТ,профессор,д.н.
Алексеев В.И.,ИТМО,профессор,к.н.
Морозов З.Т.,ФРТ,профессор,д.н.
Лебедева А.А.,ФИТ,доцент,к.н.
Алексеев Л.О.,ФУПМ,ассистент,к.н.
Волков Е.П.,ФЭТ,доцент,
Алексеев В.И.,ФМиЕН,ассистент,к.н.
Морозов К.М.,ФПМИ,доцент,д.н.
Семенов З.Т.,ФУПМ,доцент,д.н.
Егоров Ж.Р.,ФЭТ,доцент,к.н.
Лебедев М.Ю.,ФИТ,профессор,к.н.
Алексеев И.К.,ФФ,доцент,
Попов Г.Н.,ФРТ,профессор,
Соколов А.А.,ИТМО,доцент,д.н.
Кузнецов Д.С.,ИТМО,профессор,
Петров Г.Н.,ФФ,доцент,
Алексеев М.Ю.,ФЭТ,профессор,д.н.
Кузнецов Г.Н.,ФИТ,доцент,к.н.
Егоров Д.С.,ФРТ,доцент,
Попов В.И.,ФФ,,д.н.
Лебедев В.И.,ФИВТ,ассистент,д.н.
Сидоров Б.В.,ФУПМ,ассистент,к.н.
Волков М.Ю.,ФМиЕН,доцент,к.н.
Иванов Ж.Р.,ИТМО,доцент,
Лебедев Д.С.,ФЭТ,ассистент,к.н.
Петров И.К.,ФПМИ,,д.н.
Волков М.Ю.,ФИТ,профессор,
Алексеев М.Ю.,ФМиМ,профессор,д.н.
Попов Д.С.,ФРТ,,
Козлов К.М.,ФИТ,доцент,
Попов В.И.,ФРТ,профессор,
Волков И.К.,ФМиЕН,доцент,к.н.
Соколов Л.О.,ФМиЕН,,к.н.
Сидоров Б.В.,ФПМИ,профессор,к.н.
Смирнов Б.В.,ФИВТ,доцент,к.н.
Лебедев Л.О.,ФИТ,,д.н.
Сидоров Д.С.,ФМиЕН,доцент,д.н.
Семенов Г.Н.,ФМиЕН,,к.н.
Морозов Е.П.,ФИТ,доцент,
Кузнецов З.Т.,ФМиМ,профессор,д.н.
Алексеев А.А.,ФИВТ,,д.н.
Алексеев А.А.,ФУПМ,ассистент,
Волков И.К.,ФИВТ,доцент,д.н.
Соколов З.Т.,ФФ,,к.н.
Алексеев Г.Н.,ФИТ,доцент,д.н.
Лебедева А.А.,ФПМИ,ассистент,к.н.
Петров К.М.,ФФ,ассистент,к.н.
Сидоров А.А.,ФИВТ,ассистент,д.н.
Соколов Г.Н.,ФМиМ,доцент,
Лебедева Л.О.,ФПМИ,,д.н.
Волков Б.В.,ФФ,,д.н.
Смирнов Д.С.,ФМиЕН,профессор,к.н.
Новиков Г.Н.,ФЭТ,профессор,
Волков А.А.,ФИТ,,к.н.
Иванов Ж.Р.,ФМиЕН,профессор,к.н.
Петров И.К.,ФРТ,ассистент,к.н.
Кузнецов З.Т.,ФЭТ,ассистент,д.н.
Волков З.Т.,ФИВТ,ассистент,к.н.
Кузнецов Е.П.,ФМиМ,ассистент,к.н.
Петров Д.С.,ФФ,ассистент,д.н.
Попов М.Ю.,ФРТ,ассистент,д.н.
Кузнецов З.Т.,ФМиЕН,ассистент,
Семенов Д.С.,ФИТ,ассистент,д.н.
Сидоров Л.О.,ИТМО,профессор,
Морозов З.Т.,ФИВТ,профессор,к.н.
Морозов З.Т.,ФРТ,,к.н.
Сидоров А.А.,ФПМИ,ассистент,д.н.
Егоров М.Ю.,ФИТ,профессор,
Иванов К.М.,ФЭТ,профессор,к.н.
Петров М.Ю.,ИТМО,профессор,
Смирнов А.А.,ФМиЕН,ассистент,
Попов В.И.,ФПМИ,доцент,
Смирнов Ж.Р.,ФМиЕН,профессор,к.н.
Козлов Г.Н.,ФИВТ,доцент,
Лебедев З.Т.,ФИТ,профессор,к.н.
Волков А.А.,ИТМО,,
Попов З.Т.,ФРТ,ассистент,к.н.
Семенов Б.В.,ФРТ,профессор,д.н.
Алексеев Д.С.,ФИТ,профессор,к.н.
Соколов Е.П.,ФМиМ,ассистент,к.н.
Морозов Б.В.,ФМиЕН,профессор,
Лебедев Л.О.,ФИТ,доцент,к.н.
Волков Л.О.,ФМиМ,профессор,д.н.
Волков Л.О.,ФПМИ,профессор,
Сидоров Ж.Р.,ФМиЕН,,
Попов Ж.Р.,ИТМО,доцент,
Попов Б.В.,ФРТ,профессор,к.н.
Лебедев Е.П.,ФМиЕН,,
Иванов М.Ю.,ФИТ,доцент,к.н.
Новиков Д.С.,ФФ,доцент,к.н.
Алексеев Г.Н.,ФПМИ,доцент,к.н.
Морозов Ж.Р.,ФЭТ,доцент,
Морозов Б.В.,ФЭТ,профессор,д.н.
Сидоров Е.П.,ФМиЕН,профессор,д.н.
Лебедева К.М.,ФРТ,доцент,к.н.
Петров В.И.,ФМиМ,,д.н.
Лебедева А.А.,ФФ,доцент,д.н.
Егоров Л.О.,ФМиЕН,,
Лебедева Г.Н.,ФФ,доцент,д.н.
Попов К.М.,ФФ,ассистент,д.н.
Егоров К.М.,ФРТ,профессор,д.н.
Попов Д.С.,ФЭТ,профессор,д.н.
Волков И.К.,ФИВТ,доцент,
Морозов З.Т.,ФРТ,профессор,
Смирнов Г.Н.,ФПМИ,доцент,к.н.
Смирнов А.А.,ФЭТ,доцент,д.н.
Иванов З.Т.,ФРТ,профессор,
Смирнов М.Ю.,ИТМО,ассистент,
Егоров Е.П.,ФРТ,доцент,д.н.
Петров Б.В.,ФЭТ,ассистент,к.н.
Лебедев Ж.Р.,ФИТ,ассистент,д.н.
Семенов Г.Н.,ФФ,ассистент,д.н.
Козлов З.Т.,ФЭТ,доцент,д.н.
Сидоров И.К.,ФИВТ,доцент,
Кузнецов М.Ю.,ФМиМ,ассистент,д.н.
Морозов Е.П.,ФМиМ,ассистент,к.н.
Иванов Д.С.,ФРТ,ассистент,д.н.
Морозов Е.П.,ФРТ,ассистент,
Волков З.Т.,ФИТ,профессор,
Волков К.М.,ФПМИ,доцент,д.н.
Попов М.Ю.,ФРТ,доцент,
Кузнецов Ж.Р.,ФРТ,доцент,д.н.
Соколов Л.О.,ФРТ,доцент,д.н.
Лебедев Л.О.,ФИВТ,,д.н.
Сидоров М.Ю.,ФЭТ,профессор,
Кузнецов К.М.,ФФ,,к.н.
Сидоров Б.В.,ФПМИ,,д.н.
Козлов З.Т.,ФМиЕН,профессор,
Морозов А.А.,ИТМО,профессор,
Сидоров Е.П.,ФЭТ,профессор,к.н.
Петров И.К.,ФЭТ,профессор,
Кузнецов Л.О.,ФУПМ,доцент,д.н.
Иванов З.Т.,ИТМО,,д.н.
Попов Е.П.,ФМиЕН,,
Петров А.А.,ФИТ,ассистент,д.н.
Сидоров Ж.Р.,ФЭТ,,д.н.
Лебедев Ж.Р.,ИТМО,,д.н.
Алексеев И.К.,ФУПМ,ассистент,к.н.
Кузнецов З.Т.,ФПМИ,доцент,д.н.
Иванов Б.В.,ФЭТ,,д.н.
Лебедева Б.В.,ФМиМ,профессор,
Морозов К.М.,ФМиЕН,доцент,
Козлов Ж.Р.,ФМиЕН,доцент,д.н.
Лебедева Е.П.,ФУПМ,ассистент,
Алексеев К.М.,ИТМО,доцент,д.н.
Иванов Б.В.,ФПМИ,ассистент,к.н.
Петров Е.П.,ФМиЕН,доцент,д.н.
Лебедева Е.П.,ФИВТ,ассистент,к.н.
Козлов З.Т.,ФМиЕН,доцент,д.н.
Иванов З.Т.,ИТМО,,д.н.
Соколов А.А.,ФУПМ,доцент,к.н.
Козлов И.К.,ФФ,ассистент,
Козлов Л.О.,ФМиМ,профессор,д.н.
Смирнов З.Т.,ФПМИ,,к.н.
Кузнецов Е.П.,ФИВТ,доцент,д.н.
Петров Л.О.,ФПМИ,профессор,к.н.
Иванов И.К.,ФРТ,ассистент,
Кузнецов З.Т.,ФИТ,профессор,д.н.
Смирнов Е.П.,ФИТ,доцент,д.н.
Сидоров Д.С.,ФРТ,доцент,
Лебедев К.М.,ФУПМ,,
Кузнецов Е.П.,ФЭТ,профессор,д.н.
Алексеев М.Ю.,ФФ,доцент,
Попов Д.С.,ФФ,,к.н.
Морозов Г.Н.,ФМиЕН,,д.н.
Сидоров Е.П.,ФПМИ,,д.н.
Смирнов М.Ю.,ФМиЕН,доцент,
Волков Г.Н.,ФМиЕН,,д.н.
Алексеев В.И.,ФИВТ,ассистент,д.н.
Морозов З.Т.,ФПМИ,,
Смирнов Г.Н.,ФЭТ,профессор,
Алексеев З.Т.,ФФ,,к.н.
Соколов Д.С.,ФИТ,,д.н.
Морозов И.К.,ФПМИ,,к.н.
Кузнецов М.Ю.,ФУПМ,,к.н.
Лебедев М.Ю.,ИТМО,профессор,д.н.
Лебедева Л.О.,ФМиЕН,ассистент,к.н.
Семенов Ж.Р.,ФЭТ,профессор,к.н.
Егоров В.И.,ФМиЕН,,д.н.
Волков М.Ю.,ФМиЕН,профессор,к.н.
Иванов Л.О.,ФРТ,профессор,д.н.
Новиков А.А.,ФМиЕН,профессор,д.н.
Морозов Б.В.,ФФ,профессор,к.н.
Петров Л.О.,ФИВТ,,
Петров Б.В.,ФМиМ,доцент,д.н.
Сидоров И.К.,ФИВТ,ассистент,к.н.
Сидоров М.Ю.,ФРТ,ассистент,
Егоров К.М.,ФЭТ,профессор,
Козлов З.Т.,ФРТ,доцент,д.н.
Петров В.И.,ФПМИ,,
Морозов З.Т.,ФИТ,,
Соколов Л.О.,ФИВТ,профессор,
Козлов Б.В.,ФПМИ,ассистент,к.н.
Алексеев З.Т.,ФПМИ,доцент,
Лебедев Б.В.,ФРТ,ассистент,
Козлов В.И.,ФРТ,,
Попов Ж.Р.,ФРТ,ассистент,к.н.
Попов Л.О.,ФУПМ,профессор,к.н.
Попов Ж.Р.,ФФ,доцент,к.н.
Иванов З.Т.,ФФ,,к.н.
Сидоров З.Т.,ФУПМ,профессор,
Егоров Д.С.,ФМиЕН,доцент,к.н.
Смирнов Ж.Р.,ФПМИ,,к.н.
Волков З.Т.,ФИТ,,к.н.
Егоров Г.Н.,ФУПМ,профессор,
Смирнов Ж.Р.,ФМиМ,доцент,д.н.
Соколов Д.С.,ФФ,,к.н.
Петров Ж.Р.,ФМиЕН,,
Семенов З.Т.,ФРТ,ассистент,к.н.
Новиков М.Ю.,ФМиМ,ассистент,д.н.
Волков М.Ю.,ФМиМ,,к.н.
Новиков Ж.Р.,ФЭТ,профессор,д.н.
Кузнецов И.К.,ФРТ,ассистент,д.н.
Семенов М.Ю.,ФИВТ,,
Кузнецов Г.Н.,ИТМО,профессор,д.н.
Семенов Л.О.,ФМиМ,доцент,д.н.
Смирнов Г.Н.,ФМиЕН,профессор,
Смирнов Б.В.,ФРТ,профессор,
Егоров Б.В.,ФФ,профессор,к.н.
Козлов К.М.,ФИВТ,,
Сидоров М.Ю.,ИТМО,,
Морозов Л.О.,ФФ,ассистент,
Иванов З.Т.,ФРТ,доцент,к.н.
Козлов В.И.,ФМиМ,,д.н.
Семенов Л.О.,ФМиМ,,д.н.
Козлов Д.С.,ФМиМ,доцент,к.н.
Лебедев В.И.,ФМиЕН,профессор,д.н.
Петров Ж.Р.,ФМиЕН,,д.н.
Смирнов Л.О.,ФРТ,,д.н.
Морозов В.И.,ФИТ,ассистент,
Егоров З.Т.,ФИТ,,
Новиков И.К.,ИТМО,,
Егоров И.К.,ФУПМ,,
Петров Л.О.,ИТМО,ассистент,
Морозов К.М.,ФИВТ,,к.н.
Егоров Л.О.,ФУПМ,ассистент,к.н.
Алексеев А.А.,ФМиЕН,,к.н.
Попов Л.О.,ФМиМ,,к.н.
Волков Г.Н.,ФМиМ,доцент,к.н.
Попов К.М.,ФРТ,доцент,д.н.
Смирнов Ж.Р.,ФПМИ,доцент,
Егоров К.М.,ФФ,доцент,
Смирнов Л.О.,ФУПМ,профессор,к.н.
Козлов Д.С.,ФМиМ,доцент,д.н.
Волков К.М.,ФМиМ,профессор,д.н.
Смирнов М.Ю.,ФИТ,,к.н.
Иванов А.А.,ФУПМ,доцент,д.н.
Морозов А.А.,ФИТ,,д.н.
Козлов Е.П.,ФМиМ,доцент,
Алексеев К.М.,ФПМИ,ассистент,к.н.
Егоров Ж.Р.,ФИВТ,ассистент,
Смирнов Е.П.,ФМиМ,профессор,д.н.
Соколов Д.С.,ФУПМ,профессор,
Егоров Б.В.,ФФ,доцент,к.н.
Егоров В.И.,ФУПМ,доцент,к.н.
Козлов В.И.,ФЭТ,профессор,д.н.
Смирнов Ж.Р.,ФИВТ,ассистент,д.н.
Волков В.И.,ФУПМ,ассистент,д.н.
Соколов Е.П.,ФПМИ,профессор,к.н.
Сидоров М.Ю.,ФИВТ,доцент,
Алексеев Ж.Р.,ФМиЕН,доцент,
Волков З.Т.,ФМиМ,доцент,к.н.
Соколов Б.В.,ИТМО,,к.н.
Попов Е.П.,ФЭТ,доцент,
Семенов Л.О.,ИТМО,,д.н.
Новиков В.И.,ИТМО,доцент,к.н.
Смирнов Л.О.,ИТМО,,д.н.
Семенов Г.Н.,ФУПМ,,д.н.
Попов Е.П.,ФМиЕН,ассистент,к.н.
Козлов Б.В.,ФМиЕН,ассистент,д.н.
Кузнецов М.Ю.,ФЭТ,,к.н.
Иванов Ж.Р.,ИТМО,профессор,д.н.
Петров В.И.,ФИТ,доцент,
Волков Д.С.,ФФ,профессор,к.н.
Лебедева В.И.,ФИТ,профессор,
Петров З.Т.,ФМиМ,,к.н.
Смирнов Г.Н.,ФЭТ,,к.н.
Алексеев В.И.,ФИТ,ассистент,
Кузнецов Б.В.,ФФ,профессор,к.н.
Смирнов М.Ю.,ФФ,доцент,
Соколов Ж.Р.,ФФ,профессор,к.н.
Петров А.А.,ФЭТ,доцент,
Лебедев Е.П.,ФИТ,ассистент,д.н.
Морозов Е.П.,ФИВТ,ассистент,д.н.
Лебедев Г.Н.,ФИТ,,д.н.
Петров З.Т.,ФЭТ,ассистент,д.н.
Петров Г.Н.,ФМиЕН,доцент,
Козлов М.Ю.,ФРТ,доцент,к.н.
Новиков М.Ю.,ФМиЕН,,к.н.
Кузнецов М.Ю.,ФФ,ассистент,д.н.
Новиков К.М.,ФЭТ,,
Семенов Е.П.,ФИВТ,доцент,
Сидоров Л.О.,ФФ,доцент,к.н.
Попов Г.Н.,ФИВТ,доцент,д.н.
Лебедев М.Ю.,ФИТ,доцент,к.н.
Волков И.К.,ФМиЕН,доцент,к.н.
Козлов В.И.,ФЭТ,,к.н.
Новиков Л.О.,ФМиЕН,,д.н.
Новиков М.Ю.,ФИВТ,профессор,
Петров З.Т.,ФФ,ассистент,к.н.
Алексеев А.А.,ФПМИ,ассистент,
Петров К.М.,ФИТ,ассистент,д.н.
Егоров А.А.,ИТМО,,к.н.
Сидоров Л.О.,ФИТ,ассистент,д.н.
Соколов З.Т.,ИТМО,ассистент,д.н.
Лебедева Д.С.,ИТМО,доцент,к.н.
Семенов К.М.,ФИВТ,профессор,д.н.
Соколов В.И.,ФМиЕН,доцент,к.н.
Соколов Г.Н.,ФМиЕН,доцент,
Кузнецов Е.П.,ФИТ,профессор,
Петров И.К.,ФМиЕН,доцент,
Лебедева Ж.Р.,ФПМИ,доцент,
Соколов Ж.Р.,ФПМИ,ассистент,д.н.
Кузнецов Л.О.,ИТМО,профессор,д.н.
Волков В.И.,ИТМО,,
Волков В.И.,ФЭТ,ассистент,к.н.
Семенов Ж.Р.,ФПМИ,ассистент,д.н.
Козлов И.К.,ФИВТ,ассистент,к.н.
Волков Г.Н.,ФМиМ,доцент,к.н.
Новиков А.А.,ФМиМ,доцент,к.н.
Алексеев Г.Н.,ФЭТ,профессор,к.н.
Соколов Е.П.,ФИВТ,,д.н.
Иванов А.А.,ФПМИ,,к.н.
Семенов Б.В.,ФЭТ,ассистент,к.н.
Морозов В.И.,ФРТ,,
Смирнов Г.Н.,ФИТ,,д.н.
Иванов Г.Н.,ФФ,,к.н.
Иванов Д.С.,ФМиМ,доцент,
Новиков М.Ю.,ФФ,профессор,д.н.
Новиков В.И.,ФУПМ,профессор,к.н.
Петров З.Т.,ФРТ,,д.н.
Волков К.М.,ФФ,,к.н.
Новиков И.К.,ФИТ,,д.н.
Соколов Г.Н.,ФМиМ,доцент,к.н.
Кузнецов Г.Н.,ФМиЕН,ассистент,д.н.
Петров З.Т.,ФУПМ,,д.н.
Петров Д.С.,ФПМИ,ассистент,д.н.
Новиков Д.С.,ФЭТ,ассистент,
Волков Ж.Р.,ФМиМ,профессор,
Лебедев В.И.,ФФ,профессор,
Петров Ж.Р.,ФМиЕН,профессор,
Семенов Б.В.,ФМиЕН,доцент,
Лебедев З.Т.,ФЭТ,профессор,к.н.
Попов Г.Н.,ФМиМ,профессор,д.н.
Козлов Е.П.,ФУПМ,доцент,д.н.
Петров Ж.Р.,ФПМИ,ассистент,д.н.
Соколов З.Т.,ФЭТ,профессор,к.н.
Лебедева А.А.,ФПМИ,доцент,к.н.
Иванов Б.В.,ФПМИ,доцент,
Смирнов Е.П.,ИТМО,профессор,д.н.
Соколов З.Т.,ФИВТ,ассистент,д.н.
Семенов Б.В.,ФПМИ,доцент,к.н.
Морозов Б.В.,ФЭТ,ассистент,
Лебедев Е.П.,ФПМИ,профессор,
Новиков А.А.,ФИВТ,профессор,д.н.
Алексеев Г.Н.,ИТМО,профессор,д.н.
Семенов А.А.,ИТМО,,д.н.
Семенов Д.С.,ФФ,профессор,к.н.
Смирнов Е.П.,ФПМИ,,д.н.
Егоров Б.В.,ФИВТ,,
Егоров В.И.,ФМиМ,профессор,
Лебедев Г.Н.,ФЭТ,профессор,д.н.
Попов Л.О.,ФЭТ,профессор,
Морозов М.Ю.,ФЭТ,ассистент,
Егоров Г.Н.,ИТМО,профессор,к.н.
Иванов Ж.Р.,ФЭТ,профессор,к.н.
Новиков Г.Н.,ФМиЕН,доцент,
Козлов Е.П.,ФМиЕН,доцент,д.н.
Семенов Ж.Р.,ФРТ,,к.н.
Петров Ж.Р.,ФМиМ,доцент,д.н.
Алексеев К.М.,ИТМО,ассистент,
Новиков З.Т.,ФИТ,доцент,
Новиков Ж.Р.,ФМиЕН,ассистент,
Волков Л.О.,ФМиМ,ассистент,д.н.
Соколов А.А.,ФЭТ,ассистент,к.н.
Алексеев З.Т.,ФМиМ,доцент,д.н.
Иванов Л.О.,ФИВТ,ассистент,д.н.
Лебедева В.И.,ИТМО,профессор,д.н.
Смирнов В.И.,ИТМО,,
Семенов В.И.,ИТМО,профессор,
Лебедев В.И.,ИТМО,профессор,д.н.
Морозов И.К.,ФФ,ассистент,к.н.
Лебедев А.А.,ФФ,,
Новиков Л.О.,ФУПМ,профессор,д.н.
Лебедев З.Т.,ИТМО,доцент,
Козлов И.К.,ФЭТ,,к.н.
Алексеев Ж.Р.,ФМиМ,,д.н.
Петров Ж.Р.,ИТМО,доцент,д.н.
Волков К.М.,ИТМО,профессор,к.н.
Попов М.Ю.,ФМиЕН,,к.н.
Новиков Ж.Р.,ФИВТ,профессор,
Алексеев З.Т.,ИТМО,ассистент,к.н.
Кузнецов В.И.,ФРТ,ассистент,
Петров Л.О.,ФИВТ,,
Егоров Б.В.,ФИВТ,ассистент,
Алексеев Д.С.,ФРТ,доцент,
Соколов М.Ю.,ФУПМ,,к.н.
Соколов Б.В.,ФМиМ,ассистент,
Соколов М.Ю.,ФМиЕН,доцент,д.н.
Семенов Д.С.,ФФ,профессор,д.н.
Новиков З.Т.,ФИТ,доцент,д.н.
Новиков Л.О.,ФМиЕН,ассистент,д.н.
Лебедева Е.П.,ФИТ,ассистент,к.н.
Алексеев И.К.,ФРТ,профессор,д.н.
Петров Д.С.,ИТМО,ассистент,к.н.
Семенов Г.Н.,ФПМИ,,д.н.
Кузнецов Г.Н.,ФИВТ,доцент,
Лебедев Е.П.,ФМиЕН,ассистент,к.н.
Волков В.И.,ФИВТ,ассистент,д.н.
Смирнов Ж.Р.,ФИВТ,,д.н.
Егоров Ж.Р.,ФРТ,ассистент,д.н.
Лебедева И.К.,ФФ,,
Козлов В.И.,ФИВТ,ассистент,д.н.
Козлов Г.Н.,ФРТ,,к.н.
Иванов Д.С.,ФУПМ,ассистент,д.н.
Семенов З.Т.,ФПМИ,доцент,д.н.
Егоров И.К.,ФУПМ,доцент,
Козлов Е.П.,ФИТ,доцент,д.н.
Семенов Г.Н.,ФИВТ,профессор,к.н.
Смирнов А.А.,ФМиМ,профессор,к.н.
Егоров Г.Н.,ФМиЕН,,
Петров З.Т.,ФРТ,доцент,
Лебедева Л.О.,ФИТ,профессор,к.н.
Лебедева И.К.,ИТМО,доцент,к.н.
Иванов Б.В.,ФУПМ,,д.н.
Егоров И.К.,ФМиМ,,д.н.
Волков К.М.,ИТМО,профессор,д.н.
Соколов К.М.,ИТМО,профессор,к.н.
Петров З.Т.,ФФ,профессор,к.н.
Соколов Г.Н.,ФЭТ,,д.н.
Козлов К.М.,ФЭТ,профессор,к.н.
Егоров Е.П.,ИТМО,доцент,
Лебедева В.И.,ФМиЕН,,
Козлов В.И.,ФЭТ,доцент,
Новиков А.А.,ФМиМ,ассистент,д.н.
Волков З.Т.,ФИВТ,доцент,к.н.
Козлов В.И.,ФУПМ,ассистент,к.н.
Козлов В.И.,ФПМИ,,д.н.
Попов Е.П.,ФМиМ,доцент,
Иванов Ж.Р.,ФЭТ,,
Новиков М.Ю.,ФЭТ,профессор,д.н.
Иванов К.М.,ФМиЕН,,д.н.
Сидоров Е.П.,ИТМО,доцент,д.н.
Козлов З.Т.,ФМиМ,,к.н.
Новиков Д.С.,ФИТ,ассистент,к.н.
Иванов Е.П.,ФРТ,ассистент,к.н.
Соколов Е.П.,ФЭТ,,к.н.
Лебедева Е.П.,ФПМИ,профессор,
Кузнецов М.Ю.,ФМиМ,,
Соколов И.К.,ФПМИ,профессор,к.н.
Лебедева Г.Н.,ФУПМ,профессор,
Иванов К.М.,ФФ,ассистент,к.н.
Алексеев Ж.Р.,ФМиЕН,профессор,
Петров М.Ю.,ФРТ,ассистент,
Алексеев М.Ю.,ФРТ,ассистент,
Лебедева Б.В.,ИТМО,ассистент,д.н.
Петров К.М.,ФФ,профессор,к.н.
Сидоров Е.П.,ФМиЕН,доцент,
Волков Л.О.,ФПМИ,ассистент,к.н.
Попов Г.Н.,ФЭТ,,
Лебедев Ж.Р.,ФИТ,доцент,к.н.
Семенов И.К.,ИТМО,доцент,д.н.
Кузнецов А.А.,ФУПМ,,к.н.
Семенов Е.П.,ИТМО,ассистент,к.н.
Морозов Е.П.,ФИТ,ассистент,к.н.
Морозов А.А.,ФРТ,профессор,к.н.
Козлов К.М.,ФФ,профессор,к.н.
Козлов В.И.,ФПМИ,ассистент,д.н.
Лебедев А.А.,ФМиМ,профессор,
Лебедева М.Ю.,ФМиЕН,профессор,к.н.
Кузнецов З.Т.,ФИТ,,к.н.
Лебедева А.А.,ФИВТ,,
Попов Б.В.,ФРТ,ассистент,д.н.
Егоров Ж.Р.,ФРТ,,
Сидоров А.А.,ФЭТ,профессор,к.н.
Новиков Л.О.,ФРТ,ассистент,д.н.
Семенов Ж.Р.,ФМиМ,ассистент,
Волков М.Ю.,ФУПМ,ассистент,д.н.
Кузнецов Л.О.,ФПМИ,ассистент,
Петров Д.С.,ФРТ,,
Новиков Л.О.,ФРТ,доцент,д.н.
Иванов Ж.Р.,ФФ,,к.н.
Смирнов А.А.,ФФ,доцент,д.н.
Попов Е.П.,ИТМО,,д.н.
Морозов Л.О.,ФИВТ,профессор,
Соколов Е.П.,ФЭТ,,к.н.
Соколов Г.Н.,ФРТ,доцент,д.н.
Соколов З.Т.,ФРТ,,к.н.
Иванов М.Ю.,ФФ,профессор,д.н.
Алексеев И.К.,ФФ,профессор,к.н.
Морозов М.Ю.,ФМиМ,доцент,к.н.
Лебедев К.М.,ФУПМ,,
Лебедева Г.Н.,ФЭТ,,д.н.
Соколов К.М.,ФРТ,доцент,
Егоров В.И.,ФИТ,доцент,к.н.
Морозов М.Ю.,ФИТ,,
Кузнецов Л.О.,ФИТ,доцент,
Волков Л.О.,ФФ,доцент,
Попов З.Т.,ФИВТ,ассистент,
Волков И.К.,ФФ,,к.н.
Морозов Л.О.,ФРТ,доцент,д.н.
Морозов Д.С.,ФФ,ассистент,к.н.
Кузнецов М.Ю.,ФФ,ассистент,д.н.
Иванов Д.С.,ФФ,профессор,
Кузнецов Г.Н.,ФИТ,ассистент,д.н.
Соколов И.К.,ФМиМ,,д.н.
Смирнов З.Т.,ФМиЕН,,д.н.
Алексеев Д.С.,ФМиЕН,профессор,д.н.
Новиков Б.В.,ФРТ,доцент,
Петров В.И.,ФИТ,доцент,
Лебедев Ж.Р.,ФИТ,ассистент,д.н.
Иванов К.М.,ФИТ,профессор,
Соколов И.К.,ИТМО,профессор,
Кузнецов М.Ю.,ФМиЕН,профессор,
Лебедев Л.О.,ФМиЕН,профессор,д.н.
Семенов Ж.Р.,ФУПМ,профессор,к.н.
Лебедева Ж.Р.,ФИТ,ассистент,к.н.
Егоров И.К.,ФУПМ,,
Сидоров И.К.,ФРТ,доцент,д.н.
Соколов В.И.,ФРТ,доцент,
Козлов Ж.Р.,ФЭТ,ассистент,
Соколов И.К.,ФИВТ,профессор,
Семенов М.Ю.,ФФ,ассистент,
Попов Б.В.,ФМиМ,,к.н.
Петров И.К.,ФПМИ,ассистент,
Лебедева Л.О.,ФРТ,ассистент,д.н.
Петров К.М.,ФИТ,доцент,к.н.
Лебедев Л.О.,ФРТ,профессор,
Кузнецов В.И.,ФМиЕН,ассистент,д.н.
Егоров И.К.,ФИТ,ассистент,д.н.
Попов И.К.,ФЭТ,,д.н.
Иванов Ж.Р.,ФМиЕН,доцент,к.н.
Иванов В.И.,ФИТ,профессор,
Иванов В.И.,ФМиМ,профессор,
Кузнецов З.Т.,ФМиЕН,,
Соколов Г.Н.,ФПМИ,доцент,д.н.
Попов Г.Н.,ФФ,доцент,к.н.
Алексеев И.К.,ФМиМ,доцент,д.н.
Лебедева К.М.,ФЭТ,профессор,д.н.
Соколов М.Ю.,ФМиМ,,д.н.
Сидоров И.К.,ФУПМ,доцент,д.н.
Кузнецов М.Ю.,ФФ,ассистент,к.н.
Сидоров М.Ю.,ФЭТ,,
Козлов Л.О.,ФРТ,,к.н.
Соколов К.М.,ФУПМ,профессор,
Сидоров Г.Н.,ФМиЕН,,к.н.
Смирнов З.Т.,ФИТ,доцент,д.н.
Смирнов В.И.,ФУПМ,ассистент,
Козлов М.Ю.,ФИВТ,,к.н.
Иванов В.И.,ФРТ,профессор,д.н.
Петров Ж.Р.,ИТМО,,
Морозов В.И.,ФИВТ,профессор,д.н.
Кузнецов В.И.,ФРТ,доцент,к.н.
Алексеев А.А.,ФРТ,ассистент,
Козлов Е.П.,ФМиМ,доцент,к.н.
Алексеев В.И.,ИТМО,профессор,д.н.
Волков А.А.,ФЭТ,ассистент,к.н.
Лебедев И.К.,ФЭТ,профессор,к.н.
Сидоров К.М.,ФМиЕН,доцент,к.н.
Лебедева Б.В.,ФУПМ,профессор,к.н.
Иванов М.Ю.,ФРТ,доцент,
Попов А.А.,ФУПМ,профессор,к.н.
Козлов З.Т.,ФПМИ,доцент,к.н.
Попов З.Т.,ФИТ,профессор,д.н.
Петров Б.В.,ФИВТ,доцент,д.н.
Попов Л.О.,ФИТ,,д.н.
Алексеев Б.В.,ФРТ,доцент,
Смирнов Б.В.,ИТМО,ассистент,к.н.
Лебедев Д.С.,ИТМО,ассистент,к.н.
Семенов Г.Н.,ФЭТ,доцент,к.н.
Попов И.К.,ФФ,ассистент,
Волков З.Т.,ФПМИ,профессор,д.н.
Соколов Б.В.,ИТМО,доцент,к.н.
Петров В.И.,ФИВТ,,д.н.
Козлов Л.О.,ФРТ,ассистент,к.н.
Лебедев Д.С.,ФМиМ,профессор,д.н.
Волков Б.В.,ФМиЕН,,к.н.
Егоров Л.О.,ФМиМ,профессор,
Козлов В.И.,ФИВТ,доцент,
Козлов Г.Н.,ФФ,профессор,
Смирнов М.Ю.,ФИВТ,ассистент,к.н.
Егоров Д.С.,ФИВТ,профессор,д.н.
Алексеев Ж.Р.,ФРТ,ассистент,д.н.
Иванов Г.Н.,ФМиМ,ассистент,к.н.
Сидоров А.А.,ФМиЕН,доцент,к.н.
Кузнецов Е.П.,ФПМИ,профессор,д.н.
Новиков Е.П.,ФИТ,профессор,д.н.
Петров В.И.,ФЭТ,профессор,к.н.
Козлов М.Ю.,ФУПМ,,к.н.
Семенов А.А.,ФМиМ,ассистент,
Лебедев М.Ю.,ФФ,ассистент,
Лебедева М.Ю.,ФФ,профессор,д.н.
Лебедев М.Ю.,ФПМИ,профессор,к.н.
Смирнов Е.П.,ФЭТ,профессор,д.н.
Морозов Д.С.,ФМиЕН,,д.н.
Алексеев Д.С.,ФУПМ,,к.н.
Лебедева М.Ю.,ФИВТ,ассистент,д.н.
Егоров Л.О.,ФМиЕН,ассистент,к.н.
Соколов Л.О.,ФМиЕН,доцент,д.н.
Егоров Л.О.,ФПМИ,,к.н.
Волков Е.П.,ФИТ,ассистент,
Попов Д.С.,ФПМИ,,д.н.
Семенов Ж.Р.,ФПМИ,доцент,
Лебедев Г.Н.,ФПМИ,ассистент,к.н.
Алексеев М.Ю.,ФФ,профессор,к.н.
Семенов М.Ю.,ФИВТ,ассистент,д.н.
Лебедева В.И.,ФМиЕН,профессор,д.н.
Петров Д.С.,ФФ,профессор,
Сидоров М.Ю.,ФПМИ,доцент,
Сидоров Е.П.,ИТМО,профессор,
Кузнецов Д.С.,ФУПМ,ассистент,
Иванов З.Т.,ФПМИ,доцент,
Алексеев Б.В.,ФЭТ,профессор,
Иванов К.М.,ФИВТ,ассистент,к.н.
Кузнецов А.А.,ИТМО,,
Морозов Е.П.,ФИВТ,доцент,
Новиков Л.О.,ФРТ,доцент,к.н.
Волков Б.В.,ФРТ,доцент,д.н.
Кузнецов Д.С.,ИТМО,доцент,
Новиков Ж.Р.,ФЭТ,профессор,
Лебедева Б.В.,ИТМО,ассистент,к.н.
Смирнов Ж.Р.,ФМиЕН,ассистент,
Лебедева К.М.,ФПМИ,,д.н.
Соколов Ж.Р.,ФУПМ,доцент,д.н.
Сидоров Е.П.,ФУПМ,доцент,
Лебедев В.И.,ИТМО,,
Смирнов В.И.,ФПМИ,профессор,к.н.
Соколов Ж.Р.,ФМиМ,доцент,
Лебедев М.Ю.,ФМиЕН,,к.н.
Семенов Б.В.,ИТМО,,
Егоров Д.С.,ФУПМ,доцент,
Соколов Е.П.,ФИВТ,доцент,к.н.
Волков И.К.,ФЭТ,профессор,д.н.
Петров Ж.Р.,ФИВТ,профессор,
Сидоров Б.В.,ИТМО,профессор,к.н.
Морозов Ж.Р.,ФУПМ,ассистент,к.н.
Сидоров М.Ю.,ФЭТ,профессор,к.н.
Козлов З.Т.,ФИВТ,доцент,к.н.
Попов Г.Н.,ФИТ,,д.н.
Новиков В.И.,ФМиМ,доцент,к.н.
Попов Б.В.,ФЭТ,ассистент,д.н.
Морозов И.К.,ФФ,профессор,д.н.
Попов К.М.,ФУПМ,профессор,
Соколов Е.П.,ФФ,,д.н.
Сидоров К.М.,ФУПМ,профессор,к.н.
Соколов Е.П.,ФМиМ,,
Новиков А.А.,ФМиЕН,доцент,д.н.
Новиков З.Т.,ФРТ,профессор,
Петров З.Т.,ФРТ,,
Егоров В.И.,ФРТ,профессор,к.н.
Алексеев Ж.Р.,ФУПМ,доцент,
Алексеев И.К.,ФМиЕН,ассистент,к.н.
Волков В.И.,ФМиЕН,доцент,
Морозов Е.П.,ИТМО,,
Егоров М.Ю.,ФФ,доцент,к.н.
Кузнецов В.И.,ФЭТ,ассистент,
Смирнов Д.С.,ФПМИ,,
Новиков Ж.Р.,ФЭТ,ассистент,к.н.
Лебедева К.М.,ФМиЕН,,д.н.
Волков И.К.,ФМиМ,ассистент,к.н.
Сидоров Ж.Р.,ФИТ,,
Лебедев Е.П.,ФРТ,,к.н.
Егоров Г.Н.,ИТМО,,к.н.
Волков А.А.,ФЭТ,доцент,к.н.
Семенов Д.С.,ФМиМ,доцент,
Сидоров В.И.,ФУПМ,профессор,к.н.
Иванов В.И.,ФИТ,ассистент,
Лебедева А.А.,ФМиЕН,ассистент,
Волков В.И.,ФПМИ,,
Морозов Л.О.,ФФ,,
Попов Е.П.,ФФ,,д.н.
Соколов Г.Н.,ФУПМ,доцент,к.н.
Иванов Ж.Р.,ФПМИ,профессор,д.н.
Иванов Д.С.,ФЭТ,профессор,к.н.
Кузнецов К.М.,ФРТ,,
Смирнов В.И.,ФМиЕН,ассистент,д.н.
Козлов К.М.,ФРТ,профессор,
Козлов А.А.,ИТМО,ассистент,д.н.
Иванов Ж.Р.,ИТМО,,
Козлов И.К.,ФФ,ассистент,
Кузнецов Б.В.,ФУПМ,доцент,
Попов Ж.Р.,ФЭТ,ассистент,к.н.
Кузнецов З.Т.,ФЭТ,ассистент,
Алексеев Д.С.,ФПМИ,профессор,к.н.
Сидоров В.И.,ФМиЕН,профессор,
Лебедев К.М.,ИТМО,профессор,
Соколов Ж.Р.,ФИВТ,,к.н.
Морозов Г.Н.,ФИВТ,,к.н.
Смирнов К.М.,ФМиЕН,профессор,
Иванов К.М.,ФУПМ,ассистент,д.н.
Новиков Л.О.,ФФ,профессор,
Лебедева К.М.,ИТМО,ассистент,
Соколов М.Ю.,ФЭТ,доцент,
Егоров З.Т.,ФИТ,профессор,д.н.
Лебедев И.К.,ФУПМ,ассистент,д.н.
Новиков Л.О.,ФУПМ,профессор,д.н.
Лебедев Д.С.,ФИВТ,ассистент,
Сидоров В.И.,ФМиЕН,,к.н.
Смирнов Е.П.,ИТМО,профессор,к.н.
Иванов Д.С.,ФИВТ,доцент,д.н.
Смирнов Б.В.,ФЭТ,доцент,к.н.
Кузнецов Д.С.,ФМиМ,,к.н.
Козлов З.Т.,ФМиЕН,ассистент,д.н.
Семенов Б.В.,ФМиМ,профессор,
Лебедев Г.Н.,ФПМИ,профессор,д.н.
Морозов В.И.,ФУПМ,профессор,к.н.
Лебедева Б.В.,ФПМИ,доцент,д.н.
Волков А.А.,ФРТ,профессор,к.н.
Петров Ж.Р.,ФЭТ,доцент,к.н.
Лебедев В.И.,ФРТ,ассистент,к.н.
Лебедева А.А.,ФМиЕН,профессор,к.н.
Попов Л.О.,ФЭТ,профессор,к.н.
Морозов Г.Н.,ФИВТ,ассистент,
Лебедева Б.В.,ФМиЕН,профессор,к.н.
Петров В.И.,ФУПМ,,к.н.
Кузнецов К.М.,ФМиЕН,ассистент,д.н.
Морозов Е.П.,ФМиМ,ассистент,к.н.
Волков Л.О.,ФФ,ассистент,
Смирнов М.Ю.,ФУПМ,,к.н.
Алексеев А.А.,ФФ,,к.н.
Козлов Е.П.,ФИВТ,доцент,к.н.
Попов В.И.,ФМиЕН,доцент,д.н.
Сидоров Е.П.,ФПМИ,,к.н.
Соколов Г.Н.,ФПМИ,,к.н.
Семенов Ж.Р.,ФМиЕН,доцент,
Лебедев З.Т.,ФПМИ,профессор,д.н.
Кузнецов З.Т.,ФЭТ,,к.н.
Новиков И.К.,ФПМИ,,к.н.
Новиков Е.П.,ФФ,доцент,
Егоров Б.В.,ФРТ,ассистент,д.н.
Лебедева Ж.Р.,ФИВТ,,к.н.
Семенов Л.О.,ФМиМ,доцент,к.н.
Иванов А.А.,ФФ,,к.н.
Егоров Е.П.,ФРТ,,к.н.
Семенов В.И.,ФИТ,ассистент,
Попов Г.Н.,ФПМИ,профессор,
Сидоров Ж.Р.,ФМиЕН,профессор,к.н.
Сидоров К.М.,ФЭТ,ассистент,д.н.
Соколов Г.Н.,ФРТ,,
Лебедева М.Ю.,ФУПМ,профессор,
Петров Г.Н.,ИТМО,профессор,к.н.
Сидоров Е.П.,ФИТ,,к.н.
Соколов Б.В.,ФРТ,доцент,к.н.
Соколов И.К.,ФИТ,доцент,к.н.
Кузнецов З.Т.,ФИВТ,профессор,
Кузнецов И.К.,ФРТ,доцент,
Егоров Б.В.,ФИТ,ассистент,д.н.
Петров Е.П.,ФФ,доцент,д.н.
Морозов Б.В.,ФЭТ,ассистент,к.н.
Козлов А.А.,ФРТ,профессор,д.н.
Лебедева З.Т.,ФИТ,доцент,к.н.
Петров Л.О.,ФИВТ,доцент,к.н.
Алексеев И.К.,ФУПМ,,
Волков Л.О.,ФУПМ,доцент,к.н.
Попов З.Т.,ИТМО,профессор,к.н.
Семенов Л.О.,ФРТ,профессор,к.н.
Алексеев И.К.,ФМиМ,доцент,к.н.
Волков М.Ю.,ИТМО,профессор,д.н.
Иванов Е.П.,ФМиЕН,профессор,д.н.
Смирнов К.М.,ФМиМ,профессор,
Лебедев З.Т.,ФМиМ,профессор,
Егоров Б.В.,ФИВТ,,д.н.
Смирнов Г.Н.,ФИТ,,к.н.
Попов А.А.,ФУПМ,профессор,
Кузнецов Е.П.,ФФ,доцент,к.н.
Петров В.И.,ФРТ,профессор,д.н.
Егоров Г.Н.,ФПМИ,профессор,
Козлов Ж.Р.,ФФ,профессор,д.н.
Смирнов З.Т.,ФМиМ,,к.н.
Новиков В.И.,ФИВТ,ассистент,
Козлов К.М.,ФМиМ,,
Попов М.Ю.,ИТМО,,
Кузнецов И.К.,ФИТ,профессор,к.н.
Иванов Ж.Р.,ФФ,профессор,д.н.
Иванов Д.С.,ФЭТ,профессор,к.н.
Козлов А.А.,ФМиМ,,
Сидоров К.М.,ФФ,профессор,к.н.
Новиков Ж.Р.,ФФ,,к.н.
Сидоров Ж.Р.,ФМиЕН,доцент,
Попов Д.С.,ФМиМ,доцент,
Морозов Г.Н.,ФФ,профессор,к.н.
Морозов Б.В.,ФМиЕН,профессор,к.н.
Егоров Ж.Р.,ФМиМ,доцент,д.н.
Соколов И.К.,ФМиЕН,ассистент,к.н.
Петров Е.П.,ФРТ,,к.н.
Козлов А.А.,ФИТ,доцент,к.н.
Попов З.Т.,ФПМИ,ассистент,д.н.
Лебедев З.Т.,ИТМО,доцент,д.н.
Соколов Д.С.,ФИТ,профессор,д.н.
Егоров В.И.,ФФ,профессор,к.н.
Сидоров Д.С.,ФПМИ,ассистент,к.н.
Соколов З.Т.,ФУПМ,доцент,
Волков Л.О.,ФПМИ,ассистент,д.н.
Кузнецов И.К.,ФЭТ,профессор,д.н.
Кузнецов М.Ю.,ИТМО,доцент,к.н.
Соколов А.А.,ФЭТ,ассистент,д.н.
Петров И.К.,ФМиМ,ассистент,д.н.
Егоров Д.С.,ФЭТ,ассистент,
Волков А.А.,ФМиЕН,ассистент,д.н.
Лебедева Б.В.,ФМиМ,доцент,д.н.
Морозов М.Ю.,ФПМИ,,
Сидоров Е.П.,ФИТ,профессор,
Новиков К.М.,ФФ,ассистент,к.н.
Соколов Ж.Р.,ФРТ,,
Козлов Д.С.,ФПМИ,профессор,
Петров К.М.,ИТМО,,к.н.
Козлов И.К.,ФИВТ,ассистент,к.н.
Волков Б.В.,ФФ,,к.н.
Егоров М.Ю.,ФМиМ,профессор,
Лебедева И.К.,ФУПМ,профессор,
Морозов Д.С.,ФИВТ,,к.н.
Соколов И.К.,ФИТ,ассистент,
Попов Б.В.,ФФ,ассистент,д.н.
Соколов М.Ю.,ИТМО,профессор,д.н.
Егоров А.А.,ФФ,профессор,
Алексеев Д.С.,ИТМО,ассистент,д.н.
Попов К.М.,ФИВТ,профессор,к.н.
Попов Б.В.,ФРТ,,к.н.
Смирнов Л.О.,ФУПМ,профессор,
Егоров И.К.,ФФ,ассистент,к.н.
Смирнов Г.Н.,ФУПМ,,д.н.
Морозов Г.Н.,ФПМИ,доцент,д.н.
Семенов Г.Н.,ФФ,доцент,
Лебедева Б.В.,ФЭТ,профессор,
Семенов Л.О.,ФПМИ,доцент,к.н.
Новиков М.Ю.,ФРТ,,к.н.
Лебедева Д.С.,ИТМО,ассистент,
Петров Е.П.,ФФ,,
Сидоров Б.В.,ФМиМ,,к.н.
Лебедев М.Ю.,ФЭТ,ассистент,к.н.
Лебедев А.А.,ФМиМ,ассистент,
Иванов З.Т.,ФИТ,,к.н.
Смирнов А.А.,ФПМИ,,к.н.
Козлов И.К.,ФРТ,профессор,
Кузнецов Д.С.,ФЭТ,,д.н.
Сидоров А.А.,ФФ,,к.н.
Сидоров Е.П.,ФПМИ,ассистент,
Попов А.А.,ФУПМ,ассистент,
Морозов Е.П.,ФИВТ,доцент,к.н.
Морозов Г.Н.,ФРТ,доцент,к.н.
Петров К.М.,ФУПМ,профессор,
Смирнов В.И.,ФРТ,профессор,к.н.
Лебедев Л.О.,ФМиМ,,д.н.
Петров М.Ю.,ФФ,,к.н.
Алексеев Д.С.,ФМиЕН,ассистент,к.н.
Новиков А.А.,ИТМО,,к.н.
Кузнецов Е.П.,ФРТ,доцент,д.н.
Соколов Ж.Р.,ФРТ,,
Морозов Д.С.,ФПМИ,ассистент,
Морозов К.М.,ФУПМ,,
Кузнецов Ж.Р.,ФУПМ,,д.н.
Кузнецов Г.Н.,ИТМО,профессор,
Морозов А.А.,ФУПМ,профессор,
Петров А.А.,ИТМО,профессор,
Кузнецов М.Ю.,ФФ,профессор,
Попов К.М.,ФМиМ,профессор,д.н.
Лебедев М.Ю.,ФУПМ,ассистент,д.н.
Козлов И.К.,ФИВТ,,к.н.
Лебедева В.И.,ФМиМ,профессор,к.н.
Лебедева Б.В.,ФРТ,профессор,
Лебедева К.М.,ФМиМ,доцент,д.н.
Алексеев З.Т.,ФМиМ,,д.н.
Егоров Ж.Р.,ФИТ,,к.н.
Попов Е.П.,ФРТ,,
Смирнов З.Т.,ФИВТ,профессор,к.н.
Попов Д.С.,ФЭТ,ассистент,д.н.
Сидоров К.М.,ИТМО,,
Семенов К.М.,ФИВТ,профессор,к.н.
Сидоров Л.О.,ФМиМ,профессор,д.н.
Козлов А.А.,ФИВТ,,
Кузнецов И.К.,ФМиЕН,доцент,к.н.
Козлов Д.С.,ФМиЕН,доцент,д.н.
Лебедев Е.П.,ФЭТ,ассистент,к.н.
Егоров Л.О.,ФПМИ,профессор,д.н.
Волков И.К.,ФИВТ,ассистент,
Лебедев Г.Н.,ИТМО,доцент,к.н.
Петров И.К.,ФИВТ,ассистент,
Морозов Е.П.,ФИВТ,,д.н.
Петров А.А.,ФИВТ,,д.н.
Егоров Ж.Р.,ФИВТ,профессор,к.н.
Соколов З.Т.,ФЭТ,ассистент,д.н.
Семенов Е.П.,ФПМИ,доцент,д.н.
Алексеев А.А.,ФИВТ,,
Иванов К.М.,ФПМИ,,д.н.
Лебедев З.Т.,ФРТ,,
Егоров В.И.,ФМиЕН,,
Волков Л.О.,ИТМО,,
Петров В.И.,ФИТ,,д.н.
Козлов Ж.Р.,ФИВТ,профессор,к.н.
Алексеев И.К.,ФЭТ,,к.н.
Егоров Д.С.,ФИВТ,ассистент,к.н.
Волков Б.В.,ФФ,ассистент,д.н.
Соколов Ж.Р.,ФПМИ,профессор,д.н.
Соколов Г.Н.,ФИВТ,ассистент,д.н.
Сидоров И.К.,ИТМО,,д.н.
Иванов Б.В.,ФМиМ,ассистент,к.н.
Попов Б.В.,ФИТ,ассистент,
Егоров Б.В.,ФФ,профессор,д.н.
Семенов Е.П.,ФМиМ,профессор,д.н.
Иванов Е.П.,ФУПМ,доцент,к.н.
Новиков В.И.,ФЭТ,доцент,
Кузнецов З.Т.,ФМиМ,доцент,к.н.
Попов Б.В.,ФИВТ,,к.н.
Егоров Д.С.,ФМиМ,доцент,д.н.
Новиков З.Т.,ФФ,ассистент,
Кузнецов И.К.,ФУПМ,профессор,д.н.
Алексеев Д.С.,ФИВТ,доцент,
Новиков А.А.,ФУПМ,профессор,
Соколов М.Ю.,ФЭТ,профессор,к.н.
Кузнецов К.М.,ФЭТ,ассистент,д.н.
Новиков Г.Н.,ФПМИ,,д.н.
Смирнов К.М.,ФРТ,,
Кузнецов И.К.,ФУПМ,профессор,
Лебедева Г.Н.,ИТМО,профессор,
Морозов В.И.,ИТМО,доцент,д.н.
Смирнов А.А.,ФМиМ,,д.н.
Волков З.Т.,ФУПМ,,к.н.
Козлов Ж.Р.,ФФ,профессор,д.н.
Петров Е.П.,ФРТ,,
Новиков А.А.,ФЭТ,доцент,к.н.
Попов З.Т.,ФРТ,ассистент,
Иванов Б.В.,ФФ,ассистент,д.н.
Смирнов М.Ю.,ФФ,,д.н.
Соколов А.А.,ФИВТ,,
Семенов И.К.,ФУПМ,ассистент,д.н.
Попов А.А.,ФРТ,доцент,д.н.
Иванов Л.О.,ФУПМ,профессор,к.н.
Петров Ж.Р.,ФПМИ,ассистент,к.н.
Попов Ж.Р.,ФЭТ,,к.н.
Кузнецов Д.С.,ФРТ,доцент,д.н.
Лебедев А.А.,ИТМО,,к.н.
Кузнецов К.М.,ФУПМ,доцент,
Семенов А.А.,ФЭТ,доцент,д.н.
Иванов Ж.Р.,ФЭТ,профессор,
Козлов Ж.Р.,ФМиЕН,профессор,д.н.
Новиков А.А.,ФФ,ассистент,к.н.
Лебедев Е.П.,ФПМИ,доцент,д.н.
Волков Б.В.,ФИТ,ассистент,
Смирнов Б.В.,ФУПМ,профессор,к.н.
Смирнов К.М.,ФИВТ,ассистент,к.н.
Козлов Ж.Р.,ФРТ,профессор,
Попов А.А.,ФИВТ,профессор,д.н.
Семенов Д.С.,ФИВТ,профессор,к.н.
Соколов М.Ю.,ФИВТ,,
Сидоров И.К.,ФМиЕН,доцент,д.н.
Волков Ж.Р.,ФРТ,доцент,
Семенов Ж.Р.,ФМиМ,ассистент,
Петров Г.Н.,ФИТ,доцент,к.н.
Лебедев Е.П.,ФМиЕН,доцент,
Семенов Е.П.,ФМиМ,профессор,
Петров Г.Н.,ФИВТ,ассистент,к.н.
Смирнов К.М.,ИТМО,,к.н.
Сидоров Л.О.,ФМиЕН,,
Лебедев Д.С.,ФРТ,профессор,к.н.
Сидоров И.К.,ФИТ,ассистент,д.н.
Петров Е.П.,ФУПМ,,к.н.
Иванов З.Т.,ФИТ,ассистент,к.н.
Морозов Б.В.,ФПМИ,ассистент,
Петров А.А.,ФФ,,д.н.
Кузнецов Б.В.,ФПМИ,ассистент,к.н.
Семенов Е.П.,ФИТ,,д.н.
Сидоров Ж.Р.,ФМиМ,профессор,
Лебедева Е.П.,ФМиЕН,доцент,д.н.
Смирнов Ж.Р.,ФФ,доцент,
Иванов А.А.,ФУПМ,профессор,к.н.
Иванов М.Ю.,ФИВТ,доцент,
Семенов А.А.,ФИТ,,
Иванов А.А.,ФМиЕН,,к.н.
Волков И.К.,ФРТ,профессор,д.н.
Смирнов В.И.,ФРТ,,к.н.
Волков З.Т.,ИТМО,профессор,д.н.
Лебедева Ж.Р.,ФЭТ,ассистент,д.н.
Иванов Е.П.,ФРТ,ассистент,к.н.
Сидоров М.Ю.,ФФ,профессор,д.н.
Лебедев М.Ю.,ФИВТ,доцент,к.н.
Козлов И.К.,ФМиМ,,к.н.
Алексеев Г.Н.,ИТМО,профессор,к.н.
Волков Л.О.,ФЭТ,доцент,д.н.
Алексеев Г.Н.,ФЭТ,доцент,д.н.
Соколов А.А.,ФИВТ,доцент,к.н.
Смирнов Д.С.,ФМиМ,ассистент,
Лебедев К.М.,ФПМИ,ассистент,
Смирнов В.И.,ИТМО,ассистент,д.н.
Козлов Е.П.,ФМиЕН,профессор,д.н.
Попов К.М.,ФУПМ,ассистент,
Семенов И.К.,ФМиЕН,,д.н.
Морозов З.Т.,ФМиМ,,
Петров Д.С.,ФИТ,доцент,
Новиков Л.О.,ИТМО,ассистент,д.н.
Кузнецов К.М.,ФМиЕН,доцент,д.н.
Егоров Б.В.,ФИТ,ассистент,д.н.
Соколов В.И.,ФМиЕН,ассистент,
Иванов Л.О.,ФФ,,д.н.
Егоров Л.О.,ФИТ,профессор,
Егоров Ж.Р.,ИТМО,профессор,д.н.
Лебедева И.К.,ФИТ,,к.н.
Волков З.Т.,ИТМО,профессор,к.н.
Иванов Л.О.,ФФ,ассистент,
Новиков К.М.,ИТМО,ассистент,д.н.
Новиков К.М.,ИТМО,ассистент,д.н.
Морозов Л.О.,ФМиМ,доцент,д.н.
Кузнецов Л.О.,ФФ,,к.н.
Морозов З.Т.,ФИВТ,профессор,
Семенов А.А.,ФЭТ,профессор,д.н.
Новиков Е.П.,ФМиМ,ассистент,к.н.
Попов К.М.,ФЭТ,,
Лебедева Л.О.,ФМиЕН,доцент,д.н.
Егоров Б.В.,ФИВТ,,к.н.
Алексеев Д.С.,ФЭТ,,д.н.
Лебедев А.А.,ФФ,,к.н.
Лебедева Л.О.,ФУПМ,доцент,д.н.
Алексеев Л.О.,ФРТ,,д.н.
Петров Е.П.,ФРТ,ассистент,д.н.
Морозов В.И.,ФРТ,ассистент,д.н.
Иванов Л.О.,ФФ,профессор,к.н.
Алексеев В.И.,ФФ,ассистент,д.н.
Смирнов А.А.,ФПМИ,ассистент,д.н.
Смирнов Б.В.,ФПМИ,доцент,
Егоров М.Ю.,ФИТ,,д.н.
Лебедева Д.С.,ФМиЕН,доцент,
Егоров Г.Н.,ФМиЕН,ассистент,к.н.
Лебедева М.Ю.,ФФ,ассистент,д.н.
Соколов З.Т.,ФЭТ,доцент,д.н.
Лебедев Г.Н.,ФИВТ,,
Петров З.Т.,ФИВТ,ассистент,к.н.
Смирнов Г.Н.,ФПМИ,доцент,
Кузнецов И.К.,ФМиМ,профессор,к.н.
Петров Г.Н.,ФМиМ,профессор,
Новиков Д.С.,ФПМИ,доцент,к.н.
Семенов Д.С.,ФУПМ,,к.н.
Соколов Л.О.,ФИТ,,к.н.
Новиков Ж.Р.,ФУПМ,ассистент,
Морозов Ж.Р.,ФФ,профессор,
Лебедева Г.Н.,ФПМИ,доцент,
Егоров Ж.Р.,ФПМИ,профессор,д.н.
Петров Г.Н.,ФЭТ,,к.н.
Морозов З.Т.,ФМиМ,профессор,к.н.
Петров Л.О.,ФМиЕН,доцент,
Смирнов Б.В.,ФМиМ,доцент,д.н.
Иванов Г.Н.,ФПМИ,ассистент,д.н.
Морозов Л.О.,ФПМИ,профессор,к.н.
Попов А.А.,ФРТ,ассистент,д.н.
Соколов Е.П.,ФМиМ,ассистент,
Козлов Е.П.,ФФ,,
Петров К.М.,ФИТ,доцент,к.н.
Иванов Л.О.,ИТМО,,
Попов К.М.,ФРТ,ассистент,д.н.
Соколов Б.В.,ФУПМ,ассистент,
Соколов Е.П.,ФМиМ,,к.н.
Кузнецов Л.О.,ФИВТ,ассистент,
Морозов М.Ю.,ФУПМ,ассистент,к.н.
Иванов Г.Н.,ФПМИ,ассистент,к.н.
Иванов Г.Н.,ФФ,,д.н.
Кузнецов Е.П.,ФПМИ,доцент,
Петров З.Т.,ФФ,ассистент,к.н.
Смирнов В.И.,ФРТ,профессор,
Лебедева Л.О.,ИТМО,доцент,д.н.
Петров А.А.,ФМиМ,,
Иванов З.Т.,ИТМО,профессор,к.н.
Смирнов Е.П.,ФИВТ,,
Егоров К.М.,ИТМО,доцент,д.н.
Лебедева М.Ю.,ФИВТ,,
Волков А.А.,ФИТ,профессор,к.н.
Морозов В.И.,ФИТ,профессор,д.н.
Морозов Ж.Р.,ФИВТ,,д.н.
Волков Е.П.,ФИВТ,доцент,
Смирнов З.Т.,ФПМИ,,к.н.
Лебедева Ж.Р.,ФМиЕН,доцент,к.н.
Алексеев Л.О.,ФПМИ,доцент,д.н.
Соколов И.К.,ФПМИ,доцент,д.н.
Егоров Г.Н.,ФМиЕН,профессор,
Морозов Е.П.,ФИТ,ассистент,д.н.
Смирнов К.М.,ФИВТ,профессор,
Морозов Ж.Р.,ИТМО,доцент,д.н.
Петров Л.О.,ФРТ,профессор,
Морозов Г.Н.,ФИВТ,ассистент,
Алексеев Ж.Р.,ФИВТ,профессор,к.н.
Егоров Д.С.,ФМиМ,профессор,д.н.
Волков Г.Н.,ФУПМ,доцент,к.н.
Иванов З.Т.,ФПМИ,,
Алексеев З.Т.,ФПМИ,ассистент,к.н.
Егоров Г.Н.,ФФ,профессор,к.н.
Козлов В.И.,ФРТ,доцент,д.н.
Иванов И.К.,ФПМИ,ассистент,д.н.
Волков А.А.,ФУПМ,,к.н.
Петров К.М.,ИТМО,доцент,
Соколов Б.В.,ФРТ,доцент,
Семенов М.Ю.,ФМиЕН,профессор,д.н.
Попов З.Т.,ФМиМ,ассистент,д.н.
Волков Д.С.,ФРТ,,
Соколов М.Ю.,ФРТ,доцент,д.н.
Соколов Г.Н.,ФИВТ,доцент,д.н.
Соколов З.Т.,ФМиМ,доцент,д.н.
Кузнецов Л.О.,ФУПМ,доцент,
Волков М.Ю.,ФПМИ,доцент,д.н.
Лебедев Г.Н.,ФИТ,,д.н.
Козлов Е.П.,ИТМО,профессор,д.н.
Егоров Л.О.,ФФ,профессор,
Сидоров Е.П.,ФФ,доцент,
Соколов К.М.,ФФ,,д.н.
Лебедев Г.Н.,ФЭТ,профессор,д.н.
Сидоров Ж.Р.,ФУПМ,профессор,д.н.
Кузнецов М.Ю.,ИТМО,профессор,д.н.
Сидоров А.А.,ФФ,профессор,д.н.
Лебедев Б.В.,ФМиМ,,д.н.
Новиков Б.В.,ФРТ,ассистент,д.н.
Новиков К.М.,ИТМО,доцент,к.н.
Соколов Ж.Р.,ФРТ,,д.н.
Смирнов Г.Н.,ФФ,доцент,к.н.
Лебедев Ж.Р.,ФРТ,доцент,д.н.
Кузнецов Л.О.,ФМиЕН,ассистент,
Кузнецов М.Ю.,ФИТ,доцент,к.н.
Морозов Б.В.,ФУПМ,профессор,
Иванов Г.Н.,ФМиМ,доцент,
Семенов М.Ю.,ФИВТ,ассистент,к.н.
Семенов Л.О.,ФУПМ,ассистент,к.н.
Семенов Е.П.,ФРТ,профессор,
Козлов Е.П.,ФУПМ,доцент,д.н.
Новиков Б.В.,ФИТ,,д.н.
Попов Ж.Р.,ФУПМ,доцент,д.н.
Алексеев К.М.,ИТМО,доцент,д.н.
Волков З.Т.,ИТМО,,д.н.
Иванов Ж.Р.,ФЭТ,ассистент,к.н.
Лебедева Е.П.,ФЭТ,профессор,д.н.
Егоров Е.П.,ИТМО,доцент,
Морозов Д.С.,ФМиЕН,профессор,д.н.
Козлов Г.Н.,ФПМИ,профессор,к.н.
Егоров В.И.,ФМиМ,ассистент,д.н.
Иванов Л.О.,ФФ,ассистент,
Кузнецов К.М.,ФРТ,профессор,д.н.
Лебедева И.К.,ФИТ,доцент,к.н.
Семенов Г.Н.,ФЭТ,,
Лебедев В.И.,ФФ,,
Новиков К.М.,ФЭТ,,
Морозов А.А.,ФУПМ,доцент,к.н.
Новиков М.Ю.,ИТМО,,д.н.
Алексеев Д.С.,ФИТ,ассистент,д.н.
Морозов М.Ю.,ФИТ,профессор,д.н.
Козлов И.К.,ФМиМ,профессор,
Алексеев Б.В.,ФИТ,доцент,
Петров К.М.,ФИВТ,доцент,
Семенов М.Ю.,ФМиМ,,
Иванов Б.В.,ФРТ,ассистент,д.н.
Лебедева Г.Н.,ИТМО,доцент,д.н.
Морозов М.Ю.,ФИТ,доцент,к.н.
Иванов Л.О.,ИТМО,,к.н.
Волков И.К.,ИТМО,профессор,
Сидоров Е.П.,ФИВТ,ассистент,к.н.
Петров Б.В.,ФИВТ,ассистент,д.н.
Новиков А.А.,ФМиМ,ассистент,д.н.
Лебедева А.А.,ФУПМ,доцент,д.н.
Морозов Г.Н.,ФИВТ,,к.н.
Иванов Г.Н.,ФРТ,ассистент,д.н.
Иванов Ж.Р.,ФУПМ,,
Петров М.Ю.,ФМиЕН,,к.н.
Морозов Л.О.,ФПМИ,доцент,
Кузнецов Л.О.,ИТМО,,д.н.
Кузнецов Г.Н.,ФРТ,профессор,
Петров Б.В.,ФПМИ,,
Лебедева В.И.,ФУПМ,доцент,
Семенов Е.П.,ФФ,,д.н.
Попов Ж.Р.,ФФ,профессор,
Морозов Ж.Р.,ИТМО,доцент,д.н.
Сидоров З.Т.,ФФ,доцент,
Лебедев Г.Н.,ФМиЕН,доцент,к.н.
Морозов З.Т.,ФРТ,ассистент,к.н.
Козлов Д.С.,ФРТ,профессор,
Кузнецов Б.В.,ФМиЕН,профессор,
Новиков Е.П.,ФЭТ,профессор,
Козлов З.Т.,ФУПМ,профессор,
Семенов И.К.,ФИВТ,ассистент,
Морозов Е.П.,ИТМО,профессор,
Сидоров Е.П.,ФПМИ,,
Семенов Е.П.,ИТМО,доцент,
Алексеев М.Ю.,ФУПМ,профессор,д.н.
Попов И.К.,ФУПМ,профессор,
Волков Б.В.,ФЭТ,,
Алексеев Г.Н.,ФМиЕН,доцент,к.н.
Попов Г.Н.,ФУПМ,,к.н.
Козлов И.К.,ФИВТ,ассистент,к.н.
Сидоров Б.В.,ФФ,доцент,
Морозов К.М.,ИТМО,доцент,д.н.
Новиков Б.В.,ФУПМ,,д.н.
Козлов И.К.,ФМиЕН,доцент,
Алексеев Г.Н.,ФРТ,доцент,к.н.
Семенов М.Ю.,ФУПМ,доцент,к.н.
Алексеев М.Ю.,ФПМИ,,к.н.
Иванов Г.Н.,ФИВТ,профессор,
Иванов Г.Н.,ФИТ,,
Новиков Е.П.,ИТМО,,
Иванов Г.Н.,ФУПМ,профессор,
Алексеев Г.Н.,ФЭТ,профессор,
Лебедева К.М.,ФПМИ,доцент,д.н.
Соколов К.М.,ФПМИ,,
Семенов Г.Н.,ФИТ,ассистент,д.н.
Лебедева Б.В.,ФМиЕН,профессор,д.н.
Лебедев В.И.,ФРТ,ассистент,д.н.
Алексеев Г.Н.,ФМиМ,,к.н.
Семенов И.К.,ФРТ,ассистент,д.н.
Петров З.Т.,ФМиЕН,доцент,
Кузнецов И.К.,ФУПМ,,к.н.
Сидоров И.К.,ФЭТ,профессор,д.н.
Кузнецов Г.Н.,ФУПМ,доцент,д.н.
Смирнов Д.С.,ФПМИ,профессор,д.н.
Соколов Л.О.,ФМиЕН,,к.н.
Лебедев К.М.,ИТМО,ассистент,
Новиков М.Ю.,ФПМИ,доцент,
Волков А.А.,ФПМИ,доцент,д.н.
Алексеев Ж.Р.,ФЭТ,доцент,д.н.
Иванов Е.П.,ФУПМ,профессор,к.н.
Волков Е.П.,ФЭТ,доцент,к.н.
Морозов Б.В.,ФЭТ,доцент,д.н.
Сидоров В.И.,ФУПМ,,
Козлов З.Т.,ФПМИ,профессор,д.н.
Петров К.М.,ФПМИ,ассистент,
Лебедева А.А.,ФМиЕН,ассистент,д.н.
Сидоров М.Ю.,ФМиМ,ассистент,к.н.
Смирнов Е.П.,ФМиЕН,профессор,к.н.
Новиков Г.Н.,ФИТ,доцент,к.н.
Кузнецов К.М.,ФРТ,доцент,к.н.
Петров К.М.,ФМиЕН,ассистент,к.н.
Козлов Д.С.,ФФ,ассистент,к.н.
Сидоров К.М.,ФИТ,профессор,
Алексеев Ж.Р.,ФМиЕН,профессор,д.н.
Егоров Е.П.,ФИТ,,к.н.
Иванов Е.П.,ФПМИ,ассистент,к.н.
Лебедева Д.С.,ФПМИ,доцент,
Сидоров К.М.,ФФ,доцент,
Козлов М.Ю.,ФЭТ,доцент,д.н.
Смирнов А.А.,ФМиЕН,,д.н.
Алексеев Б.В.,ФФ,доцент,
Лебедев Ж.Р.,ИТМО,,к.н.
Лебедев Е.П.,ФПМИ,ассистент,д.н.
Семенов М.Ю.,ФИВТ,доцент,к.н.
Морозов М.Ю.,ФМиЕН,профессор,к.н.
Волков Д.С.,ФРТ,ассистент,д.н.
Кузнецов Б.В.,ФРТ,профессор,д.н.
Волков В.И.,ФМиМ,доцент,д.н.
Новиков Г.Н.,ФМиЕН,,к.н.
Новиков Ж.Р.,ФИТ,ассистент,
Соколов Л.О.,ФИВТ,,
Новиков И.К.,ФМиЕН,доцент,к.н.
Смирнов З.Т.,ФФ,профессор,к.н.
Лебедев З.Т.,ФИВТ,,
Смирнов М.Ю.,ФМиЕН,ассистент,
Смирнов Б.В.,ФМиМ,,д.н.
Соколов М.Ю.,ФИТ,доцент,к.н.
Сидоров Г.Н.,ФМиМ,профессор,д.н.
Смирнов И.К.,ФМиЕН,ассистент,д.н.
Лебедев Г.Н.,ИТМО,,
Лебедева И.К.,ФРТ,,к.н.
Семенов Л.О.,ФПМИ,,к.н.
Иванов З.Т.,ФМиЕН,ассистент,д.н.
Сидоров В.И.,ФРТ,доцент,д.н.
Кузнецов Г.Н.,ФИВТ,,д.н.
Волков Е.П.,ФИТ,профессор,к.н.
Попов В.И.,ФРТ,ассистент,к.н.
Семенов Л.О.,ФФ,ассистент,к.н.
Лебедев З.Т.,ФПМИ,ассистент,д.н.
Козлов А.А.,ФРТ,доцент,к.н.
Кузнецов М.Ю.,ФРТ,доцент,к.н.
Попов Е.П.,ФПМИ,ассистент,к.н.
Смирнов В.И.,ФФ,доцент,
Смирнов З.Т.,ФПМИ,доцент,д.н.
Морозов Г.Н.,ФУПМ,профессор,к.н.
Козлов Б.В.,ФИВТ,,д.н.
Егоров В.И.,ФПМИ,ассистент,д.н.
Кузнецов Г.Н.,ФПМИ,,
Семенов Ж.Р.,ФРТ,профессор,д.н.
Иванов В.И.,ФМиМ,профессор,д.н.
Лебедев Е.П.,ФПМИ,профессор,
Морозов Ж.Р.,ИТМО,профессор,
Лебедева В.И.,ФМиЕН,ассистент,к.н.
Лебедева М.Ю.,ФПМИ,,к.н.
Егоров В.И.,ФРТ,профессор,д.н.
Попов А.А.,ФМиЕН,доцент,
Морозов И.К.,ФУПМ,,д.н.
Волков И.К.,ИТМО,профессор,к.н.
Козлов Г.Н.,ФРТ,ассистент,к.н.
Новиков З.Т.,ФЭТ,доцент,
Лебедева Г.Н.,ФРТ,,
Кузнецов Л.О.,ИТМО,доцент,к.н.
Соколов К.М.,ФРТ,,д.н.
Морозов В.И.,ИТМО,профессор,к.н.
Смирнов Б.В.,ФФ,профессор,
Волков Л.О.,ФЭТ,ассистент,к.н.
Сидоров Ж.Р.,ФИВТ,,
Егоров Е.П.,ФУПМ,профессор,к.н.
Лебедева К.М.,ФМиМ,доцент,
Иванов И.К.,ФМиМ,профессор,к.н.
Егоров Г.Н.,ФИВТ,профессор,к.н.
Новиков И.К.,ИТМО,,
Алексеев Б.В.,ФИВТ,профессор,к.н.
Лебедева Д.С.,ФУПМ,доцент,к.н.
Волков В.И.,ФИВТ,,д.н.
Новиков В.И.,ФМиМ,ассистент,
Морозов Ж.Р.,ФИВТ,доцент,
Семенов А.А.,ФМиМ,,
Лебедев И.К.,ФУПМ,профессор,к.н.
Козлов Ж.Р.,ФМиМ,доцент,к.н.
Кузнецов Е.П.,ФПМИ,ассистент,
Петров И.К.,ФПМИ,профессор,
Морозов Е.П.,ФПМИ,доцент,д.н.
Лебедев Д.С.,ФПМИ,,
Соколов З.Т.,ФЭТ,доцент,
Морозов А.А.,ФФ,ассистент,к.н.
Лебедева К.М.,ФРТ,,
Козлов Л.О.,ФМиЕН,ассистент,к.н.
Петров И.К.,ФЭТ,,
Семенов Ж.Р.,ИТМО,доцент,д.н.
Морозов В.И.,ФУПМ,ассистент,д.н.
Морозов В.И.,ФПМИ,,
Новиков Ж.Р.,ИТМО,доцент,к.н.
Петров М.Ю.,ФЭТ,,д.н.
Волков К.М.,ФМиЕН,профессор,д.н.
Морозов Л.О.,ФЭТ,ассистент,к.н.
Иванов Б.В.,ФМиМ,,к.н.
Иванов Л.О.,ФМиМ,ассистент,
Кузнецов З.Т.,ФМиМ,доцент,д.н.
Соколов Л.О.,ИТМО,ассистент,к.н.
Лебедев К.М.,ФМиЕН,,к.н.
Семенов Д.С.,ФУПМ,профессор,д.н.
Козлов В.И.,ФЭТ,ассистент,д.н.
Егоров Л.О.,ФРТ,ассистент,
Сидоров И.К.,ФМиЕН,профессор,к.н.
Лебедев Е.П.,ФУПМ,,к.н.
Соколов М.Ю.,ФФ,доцент,к.н.
Семенов Б.В.,ФПМИ,доцент,к.н.
Попов Е.П.,ФЭТ,,д.н.
Сидоров В.И.,ФУПМ,профессор,к.н.
Лебедева М.Ю.,ФПМИ,ассистент,д.н.
Иванов А.А.,ФИТ,профессор,
Морозов З.Т.,ФИТ,,к.н.
Морозов Е.П.,ФИВТ,профессор,д.н.
Новиков Ж.Р.,ФИТ,доцент,д.н.
Волков З.Т.,ФИТ,профессор,
Смирнов В.И.,ФИВТ,профессор,
Лебедев З.Т.,ФМиМ,ассистент,
Кузнецов А.А.,ФФ,,д.н.
Козлов Ж.Р.,ФФ,профессор,д.н.
Петров Б.В.,ФЭТ,доцент,
Алексеев З.Т.,ФМиМ,профессор,к.н.
Кузнецов Г.Н.,ФПМИ,доцент,
Сидоров Г.Н.,ФУПМ,ассистент,
Смирнов И.К.,ФУПМ,,
Морозов А.А.,ФФ,доцент,к.н.
Козлов Ж.Р.,ФФ,,к.н.
Морозов Л.О.,ИТМО,ассистент,к.н.
Смирнов А.А.,ФЭТ,профессор,
Лебедев К.М.,ФФ,ассистент,д.н.
Морозов Б.В.,ФИТ,,к.н.
Козлов Г.Н.,ФФ,ассистент,д.н.
Кузнецов Е.П.,ФЭТ,профессор,д.н.
Новиков З.Т.,ФПМИ,ассистент,к.н.
Козлов В.И.,ФМиМ,профессор,д.н.
Иванов З.Т.,ФМиЕН,ассистент,д.н.
Алексеев Б.В.,ФЭТ,доцент,д.н.
Алексеев Ж.Р.,ФМиМ,доцент,д.н.
Новиков Г.Н.,ФИВТ,профессор,д.н.
Морозов А.А.,ФИВТ,доцент,
Волков К.М.,ФМиЕН,профессор,
Новиков Е.П.,ФМиЕН,,д.н.
Егоров Д.С.,ФФ,профессор,к.н.
Смирнов Е.П.,ФЭТ,ассистент,
Волков Г.Н.,ФФ,ассистент,
Егоров Л.О.,ФМиМ,ассистент,к.н.
Иванов Д.С.,ФПМИ,доцент,к.н.
Новиков Г.Н.,ФЭТ,доцент,к.н.
Попов К.М.,ФИВТ,профессор,
Смирнов Д.С.,ФФ,доцент,д.н.
Лебедев Ж.Р.,ФИТ,профессор,к.н.
Егоров М.Ю.,ФМиМ,,к.н.
Иванов Б.В.,ИТМО,доцент,
Новиков Л.О.,ФЭТ,доцент,
Семенов Ж.Р.,ФФ,ассистент,д.н.
Алексеев Б.В.,ФЭТ,ассистент,к.н.
Лебедева Г.Н.,ФУПМ,профессор,д.н.
Волков К.М.,ФЭТ,доцент,к.н.
Лебедев Г.Н.,ФИТ,профессор,д.н.
Лебедева К.М.,ФУПМ,профессор,к.н.
Иванов Г.Н.,ФУПМ,ассистент,к.н.
Попов Д.С.,ФИВТ,ассистент,
Семенов Е.П.,ФПМИ,профессор,д.н.
Новиков К.М.,ФУПМ,,
Егоров Е.П.,ФРТ,,
Волков А.А.,ФИТ,профессор,к.н.
Семенов Л.О.,ФИТ,профессор,д.н.
Смирнов В.И.,ФФ,,
Лебедев А.А.,ИТМО,доцент,д.н.
Семенов А.А.,ФИТ,,
Алексеев Ж.Р.,ФФ,ассистент,к.н.
Морозов Е.П.,ИТМО,,к.н.
Соколов Д.С.,ФРТ,доцент,
Лебедев К.М.,ФМиЕН,доцент,
Кузнецов Б.В.,ФЭТ,профессор,к.н.
Егоров Ж.Р.,ФПМИ,профессор,к.н.
Кузнецов М.Ю.,ФУПМ,доцент,
Новиков Л.О.,ИТМО,ассистент,к.н.
Лебедев К.М.,ФМиЕН,ассистент,к.н.
Волков Д.С.,ФРТ,доцент,д.н.
Егоров Ж.Р.,ФРТ,доцент,д.н.
Петров И.К.,ФЭТ,,д.н.
Попов Г.Н.,ФУПМ,профессор,
Морозов Ж.Р.,ФПМИ,ассистент,д.н.
Кузнецов В.И.,ФПМИ,доцент,
Морозов Б.В.,ФПМИ,профессор,
Лебедев М.Ю.,ФПМИ,,к.н.
Морозов М.Ю.,ФПМИ,,
Волков Б.В.,ФИВТ,профессор,д.н.
Новиков Л.О.,ФЭТ,,д.н.
Лебедев Л.О.,ФПМИ,,
Козлов Д.С.,ФУПМ,профессор,к.н.
Кузнецов К.М.,ФПМИ,доцент,
Лебедева Г.Н.,ФФ,ассистент,к.н.
Иванов К.М.,ФПМИ,доцент,
Иванов З.Т.,ФРТ,профессор,к.н.
Соколов В.И.,ФУПМ,ассистент,
Козлов Б.В.,ФУПМ,ассистент,
Петров Ж.Р.,ФМиМ,доцент,к.н.
Лебедева Л.О.,ФЭТ,профессор,к.н.
Козлов З.Т.,ФУПМ,доцент,
Смирнов И.К.,ИТМО,,д.н.
Волков Е.П.,ФЭТ,профессор,
Новиков А.А.,ФМиМ,ассистент,к.н.
Лебедев Г.Н.,ФИТ,,д.н.
Сидоров Л.О.,ИТМО,,д.н.
Сидоров В.И.,ИТМО,доцент,к.н.
Соколов Б.В.,ФМиМ,профессор,к.н.
Петров Е.П.,ФПМИ,,
Егоров Ж.Р.,ФПМИ,доцент,к.н.
Попов В.И.,ФРТ,доцент,д.н.
Кузнецов Е.П.,ФИТ,профессор,к.н.
Козлов З.Т.,ФФ,ассистент,
Морозов И.К.,ФМиМ,ассистент,д.н.
Алексеев Д.С.,ИТМО,доцент,
Семенов И.К.,ФУПМ,ассистент,к.н.
Петров М.Ю.,ФПМИ,профессор,
Петров Е.П.,ФУПМ,,
Лебедев М.Ю.,ФЭТ,,д.н.
Сидоров И.К.,ФИТ,ассистент,к.н.
Лебедев И.К.,ФПМИ,ассистент,
Новиков И.К.,ФУПМ,ассистент,д.н.
Козлов М.Ю.,ФМиМ,ассистент,
Волков М.Ю.,ИТМО,ассистент,к.н.
Петров Г.Н.,ФРТ,,к.н.
Новиков Д.С.,ФФ,,д.н.
Сидоров В.И.,ФМиМ,доцент,д.н.
Семенов Е.П.,ФФ,ассистент,к.н.
Волков М.Ю.,ФПМИ,,
Алексеев М.Ю.,ФМиЕН,доцент,
Сидоров К.М.,ФПМИ,ассистент,д.н.
Соколов И.К.,ФЭТ,профессор,д.н.
Попов К.М.,ФМиМ,профессор,к.н.
Сидоров И.К.,ФПМИ,,к.н.
Лебедев В.И.,ФУПМ,,
Лебедев Б.В.,ФФ,профессор,д.н.
Семенов З.Т.,ФИТ,профессор,к.н.
Новиков З.Т.,ФИВТ,,д.н.
Козлов Д.С.,ФРТ,,д.н.
Новиков Д.С.,ФИТ,,к.н.
Соколов А.А.,ФИВТ,,к.н.
Попов Д.С.,ФУПМ,доцент,д.н.
Петров И.К.,ФПМИ,,
Петров Д.С.,ФЭТ,профессор,к.н.
Новиков М.Ю.,ФПМИ,,д.н.
Петров М.Ю.,ФРТ,,
Семенов Б.В.,ФМиМ,доцент,
Попов Ж.Р.,ФМиЕН,доцент,
Лебедева И.К.,ИТМО,,д.н.
Егоров В.И.,ФМиЕН,профессор,к.н.
Петров М.Ю.,ФФ,ассистент,к.н.
Сидоров Б.В.,ФМиМ,доцент,
Морозов Л.О.,ФРТ,,к.н.
Смирнов В.И.,ФПМИ,доцент,к.н.
Смирнов Б.В.,ФПМИ,доцент,к.н.
Кузнецов Б.В.,ФМиМ,ассистент,д.н.
Семенов Е.П.,ФМиЕН,,д.н.
Новиков М.Ю.,ФУПМ,ассистент,д.н.
Лебедева В.И.,ФМиЕН,,к.н.
Соколов И.К.,ИТМО,ассистент,
Попов Л.О.,ИТМО,,
Петров К.М.,ИТМО,ассистент,д.н.
Семенов М.Ю.,ФИТ,доцент,д.н.
Иванов К.М.,ФРТ,профессор,д.н.
Попов И.К.,ФЭТ,профессор,д.н.
Козлов Б.В.,ФФ,профессор,д.н.
Козлов К.М.,ФПМИ,профессор,к.н.
Козлов И.К.,ФПМИ,профессор,
Иванов Л.О.,ФУПМ,доцент,д.н.
Новиков М.Ю.,ФЭТ,доцент,
Кузнецов Б.В.,ФЭТ,ассистент,к.н.
Морозов А.А.,ФФ,доцент,к.н.
Кузнецов З.Т.,ФИВТ,ассистент,к.н.
Волков Ж.Р.,ФМиМ,доцент,к.н.
Иванов З.Т.,ФУПМ,профессор,д.н.
Соколов Е.П.,ИТМО,ассистент,
Лебедев Г.Н.,ФЭТ,доцент,д.н.
Новиков И.К.,ФПМИ,,к.н.
Соколов Б.В.,ФФ,ассистент,к.н.
Лебедева Л.О.,ФРТ,ассистент,
Морозов З.Т.,ФЭТ,ассистент,
Новиков Л.О.,ФЭТ,ассистент,к.н.
Кузнецов З.Т.,ФИТ,ассистент,
Кузнецов Б.В.,ФМиЕН,доцент,
Смирнов Е.П.,ФЭТ,профессор,д.н.
Волков Б.В.,ФМиЕН,ассистент,к.н.
Морозов Е.П.,ФМиЕН,доцент,
Семенов Б.В.,ФИТ,профессор,
Кузнецов М.Ю.,ФУПМ,,
Соколов И.К.,ФРТ,доцент,д.н.
Морозов Б.В.,ФМиМ,,к.н.
Волков А.А.,ФМиМ,доцент,
Попов Л.О.,ФФ,доцент,д.н.
Петров А.А.,ИТМО,доцент,д.н.
Иванов М.Ю.,ФМиЕН,доцент,д.н.
Волков А.А.,ФУПМ,,д.н.
Соколов М.Ю.,ИТМО,,д.н.
Сидоров К.М.,ФРТ,,
Попов Е.П.,ИТМО,профессор,к.н.
Сидоров Е.П.,ФЭТ,доцент,
Иванов М.Ю.,ФМиМ,ассистент,д.н.
Новиков Е.П.,ИТМО,,д.н.
Попов М.Ю.,ФФ,,д.н.
Морозов В.И.,ФЭТ,доцент,к.н.
Семенов З.Т.,ФУПМ,,к.н.
Алексеев М.Ю.,ФМиМ,ассистент,
Семенов Е.П.,ФЭТ,доцент,к.н.
Алексеев Е.П.,ФРТ,,к.н.
Козлов Ж.Р.,ФМиЕН,,к.н.
Морозов З.Т.,ФФ,ассистент,д.н.
Лебедев Г.Н.,ФЭТ,ассистент,
Смирнов З.Т.,ФФ,доцент,д.н.
Смирнов Г.Н.,ФРТ,,д.н.
Иванов Д.С.,ФМиЕН,ассистент,к.н.
Козлов Г.Н.,ФПМИ,ассистент,д.н.
Егоров Б.В.,ФРТ,доцент,д.н.
Егоров Е.П.,ФУПМ,профессор,д.н.
Алексеев В.И.,ФРТ,доцент,к.н.
Сидоров Б.В.,ФМиМ,доцент,д.н.
Соколов В.И.,ФПМИ,профессор,
Смирнов З.Т.,ФМиЕН,,к.н.
Попов И.К.,ФФ,доцент,
Смирнов Ж.Р.,ФРТ,профессор,
Козлов Л.О.,ФПМИ,доцент,к.н.
Новиков Б.В.,ФИВТ,ассистент,
Соколов Л.О.,ФМиМ,профессор,к.н.
Волков З.Т.,ФУПМ,,
Волков К.М.,ФМиМ,,к.н.
Кузнецов А.А.,ФМиЕН,ассистент,
Алексеев Д.С.,ФМиМ,профессор,к.н.
Семенов М.Ю.,ФМиМ,доцент,к.н.
Петров Г.Н.,ИТМО,доцент,к.н.
Морозов В.И.,ФУПМ,профессор,д.н.
Семенов А.А.,ФИТ,,к.н.
Смирнов И.К.,ФИВТ,ассистент,д.н.
Попов Б.В.,ИТМО,профессор,д.н.
Соколов Е.П.,ФПМИ,ассистент,к.н.
Морозов Б.В.,ФМиЕН,доцент,
Попов Б.В.,ФПМИ,ассистент,
Козлов Г.Н.,ФИТ,профессор,д.н.
Алексеев В.И.,ФРТ,профессор,
Лебедев Д.С.,ФФ,доцент,
Петров Г.Н.,ФЭТ,ассистент,
Кузнецов Ж.Р.,ФПМИ,доцент,д.н.
Козлов Г.Н.,ФИТ,профессор,д.н.
Козлов Л.О.,ФРТ,доцент,д.н.
Лебедева М.Ю.,ФПМИ,доцент,к.н.
Смирнов Г.Н.,ФУПМ,ассистент,к.н.
Лебедев Ж.Р.,ФРТ,доцент,д.н.
Новиков К.М.,ФЭТ,ассистент,д.н.
Алексеев Г.Н.,ФУПМ,,д.н.
Иванов Е.П.,ФЭТ,доцент,к.н.
Смирнов М.Ю.,ФМиЕН,профессор,к.н.
Алексеев М.Ю.,ИТМО,профессор,
Морозов А.А.,ФУПМ,доцент,
Козлов М.Ю.,ФРТ,доцент,
Сидоров В.И.,ИТМО,доцент,к.н.
Новиков Г.Н.,ИТМО,профессор,
Семенов З.Т.,ФМиМ,,
Кузнецов К.М.,ФИТ,,
Морозов М.Ю.,ФУПМ,профессор,д.н.
Кузнецов Л.О.,ФМиМ,,
Волков Д.С.,ФПМИ,ассистент,
Иванов И.К.,ФУПМ,,д.н.
Лебедева М.Ю.,ФИВТ,,д.н.
Лебедев З.Т.,ФИВТ,ассистент,к.н.
Попов Е.П.,ФУПМ,ассистент,к.н.
Лебедев И.К.,ФФ,,д.н.
Иванов К.М.,ФИТ,,к.н.
Семенов Ж.Р.,ФПМИ,доцент,д.н.
Семенов З.Т.,ИТМО,профессор,д.н.
Соколов Л.О.,ФРТ,доцент,к.н.
Лебедев Б.В.,ФУПМ,ассистент,
Попов Д.С.,ФРТ,ассистент,
Волков К.М.,ФМиЕН,профессор,к.н.
Волков В.И.,ФИВТ,профессор,д.н.
Петров Д.С.,ФЭТ,,к.н.
Соколов Ж.Р.,ФРТ,ассистент,д.н.
Егоров В.И.,ФПМИ,доцент,
Козлов Б.В.,ФЭТ,ассистент,д.н.
Лебедев Б.В.,ФЭТ,ассистент,к.н.
Соколов Д.С.,ФИТ,ассистент,д.н.
Козлов Е.П.,ФПМИ,доцент,
Лебедева И.К.,ФФ,доцент,к.н.
Иванов Б.В.,ФПМИ,ассистент,
Петров Г.Н.,ФПМИ,доцент,
Петров Д.С.,ФФ,ассистент,к.н.
Новиков З.Т.,ИТМО,доцент,
Смирнов Е.П.,ФИВТ,,д.н.
Попов А.А.,ФМиМ,,к.н.
Козлов Л.О.,ИТМО,,к.н.
Козлов А.А.,ИТМО,,д.н.
Петров К.М.,ИТМО,доцент,д.н.
Алексеев З.Т.,ФРТ,ассистент,д.н.
Морозов К.М.,ФИТ,доцент,д.н.
Сидоров М.Ю.,ФФ,профессор,к.н.
Морозов Г.Н.,ФУПМ,ассистент,д.н.
Морозов Е.П.,ФИВТ,ассистент,к.н.
Лебедев Е.П.,ФРТ,профессор,к.н.
Морозов Ж.Р.,ФИТ,,
Соколов И.К.,ФУПМ,доцент,
Волков В.И.,ФУПМ,,
Алексеев Г.Н.,ФФ,доцент,
Козлов Ж.Р.,ФПМИ,,д.н.
Егоров Г.Н.,ФМиЕН,ассистент,к.н.
Волков Д.С.,ФМиЕН,ассистент,
Волков Б.В.,ФИВТ,ассистент,д.н.
Волков М.Ю.,ФУПМ,доцент,
Попов Б.В.,ИТМО,ассистент,д.н.
Смирнов З.Т.,ФМиЕН,,к.н.
Кузнецов Л.О.,ФЭТ,доцент,д.н.
Попов А.А.,ФИТ,ассистент,к.н.
Алексеев Ж.Р.,ФРТ,доцент,д.н.
Алексеев А.А.,ФФ,,к.н.
Лебедева М.Ю.,ФИТ,,д.н.
Морозов З.Т.,ФРТ,доцент,
Лебедева Е.П.,ФИТ,доцент,д.н.
Новиков Е.П.,ФЭТ,ассистент,д.н.
Алексеев М.Ю.,ФРТ,,д.н.
Егоров К.М.,ФПМИ,ассистент,
Новиков Ж.Р.,ИТМО,,к.н.
Сидоров Д.С.,ФИТ,,д.н.
Смирнов В.И.,ФФ,ассистент,к.н.
Козлов Л.О.,ФИВТ,доцент,к.н.
Смирнов К.М.,ФРТ,ассистент,
Иванов Б.В.,ФИВТ,,к.н.
Соколов Д.С.,ФМиМ,доцент,д.н.
Алексеев И.К.,ФУПМ,,
Егоров З.Т.,ФФ,профессор,
Сидоров Д.С.,ФМиЕН,доцент,к.н.
Смирнов Ж.Р.,ФУПМ,профессор,
Лебедев М.Ю.,ФМиМ,доцент,к.н.
Соколов И.К.,ФФ,профессор,к.н.
Лебедева Е.П.,ФРТ,профессор,
Сидоров К.М.,ФИВТ,,д.н.
Морозов В.И.,ФМиЕН,профессор,к.н.
Кузнецов Д.С.,ФФ,ассистент,к.н.
Смирнов М.Ю.,ФРТ,доцент,д.н.
Новиков И.К.,ФЭТ,ассистент,к.н.
Морозов Ж.Р.,ФИВТ,ассистент,
Иванов З.Т.,ФРТ,ассистент,
Семенов Л.О.,ФИВТ,,д.н.
Лебедева Л.О.,ФМиЕН,,к.н.
Волков Д.С.,ФФ,доцент,к.н.
Егоров Е.П.,ФИВТ,профессор,к.н.
Соколов А.А.,ФИТ,ассистент,
Кузнецов М.Ю.,ФИВТ,,к.н.
Кузнецов Ж.Р.,ФМиЕН,профессор,д.н.
Волков И.К.,ФПМИ,профессор,д.н.
Новиков И.К.,ФУПМ,ассистент,д.н.
Алексеев А.А.,ФУПМ,ассистент,
Кузнецов Д.С.,ФФ,профессор,к.н.
Козлов Ж.Р.,ФПМИ,ассистент,к.н.
Лебедева И.К.,ФРТ,ассистент,к.н.
Козлов К.М.,ФФ,профессор,к.н.
Лебедев А.А.,ФФ,доцент,д.н.
Смирнов Б.В.,ФИВТ,ассистент,к.н.
Попов Д.С.,ФПМИ,профессор,д.н.
Лебедев Г.Н.,ФПМИ,,д.н.
Сидоров Е.П.,ФИТ,доцент,д.н.
Новиков Л.О.,ИТМО,ассистент,к.н.
Егоров Ж.Р.,ФРТ,доцент,д.н.
Егоров В.И.,ФМиЕН,доцент,к.н.
Лебедева Б.В.,ФИТ,профессор,
Кузнецов Г.Н.,ФМиМ,,д.н.
Смирнов Г.Н.,ФИВТ,доцент,к.н.
Попов Е.П.,ИТМО,доцент,д.н.
Смирнов Д.С.,ФМиЕН,ассистент,д.н.
Соколов И.К.,ФУПМ,профессор,к.н.
Сидоров Ж.Р.,ФИВТ,доцент,д.н.
Новиков Д.С.,ФМиМ,ассистент,д.н.
Морозов В.И.,ИТМО,ассистент,к.н.
Алексеев З.Т.,ФПМИ,доцент,д.н.
Семенов Б.В.,ФИТ,,
Соколов Л.О.,ФУПМ,ассистент,д.н.
Новиков В.И.,ФМиЕН,доцент,д.н.
Лебедев Л.О.,ФФ,доцент,к.н.
Иванов Л.О.,ФФ,,к.н.
Волков Л.О.,ФЭТ,доцент,д.н.
Волков Б.В.,ФЭТ,ассистент,д.н.
Сидоров А.А.,ФФ,доцент,д.н.
Алексеев Д.С.,ФМиМ,профессор,
Семенов Д.С.,ФФ,профессор,
Петров Д.С.,ФПМИ,доцент,к.н.
Соколов Л.О.,ФЭТ,профессор,к.н.
Морозов А.А.,ФМиМ,доцент,к.н.
Попов Ж.Р.,ФУПМ,профессор,к.н.
Иванов И.К.,ФМиЕН,профессор,
Сидоров З.Т.,ИТМО,доцент,к.н.
Алексеев Б.В.,ФРТ,,д.н.
Новиков Ж.Р.,ФФ,доцент,к.н.
Попов Л.О.,ФПМИ,ассистент,
Иванов Е.П.,ФУПМ,профессор,
Козлов В.И.,ФРТ,доцент,д.н.
Сидоров Д.С.,ФУПМ,ассистент,д.н.
Лебедев К.М.,ФИТ,ассистент,д.н.
Алексеев Б.В.,ФМиМ,профессор,
Соколов Ж.Р.,ФИТ,доцент,д.н.
Иванов Д.С.,ФРТ,доцент,к.н.
Иванов И.К.,ФЭТ,ассистент,
Семенов Б.В.,ФЭТ,,
Алексеев М.Ю.,ФМиЕН,профессор,
Сидоров Д.С.,ФИТ,,
Морозов Г.Н.,ФМиМ,доцент,
Сидоров Е.П.,ФФ,,к.н.
Новиков З.Т.,ФРТ,,к.н.
Иванов А.А.,ФИВТ,,д.н.
Смирнов Ж.Р.,ФИВТ,доцент,к.н.
Попов И.К.,ФЭТ,ассистент,д.н.
Новиков К.М.,ФМиЕН,,д.н.
Иванов В.И.,ФФ,профессор,д.н.
Лебедев З.Т.,ФЭТ,ассистент,д.н.
Иванов Г.Н.,ФМиМ,ассистент,
Петров И.К.,ИТМО,ассистент,к.н.
Лебедев Б.В.,ФФ,профессор,
Смирнов А.А.,ФМиМ,ассистент,к.н.
Смирнов Е.П.,ИТМО,профессор,
Лебедев К.М.,ФФ,ассистент,д.н.
Новиков И.К.,ФЭТ,,
Морозов А.А.,ФЭТ,ассистент,
Смирнов Е.П.,ФРТ,доцент,к.н.
Морозов И.К.,ФМиМ,доцент,
Сидоров Е.П.,ФЭТ,доцент,
Попов Д.С.,ФУПМ,доцент,к.н.
Смирнов И.К.,ФМиМ,ассистент,д.н.
Соколов В.И.,ФФ,доцент,д.н.
Егоров К.М.,ФЭТ,ассистент,к.н.
Алексеев Г.Н.,ФУПМ,ассистент,
Волков Ж.Р.,ФУПМ,профессор,д.н.
Лебедев В.И.,ФЭТ,профессор,
Соколов В.И.,ФИВТ,,
Лебедев К.М.,ФФ,профессор,
Соколов З.Т.,ФИВТ,профессор,к.н.
Лебедев Ж.Р.,ИТМО,,
Иванов Е.П.,ФИВТ,доцент,
Кузнецов Б.В.,ФИТ,доцент,д.н.
Попов З.Т.,ФМиЕН,доцент,
Козлов Л.О.,ФРТ,,
Лебедева Л.О.,ФРТ,,к.н.
Петров З.Т.,ФРТ,доцент,д.н.
Кузнецов В.И.,ИТМО,,
Лебедева И.К.,ИТМО,ассистент,к.н.
Волков Ж.Р.,ФМиЕН,профессор,д.н.
Волков Г.Н.,ФЭТ,,
Новиков М.Ю.,ФФ,,д.н.
Соколов И.К.,ФЭТ,доцент,
Морозов М.Ю.,ФМиЕН,ассистент,к.н.
Кузнецов А.А.,ФИТ,ассистент,д.н.
Козлов Л.О.,ИТМО,доцент,д.н.
Егоров Б.В.,ФФ,,д.н.
Попов М.Ю.,ФФ,доцент,
Егоров Б.В.,ФМиЕН,профессор,д.н.
Новиков А.А.,ФРТ,,
Семенов А.А.,ФИТ,,к.н.
Сидоров И.К.,ФИТ,профессор,
Кузнецов К.М.,ФИВТ,ассистент,
Новиков М.Ю.,ФИВТ,профессор,д.н.
Егоров И.К.,ФРТ,доцент,к.н.
Сидоров Е.П.,ФРТ,профессор,д.н.
Соколов Г.Н.,ФУПМ,ассистент,
Смирнов Е.П.,ФУПМ,,к.н.
Кузнецов К.М.,ФРТ,ассистент,
Кузнецов Б.В.,ФРТ,,к.н.
Соколов В.И.,ФИВТ,доцент,к.н.
Лебедев М.Ю.,ФМиЕН,профессор,
Морозов Ж.Р.,ИТМО,доцент,д.н.
Новиков З.Т.,ФРТ,,д.н.
Соколов З.Т.,ФМиМ,,д.н.
Семенов К.М.,ФУПМ,,к.н.
Попов Е.П.,ФМиЕН,ассистент,д.н.
Алексеев И.К.,ФРТ,,
Кузнецов Е.П.,ФЭТ,ассистент,к.н.
Лебедев В.И.,ФФ,ассистент,д.н.
Егоров Е.П.,ФУПМ,профессор,к.н.
Волков З.Т.,ФЭТ,профессор,д.н.
Сидоров А.А.,ФУПМ,доцент,
Кузнецов И.К.,ФИВТ,,
Волков Г.Н.,ФРТ,профессор,д.н.
Новиков Г.Н.,ИТМО,,к.н.
Алексеев З.Т.,ФИВТ,доцент,
Козлов К.М.,ФМиМ,профессор,д.н.
Попов Л.О.,ФМиЕН,ассистент,к.н.
Сидоров Ж.Р.,ФМиМ,ассистент,д.н.
Иванов Б.В.,ФМиЕН,ассистент,к.н.
Егоров В.И.,ФМиМ,профессор,д.н.
Волков К.М.,ФУПМ,профессор,
Морозов Е.П.,ФМиЕН,доцент,
Волков М.Ю.,ФРТ,доцент,
Семенов Ж.Р.,ФИВТ,доцент,к.н.
Лебедева З.Т.,ФЭТ,,к.н.
Кузнецов Л.О.,ФУПМ,,д.н.
Соколов И.К.,ФРТ,,
Соколов А.А.,ФФ,доцент,к.н.
Смирнов Б.В.,ФФ,ассистент,д.н.
Попов В.И.,ФМиМ,ассистент,к.н.
Сидоров И.К.,ФФ,доцент,
Алексеев З.Т.,ФРТ,,к.н.
Лебедев Е.П.,ФЭТ,,д.н.
Сидоров Б.В.,ФМиЕН,ассистент,д.н.
Смирнов Д.С.,ФФ,,к.н.
Смирнов И.К.,ФИВТ,,
Петров Д.С.,ФМиЕН,профессор,д.н.
Петров Л.О.,ФМиМ,,
Кузнецов Е.П.,ФПМИ,,к.н.
Петров К.М.,ФПМИ,профессор,
Семенов Ж.Р.,ФРТ,профессор,д.н.
Волков З.Т.,ИТМО,доцент,д.н.
Алексеев З.Т.,ФРТ,доцент,
Соколов Е.П.,ФПМИ,профессор,
Петров А.А.,ФЭТ,ассистент,д.н.
Кузнецов К.М.,ФИТ,профессор,д.н.
Новиков В.И.,ФИТ,доцент,
Козлов Ж.Р.,ФИТ,ассистент,д.н.
Сидоров Ж.Р.,ФПМИ,ассистент,
Алексеев Ж.Р.,ФИТ,,д.н.
Алексеев В.И.,ФИТ,ассистент,к.н.
Новиков Б.В.,ФПМИ,доцент,д.н.
Егоров А.А.,ФРТ,,к.н.
Лебедева Г.Н.,ФИТ,,
Иванов Ж.Р.,ФУПМ,,
Петров И.К.,ФИТ,,
Морозов Г.Н.,ФПМИ,ассистент,к.н.
Лебедева В.И.,ФЭТ,,
Новиков В.И.,ФМиЕН,доцент,к.н.
Егоров З.Т.,ФРТ,,
Морозов К.М.,ФУПМ,профессор,д.н.
Петров Ж.Р.,ФЭТ,ассистент,к.н.
Морозов Г.Н.,ФИВТ,доцент,д.н.
Иванов Г.Н.,ФИТ,профессор,д.н.
Кузнецов З.Т.,ФРТ,,
Морозов З.Т.,ФМиМ,ассистент,
Сидоров В.И.,ФИВТ,ассистент,к.н.
Егоров И.К.,ФМиМ,профессор,
Сидоров В.И.,ФРТ,,д.н.
Алексеев М.Ю.,ИТМО,профессор,
Новиков И.К.,ФФ,профессор,
Новиков Д.С.,ФИТ,ассистент,
Кузнецов И.К.,ФИТ,профессор,к.н.
Лебедев Л.О.,ФМиМ,ассистент,к.н.
Петров И.К.,ФМиЕН,ассистент,д.н.
Морозов Д.С.,ФМиЕН,,д.н.
Попов В.И.,ФМиМ,,д.н.
Алексеев З.Т.,ФМиЕН,доцент,д.н.
Соколов Л.О.,ФИТ,профессор,д.н.
Смирнов Д.С.,ФРТ,профессор,д.н.
Попов К.М.,ФУПМ,профессор,
Кузнецов Л.О.,ФРТ,ассистент,к.н.
Волков Ж.Р.,ФПМИ,ассистент,
Козлов И.К.,ФФ,профессор,к.н.
Петров Г.Н.,ФЭТ,доцент,к.н.
Петров И.К.,ФИВТ,доцент,
Иванов К.М.,ФФ,профессор,к.н.
Лебедева Б.В.,ФЭТ,ассистент,д.н.
Волков Ж.Р.,ФЭТ,,
Лебедев И.К.,ФРТ,,к.н.
Сидоров Г.Н.,ФМиМ,доцент,д.н.
Лебедева Г.Н.,ФМиЕН,доцент,д.н.
Петров Ж.Р.,ФФ,,д.н.
Кузнецов З.Т.,ФПМИ,,д.н.
Сидоров Б.В.,ФУПМ,,д.н.
Иванов В.И.,ФИВТ,ассистент,
Новиков Д.С.,ФФ,доцент,
Соколов З.Т.,ФУПМ,ассистент,д.н.
Иванов А.А.,ФПМИ,доцент,
Лебедев Ж.Р.,ФИВТ,ассистент,
Кузнецов Л.О.,ИТМО,профессор,
Новиков Д.С.,ИТМО,профессор,д.н.
Смирнов А.А.,ФИВТ,профессор,
Егоров З.Т.,ИТМО,,к.н.
Семенов Ж.Р.,ФМиЕН,доцент,к.н.
Козлов Л.О.,ИТМО,ассистент,к.н.
Алексеев И.К.,ИТМО,профессор,
Морозов К.М.,ФУПМ,ассистент,д.н.
Смирнов Д.С.,ФИТ,,
Сидоров З.Т.,ФИТ,ассистент,к.н.
Сидоров А.А.,ФРТ,ассистент,
Лебедев Д.С.,ФИВТ,профессор,к.н.
Егоров В.И.,ФФ,,
Новиков Б.В.,ФРТ,ассистент,д.н.
Петров Д.С.,ФМиЕН,,д.н.
Соколов Л.О.,ФЭТ,ассистент,
Попов Е.П.,ФПМИ,ассистент,д.н.
Семенов Г.Н.,ФМиМ,ассистент,
Иванов А.А.,ФРТ,профессор,к.н.
Лебедев К.М.,ФМиМ,ассистент,
Соколов Е.П.,ФПМИ,доцент,к.н.
Лебедев В.И.,ФИТ,профессор,д.н.
Иванов Д.С.,ИТМО,ассистент,д.н.
Лебедев Л.О.,ФПМИ,,д.н.
Алексеев В.И.,ФФ,профессор,д.н.
Лебедев К.М.,ИТМО,доцент,к.н.
Кузнецов Ж.Р.,ФЭТ,ассистент,
Сидоров А.А.,ФИТ,,д.н.
Лебедева М.Ю.,ФПМИ,профессор,
Лебедева М.Ю.,ИТМО,доцент,д.н.
Лебедев Л.О.,ФМиМ,профессор,д.н.
Алексеев В.И.,ФРТ,доцент,к.н.
Морозов А.А.,ФРТ,профессор,
Алексеев В.И.,ФМиМ,,д.н.
Соколов Е.П.,ФМиЕН,ассистент,д.н.
Попов М.Ю.,ИТМО,доцент,д.н.
Сидоров А.А.,ФИТ,доцент,к.н.
Егоров М.Ю.,ФМиМ,,
Семенов А.А.,ФИТ,доцент,к.н.
Новиков М.Ю.,ФМиЕН,доцент,
Егоров Б.В.,ФФ,ассистент,д.н.
Петров М.Ю.,ИТМО,профессор,к.н.
Петров Г.Н.,ИТМО,,д.н.
Иванов Б.В.,ФФ,доцент,д.н.
Иванов И.К.,ФМиЕН,доцент,к.н.
Алексеев Г.Н.,ФМиМ,доцент,
Егоров Л.О.,ИТМО,ассистент,
Лебедев Е.П.,ФПМИ,,д.н.
Иванов К.М.,ФЭТ,,
Лебедева М.Ю.,ФУПМ,профессор,к.н.
Егоров Л.О.,ФМиМ,,к.н.
Лебедев А.А.,ФПМИ,профессор,
Волков Д.С.,ФЭТ,доцент,
Попов В.И.,ИТМО,профессор,
Петров З.Т.,ФУПМ,,
Иванов З.Т.,ФУПМ,ассистент,д.н.
Волков Е.П.,ФИВТ,ассистент,
Кузнецов Г.Н.,ИТМО,,д.н.
Лебедева З.Т.,ИТМО,профессор,к.н.
Кузнецов Ж.Р.,ФФ,доцент,
Смирнов Л.О.,ФИТ,,к.н.
Новиков Д.С.,ИТМО,профессор,д.н.
Егоров Е.П.,ФЭТ,ассистент,к.н.
Морозов А.А.,ФИВТ,доцент,д.н.
Волков К.М.,ФМиЕН,ассистент,
Попов Б.В.,ФМиЕН,ассистент,д.н.
Волков З.Т.,ФМиМ,ассистент,
Лебедев Г.Н.,ФМиЕН,профессор,к.н.
Морозов И.К.,ФИТ,профессор,д.н.
Смирнов К.М.,ФМиЕН,профессор,к.н.
Смирнов И.К.,ФПМИ,ассистент,д.н.
Петров Е.П.,ФЭТ,,к.н.
Морозов Б.В.,ФИТ,ассистент,
Лебедев Д.С.,ФЭТ,,к.н.
Петров И.К.,ФМиМ,доцент,д.н.
Волков Е.П.,ИТМО,доцент,
Семенов В.И.,ФФ,профессор,
Егоров А.А.,ФИВТ,доцент,к.н.
Лебедев Е.П.,ФИВТ,доцент,к.н.
Егоров З.Т.,ИТМО,ассистент,
Алексеев А.А.,ФРТ,,д.н.
Петров М.Ю.,ФЭТ,ассистент,к.н.
Кузнецов М.Ю.,ФМиЕН,профессор,
Иванов К.М.,ФИВТ,профессор,к.н.
Семенов Д.С.,ФМиЕН,ассистент,
Морозов Б.В.,ФПМИ,доцент,к.н.
Егоров И.К.,ФМиМ,,д.н.
Кузнецов З.Т.,ФУПМ,профессор,д.н.
Попов Г.Н.,ФМиЕН,профессор,к.н.
Лебедева В.И.,ФМиМ,,к.н.
Морозов З.Т.,ФУПМ,,д.н.
Новиков Б.В.,ФФ,профессор,к.н.
Егоров Е.П.,ИТМО,ассистент,к.н.
Лебедева В.И.,ФМиМ,,
Козлов З.Т.,ФМиМ,профессор,к.н.
Сидоров Б.В.,ФФ,профессор,к.н.
Новиков Е.П.,ФРТ,доцент,
Семенов А.А.,ФУПМ,ассистент,
Морозов Д.С.,ФЭТ,ассистент,
Егоров З.Т.,ФИТ,ассистент,д.н.
Алексеев К.М.,ФЭТ,ассистент,д.н.
Сидоров З.Т.,ФУПМ,доцент,д.н.
Алексеев М.Ю.,ФИВТ,профессор,к.н.
Лебедев Д.С.,ФИТ,профессор,к.н.
Кузнецов Д.С.,ФФ,доцент,д.н.
Семенов Д.С.,ФИТ,,к.н.
Алексеев Л.О.,ФИТ,доцент,
Смирнов М.Ю.,ФМиМ,ассистент,к.н.
Смирнов В.И.,ФМиМ,ассистент,д.н.
Лебедева В.И.,ФМиЕН,профессор,к.н.
Алексеев М.Ю.,ФУПМ,доцент,
Новиков А.А.,ФРТ,профессор,д.н.
Иванов К.М.,ФУПМ,,к.н.
Соколов Е.П.,ФПМИ,,
Егоров И.К.,ФПМИ,ассистент,д.н.
Семенов Г.Н.,ФРТ,,
Егоров Б.В.,ФМиЕН,доцент,
Попов И.К.,ФУПМ,,к.н.
Волков Л.О.,ИТМО,доцент,к.н.
Алексеев К.М.,ФФ,профессор,д.н.
Иванов Л.О.,ФИТ,профессор,к.н.
Петров Д.С.,ФПМИ,профессор,к.н.
Алексеев К.М.,ФУПМ,доцент,
Морозов И.К.,ФИТ,профессор,
Новиков Г.Н.,ФРТ,ассистент,д.н.
Морозов А.А.,ФРТ,,
Кузнецов З.Т.,ФИВТ,,д.н.
Егоров Г.Н.,ФФ,профессор,д.н.
Волков Г.Н.,ФМиЕН,профессор,
Морозов Е.П.,ИТМО,доцент,к.н.
Алексеев Д.С.,ФРТ,,к.н.
Лебедева Е.П.,ФФ,,к.н.
Соколов Л.О.,ФИВТ,профессор,к.н.
Попов А.А.,ФПМИ,доцент,к.н.
Кузнецов Д.С.,ФИТ,доцент,д.н.
Алексеев И.К.,ФФ,доцент,д.н.
Кузнецов Г.Н.,ФЭТ,доцент,д.н.
Иванов З.Т.,ФЭТ,доцент,
Сидоров Б.В.,ФМиМ,ассистент,д.н.
Соколов Б.В.,ФУПМ,,к.н.
Волков М.Ю.,ФРТ,профессор,
Смирнов А.А.,ФИВТ,доцент,д.н.
Иванов Л.О.,ФИТ,профессор,
Петров Л.О.,ФУПМ,,
Петров Г.Н.,ФПМИ,ассистент,
Морозов В.И.,ИТМО,ассистент,д.н.
Соколов Б.В.,ИТМО,доцент,к.н.
Лебедев К.М.,ФПМИ,доцент,д.н.
Сидоров Г.Н.,ФПМИ,ассистент,
Сидоров Е.П.,ФЭТ,профессор,
Егоров З.Т.,ФИВТ,,
Козлов Б.В.,ФМиЕН,доцент,
Петров З.Т.,ФУПМ,,к.н.
Алексеев Е.П.,ФРТ,,
Петров Ж.Р.,ФМиМ,ассистент,д.н.
Семенов И.К.,ФПМИ,профессор,д.н.
Иванов Л.О.,ФМиМ,ассистент,д.н.
Новиков Д.С.,ФМиМ,,к.н.
Новиков Ж.Р.,ФИТ,профессор,
Козлов З.Т.,ФИТ,профессор,д.н.
Петров К.М.,ФМиЕН,профессор,д.н.
Волков Л.О.,ФПМИ,профессор,
Козлов К.М.,ФИВТ,доцент,д.н.
Волков Ж.Р.,ФМиМ,,д.н.
Козлов В.И.,ФИВТ,доцент,д.н.
Сидоров Л.О.,ФЭТ,доцент,д.н.
Лебедев И.К.,ФРТ,ассистент,д.н.
Смирнов Д.С.,ФЭТ,доцент,к.н.
Петров Л.О.,ФРТ,профессор,к.н.
Алексеев З.Т.,ИТМО,профессор,д.н.
Сидоров А.А.,ФРТ,доцент,
Лебедев Г.Н.,ФЭТ,доцент,
Семенов Г.Н.,ФПМИ,доцент,к.н.
Морозов З.Т.,ИТМО,доцент,
Новиков М.Ю.,ФПМИ,профессор,
Соколов Г.Н.,ИТМО,профессор,
Егоров Д.С.,ФМиЕН,,д.н.
Алексеев Е.П.,ФПМИ,,
Попов А.А.,ФМиМ,ассистент,
Попов М.Ю.,ФФ,доцент,
Иванов И.К.,ФИВТ,профессор,к.н.
Смирнов Б.В.,ИТМО,доцент,к.н.
Козлов Ж.Р.,ИТМО,профессор,к.н.
Соколов К.М.,ФПМИ,,д.н.
Лебедев В.И.,ФФ,,к.н.
Попов Ж.Р.,ИТМО,,к.н.
Алексеев Г.Н.,ФФ,профессор,
Семенов Е.П.,ФРТ,доцент,д.н.
Лебедева М.Ю.,ФЭТ,доцент,д.н.
Петров М.Ю.,ФПМИ,доцент,д.н.
Попов К.М.,ИТМО,ассистент,д.н.
Петров Г.Н.,ФФ,профессор,к.н.
Лебедева Е.П.,ИТМО,,д.н.
Лебедева М.Ю.,ФЭТ,,
Попов А.А.,ФРТ,ассистент,
Семенов Г.Н.,ФПМИ,профессор,к.н.
Сидоров Д.С.,ФИВТ,доцент,д.н.
Егоров Ж.Р.,ФИВТ,профессор,д.н.
Смирнов Ж.Р.,ФМиЕН,профессор,д.н.
Егоров Б.В.,ФУПМ,ассистент,
Соколов М.Ю.,ФМиЕН,доцент,к.н.
Семенов М.Ю.,ФМиМ,доцент,д.н.
Сидоров К.М.,ФМиЕН,профессор,
Козлов М.Ю.,ФМиЕН,,к.н.
Алексеев А.А.,ФИВТ,,д.н.
Лебедев Л.О.,ФМиЕН,ассистент,д.н.
Лебедева А.А.,ФИВТ,ассистент,д.н.
Новиков М.Ю.,ФИТ,ассистент,к.н.
Соколов А.А.,ФЭТ,профессор,
Волков И.К.,ИТМО,доцент,к.н.
Попов А.А.,ФЭТ,,к.н.
Волков Б.В.,ФФ,профессор,к.н.
Соколов Ж.Р.,ФЭТ,ассистент,д.н.
Попов З.Т.,ФПМИ,ассистент,к.н.
Кузнецов Г.Н.,ФИВТ,доцент,к.н.
Алексеев И.К.,ФМиЕН,профессор,д.н.
Морозов Б.В.,ФУПМ,,к.н.
Егоров Г.Н.,ФЭТ,доцент,д.н.
Сидоров А.А.,ФМиМ,профессор,к.н.
Волков Г.Н.,ФФ,,
Алексеев М.Ю.,ФМиМ,,д.н.
Петров Д.С.,ФИВТ,доцент,
Егоров В.И.,ФМиЕН,профессор,д.н.
Попов Д.С.,ФИВТ,ассистент,к.н.
Семенов Е.П.,ФЭТ,,
Волков К.М.,ФПМИ,ассистент,к.н.
Алексеев Е.П.,ФМиМ,доцент,к.н.
Сидоров М.Ю.,ФПМИ,ассистент,д.н.
Лебедев Л.О.,ФМиЕН,доцент,к.н.
Новиков В.И.,ФМиМ,ассистент,к.н.
Попов В.И.,ФМиМ,доцент,д.н.
Семенов З.Т.,ФПМИ,профессор,к.н.
Волков Ж.Р.,ФИТ,ассистент,
Семенов М.Ю.,ФПМИ,,
Морозов В.И.,ФЭТ,доцент,д.н.
Иванов В.И.,ИТМО,профессор,
Семенов Ж.Р.,ФИТ,профессор,д.н.
Лебедев В.И.,ИТМО,ассистент,д.н.
Соколов Ж.Р.,ФФ,доцент,д.н.
Лебедева К.М.,ФИВТ,профессор,
Лебедев Ж.Р.,ИТМО,доцент,
Соколов Ж.Р.,ФФ,профессор,
Кузнецов Е.П.,ФИВТ,ассистент,к.н.
Новиков А.А.,ФЭТ,,к.н.
Лебедев Б.В.,ФПМИ,,д.н.
Алексеев К.М.,ФФ,профессор,
Кузнецов А.А.,ФМиМ,,к.н.
Алексеев З.Т.,ФПМИ,профессор,д.н.
Лебедев К.М.,ФМиМ,ассистент,
Попов К.М.,ФПМИ,профессор,к.н.
Новиков Ж.Р.,ФУПМ,,
Семенов Г.Н.,ФРТ,доцент,
Морозов И.К.,ФМиМ,доцент,д.н.
Семенов А.А.,ФРТ,ассистент,к.н.
Козлов Б.В.,ФИВТ,,
Попов Б.В.,ФЭТ,,
Егоров И.К.,ИТМО,профессор,д.н.
Егоров Д.С.,ФФ,,к.н.
Егоров Л.О.,ФУПМ,,к.н.
Лебедев Б.В.,ФМиЕН,профессор,к.н.
Морозов Е.П.,ФИВТ,ассистент,к.н.
Козлов Ж.Р.,ФФ,доцент,д.н.
Алексеев И.К.,ФУПМ,,к.н.
Смирнов Ж.Р.,ФЭТ,,д.н.
Козлов Б.В.,ФФ,ассистент,к.н.
Попов Е.П.,ИТМО,профессор,д.н.
Семенов З.Т.,ФМиЕН,профессор,к.н.
Иванов Б.В.,ИТМО,,
Семенов Д.С.,ФИВТ,доцент,
Егоров Г.Н.,ФПМИ,,д.н.
Соколов К.М.,ФИВТ,,
Лебедева И.К.,ФМиЕН,профессор,к.н.
Морозов К.М.,ИТМО,ассистент,
Лебедева Г.Н.,ФРТ,,
Смирнов Л.О.,ФИТ,доцент,к.н.
Козлов З.Т.,ФРТ,доцент,к.н.
Кузнецов В.И.,ФИВТ,доцент,д.н.
Семенов В.И.,ФРТ,профессор,д.н.
Семенов А.А.,ФРТ,доцент,
Смирнов Г.Н.,ФИТ,,
Попов Г.Н.,ФЭТ,ассистент,д.н.
Алексеев М.Ю.,ФМиМ,доцент,к.н.
Лебедева М.Ю.,ФЭТ,профессор,
Соколов З.Т.,ФИВТ,доцент,
Козлов И.К.,ФУПМ,,
Егоров Г.Н.,ФИТ,ассистент,д.н.
Кузнецов К.М.,ФМиМ,ассистент,д.н.
Егоров Г.Н.,ФУПМ,,к.н.
Морозов Д.С.,ФМиЕН,,
Соколов Д.С.,ФМиЕН,доцент,
Волков И.К.,ФФ,профессор,
Попов Ж.Р.,ФМиЕН,профессор,
Кузнецов Ж.Р.,ФПМИ,ассистент,д.н.
Семенов З.Т.,ФРТ,,к.н.
Смирнов М.Ю.,ФИВТ,ассистент,д.н.
Семенов В.И.,ФМиЕН,ассистент,к.н.
Морозов Б.В.,ФМиЕН,,к.н.
Соколов М.Ю.,ФПМИ,ассистент,к.н.
Кузнецов К.М.,ФУПМ,доцент,
Петров Е.П.,ФМиЕН,,
Соколов Е.П.,ФИТ,профессор,д.н.
Сидоров Л.О.,ФИВТ,доцент,
Козлов А.А.,ФФ,профессор,д.н.
Петров Л.О.,ФЭТ,профессор,д.н.
Козлов Ж.Р.,ФМиЕН,ассистент,
Соколов Б.В.,ФЭТ,ассистент,д.н.
Алексеев В.И.,ФПМИ,,к.н.
Морозов К.М.,ФРТ,доцент,
Кузнецов В.И.,ФЭТ,,
Иванов Б.В.,ИТМО,доцент,д.н.
Соколов И.К.,ИТМО,доцент,к.н.
Волков Б.В.,ФУПМ,профессор,д.н.
Смирнов Д.С.,ИТМО,профессор,
Смирнов М.Ю.,ИТМО,,д.н.
Новиков Е.П.,ФФ,,д.н.
Лебедева Л.О.,ФПМИ,ассистент,
Сидоров И.К.,ФМиМ,доцент,
Лебедева Г.Н.,ФРТ,ассистент,к.н.
Волков Г.Н.,ФМиМ,профессор,
Егоров З.Т.,ФИВТ,доцент,д.н.
Новиков З.Т.,ФМиМ,ассистент,д.н.
Соколов З.Т.,ФМиМ,профессор,д.н.
Егоров Ж.Р.,ФИТ,доцент,д.н.
Егоров И.К.,ФРТ,профессор,
Морозов З.Т.,ФУПМ,,к.н.
Попов Д.С.,ФПМИ,,к.н.
Смирнов В.И.,ФМиМ,профессор,
Соколов И.К.,ИТМО,профессор,к.н.
Лебедева И.К.,ФПМИ,ассистент,д.н.
Кузнецов Е.П.,ФЭТ,ассистент,
Лебедева М.Ю.,ФИТ,доцент,к.н.
Морозов М.Ю.,ФРТ,доцент,к.н.
Сидоров Д.С.,ФПМИ,ассистент,д.н.
Попов Г.Н.,ИТМО,,
Лебедева Л.О.,ФЭТ,доцент,к.н.
Попов Г.Н.,ФМиЕН,доцент,к.н.
Попов Б.В.,ФРТ,ассистент,д.н.
Лебедев Г.Н.,ФИВТ,доцент,
Морозов Г.Н.,ФИТ,,к.н.
Новиков Е.П.,ФРТ,,к.н.
Соколов Е.П.,ФИТ,доцент,
Иванов Б.В.,ФИТ,доцент,
Кузнецов А.А.,ФИТ,ассистент,д.н.
Алексеев Б.В.,ИТМО,профессор,к.н.
Алексеев Е.П.,ФИТ,доцент,
Иванов А.А.,ФФ,ассистент,
Алексеев З.Т.,ФРТ,доцент,к.н.
Попов З.Т.,ФЭТ,доцент,д.н.
Лебедева Г.Н.,ФИВТ,ассистент,
Волков Е.П.,ФПМИ,доцент,
Морозов В.И.,ФМиМ,,
Волков Ж.Р.,ФФ,доцент,к.н.
Семенов А.А.,ФУПМ,ассистент,к.н.
Лебедев М.Ю.,ФИВТ,профессор,д.н.
Алексеев К.М.,ФМиМ,ассистент,д.н.
Алексеев Л.О.,ФМиМ,доцент,д.н.
Соколов Д.С.,ФМиМ,профессор,к.н.
Соколов А.А.,ФЭТ,ассистент,к.н.
Алексеев Б.В.,ФИТ,,
Кузнецов В.И.,ФМиЕН,доцент,д.н.
Егоров М.Ю.,ФРТ,профессор,
Волков Е.П.,ФМиМ,профессор,к.н.
Смирнов А.А.,ФФ,ассистент,
Алексеев Л.О.,ИТМО,ассистент,к.н.
Алексеев Д.С.,ФИВТ,доцент,
Иванов И.К.,ФРТ,доцент,д.н.
Семенов Ж.Р.,ФЭТ,профессор,
Смирнов А.А.,ФИТ,,
Кузнецов Л.О.,ФИВТ,ассистент,
Морозов В.И.,ФРТ,ассистент,
Кузнецов Ж.Р.,ФЭТ,ассистент,к.н.
Кузнецов М.Ю.,ФУПМ,ассистент,
Сидоров Е.П.,ФМиМ,ассистент,д.н.
Лебедев З.Т.,ФФ,ассистент,к.н.
Лебедев А.А.,ФМиМ,ассистент,
Лебедева З.Т.,ФМиМ,ассистент,
Соколов З.Т.,ФИВТ,профессор,к.н.
Сидоров Л.О.,ФМиМ,профессор,к.н.
Семенов К.М.,ФУПМ,,
Волков А.А.,ФУПМ,доцент,
Соколов Л.О.,ФУПМ,ассистент,к.н.
Егоров З.Т.,ФИВТ,доцент,д.н.
Сидоров И.К.,ФМиЕН,профессор,к.н.
Новиков Г.Н.,ФПМИ,профессор,
Иванов И.К.,ФРТ,профессор,к.н.
Петров К.М.,ИТМО,профессор,
Петров Г.Н.,ФМиЕН,профессор,к.н.
Иванов А.А.,ФИВТ,профессор,д.н.
Волков Б.В.,ИТМО,доцент,к.н.
Лебедев Л.О.,ИТМО,профессор,к.н.
Петров В.И.,ФИТ,доцент,к.н.
Попов Б.В.,ФМиЕН,профессор,д.н.
Смирнов Е.П.,ФУПМ,доцент,
Кузнецов М.Ю.,ФЭТ,,к.н.
Козлов В.И.,ФМиМ,,к.н.
Кузнецов А.А.,ФУПМ,ассистент,
Лебедев З.Т.,ФМиЕН,ассистент,
Попов Д.С.,ФПМИ,,
Новиков Г.Н.,ФМиМ,профессор,к.н.
Смирнов Д.С.,ФЭТ,,
Попов Д.С.,ФПМИ,ассистент,д.н.
Новиков Д.С.,ФПМИ,,к.н.
Волков М.Ю.,ФПМИ,профессор,к.н.
Попов Г.Н.,ИТМО,доцент,к.н.
Смирнов Г.Н.,ФЭТ,ассистент,к.н.
Сидоров М.Ю.,ФМиЕН,ассистент,
Попов Г.Н.,ФФ,ассистент,д.н.
Новиков З.Т.,ФИТ,профессор,к.н.
Егоров К.М.,ФРТ,,
Попов М.Ю.,ФЭТ,,к.н.
Сидоров Г.Н.,ФЭТ,доцент,к.н.
Кузнецов Б.В.,ИТМО,ассистент,д.н.
Петров К.М.,ФФ,ассистент,
Петров К.М.,ФИВТ,доцент,к.н.
Егоров З.Т.,ФПМИ,,
Новиков И.К.,ФФ,профессор,к.н.
Лебедев К.М.,ФИТ,,к.н.
Алексеев К.М.,ФМиЕН,профессор,к.н.
Новиков А.А.,ФУПМ,,
Морозов З.Т.,ФИТ,ассистент,к.н.
Петров А.А.,ФИТ,доцент,
Морозов Г.Н.,ФПМИ,доцент,д.н.
Новиков Ж.Р.,ФРТ,ассистент,к.н.
Алексеев Е.П.,ФУПМ,профессор,
Попов Б.В.,ФРТ,,
Кузнецов Ж.Р.,ФИВТ,профессор,
Лебедев И.К.,ИТМО,доцент,д.н.
Лебедев Л.О.,ФИВТ,,
Кузнецов К.М.,ФРТ,доцент,к.н.
Козлов В.И.,ФРТ,доцент,д.н.
Иванов З.Т.,ФМиЕН,доцент,д.н.
Новиков В.И.,ФЭТ,доцент,д.н.
Сидоров Ж.Р.,ФМиЕН,профессор,
Морозов А.А.,ФПМИ,,к.н.
Морозов В.И.,ФМиМ,профессор,к.н.
Петров Е.П.,ФЭТ,ассистент,
Соколов Д.С.,ФУПМ,ассистент,к.н.
Лебедев К.М.,ФИВТ,ассистент,к.н.
Кузнецов Л.О.,ФИВТ,доцент,д.н.
Новиков Ж.Р.,ФМиМ,ассистент,
Козлов Г.Н.,ФЭТ,ассистент,д.н.
Попов Е.П.,ФПМИ,ассистент,д.н.
Петров Ж.Р.,ФФ,,
Егоров К.М.,ИТМО,,к.н.
Кузнецов Г.Н.,ФМиЕН,,д.н.
Кузнецов А.А.,ФМиМ,доцент,
Лебедев В.И.,ФЭТ,доцент,к.н.
Семенов З.Т.,ИТМО,ассистент,к.н.
Иванов Д.С.,ФМиМ,ассистент,д.н.
Иванов К.М.,ИТМО,доцент,к.н.
Волков Л.О.,ИТМО,ассистент,к.н.
Морозов М.Ю.,ФЭТ,доцент,д.н.
Новиков Б.В.,ФУПМ,,к.н.
Волков Г.Н.,ФМиМ,ассистент,к.н.
Смирнов Л.О.,ФИТ,профессор,д.н.
Попов И.К.,ФРТ,профессор,д.н.
Иванов И.К.,ФМиМ,профессор,к.н.
Сидоров Г.Н.,ФИТ,,к.н.
Петров Г.Н.,ФУПМ,,к.н.
Новиков Е.П.,ФИТ,ассистент,д.н.
Лебедев З.Т.,ФПМИ,доцент,к.н.
Соколов Ж.Р.,ФРТ,доцент,к.н.
Кузнецов З.Т.,ФУПМ,доцент,к.н.
Алексеев Ж.Р.,ФЭТ,,
Егоров Б.В.,ФЭТ,ассистент,
Лебедев Б.В.,ФРТ,доцент,к.н.
Морозов Е.П.,ФИВТ,,к.н.
Алексеев В.И.,ФИТ,ассистент,к.н.
Иванов Д.С.,ФУПМ,доцент,к.н.
Иванов Ж.Р.,ИТМО,доцент,
Лебедев В.И.,ФМиМ,,к.н.
Алексеев И.К.,ФФ,доцент,к.н.
Смирнов З.Т.,ФМиЕН,ассистент,к.н.
Семенов Ж.Р.,ФРТ,доцент,к.н.
Сидоров К.М.,ФУПМ,ассистент,д.н.
Сидоров З.Т.,ФРТ,,к.н.
Козлов Ж.Р.,ФПМИ,профессор,д.н.
Семенов Д.С.,ФУПМ,,к.н.
Семенов В.И.,ФУПМ,,к.н.
Лебедев Г.Н.,ФМиЕН,ассистент,д.н.
Попов В.И.,ФМиМ,ассистент,к.н.
Егоров Д.С.,ФПМИ,профессор,к.н.
Петров М.Ю.,ФУПМ,профессор,д.н.
Кузнецов Б.В.,ИТМО,ассистент,к.н.
Егоров И.К.,ФРТ,доцент,
Алексеев Г.Н.,ФЭТ,доцент,
Новиков К.М.,ФМиМ,доцент,
Семенов Г.Н.,ФИТ,,
Сидоров М.Ю.,ФФ,ассистент,д.н.
Смирнов Е.П.,ФИВТ,доцент,
Смирнов Ж.Р.,ФЭТ,профессор,д.н.
Алексеев М.Ю.,ФПМИ,профессор,
Лебедева В.И.,ФФ,доцент,к.н.
Новиков З.Т.,ФИТ,доцент,
Алексеев Ж.Р.,ФРТ,доцент,к.н.
Соколов В.И.,ФПМИ,профессор,д.н.
Попов Г.Н.,ФМиЕН,доцент,д.н.
Кузнецов Г.Н.,ФИВТ,профессор,д.н.
Алексеев И.К.,ФМиМ,ассистент,к.н.
Новиков Г.Н.,ФУПМ,профессор,
Соколов М.Ю.,ИТМО,ассистент,к.н.
Семенов З.Т.,ФМиЕН,ассистент,к.н.
Иванов Е.П.,ФИТ,профессор,
Лебедева Б.В.,ФУПМ,профессор,к.н.
Семенов Ж.Р.,ФПМИ,,к.н.
Попов Е.П.,ФЭТ,профессор,к.н.
Попов М.Ю.,ФФ,доцент,к.н.
Иванов Ж.Р.,ФПМИ,профессор,
Кузнецов Д.С.,ИТМО,доцент,
Сидоров Ж.Р.,ФУПМ,ассистент,к.н.
Алексеев З.Т.,ФЭТ,ассистент,
Смирнов М.Ю.,ФЭТ,доцент,д.н.
Козлов Е.П.,ФИТ,доцент,
Новиков В.И.,ФИВТ,профессор,к.н.
Новиков З.Т.,ФИВТ,ассистент,
Кузнецов А.А.,ФПМИ,,к.н.
Иванов Е.П.,ФИВТ,доцент,д.н.
Кузнецов Е.П.,ФМиЕН,профессор,
Кузнецов Ж.Р.,ФПМИ,профессор,
Алексеев Г.Н.,ИТМО,ассистент,к.н.
Лебедев Е.П.,ФПМИ,доцент,
Петров К.М.,ФРТ,профессор,д.н.
Иванов Г.Н.,ФИТ,ассистент,к.н.
Волков Е.П.,ФИВТ,профессор,
Новиков З.Т.,ФУПМ,,д.н.
Козлов В.И.,ФПМИ,доцент,д.н.
Новиков И.К.,ФМиМ,профессор,к.н.
Соколов К.М.,ФФ,доцент,д.н.
Петров В.И.,ФМиМ,ассистент,д.н.
Смирнов Б.В.,ФЭТ,доцент,к.н.
Смирнов В.И.,ФМиМ,профессор,д.н.
Волков Г.Н.,ФМиЕН,профессор,д.н.
Смирнов В.И.,ФЭТ,,
Кузнецов М.Ю.,ФРТ,доцент,д.н.
Морозов А.А.,ФМиЕН,доцент,
Алексеев Е.П.,ФУПМ,профессор,д.н.
Волков В.И.,ФУПМ,,к.н.
Попов З.Т.,ФРТ,,д.н.
Сидоров Е.П.,ФФ,доцент,
Иванов Г.Н.,ФФ,ассистент,к.н.
Новиков Ж.Р.,ФИВТ,ассистент,
Кузнецов Л.О.,ФФ,доцент,
Алексеев Е.П.,ФУПМ,,
Лебедев Е.П.,ФФ,профессор,д.н.
Кузнецов В.И.,ФФ,профессор,
Егоров Ж.Р.,ФРТ,профессор,д.н.
Смирнов В.И.,ИТМО,ассистент,
Попов Д.С.,ФПМИ,профессор,к.н.
Новиков Е.П.,ФРТ,,
Сидоров Б.В.,ФЭТ,доцент,
Сидоров Л.О.,ФРТ,ассистент,к.н.
Смирнов А.А.,ФПМИ,ассистент,д.н.
Семенов Ж.Р.,ИТМО,доцент,к.н.
Козлов В.И.,ФИВТ,профессор,д.н.
Соколов И.К.,ФУПМ,доцент,к.н.
Смирнов А.А.,ФРТ,,к.н.
Кузнецов В.И.,ФИВТ,профессор,
Петров Г.Н.,ФИВТ,,д.н.
Егоров Д.С.,ФЭТ,профессор,к.н.
Козлов Л.О.,ФПМИ,профессор,д.н.
Петров В.И.,ИТМО,доцент,
Алексеев Ж.Р.,ФМиЕН,доцент,д.н.
Морозов З.Т.,ФФ,ассистент,к.н.
Петров В.И.,ФЭТ,профессор,д.н.
Смирнов А.А.,ФИВТ,профессор,д.н.
Морозов К.М.,ФЭТ,ассистент,д.н.
Иванов Ж.Р.,ФРТ,ассистент,д.н.
Волков З.Т.,ИТМО,,
Новиков Ж.Р.,ФМиМ,доцент,д.н.
Петров Ж.Р.,ФМиЕН,доцент,д.н.
Лебедев Д.С.,ФУПМ,,к.н.
Новиков Е.П.,ФПМИ,профессор,д.н.
Кузнецов З.Т.,ФИВТ,ассистент,
Попов Ж.Р.,ФИВТ,профессор,д.н.
Морозов Г.Н.,ФИТ,профессор,д.н.
Лебедев И.К.,ФУПМ,,д.н.
Морозов Ж.Р.,ИТМО,профессор,
Кузнецов И.К.,ФРТ,ассистент,к.н.
Морозов Ж.Р.,ФИТ,доцент,к.н.
Кузнецов К.М.,ФИВТ,ассистент,
Морозов А.А.,ФПМИ,доцент,д.н.
Волков Л.О.,ФРТ,,д.н.
Иванов Б.В.,ФМиМ,профессор,д.н.
Сидоров И.К.,ФЭТ,доцент,
Новиков В.И.,ФМиМ,профессор,к.н.
Егоров А.А.,ФМиЕН,доцент,к.н.
Попов Д.С.,ФУПМ,профессор,к.н.
Лебедев Л.О.,ФИТ,ассистент,д.н.
Козлов Г.Н.,ФРТ,,к.н.
Алексеев Г.Н.,ИТМО,ассистент,
Иванов И.К.,ФИВТ,,
Кузнецов В.И.,ФПМИ,ассистент,д.н.
Лебедев Г.Н.,ИТМО,,д.н.
Лебедев Г.Н.,ФМиЕН,,
Смирнов З.Т.,ФЭТ,доцент,д.н.
Иванов Д.С.,ФРТ,,д.н.
Семенов Е.П.,ФПМИ,доцент,д.н.
Волков И.К.,ИТМО,,д.н.
Кузнецов И.К.,ФФ,профессор,
Сидоров З.Т.,ФФ,профессор,к.н.
Смирнов Ж.Р.,ФУПМ,профессор,
Лебедева Е.П.,ФМиМ,доцент,
Семенов Ж.Р.,ФУПМ,,
Козлов Г.Н.,ФЭТ,ассистент,к.н.
Новиков З.Т.,ФМиМ,,
Лебедева Б.В.,ФУПМ,доцент,
Алексеев З.Т.,ФИТ,доцент,д.н.
Козлов З.Т.,ФМиЕН,ассистент,к.н.
Лебедев Л.О.,ФИТ,доцент,к.н.
Семенов З.Т.,ФИВТ,доцент,
Новиков Д.С.,ФУПМ,профессор,к.н.
Волков Б.В.,ИТМО,доцент,к.н.
Новиков А.А.,ФИВТ,ассистент,
Петров Г.Н.,ФЭТ,доцент,д.н.
Егоров Е.П.,ФЭТ,доцент,д.н.
Попов В.И.,ФПМИ,,д.н.
Иванов Г.Н.,ФМиМ,доцент,
Морозов И.К.,ФПМИ,доцент,
Алексеев Е.П.,ФЭТ,,д.н.
Лебедева В.И.,ФИТ,доцент,д.н.
Козлов Д.С.,ФФ,ассистент,д.н.
Семенов М.Ю.,ФПМИ,доцент,
Иванов З.Т.,ФИТ,,к.н.
Морозов Г.Н.,ИТМО,профессор,к.н.
Петров Л.О.,ФИТ,,к.н.
Егоров К.М.,ФУПМ,ассистент,
Козлов Ж.Р.,ФМиЕН,профессор,к.н.
Козлов Г.Н.,ФИВТ,ассистент,к.н.
Морозов Г.Н.,ФУПМ,профессор,
Морозов А.А.,ФУПМ,профессор,д.н.
Новиков В.И.,ФФ,профессор,д.н.
Волков Г.Н.,ИТМО,ассистент,
Иванов А.А.,ФМиМ,профессор,д.н.
Лебедев А.А.,ИТМО,доцент,к.н.
Кузнецов А.А.,ИТМО,доцент,
Алексеев В.И.,ФРТ,ассистент,
Лебедев В.И.,ФЭТ,,д.н.
Козлов Д.С.,ФЭТ,,д.н.
Козлов К.М.,ФЭТ,профессор,к.н.
Кузнецов В.И.,ФПМИ,профессор,к.н.
Соколов Д.С.,ФЭТ,ассистент,д.н.
Попов Ж.Р.,ФРТ,ассистент,д.н.
Попов Г.Н.,ФИТ,,к.н.
Егоров М.Ю.,ФМиМ,доцент,
Петров Е.П.,ФИТ,доцент,к.н.
Иванов Л.О.,ФИТ,ассистент,
Кузнецов Д.С.,ФИВТ,профессор,к.н.
Козлов Г.Н.,ИТМО,ассистент,д.н.
Петров З.Т.,ФИТ,профессор,д.н.
Новиков З.Т.,ФПМИ,,
Семенов Б.В.,ФИТ,ассистент,
Лебедева А.А.,ФИВТ,ассистент,
Петров И.К.,ФФ,,к.н.
Алексеев Ж.Р.,ФРТ,профессор,
Козлов А.А.,ФУПМ,,к.н.
Петров Б.В.,ФИТ,,
Козлов Ж.Р.,ФМиЕН,ассистент,
Волков И.К.,ФИТ,профессор,д.н.
Алексеев Е.П.,ФУПМ,,д.н.
Петров М.Ю.,ИТМО,,д.н.
Семенов З.Т.,ИТМО,профессор,
Лебедев Д.С.,ФФ,профессор,д.н.
Соколов К.М.,ФПМИ,ассистент,д.н.
Смирнов Г.Н.,ФФ,доцент,к.н.
Кузнецов В.И.,ФМиЕН,ассистент,
Новиков З.Т.,ФМиМ,,к.н.
Егоров В.И.,ФИВТ,ассистент,к.н.
Новиков М.Ю.,ФМиЕН,,д.н.
Сидоров З.Т.,ФИТ,профессор,
Соколов Ж.Р.,ФМиМ,ассистент,д.н.
Иванов Л.О.,ФУПМ,ассистент,д.н.
Морозов И.К.,ФПМИ,ассистент,
Кузнецов Е.П.,ИТМО,,д.н.
Соколов К.М.,ФМиМ,ассистент,д.н.
Попов Г.Н.,ФИВТ,ассистент,д.н.
Иванов Ж.Р.,ФУПМ,профессор,
Морозов И.К.,ФУПМ,,
Сидоров К.М.,ФИВТ,,д.н.
Иванов Д.С.,ФИТ,доцент,д.н.
Козлов Л.О.,ФУПМ,ассистент,
Кузнецов И.К.,ФМиМ,доцент,д.н.
Соколов В.И.,ФЭТ,профессор,д.н.
Сидоров З.Т.,ФМиЕН,,д.н.
Петров И.К.,ФИВТ,доцент,
Соколов В.И.,ФМиМ,доцент,к.н.
Лебедева Г.Н.,ФФ,доцент,к.н.
Смирнов Ж.Р.,ФЭТ,профессор,д.н.
Козлов К.М.,ФИВТ,профессор,
Попов Л.О.,ФРТ,доцент,
Семенов А.А.,ФПМИ,профессор,д.н.
Попов Е.П.,ФМиМ,профессор,к.н.
Лебедева Д.С.,ФПМИ,ассистент,к.н.
Морозов В.И.,ИТМО,доцент,
Морозов И.К.,ФИВТ,профессор,к.н.
Кузнецов А.А.,ФИВТ,,
Семенов М.Ю.,ФЭТ,,д.н.
Смирнов Л.О.,ФЭТ,ассистент,к.н.
Попов Л.О.,ФРТ,ассистент,д.н.
Алексеев Л.О.,ФМиЕН,,
Козлов Д.С.,ФЭТ,,
Егоров З.Т.,ФФ,ассистент,к.н.
Лебедев Л.О.,ФМиЕН,ассистент,д.н.
Морозов Л.О.,ФИВТ,,д.н.
Соколов И.К.,ФИВТ,профессор,к.н.
Смирнов З.Т.,ФМиЕН,,к.н.
Сидоров З.Т.,ИТМО,профессор,
Егоров К.М.,ФЭТ,,
Сидоров Е.П.,ФУПМ,доцент,к.н.
Смирнов Л.О.,ФУПМ,ассистент,к.н.
Морозов Г.Н.,ФФ,доцент,д.н.
Новиков Д.С.,ФПМИ,,д.н.
Алексеев И.К.,ФРТ,доцент,
Новиков З.Т.,ФРТ,ассистент,д.н.
Лебедев Е.П.,ФИТ,профессор,д.н.
Новиков Л.О.,ФУПМ,доцент,к.н.
Соколов Ж.Р.,ФИВТ,профессор,д.н.
Семенов А.А.,ИТМО,,к.н.
Соколов Д.С.,ФМиЕН,ассистент,
Иванов Г.Н.,ФРТ,профессор,д.н.
Лебедев Г.Н.,ФРТ,доцент,д.н.
Козлов Б.В.,ФЭТ,ассистент,к.н.
Петров Б.В.,ФФ,ассистент,д.н.
Алексеев И.К.,ФИВТ,,д.н.
Смирнов Г.Н.,ФУПМ,доцент,д.н.
Алексеев И.К.,ФИВТ,доцент,к.н.
Соколов М.Ю.,ФПМИ,доцент,к.н.
Волков В.И.,ФИВТ,доцент,д.н.
Петров Б.В.,ИТМО,,к.н.
Лебедева Д.С.,ФФ,профессор,к.н.
Егоров З.Т.,ФМиЕН,ассистент,к.н.
Егоров И.К.,ФМиМ,,к.н.
Волков А.А.,ФЭТ,ассистент,
Лебедев К.М.,ФРТ,профессор,д.н.
Попов В.И.,ФФ,профессор,
Попов Ж.Р.,ФМиМ,профессор,
Иванов Е.П.,ФПМИ,доцент,д.н.
Алексеев М.Ю.,ФИТ,доцент,д.н.
Егоров Ж.Р.,ФПМИ,профессор,к.н.
Алексеев З.Т.,ФРТ,профессор,к.н.
Смирнов Е.П.,ФФ,доцент,к.н.
Соколов К.М.,ФЭТ,профессор,д.н.
Петров М.Ю.,ФРТ,,к.н.
Петров А.А.,ИТМО,,д.н.
Смирнов К.М.,ФИТ,ассистент,д.н.
Новиков А.А.,ФИТ,,к.н.
Сидоров В.И.,ФИВТ,ассистент,д.н.
Новиков К.М.,ФМиМ,ассистент,
Новиков Б.В.,ФФ,доцент,д.н.
Семенов Г.Н.,ФРТ,,к.н.
Волков З.Т.,ФИВТ,,
Семенов Л.О.,ФФ,ассистент,к.н.
Попов А.А.,ФЭТ,профессор,
Лебедев Ж.Р.,ФИВТ,профессор,д.н.
Лебедев И.К.,ФЭТ,,к.н.
Егоров З.Т.,ФИТ,ассистент,д.н.
Соколов Ж.Р.,ФПМИ,профессор,к.н.
Сидоров К.М.,ФУПМ,доцент,
Морозов Ж.Р.,ФУПМ,доцент,
Алексеев Е.П.,ФМиМ,ассистент,
Егоров В.И.,ФИВТ,доцент,к.н.
Егоров К.М.,ФЭТ,профессор,к.н.
Смирнов К.М.,ФПМИ,ассистент,к.н.
Алексеев Л.О.,ФИВТ,,к.н.
Кузнецов В.И.,ФИВТ,доцент,
Волков К.М.,ФФ,профессор,к.н.
Новиков Б.В.,ФИВТ,профессор,
Лебедев В.И.,ФПМИ,ассистент,к.н.
Попов А.А.,ФЭТ,ассистент,д.н.
Соколов Б.В.,ФУПМ,профессор,к.н.
Морозов Д.С.,ФЭТ,ассистент,д.н.
Смирнов Б.В.,ФМиЕН,профессор,
Лебедева И.К.,ФИТ,профессор,к.н.
Соколов Г.Н.,ФИТ,,
Козлов Б.В.,ФФ,доцент,к.н.
Сидоров М.Ю.,ФУПМ,доцент,д.н.
Козлов А.А.,ФИТ,доцент,к.н.
Петров К.М.,ФМиЕН,,к.н.
Иванов Г.Н.,ФУПМ,ассистент,
Соколов В.И.,ФМиМ,ассистент,д.н.
Новиков З.Т.,ФУПМ,профессор,д.н.
Смирнов К.М.,ФРТ,,д.н.
Морозов К.М.,ФРТ,,
Попов А.А.,ФФ,профессор,д.н.
Попов В.И.,ФМиЕН,профессор,д.н.
Кузнецов Е.П.,ФМиЕН,,
Егоров В.И.,ФФ,доцент,
Иванов Л.О.,ФРТ,доцент,к.н.
Лебедева Б.В.,ФИВТ,профессор,к.н.
Попов Б.В.,ФФ,,к.н.
Петров Г.Н.,ФПМИ,ассистент,
Новиков А.А.,ФРТ,доцент,д.н.
Алексеев М.Ю.,ФИТ,доцент,
Алексеев З.Т.,ФРТ,профессор,
Кузнецов И.К.,ФРТ,ассистент,
Семенов Г.Н.,ФИТ,доцент,к.н.
Соколов Б.В.,ФПМИ,профессор,к.н.
Петров Г.Н.,ФМиМ,ассистент,к.н.
Волков Л.О.,ФИТ,,
Кузнецов М.Ю.,ФФ,,к.н.
Лебедев В.И.,ФИВТ,ассистент,
Попов В.И.,ФМиМ,,
Егоров К.М.,ФИВТ,профессор,к.н.
Алексеев Л.О.,ИТМО,профессор,к.н.
Морозов Б.В.,ФИТ,доцент,
Петров М.Ю.,ФУПМ,ассистент,к.н.
Козлов М.Ю.,ФРТ,профессор,
Лебедева Е.П.,ФМиМ,,д.н.
Лебедев Л.О.,ФИТ,доцент,к.н.
Козлов Е.П.,ФУПМ,профессор,
Егоров Л.О.,ФРТ,доцент,д.н.
Егоров Д.С.,ИТМО,доцент,д.н.
Волков Б.В.,ФМиМ,,
Новиков А.А.,ФМиМ,ассистент,к.н.
Волков В.И.,ФИТ,,д.н.
Морозов Д.С.,ФФ,доцент,к.н.
Лебедева В.И.,ФМиЕН,доцент,
Петров Л.О.,ФРТ,ассистент,
Волков Г.Н.,ФИВТ,ассистент,к.н.
Попов Г.Н.,ФИВТ,доцент,д.н.
Лебедев Л.О.,ФМиЕН,,д.н.
Егоров Л.О.,ФИТ,доцент,
Иванов В.И.,ФИВТ,ассистент,к.н.
Сидоров К.М.,ФИВТ,,
Смирнов Ж.Р.,ФРТ,,д.н.
Алексеев Б.В.,ФПМИ,профессор,
Козлов В.И.,ФЭТ,профессор,к.н.
Кузнецов Ж.Р.,ФИТ,ассистент,к.н.
Сидоров А.А.,ФРТ,доцент,
Новиков Е.П.,ФЭТ,профессор,
Новиков А.А.,ФИТ,,
Алексеев Г.Н.,ИТМО,профессор,к.н.
Волков Ж.Р.,ФИВТ,профессор,к.н.
Лебедева К.М.,ФРТ,профессор,д.н.
Козлов Б.В.,ФЭТ,ассистент,д.н.
Попов Ж.Р.,ФМиЕН,доцент,к.н.
Новиков Ж.Р.,ФПМИ,ассистент,к.н.
Алексеев Ж.Р.,ФУПМ,ассистент,к.н.
Егоров Б.В.,ФУПМ,ассистент,д.н.
Иванов З.Т.,ФМиЕН,доцент,
Лебедева Д.С.,ФМиМ,ассистент,к.н.
Петров Л.О.,ФМиЕН,ассистент,д.н.
Кузнецов Е.П.,ФФ,,
Егоров Б.В.,ФФ,доцент,к.н.
Лебедев И.К.,ФПМИ,доцент,
Волков Д.С.,ФИТ,ассистент,д.н.
Козлов М.Ю.,ФМиЕН,ассистент,к.н.
Егоров К.М.,ИТМО,ассистент,к.н.
Лебедев З.Т.,ФЭТ,доцент,к.н.
Смирнов З.Т.,ИТМО,ассистент,
Новиков Ж.Р.,ФМиМ,ассистент,д.н.
Алексеев В.И.,ФФ,профессор,
Семенов Д.С.,ИТМО,профессор,
Кузнецов Л.О.,ФПМИ,профессор,
Лебедева Ж.Р.,ФФ,профессор,к.н.
Иванов Г.Н.,ФПМИ,профессор,к.н.
Сидоров Г.Н.,ФИТ,профессор,
Иванов Б.В.,ФФ,доцент,д.н.
Лебедева Ж.Р.,ФМиЕН,доцент,д.н.
Волков Е.П.,ФЭТ,доцент,к.н.
Козлов М.Ю.,ИТМО,ассистент,
Кузнецов А.А.,ФФ,,д.н.
Петров Е.П.,ФРТ,доцент,д.н.
Иванов К.М.,ФМиЕН,,
Сидоров А.А.,ФМиМ,ассистент,к.н.
Волков Б.В.,ФИВТ,профессор,
Сидоров Г.Н.,ФУПМ,доцент,д.н.
Новиков А.А.,ФПМИ,ассистент,
Новиков И.К.,ФРТ,ассистент,к.н.
Егоров А.А.,ФРТ,,
Смирнов И.К.,ФЭТ,доцент,к.н.
Волков Л.О.,ФФ,доцент,д.н.
Петров И.К.,ФУПМ,профессор,д.н.
Лебедев Г.Н.,ФИТ,ассистент,к.н.
Иванов Б.В.,ФФ,доцент,
Попов М.Ю.,ФИВТ,профессор,д.н.
Новиков Г.Н.,ФМиЕН,профессор,д.н.
Егоров К.М.,ФМиЕН,ассистент,
Лебедев К.М.,ФРТ,профессор,
Лебедева Б.В.,ФЭТ,,к.н.
Морозов А.А.,ФРТ,профессор,к.н.
Козлов Е.П.,ФПМИ,ассистент,к.н.
Сидоров В.И.,ФРТ,профессор,
Иванов Д.С.,ФПМИ,,д.н.
Волков М.Ю.,ФРТ,доцент,к.н.
Алексеев З.Т.,ФРТ,профессор,
Алексеев Д.С.,ФИТ,ассистент,
Семенов А.А.,ИТМО,ассистент,к.н.
Петров А.А.,ФИВТ,доцент,д.н.
Лебедева К.М.,ФМиМ,ассистент,
Новиков Л.О.,ИТМО,ассистент,
Кузнецов Ж.Р.,ФМиМ,ассистент,к.н.
Козлов Б.В.,ИТМО,профессор,д.н.
Семенов А.А.,ФФ,,д.н.
Козлов Ж.Р.,ФРТ,ассистент,к.н.
Петров Е.П.,ФМиМ,доцент,к.н.
Козлов З.Т.,ФПМИ,,д.н.
Соколов М.Ю.,ФФ,,д.н.
Лебедев Ж.Р.,ФМиЕН,,
Волков М.Ю.,ФЭТ,,д.н.
Алексеев В.И.,ФПМИ,,д.н.
Морозов Е.П.,ИТМО,,д.н.
Егоров Е.П.,ФЭТ,,
Семенов В.И.,ФМиЕН,,к.н.
Егоров В.И.,ФМиЕН,доцент,
Новиков В.И.,ФУПМ,ассистент,к.н.
Волков Е.П.,ФРТ,ассистент,к.н.
Новиков Б.В.,ФМиЕН,,д.н.
Лебедева З.Т.,ФИВТ,доцент,к.н.
Лебедева Б.В.,ФУПМ,,
Волков А.А.,ФРТ,профессор,
Кузнецов Б.В.,ФУПМ,профессор,к.н.
Смирнов З.Т.,ФИТ,профессор,
Петров Ж.Р.,ФМиЕН,доцент,
Семенов Д.С.,ФМиЕН,доцент,к.н.
Лебедев Л.О.,ФФ,,д.н.
Морозов Ж.Р.,ФИТ,,д.н.
Алексеев И.К.,ФРТ,доцент,
Соколов З.Т.,ИТМО,профессор,д.н.
Лебедев И.К.,ФМиЕН,,
Петров Л.О.,ФИВТ,доцент,
Сидоров Г.Н.,ФРТ,доцент,
Козлов К.М.,ФУПМ,,к.н.
Смирнов Ж.Р.,ИТМО,доцент,
Козлов Б.В.,ФПМИ,доцент,д.н.
Петров Л.О.,ФИВТ,доцент,
Лебедев Д.С.,ФПМИ,ассистент,
Новиков Е.П.,ФПМИ,,д.н.
Иванов З.Т.,ФРТ,ассистент,д.н.
Смирнов К.М.,ФИТ,ассистент,
Соколов Е.П.,ФФ,доцент,к.н.
Смирнов К.М.,ИТМО,доцент,к.н.
Лебедев В.И.,ФМиЕН,доцент,д.н.
Попов А.А.,ФМиЕН,,
Новиков В.И.,ФПМИ,профессор,
Семенов Ж.Р.,ИТМО,,к.н.
Новиков Д.С.,ИТМО,ассистент,д.н.
Иванов Е.П.,ФМиМ,профессор,д.н.
Лебедев Б.В.,ФИВТ,,
Кузнецов Ж.Р.,ФМиЕН,профессор,к.н.
Волков Ж.Р.,ИТМО,ассистент,д.н.
Козлов К.М.,ФУПМ,доцент,д.н.
Семенов И.К.,ФФ,доцент,д.н.
Козлов Б.В.,ИТМО,доцент,д.н.
Козлов М.Ю.,ФПМИ,ассистент,д.н.
Морозов Б.В.,ФИТ,,д.н.
Волков М.Ю.,ФПМИ,,
Сидоров Б.В.,ФРТ,профессор,
Кузнецов Л.О.,ФИВТ,,к.н.
Козлов А.А.,ИТМО,ассистент,д.н.
Лебедева Б.В.,ФИВТ,ассистент,
Кузнецов Л.О.,ФМиМ,,к.н.
Кузнецов А.А.,ФИВТ,профессор,
Лебедева В.И.,ФМиМ,,к.н.
Новиков Г.Н.,ФИВТ,ассистент,к.н.
Кузнецов Е.П.,ИТМО,,
Сидоров К.М.,ФРТ,доцент,к.н.
Смирнов А.А.,ФЭТ,,к.н.
Семенов Е.П.,ФМиЕН,ассистент,д.н.
Сидоров Д.С.,ИТМО,ассистент,к.н.
Соколов Д.С.,ФРТ,профессор,д.н.
Волков Л.О.,ФИВТ,ассистент,к.н.
Егоров Д.С.,ФЭТ,доцент,д.н.
Алексеев Ж.Р.,ФРТ,доцент,к.н.
Лебедева В.И.,ФЭТ,профессор,д.н.
Смирнов Г.Н.,ФИТ,профессор,
Смирнов Л.О.,ФРТ,,к.н.
Егоров А.А.,ФЭТ,ассистент,к.н.
Новиков К.М.,ФМиМ,профессор,к.н.
Морозов Л.О.,ФМиЕН,,д.н.
Козлов А.А.,ФМиМ,профессор,
Морозов Ж.Р.,ФУПМ,ассистент,к.н.
Новиков Е.П.,ФУПМ,ассистент,к.н.
Семенов Д.С.,ФФ,профессор,д.н.
Петров Д.С.,ФФ,профессор,
Семенов Д.С.,ФИТ,ассистент,
Попов Л.О.,ФМиМ,,
Иванов М.Ю.,ФРТ,ассистент,
Семенов З.Т.,ФФ,доцент,к.н.
Егоров К.М.,ФИТ,профессор,
Егоров Г.Н.,ФРТ,,д.н.
Алексеев В.И.,ФИВТ,ассистент,
Кузнецов Е.П.,ФПМИ,ассистент,к.н.
Смирнов Ж.Р.,ФМиЕН,профессор,к.н.
Волков Л.О.,ФМиЕН,доцент,к.н.
Лебедева Г.Н.,ФИТ,доцент,д.н.
Кузнецов Д.С.,ФПМИ,,
Новиков Г.Н.,ФЭТ,,
Кузнецов Ж.Р.,ИТМО,,д.н.
Смирнов З.Т.,ФМиМ,ассистент,к.н.
Волков Б.В.,ФИТ,ассистент,
Морозов З.Т.,ФМиЕН,,
Козлов К.М.,ФМиМ,ассистент,
Семенов З.Т.,ФИВТ,профессор,д.н.
Семенов Г.Н.,ФФ,профессор,
Попов В.И.,ФУПМ,доцент,к.н.
Соколов В.И.,ФМиЕН,ассистент,
Сидоров Д.С.,ФМиМ,профессор,
Егоров М.Ю.,ФИТ,,к.н.
Морозов З.Т.,ФФ,,д.н.
Егоров И.К.,ФМиМ,ассистент,к.н.
Лебедев З.Т.,ФИТ,ассистент,к.н.
Кузнецов Б.В.,ФУПМ,доцент,д.н.
Петров Б.В.,ФФ,ассистент,д.н.
Петров К.М.,ФЭТ,доцент,к.н.
Егоров Ж.Р.,ФМиМ,ассистент,к.н.
Кузнецов Б.В.,ФМиМ,,
Петров М.Ю.,ФФ,,д.н.
Семенов З.Т.,ФРТ,ассистент,
Лебедева Л.О.,ФМиМ,ассистент,
Козлов Д.С.,ФИВТ,,к.н.
Кузнецов И.К.,ФЭТ,профессор,к.н.
Кузнецов Ж.Р.,ФМиМ,профессор,д.н.
Новиков Ж.Р.,ФУПМ,,к.н.
Волков Ж.Р.,ФИВТ,доцент,д.н.
Попов Г.Н.,ФПМИ,ассистент,к.н.
Волков Ж.Р.,ФМиЕН,профессор,д.н.
Лебедева Г.Н.,ФРТ,доцент,д.н.
Попов Г.Н.,ФРТ,,
Петров К.М.,ФИВТ,,д.н.
Соколов Г.Н.,ФИТ,профессор,к.н.
Лебедев Ж.Р.,ФПМИ,ассистент,к.н.
Кузнецов В.И.,ФЭТ,профессор,к.н.
Алексеев Г.Н.,ФПМИ,доцент,к.н.
Лебедев Е.П.,ФИТ,доцент,д.н.
Петров М.Ю.,ФПМИ,профессор,
Новиков Б.В.,ФЭТ,ассистент,д.н.
Волков Б.В.,ФМиЕН,доцент,
Петров К.М.,ФМиЕН,профессор,к.н.
Морозов В.И.,ФРТ,ассистент,к.н.
Сидоров М.Ю.,ФМиМ,,
Егоров Г.Н.,ФЭТ,ассистент,
Кузнецов В.И.,ФРТ,профессор,к.н.
Попов В.И.,ФИТ,профессор,к.н.
Петров Б.В.,ФУПМ,ассистент,к.н.
Соколов Ж.Р.,ФФ,доцент,д.н.
Егоров Л.О.,ФФ,ассистент,к.н.
Егоров Л.О.,ФМиЕН,профессор,
Попов З.Т.,ФПМИ,профессор,
Петров Л.О.,ИТМО,ассистент,
Волков Б.В.,ФРТ,доцент,к.н.
Новиков Ж.Р.,ФИВТ,профессор,к.н.
Соколов Д.С.,ФИВТ,профессор,д.н.
Соколов Г.Н.,ФПМИ,доцент,
Морозов Б.В.,ФУПМ,ассистент,к.н.
Егоров Г.Н.,ФРТ,ассистент,д.н.
Петров Г.Н.,ФРТ,ассистент,
Новиков К.М.,ФФ,доцент,к.н.
Лебедева В.И.,ФИТ,,к.н.
Семенов З.Т.,ФПМИ,,д.н.
Новиков Г.Н.,ФИТ,,д.н.
Попов И.К.,ФМиМ,,к.н.
Новиков Г.Н.,ФМиМ,ассистент,д.н.
Иванов Д.С.,ФИВТ,,д.н.
Морозов Д.С.,ФМиЕН,профессор,
Алексеев Ж.Р.,ФМиЕН,доцент,к.н.
Лебедев А.А.,ФРТ,,д.н.
Козлов Г.Н.,ИТМО,ассистент,д.н.
Попов З.Т.,ФУПМ,доцент,к.н.
Лебедев З.Т.,ФМиМ,,к.н.
Сидоров Е.П.,ФРТ,ассистент,д.н.
Семенов А.А.,ФПМИ,ассистент,к.н.
Новиков А.А.,ФУПМ,ассистент,к.н.
Сидоров Г.Н.,ФЭТ,ассистент,д.н.
Лебедев К.М.,ИТМО,доцент,д.н.
Новиков Г.Н.,ФЭТ,доцент,к.н.
Кузнецов Б.В.,ФИТ,ассистент,к.н.
Волков Е.П.,ФРТ,профессор,
Лебедев А.А.,ИТМО,доцент,к.н.
Волков Д.С.,ИТМО,ассистент,д.н.
Смирнов Л.О.,ФМиМ,профессор,
Волков Д.С.,ФПМИ,ассистент,д.н.
Егоров А.А.,ФМиЕН,,к.н.
Волков В.И.,ФЭТ,доцент,
Новиков Е.П.,ФЭТ,профессор,
Семенов Е.П.,ФЭТ,доцент,д.н.
Егоров Б.В.,ФРТ,профессор,
Соколов Л.О.,ФЭТ,доцент,д.н.
Сидоров Д.С.,ФИТ,,к.н.
Попов В.И.,ФИТ,ассистент,к.н.
Новиков Д.С.,ФРТ,,д.н.
Лебедев И.К.,ИТМО,профессор,д.н.
Семенов Ж.Р.,ФУПМ,доцент,к.н.
Лебедева В.И.,ФФ,ассистент,
Сидоров Ж.Р.,ФРТ,доцент,
Новиков Л.О.,ФПМИ,профессор,
Козлов В.И.,ИТМО,доцент,
Смирнов М.Ю.,ФФ,профессор,
Семенов К.М.,ФИТ,,к.н.
Алексеев В.И.,ФЭТ,ассистент,д.н.
Смирнов К.М.,ФУПМ,профессор,
Иванов З.Т.,ФЭТ,ассистент,к.н.
Новиков Е.П.,ФПМИ,доцент,к.н.
Иванов З.Т.,ФМиМ,доцент,к.н.
Смирнов Г.Н.,ФМиЕН,,
Алексеев Г.Н.,ФИВТ,профессор,
Егоров Б.В.,ФФ,,к.н.
Иванов Г.Н.,ФМиЕН,профессор,
Лебедев Е.П.,ФИТ,,к.н.
Смирнов Б.В.,ФИТ,ассистент,д.н.
Козлов Е.П.,ФРТ,профессор,д.н.
Лебедев Л.О.,ФИВТ,ассистент,д.н.
Морозов Д.С.,ИТМО,ассистент,д.н.
Козлов А.А.,ФРТ,доцент,
Семенов К.М.,ФЭТ,профессор,
Волков К.М.,ФФ,ассистент,д.н.
Сидоров Б.В.,ФУПМ,ассистент,
Егоров И.К.,ИТМО,,к.н.
Морозов И.К.,ФМиМ,доцент,
Егоров И.К.,ФЭТ,,к.н.
Смирнов Д.С.,ФФ,ассистент,к.н.
Морозов Е.П.,ФФ,,к.н.
Лебедева А.А.,ФУПМ,ассистент,д.н.
Соколов Е.П.,ФФ,доцент,к.н.
Соколов Д.С.,ФРТ,профессор,к.н.
Иванов М.Ю.,ФПМИ,ассистент,к.н.
Кузнецов Ж.Р.,ИТМО,,д.н.
Соколов Б.В.,ФФ,доцент,к.н.
Егоров Д.С.,ФИВТ,ассистент,
Алексеев Б.В.,ФИВТ,профессор,к.н.
Лебедев Е.П.,ФФ,,к.н.
Сидоров Е.П.,ФМиМ,,к.н.
Петров М.Ю.,ИТМО,доцент,д.н.
Морозов Л.О.,ФМиЕН,ассистент,
Егоров И.К.,ФЭТ,доцент,к.н.
Егоров Ж.Р.,ФРТ,,д.н.
Сидоров К.М.,ФИТ,профессор,к.н.
Морозов А.А.,ФМиЕН,,д.н.
Смирнов Г.Н.,ФФ,,д.н.
Лебедев А.А.,ФМиЕН,доцент,
Кузнецов И.К.,ФИВТ,ассистент,к.н.
Кузнецов Б.В.,ФМиЕН,,д.н.
Егоров Д.С.,ФРТ,,д.н.
Морозов З.Т.,ФФ,доцент,
Новиков И.К.,ФИТ,ассистент,д.н.
Соколов И.К.,ФФ,доцент,
Алексеев И.К.,ФИВТ,профессор,д.н.
Смирнов Д.С.,ФИТ,,к.н.
Козлов К.М.,ФПМИ,профессор,
Лебедева К.М.,ФПМИ,доцент,
Морозов К.М.,ФЭТ,ассистент,д.н.
Лебедева В.И.,ФРТ,ассистент,
Алексеев М.Ю.,ФУПМ,профессор,д.н.
Кузнецов А.А.,ФИТ,ассистент,к.н.
Морозов Б.В.,ФМиМ,,
Иванов К.М.,ФФ,,
Сидоров Д.С.,ФИВТ,доцент,д.н.
Семенов М.Ю.,ФПМИ,ассистент,к.н.
Новиков И.К.,ФМиЕН,доцент,д.н.
Козлов Г.Н.,ФФ,ассистент,к.н.
Кузнецов И.К.,ФУПМ,,
Сидоров А.А.,ФМиЕН,доцент,к.н.
Волков Е.П.,ФМиМ,доцент,к.н.
Петров З.Т.,ФУПМ,профессор,
Иванов И.К.,ФЭТ,ассистент,д.н.
Попов И.К.,ФУПМ,профессор,д.н.
Лебедева Д.С.,ФИТ,доцент,к.н.
Сидоров М.Ю.,ИТМО,доцент,к.н.
Волков Б.В.,ФПМИ,,к.н.
Лебедев З.Т.,ФЭТ,доцент,д.н.
Егоров А.А.,ФПМИ,ассистент,
Попов М.Ю.,ФУПМ,,д.н.
Семенов М.Ю.,ФФ,доцент,к.н.
Сидоров М.Ю.,ФМиЕН,профессор,к.н.
Волков И.К.,ФМиМ,профессор,д.н.
Попов В.И.,ФУПМ,доцент,
Петров В.И.,ИТМО,доцент,к.н.
Попов В.И.,ФРТ,профессор,
Семенов К.М.,ФРТ,профессор,д.н.
Лебедева З.Т.,ФПМИ,доцент,
Морозов В.И.,ФМиЕН,,д.н.
Волков Д.С.,ФМиЕН,доцент,
Смирнов Г.Н.,ФУПМ,профессор,к.н.
Семенов А.А.,ФИВТ,,к.н.
Козлов И.К.,ФПМИ,доцент,
Лебедева И.К.,ФФ,профессор,
Петров А.А.,ФЭТ,ассистент,д.н.
Смирнов Д.С.,ФРТ,,
Морозов З.Т.,ФМиМ,ассистент,д.н.
Иванов А.А.,ИТМО,,
Соколов А.А.,ФМиЕН,ассистент,д.н.
Кузнецов Д.С.,ФМиЕН,ассистент,к.н.
Новиков Б.В.,ФРТ,,
Соколов Д.С.,ФРТ,,
Соколов А.А.,ИТМО,доцент,к.н.
Алексеев Ж.Р.,ИТМО,,к.н.
Алексеев К.М.,ФЭТ,,к.н.
Морозов В.И.,ФУПМ,профессор,д.н.
Алексеев Д.С.,ФФ,ассистент,д.н.
Попов А.А.,ФИТ,профессор,
Егоров Л.О.,ФИВТ,ассистент,
Егоров З.Т.,ФИВТ,доцент,д.н.
Новиков Ж.Р.,ФМиМ,профессор,
Кузнецов Е.П.,ФУПМ,доцент,
Иванов Г.Н.,ФМиМ,доцент,к.н.
Лебедева М.Ю.,ФПМИ,профессор,
Алексеев Б.В.,ФПМИ,ассистент,
Алексеев З.Т.,ФУПМ,профессор,
Лебедев И.К.,ФФ,профессор,
Сидоров Л.О.,ФПМИ,,д.н.
Кузнецов Л.О.,ФЭТ,ассистент,
Морозов Л.О.,ФПМИ,профессор,
Козлов Г.Н.,ФИТ,ассистент,
Сидоров А.А.,ИТМО,ассистент,
Лебедева Д.С.,ФМиМ,,д.н.
Смирнов Е.П.,ФИВТ,ассистент,
Семенов Г.Н.,ФМиМ,профессор,
Козлов А.А.,ФУПМ,ассистент,д.н.
Кузнецов Б.В.,ИТМО,ассистент,к.н.
Морозов М.Ю.,ФЭТ,профессор,к.н.
Попов Б.В.,ФМиЕН,,
Волков Л.О.,ФИВТ,профессор,к.н.
Алексеев И.К.,ФФ,ассистент,
Алексеев З.Т.,ФРТ,,д.н.
Алексеев Л.О.,ФФ,,д.н.
Петров К.М.,ФЭТ,ассистент,к.н.
Смирнов К.М.,ФМиМ,ассистент,
Кузнецов М.Ю.,ФПМИ,,
Лебедева Б.В.,ФПМИ,,д.н.
Кузнецов К.М.,ФМиМ,доцент,д.н.
Лебедева З.Т.,ФУПМ,доцент,к.н.
Петров М.Ю.,ФЭТ,ассистент,к.н.
Новиков Г.Н.,ФИВТ,профессор,к.н.
Егоров Г.Н.,ИТМО,ассистент,
Лебедева З.Т.,ФФ,профессор,д.н.
Сидоров Г.Н.,ФИТ,,к.н.
Сидоров В.И.,ФУПМ,профессор,к.н.
Семенов К.М.,ФПМИ,доцент,к.н.
Сидоров К.М.,ФЭТ,профессор,
Новиков М.Ю.,ФРТ,профессор,
Сидоров И.К.,ФУПМ,,к.н.
Кузнецов Ж.Р.,ФИВТ,,д.н.
Алексеев З.Т.,ИТМО,ассистент,
Лебедева М.Ю.,ИТМО,ассистент,
Лебедева Е.П.,ФРТ,профессор,
Смирнов М.Ю.,ФЭТ,доцент,д.н.
Сидоров Л.О.,ФЭТ,доцент,к.н.
Козлов Д.С.,ФРТ,профессор,к.н.
Иванов К.М.,ФФ,,
Соколов Б.В.,ФРТ,,д.н.
Сидоров К.М.,ФЭТ,,д.н.
Егоров З.Т.,ФИТ,,
Сидоров Ж.Р.,ФУПМ,,
Смирнов В.И.,ФФ,профессор,к.н.
Алексеев М.Ю.,ФФ,ассистент,
Новиков Л.О.,ФФ,профессор,к.н.
Соколов А.А.,ФИТ,ассистент,д.н.
Лебедева Б.В.,ИТМО,доцент,к.н.
Новиков А.А.,ФРТ,профессор,к.н.
Волков К.М.,ИТМО,ассистент,к.н.
Попов В.И.,ИТМО,,д.н.
Егоров А.А.,ФФ,ассистент,
Кузнецов И.К.,ФЭТ,доцент,
Петров Г.Н.,ФИТ,профессор,
Соколов И.К.,ФМиЕН,профессор,к.н.
Иванов З.Т.,ФЭТ,доцент,
Соколов З.Т.,ФЭТ,,
Козлов Ж.Р.,ИТМО,доцент,к.н.
Сидоров Г.Н.,ФПМИ,доцент,к.н.
Козлов Е.П.,ФМиЕН,профессор,д.н.
Сидоров В.И.,ФРТ,,
Сидоров Д.С.,ФРТ,,
Новиков В.И.,ФПМИ,доцент,д.н.
Петров Б.В.,ФМиЕН,доцент,
Петров Ж.Р.,ФФ,,
Лебедева Ж.Р.,ФИВТ,доцент,д.н.
Лебедева Д.С.,ИТМО,,
Волков Е.П.,ФИВТ,профессор,
Козлов К.М.,ФУПМ,,д.н.
Попов Л.О.,ФИТ,профессор,д.н.
Морозов Е.П.,ФПМИ,доцент,
Лебедев К.М.,ФИВТ,доцент,к.н.
Козлов Д.С.,ФИТ,профессор,
Соколов Е.П.,ФМиМ,ассистент,д.н.
Козлов М.Ю.,ФЭТ,профессор,к.н.
Смирнов Е.П.,ИТМО,доцент,д.н.
Попов В.И.,ФМиЕН,профессор,к.н.
Новиков В.И.,ФУПМ,профессор,
Семенов К.М.,ФМиЕН,доцент,к.н.
Козлов И.К.,ИТМО,,к.н.
Смирнов М.Ю.,ФИТ,ассистент,д.н.
Смирнов Б.В.,ФЭТ,ассистент,д.н.
Попов В.И.,ФИТ,профессор,
Семенов З.Т.,ФМиМ,,к.н.
Лебедев К.М.,ФИВТ,ассистент,к.н.
Семенов З.Т.,ФФ,доцент,
Попов Д.С.,ФУПМ,ассистент,
Семенов И.К.,ИТМО,ассистент,
Смирнов К.М.,ФИТ,профессор,к.н.
Соколов Л.О.,ФМиМ,ассистент,к.н.
Алексеев З.Т.,ФЭТ,профессор,д.н.
Егоров Б.В.,ФМиЕН,доцент,к.н.
Сидоров И.К.,ФИТ,,
Алексеев З.Т.,ФИТ,профессор,
Морозов Ж.Р.,ИТМО,ассистент,д.н.
Сидоров М.Ю.,ФЭТ,ассистент,д.н.
Лебедева Д.С.,ИТМО,ассистент,
Лебедева В.И.,ФФ,профессор,
Кузнецов К.М.,ФИТ,,д.н.
Сидоров Б.В.,ФМиМ,,к.н.
Кузнецов Б.В.,ФПМИ,профессор,
Лебедева Д.С.,ФЭТ,профессор,к.н.
Соколов З.Т.,ФИВТ,ассистент,д.н.
Лебедев Б.В.,ФИВТ,,д.н.
Лебедев Д.С.,ФЭТ,доцент,д.н.
Смирнов Л.О.,ФПМИ,доцент,
Лебедева К.М.,ФФ,доцент,
Лебедева М.Ю.,ФПМИ,доцент,
Семенов К.М.,ФИВТ,профессор,
Егоров В.И.,ФМиМ,ассистент,
Козлов М.Ю.,ФУПМ,ассистент,д.н.
Егоров И.К.,ИТМО,доцент,
Егоров М.Ю.,ФПМИ,,к.н.
Новиков М.Ю.,ФРТ,доцент,д.н.
Иванов Б.В.,ФУПМ,ассистент,к.н.
Новиков В.И.,ФУПМ,ассистент,д.н.
Сидоров К.М.,ФМиЕН,ассистент,д.н.
Волков М.Ю.,ФПМИ,ассистент,к.н.
Волков И.К.,ФЭТ,ассистент,
Смирнов Л.О.,ФЭТ,профессор,
Козлов К.М.,ФПМИ,ассистент,к.н.
Иванов Ж.Р.,ФРТ,ассистент,д.н.
Морозов З.Т.,ФУПМ,доцент,к.н.
Кузнецов К.М.,ФМиМ,профессор,
Алексеев И.К.,ФМиМ,,д.н.
Алексеев К.М.,ФРТ,профессор,
Егоров Д.С.,ФМиМ,ассистент,к.н.
Попов В.И.,ФИТ,доцент,к.н.
Волков Д.С.,ФПМИ,,
Сидоров Е.П.,ФРТ,профессор,д.н.
Сидоров Е.П.,ФИВТ,ассистент,д.н.
Иванов Б.В.,ФУПМ,ассистент,к.н.
Иванов В.И.,ФПМИ,доцент,к.н.
Попов И.К.,ФИВТ,доцент,к.н.
Соколов И.К.,ФПМИ,доцент,
Иванов М.Ю.,ФРТ,доцент,к.н.
Сидоров Г.Н.,ФЭТ,доцент,к.н.
Смирнов К.М.,ФРТ,ассистент,д.н.
Лебедева Ж.Р.,ФИВТ,профессор,
Лебедева А.А.,ФИТ,,д.н.
Лебедева В.И.,ФИТ,профессор,
Морозов И.К.,ФИТ,доцент,к.н.
Сидоров А.А.,ФРТ,,д.н.
Морозов М.Ю.,ФРТ,профессор,д.н.
Семенов К.М.,ФРТ,ассистент,к.н.
Козлов М.Ю.,ФМиМ,ассистент,
Лебедев М.Ю.,ФЭТ,,д.н.
Козлов М.Ю.,ФФ,ассистент,д.н.
Егоров Д.С.,ФМиМ,,
Соколов А.А.,ФИТ,профессор,к.н.
Волков А.А.,ФМиЕН,доцент,
Новиков Б.В.,ФФ,ассистент,
Сидоров Б.В.,ФПМИ,профессор,
Сидоров А.А.,ФЭТ,доцент,д.н.
Козлов Д.С.,ФИВТ,доцент,к.н.
Кузнецов К.М.,ФИВТ,доцент,к.н.
Лебедев З.Т.,ФУПМ,доцент,к.н.
Смирнов М.Ю.,ФИВТ,ассистент,
Лебедев К.М.,ФФ,,к.н.
Петров М.Ю.,ФИВТ,ассистент,
Козлов К.М.,ФУПМ,,д.н.
Соколов З.Т.,ФЭТ,ассистент,
Смирнов К.М.,ФЭТ,доцент,д.н.
Новиков Е.П.,ФУПМ,доцент,
Соколов Г.Н.,ФИТ,ассистент,к.н.
Егоров В.И.,ФМиЕН,,
Морозов Б.В.,ФУПМ,,
Семенов А.А.,ФИТ,,
Семенов И.К.,ФИТ,профессор,д.н.
Лебедев Г.Н.,ФПМИ,доцент,д.н.
Петров К.М.,ФЭТ,,к.н.
Новиков К.М.,ИТМО,ассистент,д.н.
Соколов К.М.,ФУПМ,доцент,
Морозов И.К.,ФИТ,доцент,д.н.
Семенов А.А.,ФЭТ,профессор,д.н.
Смирнов М.Ю.,ФИВТ,доцент,
Лебедева Л.О.,ФУПМ,профессор,к.н.
Семенов Д.С.,ФРТ,ассистент,
Сидоров Л.О.,ФМиЕН,,
Кузнецов И.К.,ФМиЕН,,д.н.
Морозов Д.С.,ФМиМ,,
Морозов З.Т.,ФФ,профессор,к.н.
Попов А.А.,ФМиЕН,доцент,к.н.
Волков А.А.,ФМиМ,профессор,д.н.
Петров Д.С.,ФМиМ,,
Семенов Ж.Р.,ФУПМ,доцент,к.н.
Морозов Ж.Р.,ФФ,доцент,к.н.
Лебедева Л.О.,ФИТ,,д.н.
Новиков К.М.,ИТМО,ассистент,д.н.
Лебедева Д.С.,ФИТ,профессор,к.н.
Семенов Г.Н.,ФЭТ,,
Соколов И.К.,ФУПМ,,к.н.
Смирнов А.А.,ФУПМ,,
Попов В.И.,ФФ,профессор,к.н.
Морозов Ж.Р.,ФИВТ,профессор,к.н.
Сидоров З.Т.,ФИТ,,д.н.
Сидоров В.И.,ФПМИ,доцент,
Соколов К.М.,ФЭТ,профессор,
Лебедев Е.П.,ФМиМ,,к.н.
Лебедев А.А.,ФМиМ,ассистент,
Новиков Б.В.,ФИТ,,к.н.
Алексеев Ж.Р.,ФФ,ассистент,
Семенов К.М.,ФМиМ,,к.н.
Попов К.М.,ФМиМ,ассистент,д.н.
Соколов Л.О.,ФИВТ,доцент,
Козлов М.Ю.,ИТМО,профессор,д.н.
Иванов В.И.,ФПМИ,профессор,д.н.
Новиков Б.В.,ФИВТ,профессор,к.н.
Морозов К.М.,ФИВТ,доцент,к.н.
Смирнов Г.Н.,ФПМИ,ассистент,
Кузнецов Ж.Р.,ФФ,профессор,к.н.
Новиков Б.В.,ФЭТ,профессор,
Морозов Б.В.,ИТМО,ассистент,д.н.
Волков Е.П.,ФЭТ,доцент,
Петров Ж.Р.,ИТМО,доцент,
Иванов Б.В.,ФИВТ,,
Новиков А.А.,ФМиМ,доцент,
Лебедева Ж.Р.,ФПМИ,,д.н.
Волков Ж.Р.,ФУПМ,профессор,к.н.
Семенов Г.Н.,ФМиЕН,,к.н.
Новиков А.А.,ФПМИ,,д.н.
Иванов Д.С.,ФИВТ,,
Иванов Л.О.,ФЭТ,профессор,д.н.
Лебедева К.М.,ФРТ,доцент,к.н.
Сидоров М.Ю.,ФУПМ,профессор,
Козлов З.Т.,ФРТ,доцент,
Алексеев К.М.,ФПМИ,,
Соколов Е.П.,ФПМИ,ассистент,
Смирнов Е.П.,ФМиМ,профессор,
Новиков К.М.,ФЭТ,,к.н.
Козлов З.Т.,ФМиЕН,,
Лебедева М.Ю.,ФПМИ,профессор,
Смирнов И.К.,ФМиМ,ассистент,к.н.
Морозов Б.В.,ИТМО,,к.н.
Попов Д.С.,ФИВТ,ассистент,д.н.
Егоров М.Ю.,ФФ,,
Алексеев А.А.,ФИТ,профессор,д.н.
Егоров Л.О.,ФМиМ,,д.н.
Кузнецов Д.С.,ФУПМ,ассистент,к.н.
Морозов М.Ю.,ФУПМ,ассистент,
Волков Е.П.,ФУПМ,доцент,к.н.
Алексеев М.Ю.,ФФ,профессор,к.н.
Попов Б.В.,ФПМИ,ассистент,к.н.
Алексеев Ж.Р.,ФУПМ,профессор,к.н.
Семенов З.Т.,ИТМО,,
Сидоров М.Ю.,ФПМИ,профессор,
Кузнецов Г.Н.,ФИВТ,профессор,
Козлов Г.Н.,ФЭТ,профессор,д.н.
Волков Л.О.,ФМиЕН,,к.н.
Соколов Л.О.,ФИВТ,доцент,
Сидоров А.А.,ФЭТ,доцент,к.н.
Козлов Г.Н.,ФМиЕН,,к.н.
Лебедев Ж.Р.,ФУПМ,профессор,д.н.
Егоров З.Т.,ФИТ,профессор,к.н.
Морозов Л.О.,ФУПМ,ассистент,
Смирнов К.М.,ИТМО,ассистент,
Попов Б.В.,ФИВТ,профессор,к.н.
Смирнов К.М.,ФРТ,,к.н.
Козлов З.Т.,ФЭТ,профессор,
Егоров Б.В.,ИТМО,доцент,
Семенов А.А.,ФИВТ,ассистент,д.н.
Лебедев А.А.,ФПМИ,профессор,д.н.
Морозов В.И.,ФМиМ,ассистент,к.н.
Егоров Ж.Р.,ФРТ,профессор,
Соколов Л.О.,ФМиМ,доцент,д.н.
Егоров Д.С.,ФФ,доцент,д.н.
Попов Д.С.,ФПМИ,доцент,к.н.
Новиков В.И.,ФМиЕН,профессор,
Кузнецов Б.В.,ФПМИ,ассистент,д.н.
Лебедев Л.О.,ФМиМ,профессор,
Егоров М.Ю.,ФИТ,ассистент,д.н.
Волков Г.Н.,ФИВТ,ассистент,к.н.
Смирнов Д.С.,ФИВТ,ассистент,д.н.
Семенов Ж.Р.,ФФ,,д.н.
Волков З.Т.,ФУПМ,,к.н.
Попов Л.О.,ФЭТ,профессор,к.н.
Смирнов К.М.,ФМиМ,,к.н.
Семенов В.И.,ФПМИ,,д.н.
Сидоров Е.П.,ФИТ,ассистент,д.н.
Морозов Е.П.,ИТМО,профессор,д.н.
Алексеев М.Ю.,ФМиЕН,ассистент,д.н.
Волков Л.О.,ФРТ,,д.н.
Смирнов Е.П.,ФЭТ,профессор,д.н.
Волков В.И.,ФПМИ,ассистент,к.н.
Попов Д.С.,ФРТ,профессор,д.н.
Смирнов И.К.,ФРТ,,к.н.
Петров Б.В.,ФЭТ,профессор,к.н.
Петров К.М.,ФУПМ,,к.н.
Новиков Ж.Р.,ФИТ,доцент,
Семенов А.А.,ФИТ,ассистент,
Смирнов Д.С.,ФИВТ,профессор,к.н.
Кузнецов И.К.,ФРТ,доцент,
Семенов Л.О.,ФФ,,к.н.
Новиков М.Ю.,ФЭТ,профессор,д.н.
Волков Д.С.,ИТМО,профессор,
Сидоров К.М.,ФУПМ,ассистент,д.н.
Семенов В.И.,ФЭТ,профессор,к.н.
Сидоров А.А.,ФМиЕН,ассистент,к.н.
Алексеев Б.В.,ФПМИ,профессор,д.н.
Сидоров Л.О.,ФМиМ,профессор,
Козлов И.К.,ФФ,профессор,к.н.
Егоров М.Ю.,ФУПМ,профессор,д.н.
Морозов Б.В.,ФЭТ,доцент,
Попов Ж.Р.,ФПМИ,ассистент,д.н.
Петров М.Ю.,ФИВТ,доцент,д.н.
Иванов Е.П.,ФИТ,,
Козлов В.И.,ФРТ,ассистент,
Смирнов Д.С.,ФЭТ,ассистент,к.н.
Козлов Е.П.,ФИТ,ассистент,
Лебедева З.Т.,ФФ,ассистент,
Петров Л.О.,ФУПМ,,
Петров Д.С.,ФИВТ,доцент,д.н.
Попов З.Т.,ФЭТ,доцент,
Волков В.И.,ФПМИ,доцент,к.н.
Алексеев Ж.Р.,ФИТ,,к.н.
Алексеев В.И.,ФФ,,к.н.
Петров Б.В.,ФПМИ,,
Соколов Г.Н.,ФМиМ,доцент,д.н.
Петров Ж.Р.,ФЭТ,доцент,
Новиков А.А.,ФИВТ,,к.н.
Сидоров Г.Н.,ИТМО,доцент,к.н.
Попов Г.Н.,ФМиМ,профессор,к.н.
Морозов Л.О.,ФФ,доцент,д.н.
Сидоров Ж.Р.,ФИТ,ассистент,д.н.
Смирнов З.Т.,ИТМО,ассистент,
Семенов Е.П.,ФУПМ,ассистент,
Семенов Г.Н.,ФИТ,ассистент,
Лебедева Д.С.,ФМиМ,доцент,к.н.
Новиков И.К.,ФМиМ,доцент,к.н.
Новиков И.К.,ФЭТ,,
Семенов Ж.Р.,ФФ,доцент,д.н.
Козлов А.А.,ФМиЕН,профессор,д.н.
Петров К.М.,ФИВТ,,к.н.
Сидоров М.Ю.,ФМиЕН,профессор,д.н.
Кузнецов И.К.,ФПМИ,доцент,
Кузнецов З.Т.,ФФ,,д.н.
Волков Ж.Р.,ФМиМ,доцент,
Сидоров Е.П.,ФРТ,ассистент,к.н.
Новиков Л.О.,ФФ,,к.н.
Кузнецов Д.С.,ФМиЕН,доцент,
Козлов М.Ю.,ФУПМ,профессор,
Семенов Г.Н.,ФПМИ,ассистент,к.н.
Попов М.Ю.,ФПМИ,профессор,д.н.
Лебедева И.К.,ФИВТ,ассистент,
Кузнецов Д.С.,ФРТ,доцент,д.н.
Лебедев В.И.,ФПМИ,ассистент,
Егоров Ж.Р.,ФЭТ,ассистент,д.н.
Козлов Л.О.,ИТМО,,д.н.
Соколов Л.О.,ИТМО,доцент,к.н.
Смирнов Л.О.,ФУПМ,ассистент,к.н.
Попов М.Ю.,ФРТ,ассистент,к.н.
Петров Г.Н.,ФИТ,профессор,
Соколов Д.С.,ФУПМ,профессор,
Петров Б.В.,ФРТ,профессор,
Морозов Ж.Р.,ФЭТ,ассистент,
Сидоров Б.В.,ФПМИ,ассистент,к.н.
Попов Г.Н.,ФМиЕН,ассистент,
Козлов Б.В.,ФЭТ,профессор,д.н.
Лебедева К.М.,ФМиЕН,,
Волков Л.О.,ФЭТ,профессор,д.н.
Лебедев В.И.,ФРТ,доцент,д.н.
Алексеев В.И.,ФИТ,профессор,
Волков Е.П.,ФИВТ,профессор,к.н.
Новиков Д.С.,ФПМИ,,
Козлов М.Ю.,ФМиМ,,д.н.
Алексеев Е.П.,ИТМО,,
Семенов К.М.,ФМиМ,доцент,
Кузнецов В.И.,ФЭТ,доцент,
Новиков В.И.,ФИВТ,,
Алексеев А.А.,ФМиЕН,,
Лебедев Ж.Р.,ФПМИ,ассистент,к.н.
Сидоров Д.С.,ФПМИ,профессор,к.н.
Сидоров Г.Н.,ФУПМ,,
Козлов З.Т.,ФИТ,,д.н.
Петров К.М.,ФФ,,
Лебедев И.К.,ФИТ,,
Семенов И.К.,ФФ,профессор,д.н.
Новиков М.Ю.,ФРТ,,к.н.
Лебедева И.К.,ФМиМ,доцент,
Егоров А.А.,ФИТ,ассистент,д.н.
Попов И.К.,ФПМИ,,к.н.
Лебедев М.Ю.,ФМиЕН,профессор,д.н.
Иванов А.А.,ФМиЕН,,д.н.
Лебедева Д.С.,ФИВТ,,д.н.
Петров М.Ю.,ФМиЕН,профессор,
Морозов Л.О.,ФИВТ,,д.н.
Кузнецов Е.П.,ФРТ,ассистент,к.н.
Лебедев З.Т.,ФИТ,,д.н.
Сидоров З.Т.,ФМиМ,доцент,д.н.
Соколов А.А.,ФФ,профессор,
Соколов Е.П.,ИТМО,доцент,д.н.
Морозов Ж.Р.,ФУПМ,доцент,к.н.
Петров В.И.,ФУПМ,ассистент,д.н.
Лебедева Г.Н.,ФМиМ,,к.н.
Петров Г.Н.,ФЭТ,ассистент,
Егоров Д.С.,ФФ,доцент,
Лебедев Е.П.,ФРТ,доцент,к.н.
Кузнецов К.М.,ФПМИ,,
Егоров Ж.Р.,ФРТ,,д.н.
Кузнецов Ж.Р.,ФФ,доцент,к.н.
Петров А.А.,ИТМО,доцент,д.н.
Семенов А.А.,ФМиЕН,профессор,
Алексеев Ж.Р.,ФУПМ,доцент,д.н.
Новиков Г.Н.,ФРТ,,
Лебедев Г.Н.,ФУПМ,,к.н.
Козлов З.Т.,ФПМИ,доцент,к.н.
Морозов К.М.,ФПМИ,доцент,к.н.
Смирнов Б.В.,ФУПМ,,
Морозов И.К.,ФИВТ,ассистент,к.н.
Лебедев Д.С.,ФМиМ,профессор,к.н.
Смирнов И.К.,ФИВТ,,к.н.
Сидоров Д.С.,ФИВТ,,д.н.
Лебедева Ж.Р.,ФИТ,,к.н.
Алексеев Б.В.,ИТМО,профессор,к.н.
Сидоров Е.П.,ФМиЕН,ассистент,
Волков И.К.,ФЭТ,ассистент,к.н.
Кузнецов В.И.,ИТМО,профессор,д.н.
Сидоров Г.Н.,ИТМО,,
Петров К.М.,ФИТ,,к.н.
Смирнов Е.П.,ФМиЕН,профессор,
Петров Д.С.,ФМиМ,ассистент,к.н.
Алексеев Б.В.,ИТМО,доцент,д.н.
Морозов А.А.,ФЭТ,профессор,д.н.
Лебедев Б.В.,ФИТ,профессор,
Лебедева А.А.,ИТМО,ассистент,
Козлов В.И.,ФПМИ,профессор,
Егоров К.М.,ФУПМ,доцент,
Лебедева А.А.,ФФ,,д.н.
Петров И.К.,ФМиМ,ассистент,к.н.
Новиков К.М.,ИТМО,доцент,д.н.
Козлов М.Ю.,ФРТ,доцент,
Лебедев Л.О.,ФУПМ,доцент,
Смирнов З.Т.,ФМиЕН,профессор,к.н.
Лебедев З.Т.,ФУПМ,профессор,д.н.
Волков Ж.Р.,ФРТ,доцент,к.н.
Лебедева Г.Н.,ФУПМ,доцент,к.н.
Попов Ж.Р.,ФИВТ,ассистент,к.н.
Смирнов Б.В.,ФИТ,профессор,д.н.
Новиков И.К.,ФЭТ,ассистент,д.н.
Лебедева З.Т.,ИТМО,ассистент,д.н.
Лебедева А.А.,ФИТ,ассистент,
Семенов Д.С.,ФИТ,ассистент,д.н.
Лебедев И.К.,ФМиЕН,доцент,
Кузнецов Л.О.,ФФ,,
Алексеев В.И.,ФИВТ,,д.н.
Попов М.Ю.,ФУПМ,ассистент,
Петров Б.В.,ИТМО,ассистент,к.н.
Морозов А.А.,ФУПМ,,
Кузнецов К.М.,ФМиМ,профессор,к.н.
Козлов Б.В.,ФИВТ,ассистент,
Попов Г.Н.,ФУПМ,ассистент,к.н.
Лебедева Д.С.,ФИВТ,профессор,д.н.
Соколов К.М.,ФИВТ,ассистент,д.н.
Петров Е.П.,ФПМИ,ассистент,к.н.
Кузнецов К.М.,ФУПМ,доцент,д.н.
Петров Ж.Р.,ФРТ,ассистент,к.н.
Морозов З.Т.,ФРТ,доцент,к.н.
Кузнецов Г.Н.,ФПМИ,доцент,к.н.
Морозов М.Ю.,ФМиМ,,д.н.
Сидоров К.М.,ФИТ,доцент,
Егоров Г.Н.,ФРТ,,к.н.
Петров А.А.,ФМиМ,профессор,
Новиков А.А.,ФРТ,доцент,к.н.
Козлов В.И.,ИТМО,профессор,д.н.
Соколов Ж.Р.,ФИТ,доцент,к.н.
Алексеев А.А.,ФМиЕН,,
Козлов Е.П.,ФИТ,,к.н.
Новиков Ж.Р.,ИТМО,доцент,к.н.
Петров В.И.,ФИВТ,ассистент,
Морозов З.Т.,ФПМИ,,
Волков А.А.,ФФ,ассистент,к.н.
Алексеев З.Т.,ФИВТ,ассистент,к.н.
Смирнов Ж.Р.,ФФ,,
Козлов В.И.,ИТМО,доцент,
Петров И.К.,ФУПМ,,д.н.
Лебедев Г.Н.,ФПМИ,,д.н.
Новиков М.Ю.,ФУПМ,,д.н.
Смирнов М.Ю.,ФМиМ,ассистент,к.н.
Лебедев М.Ю.,ФРТ,профессор,
Сидоров К.М.,ФУПМ,ассистент,д.н.
Новиков З.Т.,ФМиЕН,,д.н.
Сидоров Б.В.,ФМиЕН,профессор,
Лебедев Б.В.,ФМиЕН,профессор,д.н.
Козлов К.М.,ФМиЕН,профессор,д.н.
Иванов Д.С.,ФФ,ассистент,к.н.
Соколов Д.С.,ФПМИ,доцент,д.н.
Новиков В.И.,ФФ,,
Алексеев Г.Н.,ФЭТ,,д.н.
Лебедева В.И.,ФИВТ,доцент,д.н.
Иванов Ж.Р.,ФПМИ,доцент,к.н.
Соколов Г.Н.,ФМиМ,профессор,к.н.
Петров В.И.,ФФ,профессор,
Алексеев А.А.,ФПМИ,ассистент,к.н.
Новиков Б.В.,ФРТ,профессор,к.н.
Семенов В.И.,ФУПМ,доцент,к.н.
Козлов В.И.,ФИВТ,доцент,
Смирнов Е.П.,ФРТ,доцент,д.н.
Морозов Д.С.,ФМиМ,ассистент,к.н.
Лебедев Л.О.,ФИТ,доцент,д.н.
Егоров Е.П.,ФМиЕН,,к.н.
Морозов В.И.,ФРТ,ассистент,
Семенов А.А.,ИТМО,доцент,
Сидоров Ж.Р.,ФУПМ,,к.н.
Соколов В.И.,ФУПМ,,к.н.
Егоров Л.О.,ФУПМ,,д.н.
Алексеев И.К.,ФЭТ,профессор,к.н.
Новиков Л.О.,ФЭТ,ассистент,д.н.
Попов Л.О.,ФФ,доцент,
Семенов Г.Н.,ФЭТ,,к.н.
Алексеев Д.С.,ИТМО,профессор,д.н.
Лебедева З.Т.,ФПМИ,профессор,к.н.
Иванов Г.Н.,ФЭТ,ассистент,к.н.
Петров К.М.,ИТМО,доцент,д.н.
Егоров Л.О.,ИТМО,ассистент,к.н.
Егоров А.А.,ФРТ,,
Волков М.Ю.,ФИТ,профессор,
Лебедев Г.Н.,ФРТ,профессор,
Лебедева Л.О.,ФФ,профессор,
Попов М.Ю.,ФФ,доцент,
Козлов Е.П.,ФЭТ,профессор,к.н.
Козлов Е.П.,ФУПМ,профессор,д.н.
Алексеев А.А.,ФУПМ,доцент,к.н.
Соколов З.Т.,ИТМО,ассистент,д.н.
Егоров Ж.Р.,ФРТ,профессор,к.н.
Иванов А.А.,ФЭТ,,д.н.
Семенов А.А.,ФРТ,ассистент,д.н.
Семенов З.Т.,ФРТ,,к.н.
Волков А.А.,ФУПМ,профессор,д.н.
Семенов В.И.,ФПМИ,,д.н.
Морозов Е.П.,ФУПМ,ассистент,д.н.
Сидоров В.И.,ФУПМ,доцент,д.н.
Алексеев И.К.,ФФ,доцент,
Иванов К.М.,ФРТ,ассистент,к.н.
Кузнецов М.Ю.,ФИВТ,профессор,
Волков З.Т.,ФИТ,профессор,
Новиков Д.С.,ФФ,доцент,
Смирнов А.А.,ФМиМ,профессор,
Соколов Б.В.,ФИВТ,профессор,
Лебедева Л.О.,ФМиЕН,,
Морозов Б.В.,ФУПМ,доцент,
Кузнецов Д.С.,ФМиМ,,д.н.
Козлов И.К.,ФМиЕН,доцент,к.н.
Попов К.М.,ФРТ,профессор,
Алексеев К.М.,ФУПМ,,
Лебедева В.И.,ФЭТ,профессор,к.н.
Волков Г.Н.,ФИВТ,ассистент,
Морозов К.М.,ФУПМ,доцент,д.н.
Иванов М.Ю.,ФМиЕН,доцент,к.н.
Иванов З.Т.,ФМиЕН,,к.н.
Егоров Е.П.,ФПМИ,профессор,
Лебедева Ж.Р.,ФРТ,ассистент,
Семенов И.К.,ИТМО,доцент,
Козлов Е.П.,ФРТ,ассистент,д.н.
Попов И.К.,ФМиМ,профессор,д.н.
Лебедев Ж.Р.,ФФ,профессор,д.н.
Козлов Л.О.,ФМиЕН,ассистент,д.н.
Алексеев А.А.,ФФ,профессор,д.н.
Иванов Ж.Р.,ФУПМ,,
Попов М.Ю.,ФИТ,доцент,к.н.
Попов Б.В.,ФФ,профессор,д.н.
Семенов Г.Н.,ФПМИ,ассистент,к.н.
Петров И.К.,ФПМИ,профессор,
Лебедева Л.О.,ФИТ,,к.н.
Лебедева Л.О.,ФЭТ,,д.н.
Иванов Ж.Р.,ФИТ,ассистент,д.н.
Лебедева Д.С.,ФФ,ассистент,к.н.
Иванов Д.С.,ФИВТ,,д.н.
Морозов М.Ю.,ФПМИ,,д.н.
Морозов Л.О.,ФМиЕН,профессор,д.н.
Лебедева Ж.Р.,ФРТ,профессор,к.н.
Петров А.А.,ФМиЕН,профессор,к.н.
Попов Г.Н.,ФЭТ,доцент,
Морозов Б.В.,ФПМИ,,к.н.
Егоров Ж.Р.,ФМиМ,ассистент,
Алексеев Г.Н.,ФФ,ассистент,
Иванов З.Т.,ФУПМ,,
Егоров В.И.,ФРТ,ассистент,к.н.
Иванов Е.П.,ФМиМ,профессор,д.н.
Новиков З.Т.,ИТМО,,д.н.
Морозов В.И.,ФЭТ,ассистент,к.н.
Егоров Г.Н.,ФМиМ,доцент,д.н.
Лебедев В.И.,ФФ,доцент,д.н.
Петров Г.Н.,ФИВТ,ассистент,д.н.
Семенов Ж.Р.,ФМиЕН,профессор,к.н.
Соколов К.М.,ФИВТ,,д.н.
Соколов В.И.,ФРТ,,д.н.
Алексеев Е.П.,ФИВТ,доцент,д.н.
Морозов З.Т.,ФПМИ,профессор,
Лебедев Л.О.,ФПМИ,,д.н.
Иванов Ж.Р.,ФПМИ,доцент,
Новиков И.К.,ИТМО,ассистент,к.н.
Лебедева М.Ю.,ФМиМ,,
Алексеев И.К.,ФРТ,,
Егоров Л.О.,ФЭТ,доцент,к.н.
Егоров Б.В.,ФЭТ,ассистент,к.н.
Новиков К.М.,ФФ,доцент,к.н.
Иванов М.Ю.,ФМиЕН,профессор,д.н.
Лебедева Г.Н.,ИТМО,доцент,
Лебедев В.И.,ФМиЕН,профессор,д.н.
Смирнов К.М.,ФЭТ,,
Лебедев Д.С.,ФИВТ,ассистент,
Новиков Ж.Р.,ФИТ,профессор,д.н.
Петров Л.О.,ФИВТ,ассистент,
Сидоров Е.П.,ФЭТ,доцент,
Козлов К.М.,ФИТ,доцент,
Егоров Б.В.,ИТМО,ассистент,к.н.
Лебедева Б.В.,ФЭТ,ассистент,д.н.
Алексеев Д.С.,ФИВТ,ассистент,д.н.
Лебедева М.Ю.,ФИВТ,ассистент,д.н.
Кузнецов М.Ю.,ФМиЕН,,
Соколов З.Т.,ФУПМ,ассистент,
Соколов И.К.,ФФ,,
Козлов Д.С.,ФФ,,
Козлов Е.П.,ФРТ,профессор,д.н.
Иванов Б.В.,ФМиМ,профессор,
Семенов Г.Н.,ФЭТ,,
Попов И.К.,ФИТ,ассистент,д.н.
Волков В.И.,ФИТ,,д.н.
Кузнецов Б.В.,ИТМО,доцент,к.н.
Попов Л.О.,ФЭТ,,к.н.
Егоров Ж.Р.,ФУПМ,доцент,к.н.
Новиков Д.С.,ФИТ,ассистент,
Козлов З.Т.,ФИВТ,ассистент,к.н.
Новиков М.Ю.,ФПМИ,ассистент,д.н.
Егоров А.А.,ФМиМ,профессор,к.н.
Смирнов Г.Н.,ИТМО,ассистент,д.н.
Кузнецов Ж.Р.,ФФ,,к.н.
Соколов Л.О.,ФМиЕН,профессор,
Егоров Д.С.,ФМиЕН,доцент,к.н.
Волков К.М.,ФМиМ,ассистент,д.н.
Попов В.И.,ФЭТ,,
Попов З.Т.,ФРТ,ассистент,
Попов И.К.,ФПМИ,ассистент,к.н.
Лебедева М.Ю.,ФИТ,профессор,д.н.
Соколов Д.С.,ФРТ,доцент,к.н.
Алексеев Л.О.,ФИВТ,доцент,к.н.
Морозов И.К.,ФИВТ,ассистент,к.н.
Лебедева Е.П.,ФМиМ,профессор,
Волков Д.С.,ФМиМ,профессор,д.н.
Сидоров Д.С.,ФЭТ,,д.н.
Волков Д.С.,ФРТ,профессор,д.н.
Кузнецов Ж.Р.,ФПМИ,профессор,к.н.
Козлов Ж.Р.,ФЭТ,профессор,к.н.
Кузнецов Г.Н.,ФЭТ,,д.н.
Лебедев К.М.,ФЭТ,ассистент,
Козлов Д.С.,ФПМИ,профессор,д.н.
Сидоров Ж.Р.,ФМиМ,ассистент,
Козлов В.И.,ФИВТ,доцент,д.н.
Кузнецов Ж.Р.,ИТМО,доцент,д.н.
Морозов Ж.Р.,ФРТ,профессор,д.н.
Алексеев А.А.,ФФ,,к.н.
Попов Л.О.,ФМиЕН,профессор,д.н.
Лебедева В.И.,ФУПМ,ассистент,д.н.
Егоров Б.В.,ФПМИ,ассистент,д.н.
Егоров М.Ю.,ФИТ,доцент,д.н.
Козлов Б.В.,ФЭТ,профессор,к.н.
Морозов Б.В.,ФИТ,профессор,к.н.
Соколов В.И.,ФФ,,
Кузнецов К.М.,ФИТ,доцент,д.н.
Козлов В.И.,ФИТ,доцент,к.н.
Алексеев Л.О.,ИТМО,доцент,
Попов Г.Н.,ФИВТ,доцент,
Лебедева З.Т.,ИТМО,профессор,д.н.
Петров В.И.,ФИВТ,ассистент,к.н.
Козлов Ж.Р.,ФФ,профессор,
Иванов В.И.,ИТМО,,к.н.
Смирнов М.Ю.,ФМиМ,профессор,
Егоров Д.С.,ФИВТ,ассистент,д.н.
Лебедева Г.Н.,ФИТ,,к.н.
Смирнов Г.Н.,ФИТ,доцент,
Морозов Б.В.,ФУПМ,ассистент,к.н.
Волков Е.П.,ФРТ,,д.н.
Петров Б.В.,ФЭТ,профессор,
Кузнецов Б.В.,ФРТ,профессор,
Новиков А.А.,ФИВТ,доцент,д.н.
Лебедев Ж.Р.,ИТМО,профессор,д.н.
Смирнов Г.Н.,ФРТ,доцент,
Сидоров Л.О.,ИТМО,профессор,к.н.
Смирнов И.К.,ФПМИ,,к.н.
Сидоров Г.Н.,ФФ,профессор,
Алексеев Ж.Р.,ФПМИ,,к.н.
Иванов Л.О.,ФРТ,ассистент,д.н.
Егоров Г.Н.,ФРТ,доцент,
Петров М.Ю.,ФФ,профессор,
Соколов И.К.,ФМиМ,ассистент,
Семенов Г.Н.,ФПМИ,профессор,к.н.
Волков З.Т.,ФМиМ,ассистент,
Козлов Л.О.,ФИВТ,профессор,
Новиков Ж.Р.,ФПМИ,профессор,к.н.
Лебедева М.Ю.,ФМиМ,ассистент,
Иванов М.Ю.,ИТМО,,д.н.
Алексеев И.К.,ФПМИ,,д.н.
Кузнецов З.Т.,ФИВТ,ассистент,д.н.
Смирнов Б.В.,ФРТ,профессор,к.н.
Иванов В.И.,ФМиМ,ассистент,
Кузнецов Ж.Р.,ФМиМ,профессор,к.н.
Новиков А.А.,ФЭТ,ассистент,к.н.
Алексеев Б.В.,ФИВТ,доцент,
Семенов Б.В.,ФПМИ,ассистент,к.н.
Лебедев Б.В.,ФУПМ,,к.н.
Козлов З.Т.,ФУПМ,профессор,д.н.
Егоров З.Т.,ФИВТ,доцент,д.н.
Лебедев К.М.,ФИТ,доцент,д.н.
Лебедев Ж.Р.,ФФ,доцент,к.н.
Лебедева И.К.,ФЭТ,,д.н.
Семенов Г.Н.,ФПМИ,доцент,к.н.
Петров Л.О.,ФИТ,доцент,к.н.
Попов К.М.,ФИВТ,,
Козлов Д.С.,ФИТ,,
Попов Д.С.,ФМиМ,доцент,д.н.
Новиков И.К.,ФЭТ,ассистент,к.н.
Волков Ж.Р.,ФМиМ,ассистент,к.н.
Алексеев Е.П.,ФМиЕН,доцент,
Петров Е.П.,ФИТ,доцент,д.н.
Лебедев З.Т.,ФИТ,доцент,
Иванов З.Т.,ФМиМ,ассистент,
Алексеев М.Ю.,ФУПМ,доцент,д.н.
Козлов В.И.,ФРТ,доцент,
Лебедева З.Т.,ФИТ,доцент,к.н.
Петров В.И.,ФМиЕН,ассистент,
Семенов З.Т.,ФЭТ,профессор,д.н.
Волков К.М.,ФПМИ,профессор,
Соколов М.Ю.,ФИТ,доцент,к.н.
Алексеев З.Т.,ИТМО,,к.н.
Лебедев М.Ю.,ФМиМ,,к.н.
Петров М.Ю.,ФМиМ,доцент,д.н.
Попов И.К.,ФМиЕН,ассистент,
Петров М.Ю.,ФЭТ,доцент,д.н.
Соколов В.И.,ФМиЕН,ассистент,
Новиков Е.П.,ФИВТ,,
Сидоров А.А.,ФУПМ,профессор,к.н.
Новиков И.К.,ФРТ,ассистент,к.н.
Лебедев Д.С.,ФМиЕН,ассистент,к.н.
Кузнецов И.К.,ФФ,профессор,д.н.
Козлов И.К.,ФУПМ,доцент,д.н.
Попов К.М.,ФМиМ,доцент,
Кузнецов М.Ю.,ФПМИ,профессор,к.н.
Козлов Б.В.,ФПМИ,,к.н.
Лебедева Ж.Р.,ФМиЕН,ассистент,
Лебедев З.Т.,ФИТ,доцент,
Семенов Л.О.,ФУПМ,,д.н.
Новиков Д.С.,ФПМИ,профессор,д.н.
Иванов Е.П.,ФИТ,профессор,д.н.
Соколов К.М.,ФПМИ,ассистент,
Алексеев К.М.,ФМиЕН,ассистент,д.н.
Алексеев Б.В.,ФРТ,ассистент,д.н.
Сидоров Г.Н.,ФУПМ,ассистент,
Сидоров З.Т.,ФРТ,доцент,д.н.
Семенов Ж.Р.,ФПМИ,,д.н.
Кузнецов В.И.,ФЭТ,доцент,д.н.
Козлов Л.О.,ФМиМ,,
Попов Л.О.,ФИВТ,,д.н.
Морозов В.И.,ФИВТ,доцент,к.н.
Козлов Е.П.,ФМиЕН,профессор,
Новиков И.К.,ФМиМ,профессор,д.н.
Семенов З.Т.,ИТМО,доцент,
Волков Ж.Р.,ФИТ,доцент,
Соколов М.Ю.,ФФ,,к.н.
Сидоров З.Т.,ФИТ,,к.н.
Семенов З.Т.,ФПМИ,,
Соколов Г.Н.,ФПМИ,профессор,д.н.
Алексеев З.Т.,ФИТ,,д.н.
Козлов А.А.,ФРТ,профессор,к.н.
Кузнецов Д.С.,ИТМО,профессор,д.н.
Петров А.А.,ФПМИ,доцент,
Волков Г.Н.,ФПМИ,профессор,к.н.
Лебедева А.А.,ФИТ,доцент,д.н.
Попов Ж.Р.,ФИВТ,профессор,д.н.
Морозов И.К.,ФИВТ,доцент,к.н.
Семенов М.Ю.,ФФ,ассистент,
Кузнецов Г.Н.,ФИТ,,к.н.
Иванов Г.Н.,ФФ,ассистент,
Морозов Л.О.,ФИВТ,профессор,к.н.
Алексеев М.Ю.,ФПМИ,,
Новиков Д.С.,ИТМО,ассистент,
Новиков И.К.,ФМиМ,ассистент,д.н.
Петров Д.С.,ФУПМ,,к.н.
Соколов Д.С.,ФМиЕН,,д.н.
Лебедев М.Ю.,ФУПМ,доцент,
Кузнецов В.И.,ФРТ,ассистент,к.н.
Егоров Г.Н.,ФЭТ,ассистент,к.н.
Волков Г.Н.,ИТМО,доцент,д.н.
Кузнецов Ж.Р.,ФИТ,профессор,
Морозов Д.С.,ФМиЕН,,
Смирнов И.К.,ФЭТ,ассистент,к.н.
Соколов Е.П.,ФФ,ассистент,
Петров В.И.,ФПМИ,доцент,к.н.
Егоров М.Ю.,ИТМО,ассистент,к.н.
Кузнецов Е.П.,ФУПМ,,к.н.
Лебедев Е.П.,ИТМО,,к.н.
Смирнов А.А.,ФПМИ,профессор,д.н.
Козлов З.Т.,ФЭТ,ассистент,д.н.
Иванов Ж.Р.,ФРТ,доцент,д.н.
Кузнецов З.Т.,ФЭТ,профессор,к.н.
Егоров Л.О.,ФФ,доцент,
Соколов Д.С.,ФМиЕН,доцент,д.н.
Иванов И.К.,ФРТ,,к.н.
Козлов В.И.,ФИТ,ассистент,
Егоров К.М.,ФМиЕН,доцент,д.н.
Семенов З.Т.,ФРТ,профессор,
Волков Ж.Р.,ФУПМ,доцент,
Волков Л.О.,ФУПМ,доцент,д.н.
Лебедева Б.В.,ФПМИ,профессор,к.н.
Козлов Б.В.,ФУПМ,профессор,д.н.
Козлов Б.В.,ФПМИ,,
Сидоров И.К.,ФМиЕН,ассистент,д.н.
Егоров Д.С.,ФИВТ,ассистент,д.н.
Сидоров А.А.,ФФ,,к.н.
Новиков Е.П.,ФРТ,ассистент,к.н.
Соколов М.Ю.,ФУПМ,ассистент,д.н.
Кузнецов И.К.,ФПМИ,ассистент,д.н.
Сидоров В.И.,ИТМО,ассистент,к.н.
Лебедев А.А.,ФЭТ,доцент,д.н.
Новиков Б.В.,ИТМО,ассистент,к.н.
Егоров Г.Н.,ФПМИ,,
Лебедев В.И.,ФПМИ,профессор,
Соколов З.Т.,ФРТ,профессор,
Петров К.М.,ФПМИ,ассистент,д.н.
Новиков Б.В.,ФМиЕН,доцент,
Иванов Б.В.,ФИВТ,доцент,
Лебедева Ж.Р.,ФУПМ,доцент,
Козлов З.Т.,ИТМО,профессор,к.н.
Волков В.И.,ФПМИ,доцент,д.н.
Новиков В.И.,ФМиМ,,
Кузнецов Б.В.,ФИВТ,,к.н.
Волков А.А.,ФМиЕН,профессор,д.н.
Иванов М.Ю.,ФИВТ,ассистент,д.н.
Егоров В.И.,ФПМИ,ассистент,к.н.
Соколов Г.Н.,ФИВТ,ассистент,к.н.
Сидоров И.К.,ФФ,,д.н.
Лебедев Ж.Р.,ФФ,профессор,д.н.
Сидоров Д.С.,ФИТ,профессор,д.н.
Семенов Е.П.,ФЭТ,ассистент,к.н.
Сидоров К.М.,ФПМИ,профессор,к.н.
Егоров И.К.,ФМиЕН,ассистент,к.н.
Соколов Л.О.,ФЭТ,доцент,
Семенов К.М.,ФФ,ассистент,
Семенов В.И.,ФРТ,,
Егоров Г.Н.,ФФ,ассистент,д.н.
Волков В.И.,ФУПМ,,д.н.
Алексеев Е.П.,ФМиМ,профессор,к.н.
Козлов Б.В.,ФМиМ,профессор,к.н.
Алексеев Д.С.,ФФ,,
Соколов И.К.,ФЭТ,,к.н.
Иванов Д.С.,ФЭТ,ассистент,к.н.
Сидоров И.К.,ИТМО,доцент,
Лебедев А.А.,ИТМО,ассистент,к.н.
Морозов З.Т.,ФМиЕН,профессор,
Козлов Л.О.,ФИТ,профессор,
Смирнов Л.О.,ФМиМ,доцент,д.н.
Алексеев К.М.,ФУПМ,доцент,
Новиков Д.С.,ФИТ,ассистент,к.н.
Лебедев М.Ю.,ФЭТ,ассистент,
Алексеев Е.П.,ФУПМ,доцент,д.н.
Морозов Д.С.,ФЭТ,ассистент,
Петров Д.С.,ФПМИ,,
Козлов А.А.,ФПМИ,ассистент,
Иванов М.Ю.,ФИВТ,профессор,
Козлов Г.Н.,ИТМО,,д.н.
Егоров З.Т.,ФФ,,д.н.
Сидоров Е.П.,ФИТ,доцент,к.н.
Лебедева Б.В.,ФРТ,ассистент,
Козлов Л.О.,ФУПМ,профессор,д.н.
Морозов И.К.,ФПМИ,доцент,к.н.
Петров Б.В.,ФИВТ,,
Лебедев Г.Н.,ФРТ,профессор,к.н.
Петров А.А.,ФЭТ,профессор,
Волков В.И.,ФИВТ,ассистент,д.н.
Новиков Д.С.,ФУПМ,,
Новиков М.Ю.,ФРТ,профессор,
Соколов З.Т.,ИТМО,доцент,д.н.
Смирнов З.Т.,ИТМО,ассистент,к.н.
Кузнецов З.Т.,ФПМИ,ассистент,
Смирнов Г.Н.,ФРТ,доцент,
Волков Л.О.,ФУПМ,профессор,к.н.
Кузнецов Д.С.,ФМиЕН,,д.н.
Попов В.И.,ИТМО,профессор,д.н.
Иванов З.Т.,ФИВТ,,
Новиков Л.О.,ФРТ,,к.н.
Волков В.И.,ФИТ,,
Петров М.Ю.,ФИТ,,
Лебедева И.К.,ФМиМ,ассистент,к.н.
Сидоров Л.О.,ФПМИ,,
Петров Е.П.,ФМиЕН,профессор,к.н.
Волков М.Ю.,ФУПМ,,
Кузнецов К.М.,ФИВТ,,к.н.
Сидоров Б.В.,ФЭТ,профессор,
Семенов Ж.Р.,ФРТ,ассистент,
Смирнов Е.П.,ФЭТ,,
Новиков Л.О.,ФИВТ,доцент,д.н.
Новиков Б.В.,ИТМО,,д.н.
Иванов А.А.,ФПМИ,профессор,к.н.
Лебедев А.А.,ФПМИ,профессор,д.н.
Морозов Б.В.,ФУПМ,профессор,к.н.
Алексеев Л.О.,ИТМО,доцент,д.н.
Новиков М.Ю.,ФИТ,доцент,д.н.
Соколов Л.О.,ФЭТ,доцент,
Семенов Л.О.,ФФ,ассистент,к.н.
Сидоров Е.П.,ФПМИ,ассистент,к.н.
Алексеев Ж.Р.,ФРТ,,д.н.
Лебедева Ж.Р.,ФМиМ,ассистент,д.н.
Петров Б.В.,ФМиЕН,ассистент,
Новиков А.А.,ФПМИ,профессор,д.н.
Соколов Б.В.,ФУПМ,,к.н.
Иванов А.А.,ФФ,,к.н.
Морозов Ж.Р.,ИТМО,профессор,
Новиков Б.В.,ФПМИ,ассистент,к.н.
Иванов И.К.,ФЭТ,ассистент,
Попов Д.С.,ФРТ,ассистент,
Лебедева Д.С.,ФУПМ,ассистент,
Волков И.К.,ИТМО,профессор,д.н.
Семенов Г.Н.,ФУПМ,,д.н.
Петров З.Т.,ФРТ,,д.н.
Лебедева И.К.,ФЭТ,доцент,
Соколов Ж.Р.,ФИТ,доцент,к.н.
Морозов З.Т.,ФУПМ,ассистент,
Сидоров Б.В.,ФМиМ,,д.н.
Алексеев М.Ю.,ИТМО,,
Козлов Г.Н.,ФРТ,профессор,д.н.
Лебедева Г.Н.,ИТМО,доцент,д.н.
Волков А.А.,ФМиМ,доцент,д.н.
Козлов К.М.,ФРТ,ассистент,д.н.
Петров Г.Н.,ФЭТ,,
Кузнецов Б.В.,ФЭТ,доцент,к.н.
Сидоров М.Ю.,ФФ,ассистент,д.н.
Лебедева Ж.Р.,ФПМИ,профессор,
Алексеев Л.О.,ФУПМ,профессор,к.н.
Сидоров Л.О.,ФРТ,доцент,к.н.
Кузнецов Г.Н.,ФПМИ,доцент,д.н.
Сидоров Б.В.,ФМиМ,,д.н.
Лебедев З.Т.,ФРТ,ассистент,
Лебедева Л.О.,ФЭТ,,д.н.
Егоров К.М.,ФМиМ,профессор,к.н.
Петров М.Ю.,ИТМО,профессор,к.н.
Егоров Б.В.,ФПМИ,,
Иванов Л.О.,ФЭТ,ассистент,
Егоров Ж.Р.,ФМиЕН,ассистент,к.н.
Иванов А.А.,ФФ,,
Семенов И.К.,ФИТ,,д.н.
Волков В.И.,ФУПМ,профессор,к.н.
Попов З.Т.,ИТМО,доцент,д.н.
Кузнецов З.Т.,ФПМИ,профессор,д.н.
Волков Ж.Р.,ИТМО,доцент,к.н.
Егоров Б.В.,ФМиМ,ассистент,д.н.
Петров Г.Н.,ФМиМ,доцент,д.н.
Попов Л.О.,ФИВТ,профессор,к.н.
Лебедева З.Т.,ИТМО,,д.н.
Сидоров Д.С.,ФИВТ,ассистент,к.н.
Петров Ж.Р.,ФМиЕН,профессор,
Кузнецов М.Ю.,ФМиЕН,,
Егоров Г.Н.,ФУПМ,доцент,
Козлов Б.В.,ФПМИ,профессор,д.н.
Иванов Д.С.,ФЭТ,ассистент,д.н.
Егоров Б.В.,ФМиМ,профессор,д.н.
Смирнов К.М.,ФМиМ,,к.н.
Алексеев А.А.,ФИВТ,,
Егоров Б.В.,ФФ,ассистент,д.н.
Волков Г.Н.,ФИТ,профессор,
Семенов И.К.,ФУПМ,доцент,
Петров Б.В.,ИТМО,профессор,к.н.
Новиков Д.С.,ИТМО,,д.н.
Семенов З.Т.,ИТМО,профессор,д.н.
Иванов В.И.,ФМиЕН,,
Волков Г.Н.,ФЭТ,доцент,
Смирнов Ж.Р.,ИТМО,доцент,д.н.
Петров Е.П.,ФМиМ,профессор,
Сидоров Б.В.,ФФ,доцент,д.н.
Козлов З.Т.,ФУПМ,доцент,к.н.
Лебедева И.К.,ФФ,,д.н.
Егоров М.Ю.,ФЭТ,профессор,
Волков Д.С.,ФФ,ассистент,
Козлов З.Т.,ФМиМ,ассистент,к.н.
Лебедева Д.С.,ФМиМ,доцент,д.н.
Морозов В.И.,ФУПМ,профессор,д.н.
Смирнов Ж.Р.,ФРТ,профессор,к.н.
Морозов И.К.,ФЭТ,ассистент,
Новиков М.Ю.,ФМиМ,,д.н.
Смирнов Б.В.,ИТМО,ассистент,д.н.
Соколов Д.С.,ФПМИ,ассистент,
Егоров И.К.,ИТМО,профессор,д.н.
Сидоров Ж.Р.,ФМиМ,профессор,д.н.
Егоров М.Ю.,ФИТ,профессор,д.н.
Лебедева А.А.,ФПМИ,профессор,к.н.
Новиков К.М.,ФМиМ,ассистент,к.н.
Егоров Б.В.,ФУПМ,ассистент,д.н.
Петров А.А.,ФФ,профессор,к.н.
Егоров Г.Н.,ФЭТ,,
Волков Б.В.,ФФ,доцент,д.н.
Лебедев А.А.,ИТМО,профессор,д.н.
Сидоров А.А.,ФМиЕН,доцент,д.н.
Новиков В.И.,ФПМИ,доцент,к.н.
Попов К.М.,ИТМО,профессор,
Егоров И.К.,ФФ,ассистент,к.н.
Морозов А.А.,ФРТ,доцент,д.н.
Морозов М.Ю.,ФИВТ,доцент,д.н.
Петров Е.П.,ФМиМ,,
Новиков Ж.Р.,ФФ,,
Смирнов Г.Н.,ФУПМ,ассистент,
Семенов Ж.Р.,ФИТ,,к.н.
Егоров Е.П.,ФМиМ,,к.н.
Иванов В.И.,ФФ,профессор,к.н.
Иванов Д.С.,ФФ,доцент,к.н.
Петров К.М.,ФМиЕН,профессор,
Петров Д.С.,ФИТ,ассистент,
Семенов И.К.,ФМиМ,,к.н.
Смирнов В.И.,ФИВТ,,д.н.
Морозов Б.В.,ФЭТ,ассистент,
Смирнов З.Т.,ФМиМ,ассистент,к.н.
Лебедев М.Ю.,ФПМИ,,д.н.
Смирнов Л.О.,ФФ,ассистент,к.н.
Лебедев Г.Н.,ФИВТ,профессор,д.н.
Иванов Е.П.,ФУПМ,доцент,д.н.
Кузнецов И.К.,ИТМО,профессор,
Егоров Г.Н.,ФПМИ,,
Кузнецов К.М.,ФМиЕН,доцент,д.н.
Новиков М.Ю.,ФМиМ,,д.н.
Семенов В.И.,ФЭТ,,к.н.
Смирнов К.М.,ФМиЕН,доцент,
Волков Б.В.,ФМиЕН,,
Семенов З.Т.,ФРТ,,к.н.
Новиков В.И.,ФФ,профессор,
Морозов В.И.,ФМиЕН,профессор,
Смирнов Ж.Р.,ФИВТ,,д.н.
Сидоров К.М.,ФФ,,к.н.
Новиков Г.Н.,ФЭТ,,д.н.
Семенов Д.С.,ИТМО,профессор,д.н.
Лебедева Ж.Р.,ФМиЕН,доцент,к.н.
Петров В.И.,ИТМО,профессор,к.н.
Егоров В.И.,ФРТ,доцент,д.н.
Сидоров Е.П.,ФРТ,доцент,к.н.
Морозов Г.Н.,ФИВТ,ассистент,д.н.
Попов Е.П.,ФМиМ,профессор,
Новиков Б.В.,ФИТ,доцент,к.н.
Морозов А.А.,ФМиМ,ассистент,к.н.
Петров Ж.Р.,ФМиМ,,д.н.
Попов Б.В.,ФМиМ,,
Кузнецов М.Ю.,ФРТ,,д.н.
Соколов Е.П.,ФИТ,ассистент,
Лебедев Г.Н.,ФРТ,ассистент,к.н.
Волков А.А.,ИТМО,доцент,к.н.
Козлов К.М.,ИТМО,ассистент,к.н.
Егоров Е.П.,ФФ,доцент,
Егоров Е.П.,ФЭТ,ассистент,
Новиков М.Ю.,ФРТ,доцент,к.н.
Лебедева Е.П.,ИТМО,,
Лебедева В.И.,ФМиЕН,доцент,
Иванов А.А.,ФУПМ,профессор,к.н.
Сидоров М.Ю.,ФФ,ассистент,д.н.
Алексеев Л.О.,ФМиМ,профессор,д.н.
Иванов Г.Н.,ФУПМ,ассистент,д.н.
Сидоров А.А.,ФУПМ,доцент,к.н.
Волков З.Т.,ФИТ,,д.н.
Смирнов Б.В.,ФЭТ,ассистент,д.н.
Петров Б.В.,ФЭТ,профессор,
Иванов Е.П.,ФРТ,профессор,
Алексеев К.М.,ФФ,ассистент,д.н.
Лебедева З.Т.,ИТМО,доцент,к.н.
Егоров З.Т.,ФМиЕН,профессор,д.н.
Морозов И.К.,ФПМИ,доцент,д.н.
Петров Ж.Р.,ФЭТ,ассистент,к.н.
Алексеев Б.В.,ФУПМ,профессор,к.н.
Попов И.К.,ИТМО,профессор,д.н.
Лебедев Е.П.,ФРТ,доцент,к.н.
Сидоров Е.П.,ФМиЕН,доцент,д.н.
Соколов М.Ю.,ФМиЕН,ассистент,к.н.
Иванов Б.В.,ФИТ,,
Морозов В.И.,ФПМИ,доцент,д.н.
Егоров Л.О.,ФЭТ,ассистент,
Кузнецов З.Т.,ФИТ,ассистент,
Смирнов Д.С.,ФМиМ,ассистент,д.н.
Кузнецов Л.О.,ФЭТ,профессор,к.н.
Попов Е.П.,ФМиЕН,доцент,д.н.
Алексеев Б.В.,ФЭТ,ассистент,д.н.
Козлов Г.Н.,ФМиЕН,,к.н.
Волков К.М.,ФМиЕН,ассистент,д.н.
Алексеев Л.О.,ИТМО,профессор,к.н.
Петров З.Т.,ФМиЕН,ассистент,д.н.
Петров Е.П.,ФМиЕН,ассистент,
Новиков З.Т.,ФПМИ,доцент,
Семенов В.И.,ФИТ,профессор,д.н.
Смирнов Ж.Р.,ФМиМ,ассистент,к.н.
Смирнов З.Т.,ФМиМ,доцент,
Козлов В.И.,ФФ,профессор,д.н.
Сидоров К.М.,ФМиЕН,,к.н.
Егоров А.А.,ИТМО,,д.н.
Иванов А.А.,ФУПМ,профессор,к.н.
Волков Г.Н.,ФИВТ,,д.н.
Лебедев Л.О.,ФРТ,доцент,д.н.
Новиков К.М.,ФРТ,профессор,к.н.
Лебедев А.А.,ИТМО,доцент,к.н.
Алексеев Б.В.,ФУПМ,профессор,
Лебедев З.Т.,ФЭТ,ассистент,д.н.
Лебедев Г.Н.,ФРТ,доцент,
Сидоров Г.Н.,ФЭТ,ассистент,к.н.
Смирнов Е.П.,ФРТ,доцент,
Петров В.И.,ФИТ,ассистент,д.н.
Сидоров М.Ю.,ФМиМ,доцент,к.н.
Егоров З.Т.,ФУПМ,профессор,д.н.
Соколов Д.С.,ФУПМ,профессор,
Иванов И.К.,ФФ,,к.н.
Семенов З.Т.,ФУПМ,,
Лебедева Д.С.,ИТМО,профессор,к.н.
Новиков Г.Н.,ФИТ,,д.н.
Козлов Е.П.,ФИВТ,профессор,д.н.
Волков А.А.,ФЭТ,доцент,
Попов Е.П.,ФЭТ,,к.н.
Сидоров В.И.,ИТМО,,к.н.
Волков Е.П.,ИТМО,,
Морозов М.Ю.,ИТМО,ассистент,
Иванов М.Ю.,ФФ,,к.н.
Морозов И.К.,ФЭТ,ассистент,к.н.
Смирнов К.М.,ФРТ,профессор,к.н.
Морозов З.Т.,ФЭТ,ассистент,к.н.
Алексеев В.И.,ФМиМ,профессор,к.н.
Кузнецов Г.Н.,ФИВТ,доцент,к.н.
Лебедев Б.В.,ФМиЕН,ассистент,
Сидоров Б.В.,ФЭТ,,д.н.
Лебедев Д.С.,ФРТ,профессор,к.н.
Лебедева Б.В.,ФМиЕН,профессор,к.н.
Сидоров И.К.,ФПМИ,,
Алексеев Г.Н.,ФФ,профессор,
Иванов И.К.,ФМиЕН,доцент,
Егоров З.Т.,ФИВТ,профессор,д.н.
Лебедева А.А.,ФПМИ,профессор,к.н.
Петров К.М.,ИТМО,доцент,д.н.
Алексеев Д.С.,ФУПМ,доцент,
Козлов Г.Н.,ФЭТ,доцент,
Алексеев Г.Н.,ФРТ,,д.н.
Алексеев Д.С.,ИТМО,доцент,к.н.
Смирнов А.А.,ФМиМ,профессор,д.н.
Сидоров М.Ю.,ФИВТ,ассистент,д.н.
Егоров Г.Н.,ФМиМ,ассистент,к.н.
Соколов Г.Н.,ФИВТ,,
Морозов М.Ю.,ФФ,ассистент,
Новиков Г.Н.,ФМиМ,доцент,д.н.
Кузнецов М.Ю.,ФМиМ,,д.н.
Козлов Г.Н.,ФЭТ,ассистент,к.н.
Попов Б.В.,ФУПМ,профессор,к.н.
Козлов И.К.,ФИВТ,,
Волков Б.В.,ФИТ,профессор,д.н.
Лебедева З.Т.,ФУПМ,профессор,к.н.
Волков Л.О.,ФФ,доцент,к.н.
Семенов Л.О.,ФПМИ,доцент,к.н.
Смирнов М.Ю.,ФЭТ,доцент,к.н.
Попов Г.Н.,ФИВТ,,
Алексеев А.А.,ФМиМ,ассистент,к.н.
Егоров Г.Н.,ФПМИ,профессор,к.н.
Волков В.И.,ФИТ,ассистент,
Петров Г.Н.,ФИВТ,,
Петров И.К.,ФИВТ,доцент,д.н.
Сидоров Г.Н.,ФПМИ,профессор,к.н.
Лебедев Г.Н.,ФПМИ,доцент,д.н.
Семенов М.Ю.,ФМиМ,профессор,д.н.
Новиков Б.В.,ФФ,ассистент,
Егоров М.Ю.,ФИТ,профессор,
Алексеев Д.С.,ФУПМ,доцент,к.н.
Козлов И.К.,ФЭТ,,
Новиков А.А.,ФМиЕН,ассистент,к.н.
Новиков В.И.,ФУПМ,,к.н.
Новиков И.К.,ИТМО,доцент,
Семенов К.М.,ФРТ,доцент,д.н.
Попов З.Т.,ФРТ,профессор,к.н.
Попов Л.О.,ФПМИ,,к.н.
Лебедев Д.С.,ФИВТ,доцент,д.н.
Смирнов И.К.,ФМиМ,доцент,
Попов В.И.,ФПМИ,ассистент,к.н.
Алексеев Г.Н.,ФФ,,д.н.
Алексеев Д.С.,ИТМО,,к.н.
Семенов М.Ю.,ФИТ,доцент,к.н.
Лебедев В.И.,ФМиЕН,ассистент,к.н.
Лебедев Г.Н.,ИТМО,профессор,д.н.
Новиков Л.О.,ИТМО,,д.н.
Соколов И.К.,ИТМО,доцент,д.н.
Кузнецов Б.В.,ФИВТ,,д.н.
Морозов В.И.,ФМиЕН,ассистент,к.н.
Иванов А.А.,ФИВТ,ассистент,к.н.
Новиков З.Т.,ФУПМ,,д.н.
Семенов М.Ю.,ФИВТ,доцент,
Кузнецов А.А.,ИТМО,,д.н.
Волков Б.В.,ФФ,доцент,
Волков А.А.,ФМиМ,,д.н.
Семенов Е.П.,ФМиЕН,ассистент,
Кузнецов З.Т.,ФИВТ,,к.н.
Семенов А.А.,ФМиМ,ассистент,д.н.
Егоров З.Т.,ФРТ,доцент,д.н.
Семенов З.Т.,ФИВТ,,
Семенов И.К.,ФЭТ,доцент,д.н.
Волков Л.О.,ФФ,профессор,д.н.
Соколов В.И.,ФУПМ,ассистент,к.н.
Морозов И.К.,ИТМО,профессор,д.н.
Волков В.И.,ФФ,ассистент,к.н.
Сидоров Б.В.,ФПМИ,профессор,д.н.
Сидоров Ж.Р.,ИТМО,доцент,
Соколов Б.В.,ФФ,доцент,
Сидоров И.К.,ФФ,доцент,
Егоров И.К.,ФЭТ,профессор,к.н.
Волков Б.В.,ФФ,ассистент,д.н.
Лебедев Д.С.,ФМиМ,ассистент,к.н.
Егоров Е.П.,ФФ,ассистент,
Смирнов А.А.,ИТМО,доцент,к.н.
Иванов К.М.,ФМиЕН,ассистент,д.н.
Семенов Г.Н.,ФПМИ,ассистент,
Иванов Г.Н.,ФИВТ,доцент,к.н.
Новиков К.М.,ФМиЕН,профессор,д.н.
Волков Ж.Р.,ФЭТ,доцент,д.н.
Иванов Б.В.,ФМиМ,профессор,д.н.
Попов А.А.,ФПМИ,ассистент,д.н.
Смирнов Е.П.,ФПМИ,доцент,д.н.
Сидоров А.А.,ФРТ,доцент,
Соколов И.К.,ФРТ,,к.н.
Егоров З.Т.,ФМиЕН,,
Сидоров Л.О.,ФУПМ,,к.н.
Сидоров А.А.,ФПМИ,,д.н.
Лебедев Е.П.,ФИТ,,
Егоров Л.О.,ФРТ,ассистент,
Козлов М.Ю.,ФУПМ,профессор,
Алексеев М.Ю.,ФУПМ,ассистент,к.н.
Семенов Л.О.,ФМиМ,,
Кузнецов А.А.,ФИВТ,ассистент,к.н.
Волков А.А.,ФИВТ,доцент,д.н.
Попов В.И.,ФРТ,ассистент,д.н.
Новиков Л.О.,ФМиМ,профессор,
Новиков И.К.,ФУПМ,профессор,к.н.
Кузнецов И.К.,ФПМИ,доцент,д.н.
Попов И.К.,ФПМИ,доцент,д.н.
Петров И.К.,ИТМО,ассистент,д.н.
Кузнецов М.Ю.,ИТМО,доцент,к.н.
Кузнецов Д.С.,ФУПМ,профессор,
Попов Г.Н.,ФРТ,профессор,д.н.
Козлов Е.П.,ФУПМ,доцент,к.н.
Морозов Л.О.,ФУПМ,,
Волков К.М.,ФФ,доцент,д.н.
Лебедева Е.П.,ФЭТ,,
Морозов Г.Н.,ФМиМ,ассистент,к.н.
Морозов И.К.,ФФ,ассистент,д.н.
Семенов И.К.,ФИВТ,ассистент,к.н.
Лебедев Б.В.,ФФ,доцент,д.н.
Петров З.Т.,ФИТ,доцент,
Алексеев З.Т.,ФМиМ,,д.н.
Смирнов Ж.Р.,ФИВТ,профессор,
Лебедева В.И.,ФМиМ,,к.н.
Соколов З.Т.,ФРТ,ассистент,к.н.
Соколов К.М.,ФМиМ,профессор,
Смирнов Ж.Р.,ФФ,профессор,д.н.
Попов И.К.,ФЭТ,ассистент,к.н.
Сидоров Г.Н.,ФПМИ,профессор,
Егоров Е.П.,ФИТ,ассистент,к.н.
Алексеев Г.Н.,ФМиМ,профессор,д.н.
Сидоров Е.П.,ФИВТ,,д.н.
Семенов А.А.,ФПМИ,профессор,
Петров Е.П.,ФЭТ,ассистент,
Кузнецов Е.П.,ФИТ,доцент,д.н.
Новиков З.Т.,ФЭТ,ассистент,д.н.
Егоров И.К.,ФИТ,ассистент,
Волков Д.С.,ФМиЕН,профессор,к.н.
Лебедева Е.П.,ФИВТ,профессор,к.н.
Новиков В.И.,ФПМИ,профессор,к.н.
Лебедева И.К.,ФМиМ,ассистент,к.н.
Семенов Л.О.,ФМиЕН,доцент,д.н.
Петров К.М.,ФМиМ,профессор,д.н.
Соколов А.А.,ФМиЕН,,д.н.
Морозов Г.Н.,ФИТ,,к.н.
Морозов М.Ю.,ФРТ,,к.н.
Кузнецов Е.П.,ФПМИ,профессор,
Кузнецов Ж.Р.,ФИВТ,профессор,
Сидоров Б.В.,ФУПМ,доцент,к.н.
Попов Е.П.,ФЭТ,ассистент,д.н.
Кузнецов И.К.,ФЭТ,доцент,
Попов М.Ю.,ФФ,ассистент,
Кузнецов Л.О.,ФМиЕН,профессор,д.н.
Семенов И.К.,ФФ,доцент,д.н.
Волков З.Т.,ФМиЕН,ассистент,д.н.
Лебедева Д.С.,ФФ,ассистент,
Егоров Б.В.,ФРТ,ассистент,к.н.
Новиков Е.П.,ФРТ,доцент,
Егоров Л.О.,ФИВТ,ассистент,д.н.
Морозов Г.Н.,ФФ,,к.н.
Лебедева Л.О.,ФФ,,
Лебедев М.Ю.,ФИВТ,доцент,к.н.
Соколов Д.С.,ФМиЕН,профессор,к.н.
Волков Е.П.,ФИВТ,,к.н.
Волков Д.С.,ФРТ,,д.н.
Семенов Г.Н.,ФПМИ,доцент,
Семенов Е.П.,ФЭТ,ассистент,к.н.
Морозов Г.Н.,ФМиМ,профессор,к.н.
Новиков А.А.,ФМиМ,профессор,
Семенов Ж.Р.,ФИВТ,ассистент,
Новиков К.М.,ФМиЕН,профессор,к.н.
Волков В.И.,ФФ,профессор,д.н.
Смирнов К.М.,ФМиМ,доцент,к.н.
Семенов Е.П.,ФМиМ,доцент,
Егоров Е.П.,ФУПМ,доцент,
Егоров З.Т.,ФМиЕН,,д.н.
Кузнецов М.Ю.,ФИТ,профессор,
Лебедева Ж.Р.,ФИТ,доцент,д.н.
Кузнецов Ж.Р.,ФУПМ,ассистент,
Иванов К.М.,ФИВТ,доцент,к.н.
Кузнецов Ж.Р.,ФМиЕН,профессор,
Лебедева В.И.,ФИВТ,ассистент,к.н.
Волков И.К.,ФРТ,профессор,д.н.
Соколов В.И.,ФЭТ,ассистент,к.н.
Попов Л.О.,ФИТ,профессор,к.н.
Лебедева Д.С.,ФИТ,доцент,
Новиков Д.С.,ФПМИ,доцент,
Егоров Д.С.,ФУПМ,,д.н.
Козлов Г.Н.,ФМиМ,,к.н.
Иванов А.А.,ФРТ,ассистент,
Морозов Д.С.,ФПМИ,,
Кузнецов А.А.,ФМиЕН,ассистент,д.н.
Лебедева Л.О.,ФУПМ,,д.н.
Егоров З.Т.,ФМиМ,доцент,к.н.
Волков Г.Н.,ФМиЕН,,
Сидоров А.А.,ФРТ,доцент,д.н.
Кузнецов М.Ю.,ФИТ,доцент,
Иванов И.К.,ФИТ,доцент,д.н.
Морозов З.Т.,ФИВТ,,д.н.
Попов В.И.,ФПМИ,,д.н.
Петров И.К.,ИТМО,ассистент,
Лебедев Б.В.,ФМиЕН,,к.н.
Егоров Л.О.,ФИВТ,профессор,д.н.
Морозов К.М.,ИТМО,доцент,
Петров Ж.Р.,ФИТ,доцент,к.н.
Петров Л.О.,ФИТ,профессор,д.н.
Козлов К.М.,ФМиЕН,профессор,
Кузнецов М.Ю.,ФМиМ,,к.н.
Сидоров Г.Н.,ФМиЕН,доцент,
Егоров Ж.Р.,ФФ,ассистент,д.н.
Новиков З.Т.,ФЭТ,доцент,д.н.
Козлов Л.О.,ФИВТ,профессор,
Иванов К.М.,ФМиЕН,профессор,
Семенов К.М.,ФПМИ,ассистент,д.н.
Морозов Л.О.,ФИВТ,профессор,д.н.
Попов Л.О.,ФИТ,,д.н.
Новиков Д.С.,ФРТ,,д.н.
Егоров Ж.Р.,ФРТ,профессор,к.н.
Иванов И.К.,ФУПМ,доцент,
Лебедева А.А.,ФМиМ,доцент,к.н.
Кузнецов М.Ю.,ФМиЕН,ассистент,к.н.
Лебедева А.А.,ФИВТ,,
Соколов В.И.,ФПМИ,профессор,д.н.
Лебедева В.И.,ФМиЕН,ассистент,к.н.
Соколов М.Ю.,ИТМО,,
Кузнецов В.И.,ФИВТ,профессор,д.н.
Лебедева Л.О.,ИТМО,,д.н.
Соколов К.М.,ФЭТ,,
Сидоров З.Т.,ФПМИ,ассистент,к.н.
Егоров А.А.,ФУПМ,профессор,к.н.
Кузнецов Е.П.,ФПМИ,ассистент,д.н.
Волков Д.С.,ФЭТ,ассистент,
Волков Г.Н.,ФЭТ,доцент,д.н.
Кузнецов Л.О.,ФРТ,доцент,д.н.
Морозов В.И.,ИТМО,ассистент,к.н.
Семенов Е.П.,ФЭТ,доцент,д.н.
Попов Л.О.,ФЭТ,,
Смирнов К.М.,ФИТ,ассистент,д.н.
Лебедева Б.В.,ФПМИ,ассистент,д.н.
Козлов А.А.,ФИТ,доцент,к.н.
Козлов И.К.,ФРТ,профессор,к.н.
Новиков Д.С.,ИТМО,доцент,к.н.
Морозов М.Ю.,ФРТ,профессор,
Волков Е.П.,ФИТ,,к.н.
Лебедева М.Ю.,ФЭТ,доцент,д.н.
Кузнецов И.К.,ФРТ,,д.н.
Кузнецов Г.Н.,ИТМО,ассистент,д.н.
Петров И.К.,ИТМО,доцент,д.н.
Соколов З.Т.,ФИТ,,д.н.
Морозов В.И.,ФИВТ,доцент,
Лебедева Д.С.,ФРТ,,д.н.
Лебедев И.К.,ФУПМ,ассистент,
Кузнецов К.М.,ФИВТ,ассистент,д.н.
Попов Е.П.,ИТМО,ассистент,к.н.
Попов Б.В.,ИТМО,профессор,
Козлов Ж.Р.,ФМиЕН,,
Иванов М.Ю.,ФРТ,ассистент,
Попов В.И.,ФИТ,,к.н.
Семенов Ж.Р.,ИТМО,,к.н.
Козлов Л.О.,ФРТ,доцент,к.н.
Попов Д.С.,ФИВТ,профессор,
Кузнецов Г.Н.,ФПМИ,профессор,д.н.
Волков К.М.,ФУПМ,,
Алексеев К.М.,ФЭТ,,д.н.
Морозов Б.В.,ФИТ,ассистент,к.н.
Лебедев А.А.,ФИТ,,д.н.
Семенов Ж.Р.,ИТМО,профессор,
Волков Г.Н.,ФМиМ,профессор,д.н.
Егоров Б.В.,ФМиМ,ассистент,к.н.
Лебедев Л.О.,ФМиМ,доцент,д.н.
Попов Б.В.,ФРТ,доцент,
Егоров Л.О.,ФИВТ,,к.н.
Егоров З.Т.,ФМиМ,ассистент,к.н.
Морозов Л.О.,ФМиМ,,д.н.
Соколов Е.П.,ФПМИ,доцент,д.н.
Лебедева М.Ю.,ФИВТ,ассистент,к.н.
Алексеев Г.Н.,ФМиМ,,д.н.
Новиков Г.Н.,ФИТ,,д.н.
Лебедев Д.С.,ИТМО,профессор,д.н.
Морозов К.М.,ФФ,ассистент,д.н.
Лебедев Л.О.,ФИВТ,профессор,к.н.
Новиков З.Т.,ФИТ,ассистент,к.н.
Кузнецов Ж.Р.,ФФ,,
Кузнецов Л.О.,ФПМИ,профессор,д.н.
Кузнецов К.М.,ФИТ,доцент,д.н.
Лебедева Б.В.,ИТМО,ассистент,д.н.
Новиков Ж.Р.,ФМиМ,,д.н.
Соколов В.И.,ФИТ,ассистент,д.н.
Петров К.М.,ФМиМ,доцент,
Кузнецов К.М.,ИТМО,ассистент,
Иванов Б.В.,ФПМИ,профессор,
Сидоров Ж.Р.,ФФ,ассистент,
Егоров К.М.,ИТМО,,к.н.
Сидоров А.А.,ИТМО,ассистент,д.н.
Волков А.А.,ФИВТ,доцент,к.н.
Волков Ж.Р.,ФМиЕН,ассистент,к.н.
Иванов А.А.,ФЭТ,доцент,
Морозов К.М.,ФЭТ,доцент,к.н.
Кузнецов К.М.,ФЭТ,доцент,к.н.
Лебедева Е.П.,ФФ,,к.н.
Попов З.Т.,ФИТ,профессор,
Алексеев Е.П.,ФУПМ,,
Соколов И.К.,ИТМО,,к.н.
Смирнов К.М.,ФМиМ,ассистент,
Лебедев Е.П.,ФЭТ,профессор,к.н.
Петров К.М.,ФИТ,ассистент,
Лебедев Г.Н.,ФМиЕН,,
Морозов З.Т.,ФЭТ,,д.н.
Морозов К.М.,ИТМО,,д.н.
Козлов М.Ю.,ФИВТ,ассистент,д.н.
Соколов Б.В.,ФЭТ,профессор,
Алексеев К.М.,ФИТ,ассистент,к.н.
Попов М.Ю.,ИТМО,ассистент,д.н.
Соколов Л.О.,ФРТ,ассистент,
Смирнов Е.П.,ИТМО,ассистент,д.н.
Сидоров Г.Н.,ФПМИ,доцент,
Лебедева Д.С.,ФМиМ,ассистент,к.н.
Сидоров Е.П.,ФИВТ,,к.н.
Лебедев Л.О.,ФФ,доцент,д.н.
Петров З.Т.,ФМиМ,,д.н.
Сидоров А.А.,ИТМО,профессор,
Морозов Л.О.,ФПМИ,доцент,к.н.
Семенов В.И.,ФМиМ,,к.н.
Сидоров К.М.,ФЭТ,,д.н.
Козлов И.К.,ФПМИ,ассистент,д.н.
Морозов В.И.,ФМиМ,профессор,д.н.
Лебедев Г.Н.,ФИВТ,ассистент,д.н.
Соколов Б.В.,ФЭТ,,д.н.
Лебедева Ж.Р.,ФЭТ,профессор,
Петров И.К.,ФРТ,доцент,
Петров А.А.,ФРТ,ассистент,
Егоров Л.О.,ФПМИ,,
Смирнов А.А.,ФРТ,доцент,
Волков Ж.Р.,ФИВТ,,д.н.
Егоров М.Ю.,ФРТ,ассистент,к.н.
Кузнецов Д.С.,ФЭТ,доцент,
Волков Е.П.,ФМиМ,ассистент,д.н.
Морозов И.К.,ФПМИ,доцент,к.н.
Семенов Д.С.,ФМиЕН,профессор,к.н.
Семенов В.И.,ФЭТ,профессор,
Лебедева И.К.,ФФ,,
Иванов К.М.,ИТМО,,д.н.
Иванов Б.В.,ФИВТ,ассистент,д.н.
Кузнецов З.Т.,ФИТ,профессор,д.н.
Волков И.К.,ФМиЕН,,к.н.
Лебедев В.И.,ФМиЕН,профессор,
Алексеев А.А.,ФУПМ,,к.н.
Лебедев И.К.,ФМиМ,доцент,к.н.
Попов Е.П.,ИТМО,профессор,д.н.
Кузнецов М.Ю.,ФИВТ,ассистент,
Смирнов Е.П.,ФФ,профессор,к.н.
Кузнецов М.Ю.,ФРТ,доцент,
Волков К.М.,ИТМО,,д.н.
Сидоров Г.Н.,ФФ,ассистент,д.н.
Новиков Д.С.,ФУПМ,,
Лебедева М.Ю.,ФУПМ,,
Соколов К.М.,ФИТ,доцент,д.н.
Семенов Д.С.,ИТМО,ассистент,
Попов К.М.,ФМиЕН,профессор,к.н.
Сидоров Л.О.,ФМиЕН,доцент,д.н.
Соколов М.Ю.,ИТМО,доцент,к.н.
Волков Б.В.,ФМиЕН,профессор,к.н.
Козлов Д.С.,ФИТ,доцент,
Попов Д.С.,ФУПМ,профессор,к.н.
Волков Б.В.,ФУПМ,ассистент,к.н.
Морозов Г.Н.,ФЭТ,,д.н.
Морозов Б.В.,ФМиМ,,д.н.
Соколов И.К.,ФМиМ,,д.н.
Егоров З.Т.,ФИТ,,к.н.
Лебедев М.Ю.,ФФ,профессор,к.н.
Семенов М.Ю.,ФРТ,доцент,д.н.
Сидоров М.Ю.,ФИВТ,ассистент,к.н.
Алексеев Б.В.,ФМиМ,,к.н.
Петров Г.Н.,ФИТ,ассистент,
Алексеев А.А.,ФИТ,профессор,к.н.
Новиков З.Т.,ФИВТ,ассистент,
Козлов Л.О.,ФМиМ,,д.н.
Попов Л.О.,ФФ,доцент,д.н.
Иванов Г.Н.,ФМиМ,,д.н.
Сидоров Б.В.,ФИТ,профессор,
Морозов Г.Н.,ФМиМ,ассистент,д.н.
Попов Ж.Р.,ФРТ,профессор,д.н.
Волков Е.П.,ФУПМ,профессор,
Семенов Ж.Р.,ФУПМ,доцент,к.н.
Смирнов М.Ю.,ФФ,ассистент,
Соколов З.Т.,ФЭТ,ассистент,
Сидоров М.Ю.,ФЭТ,профессор,к.н.
Соколов Л.О.,ФФ,доцент,к.н.
Козлов Д.С.,ФМиМ,,д.н.
Новиков Д.С.,ФФ,ассистент,к.н.
Козлов В.И.,ФФ,профессор,д.н.
Кузнецов Д.С.,ФПМИ,доцент,
Волков И.К.,ФМиМ,,
Семенов З.Т.,ФМиМ,ассистент,д.н.
Волков Б.В.,ФПМИ,,д.н.
Морозов В.И.,ФИВТ,,к.н.
Козлов А.А.,ФЭТ,доцент,к.н.
Лебедев Ж.Р.,ФПМИ,ассистент,к.н.
Сидоров Д.С.,ФИВТ,доцент,
Лебедев Г.Н.,ФРТ,доцент,д.н.
Сидоров Б.В.,ИТМО,профессор,
Лебедев А.А.,ФРТ,,д.н.
Лебедева М.Ю.,ФЭТ,,
Волков Г.Н.,ФПМИ,профессор,к.н.
Сидоров М.Ю.,ФРТ,профессор,к.н.
Сидоров И.К.,ФФ,ассистент,д.н.
Волков Д.С.,ФЭТ,профессор,к.н.
Лебедева Л.О.,ФФ,,д.н.
Смирнов Б.В.,ИТМО,ассистент,
Сидоров Д.С.,ИТМО,,
Егоров Д.С.,ФРТ,профессор,к.н.
Смирнов Г.Н.,ФИТ,ассистент,
Морозов Е.П.,ФФ,ассистент,д.н.
Новиков З.Т.,ФМиЕН,,к.н.
Кузнецов К.М.,ФУПМ,ассистент,
Соколов Д.С.,ФРТ,,
Кузнецов Б.В.,ФМиЕН,доцент,
Петров З.Т.,ФМиЕН,ассистент,
Морозов Г.Н.,ФФ,ассистент,д.н.
Новиков Д.С.,ФМиЕН,,
Алексеев Д.С.,ФИВТ,ассистент,д.н.
Смирнов Г.Н.,ФИВТ,профессор,
Егоров М.Ю.,ФМиЕН,,
Козлов Г.Н.,ФМиЕН,,
Смирнов Е.П.,ФИТ,доцент,д.н.
Иванов Б.В.,ФРТ,,к.н.
Петров З.Т.,ФЭТ,профессор,
Козлов З.Т.,ФЭТ,,д.н.
Соколов А.А.,ФМиМ,профессор,д.н.
Козлов З.Т.,ФПМИ,ассистент,д.н.
Новиков З.Т.,ИТМО,профессор,
Кузнецов Г.Н.,ФИВТ,ассистент,к.н.
Смирнов К.М.,ФМиЕН,,д.н.
Иванов Б.В.,ФЭТ,профессор,к.н.
Козлов Б.В.,ФМиЕН,доцент,к.н.
Кузнецов Б.В.,ФРТ,доцент,
Сидоров К.М.,ФМиЕН,профессор,к.н.
Новиков Д.С.,ФМиЕН,профессор,к.н.
Козлов М.Ю.,ФИТ,ассистент,
Петров В.И.,ФИТ,ассистент,
Козлов Л.О.,ФИТ,,
Лебедева В.И.,ФМиМ,,
Лебедев Г.Н.,ФФ,,к.н.
Смирнов Е.П.,ФРТ,профессор,
Волков К.М.,ФМиМ,доцент,
Егоров М.Ю.,ФЭТ,профессор,к.н.
Алексеев Б.В.,ФИТ,профессор,к.н.
Сидоров Б.В.,ФМиМ,ассистент,
Алексеев Ж.Р.,ФФ,доцент,д.н.
Кузнецов З.Т.,ФИТ,ассистент,
Петров Е.П.,ФИВТ,доцент,д.н.
Кузнецов Л.О.,ФПМИ,профессор,
Морозов Б.В.,ФМиМ,,
Сидоров З.Т.,ФУПМ,доцент,д.н.
Лебедев И.К.,ФМиЕН,доцент,д.н.
Смирнов В.И.,ФИВТ,доцент,д.н.
Сидоров Г.Н.,ФМиЕН,,д.н.
Смирнов Б.В.,ФУПМ,профессор,д.н.
Смирнов И.К.,ФЭТ,,
Попов К.М.,ФЭТ,,д.н.
Семенов А.А.,ФЭТ,доцент,к.н.
Лебедева М.Ю.,ФРТ,профессор,д.н.
Егоров Л.О.,ФИТ,доцент,к.н.
Семенов М.Ю.,ФЭТ,профессор,
Морозов Е.П.,ИТМО,профессор,д.н.
Козлов Д.С.,ФУПМ,ассистент,к.н.
Егоров Е.П.,ФИВТ,профессор,
Морозов Ж.Р.,ФФ,ассистент,д.н.
Козлов Е.П.,ФИВТ,профессор,
Семенов Б.В.,ФМиЕН,ассистент,д.н.
Сидоров А.А.,ФМиЕН,,
Иванов Д.С.,ФЭТ,,к.н.
Лебедев В.И.,ФРТ,ассистент,д.н.
Смирнов А.А.,ФРТ,,д.н.
Смирнов Л.О.,ФМиМ,доцент,к.н.
Кузнецов А.А.,ФИВТ,ассистент,к.н.
Егоров Г.Н.,ИТМО,доцент,д.н.
Смирнов Б.В.,ФПМИ,доцент,д.н.
Егоров К.М.,ФМиМ,профессор,к.н.
Лебедев Ж.Р.,ФФ,доцент,
Новиков Г.Н.,ФМиМ,профессор,к.н.
Алексеев М.Ю.,ФФ,,
Иванов Е.П.,ФИТ,профессор,к.н.
Алексеев Л.О.,ФИТ,доцент,
Семенов З.Т.,ФПМИ,доцент,
Лебедева Б.В.,ФИТ,доцент,к.н.
Лебедев И.К.,ФМиМ,,к.н.
Семенов Е.П.,ФУПМ,ассистент,
Кузнецов И.К.,ФУПМ,профессор,д.н.
Егоров И.К.,ФМиМ,,
Волков Л.О.,ФФ,ассистент,д.н.
Лебедева Е.П.,ФФ,профессор,к.н.
Соколов Ж.Р.,ФФ,,к.н.
Волков З.Т.,ФУПМ,профессор,к.н.
Лебедев К.М.,ФУПМ,ассистент,к.н.
Алексеев Г.Н.,ФИВТ,доцент,к.н.
Новиков Д.С.,ИТМО,ассистент,д.н.
Кузнецов Г.Н.,ФПМИ,,
Козлов Е.П.,ФМиМ,,
Волков Д.С.,ИТМО,доцент,
Попов А.А.,ФФ,ассистент,д.н.
Иванов Г.Н.,ФПМИ,профессор,д.н.
Егоров В.И.,ФМиЕН,доцент,д.н.
Лебедев В.И.,ИТМО,доцент,
Волков И.К.,ФФ,профессор,
Смирнов З.Т.,ФФ,профессор,
Смирнов А.А.,ФМиЕН,,д.н.
Волков Е.П.,ФУПМ,профессор,
Иванов Б.В.,ФИВТ,доцент,к.н.
Морозов В.И.,ФФ,,д.н.
Кузнецов А.А.,ФЭТ,ассистент,д.н.
Козлов К.М.,ФПМИ,доцент,д.н.
Сидоров И.К.,ФИТ,профессор,к.н.
Волков В.И.,ФМиМ,ассистент,
Алексеев А.А.,ФИТ,профессор,
Волков Б.В.,ФУПМ,профессор,
Козлов Л.О.,ФМиЕН,ассистент,д.н.
Алексеев М.Ю.,ФРТ,ассистент,д.н.
Лебедева Ж.Р.,ФМиМ,профессор,к.н.
Егоров А.А.,ФИВТ,ассистент,д.н.
Егоров Б.В.,ФЭТ,доцент,к.н.
Морозов Г.Н.,ФМиЕН,,д.н.
Попов Г.Н.,ФРТ,,д.н.
Волков М.Ю.,ФМиЕН,ассистент,д.н.
Петров М.Ю.,ФУПМ,,
Новиков З.Т.,ФФ,доцент,
Новиков В.И.,ФЭТ,ассистент,к.н.
Лебедев М.Ю.,ИТМО,доцент,
Петров Л.О.,ФИВТ,,к.н.
Попов З.Т.,ФИВТ,ассистент,д.н.
Соколов К.М.,ФРТ,ассистент,д.н.
Соколов Б.В.,ФИВТ,профессор,
Лебедева И.К.,ФПМИ,,д.н.
Петров М.Ю.,ФЭТ,профессор,к.н.
Сидоров К.М.,ФЭТ,ассистент,к.н.
Смирнов З.Т.,ФМиМ,профессор,
Петров А.А.,ФФ,профессор,д.н.
Новиков Е.П.,ФИТ,ассистент,к.н.
Попов Ж.Р.,ФИВТ,,
Лебедев Ж.Р.,ФРТ,,д.н.
Попов В.И.,ФИТ,ассистент,
Алексеев К.М.,ФПМИ,доцент,
Иванов В.И.,ФМиМ,доцент,д.н.
Лебедева Е.П.,ФМиМ,профессор,к.н.
Смирнов Б.В.,ФИВТ,,к.н.
Петров Е.П.,ФМиМ,,
Волков З.Т.,ФИТ,,к.н.
Козлов З.Т.,ФПМИ,доцент,д.н.
Лебедева А.А.,ФИТ,доцент,к.н.
Смирнов З.Т.,ФЭТ,,
Семенов Г.Н.,ФИВТ,ассистент,д.н.
Смирнов Д.С.,ФУПМ,доцент,д.н.
Волков М.Ю.,ФИВТ,доцент,
Сидоров А.А.,ФМиМ,ассистент,
Соколов Г.Н.,ФИТ,,
Иванов В.И.,ФИТ,доцент,
Попов Г.Н.,ФМиЕН,,д.н.
Морозов Б.В.,ФУПМ,доцент,к.н.
Егоров Б.В.,ФФ,профессор,
Волков Д.С.,ФЭТ,профессор,
Алексеев Б.В.,ФУПМ,доцент,к.н.
Козлов Б.В.,ФИВТ,ассистент,
Кузнецов Б.В.,ФПМИ,ассистент,д.н.
Лебедева Л.О.,ФРТ,,д.н.
Иванов Е.П.,ФРТ,доцент,к.н.
Петров И.К.,ФИТ,ассистент,д.н.
Егоров К.М.,ФМиЕН,,д.н.
Сидоров Ж.Р.,ФФ,доцент,к.н.
Попов Б.В.,ФМиЕН,ассистент,к.н.
Козлов Г.Н.,ФФ,,
Кузнецов М.Ю.,ФЭТ,ассистент,
Козлов Б.В.,ФЭТ,ассистент,
Кузнецов Е.П.,ФФ,,
Петров Б.В.,ФУПМ,профессор,к.н.
Егоров Д.С.,ФУПМ,профессор,к.н.
Кузнецов А.А.,ФИТ,ассистент,д.н.
Петров М.Ю.,ФФ,профессор,д.н.
Новиков И.К.,ФМиМ,доцент,к.н.
Соколов М.Ю.,ИТМО,профессор,д.н.
Козлов Ж.Р.,ФФ,,к.н.
Сидоров Е.П.,ФМиЕН,ассистент,д.н.
Соколов Ж.Р.,ФФ,,д.н.
Смирнов М.Ю.,ФФ,,д.н.
Морозов Л.О.,ФРТ,,к.н.
Егоров Ж.Р.,ФМиМ,профессор,д.н.
Егоров З.Т.,ФФ,доцент,
Сидоров Е.П.,ФРТ,доцент,
Смирнов И.К.,ФИТ,доцент,к.н.
Смирнов В.И.,ФУПМ,профессор,к.н.
Попов А.А.,ФУПМ,доцент,
Попов Л.О.,ФУПМ,,д.н.
Волков Ж.Р.,ФИВТ,профессор,к.н.
Семенов В.И.,ФРТ,ассистент,д.н.
Волков З.Т.,ФМиМ,доцент,к.н.
Новиков К.М.,ФЭТ,доцент,
Кузнецов Г.Н.,ИТМО,ассистент,
Соколов Ж.Р.,ФПМИ,доцент,
Волков К.М.,ФИВТ,ассистент,к.н.
Семенов И.К.,ФЭТ,,к.н.
Семенов И.К.,ИТМО,профессор,
Новиков Б.В.,ФМиЕН,,к.н.
Новиков Б.В.,ФМиМ,профессор,
Иванов З.Т.,ФФ,доцент,к.н.
Лебедева Ж.Р.,ИТМО,доцент,д.н.
Сидоров В.И.,ФМиЕН,профессор,
Новиков А.А.,ФПМИ,профессор,д.н.
Смирнов Е.П.,ИТМО,ассистент,к.н.
Попов Г.Н.,ИТМО,,д.н.
Семенов А.А.,ФРТ,профессор,
Новиков Д.С.,ФМиЕН,,к.н.
Козлов И.К.,ФИТ,,к.н.
Морозов М.Ю.,ИТМО,доцент,к.н.
Соколов З.Т.,ФМиЕН,ассистент,к.н.
Попов М.Ю.,ФИТ,ассистент,к.н.
Лебедев В.И.,ФМиМ,профессор,к.н.
Козлов Б.В.,ФМиЕН,доцент,к.н.
Соколов М.Ю.,ФМиЕН,профессор,
Алексеев З.Т.,ФИВТ,,
Волков Л.О.,ФРТ,ассистент,
Волков Д.С.,ФПМИ,профессор,к.н.
Егоров З.Т.,ФПМИ,,д.н.
Сидоров З.Т.,ФМиЕН,доцент,д.н.
Петров Д.С.,ФПМИ,ассистент,к.н.
Волков Е.П.,ФПМИ,ассистент,д.н.
Лебедев И.К.,ФИВТ,,
Соколов А.А.,ФФ,доцент,к.н.
Лебедев Б.В.,ФМиЕН,профессор,к.н.
Егоров М.Ю.,ФЭТ,доцент,
Соколов К.М.,ФМиМ,доцент,
Смирнов З.Т.,ФМиМ,ассистент,
Кузнецов К.М.,ФРТ,профессор,д.н.
Волков Д.С.,ФМиЕН,доцент,
Козлов М.Ю.,ФУПМ,,д.н.
Лебедева З.Т.,ФЭТ,профессор,к.н.
Сидоров Е.П.,ФРТ,доцент,д.н.
Соколов З.Т.,ФМиЕН,,д.н.
Попов Ж.Р.,ФИТ,профессор,
Кузнецов Б.В.,ФПМИ,ассистент,к.н.
Козлов И.К.,ФРТ,профессор,к.н.
Семенов Г.Н.,ФМиМ,ассистент,к.н.
Семенов Г.Н.,ФФ,доцент,д.н.
Козлов А.А.,ФЭТ,,к.н.
Смирнов Ж.Р.,ФРТ,,к.н.
Кузнецов Б.В.,ФМиЕН,доцент,д.н.
Попов З.Т.,ФЭТ,ассистент,к.н.
Иванов В.И.,ФПМИ,профессор,к.н.
Иванов З.Т.,ФМиЕН,,
Алексеев Е.П.,ФИТ,профессор,
Кузнецов Б.В.,ФРТ,профессор,д.н.
Попов И.К.,ФРТ,,к.н.
Лебедева Д.С.,ФПМИ,,д.н.
Кузнецов А.А.,ФМиЕН,профессор,
Сидоров Б.В.,ФЭТ,профессор,д.н.
Иванов Л.О.,ФЭТ,профессор,
Соколов М.Ю.,ФМиЕН,профессор,д.н.
Лебедев Д.С.,ФМиМ,,к.н.
Волков И.К.,ФМиЕН,профессор,
Лебедева Г.Н.,ФРТ,доцент,д.н.
Иванов Ж.Р.,ФМиМ,профессор,к.н.
Кузнецов Л.О.,ФУПМ,профессор,к.н.
Попов Е.П.,ФИТ,доцент,
Козлов В.И.,ФМиЕН,профессор,к.н.
Новиков К.М.,ФИТ,ассистент,
Смирнов Л.О.,ФИТ,профессор,к.н.
Попов И.К.,ФЭТ,профессор,д.н.
Сидоров В.И.,ФФ,ассистент,д.н.
Егоров Б.В.,ФЭТ,,д.н.
Новиков Е.П.,ФМиЕН,доцент,к.н.
Лебедева Л.О.,ФИВТ,профессор,д.н.
Петров К.М.,ФРТ,профессор,д.н.
Лебедева М.Ю.,ФРТ,доцент,к.н.
Морозов И.К.,ФФ,профессор,
Козлов В.И.,ФМиЕН,доцент,к.н.
Сидоров Л.О.,ФЭТ,ассистент,к.н.
Егоров А.А.,ФМиЕН,ассистент,д.н.
Попов В.И.,ИТМО,,д.н.
Морозов К.М.,ФПМИ,доцент,д.н.
Кузнецов В.И.,ФМиМ,,к.н.
Егоров В.И.,ФИВТ,профессор,
Сидоров И.К.,ФПМИ,профессор,д.н.
Соколов Г.Н.,ФИВТ,профессор,к.н.
Лебедева М.Ю.,ФФ,доцент,
Петров М.Ю.,ФМиМ,,к.н.
Иванов К.М.,ФМиМ,профессор,д.н.
Семенов Б.В.,ФИВТ,ассистент,д.н.
Кузнецов И.К.,ФПМИ,профессор,к.н.
Егоров Д.С.,ФУПМ,,
Петров М.Ю.,ФФ,профессор,
Попов З.Т.,ФУПМ,,д.н.
Попов Б.В.,ИТМО,ассистент,
Соколов В.И.,ФФ,ассистент,к.н.
Лебедева Ж.Р.,ФИТ,ассистент,д.н.
Соколов З.Т.,ФМиЕН,профессор,д.н.
Петров Е.П.,ФМиЕН,профессор,к.н.
Новиков Ж.Р.,ФФ,,к.н.
Волков Б.В.,ФПМИ,доцент,д.н.
Козлов Д.С.,ФЭТ,ассистент,
Волков А.А.,ФМиМ,,д.н.
Козлов В.И.,ИТМО,ассистент,д.н.
Кузнецов Д.С.,ФИТ,профессор,д.н.
Лебедева И.К.,ФПМИ,ассистент,
Соколов Б.В.,ФМиМ,ассистент,к.н.
Семенов М.Ю.,ИТМО,доцент,
Козлов Г.Н.,ФИТ,ассистент,д.н.
Алексеев Г.Н.,ФЭТ,профессор,к.н.
Морозов М.Ю.,ФФ,доцент,д.н.
Новиков Г.Н.,ФМиЕН,профессор,
Попов В.И.,ФМиЕН,ассистент,к.н.
Иванов З.Т.,ФЭТ,ассистент,
Лебедев Б.В.,ИТМО,ассистент,
Смирнов И.К.,ФМиМ,,
Смирнов М.Ю.,ИТМО,ассистент,к.н.
Алексеев З.Т.,ФИТ,,д.н.
Сидоров И.К.,ФИВТ,,д.н.
Кузнецов Б.В.,ФПМИ,доцент,
Лебедев Л.О.,ФИТ,,к.н.
Семенов З.Т.,ФМиМ,ассистент,
Семенов В.И.,ФМиМ,ассистент,д.н.
Кузнецов З.Т.,ФПМИ,,к.н.
Попов Л.О.,ФИТ,,
Петров А.А.,ФУПМ,доцент,к.н.
Лебедева А.А.,ИТМО,доцент,д.н.
Козлов З.Т.,ФРТ,ассистент,к.н.
Петров Ж.Р.,ФРТ,ассистент,к.н.
Семенов Д.С.,ФЭТ,ассистент,к.н.
Семенов А.А.,ФРТ,,
Новиков И.К.,ИТМО,,
Лебедев З.Т.,ФРТ,доцент,д.н.
Смирнов Ж.Р.,ФЭТ,доцент,
Морозов Ж.Р.,ФУПМ,доцент,к.н.
Семенов М.Ю.,ФИВТ,ассистент,
Алексеев Л.О.,ИТМО,доцент,д.н.
Смирнов З.Т.,ФРТ,доцент,д.н.
Козлов З.Т.,ФМиМ,ассистент,д.н.
Соколов Ж.Р.,ФИТ,профессор,
Сидоров А.А.,ФФ,доцент,
Лебедева А.А.,ФЭТ,,
Лебедев К.М.,ФИТ,профессор,к.н.
Волков В.И.,ИТМО,,к.н.
Лебедева Б.В.,ФИТ,,д.н.
Волков З.Т.,ФИВТ,доцент,к.н.
Семенов Г.Н.,ФИТ,профессор,
Смирнов Е.П.,ИТМО,ассистент,д.н.
Волков К.М.,ФПМИ,профессор,
Смирнов Б.В.,ФЭТ,профессор,
Алексеев М.Ю.,ФЭТ,доцент,к.н.
Морозов З.Т.,ИТМО,ассистент,
Козлов К.М.,ФФ,,д.н.
Козлов К.М.,ФФ,доцент,к.н.
Петров В.И.,ФИВТ,доцент,
Иванов Ж.Р.,ФЭТ,,
Иванов А.А.,ИТМО,,к.н.
Иванов М.Ю.,ФМиЕН,профессор,
Морозов Ж.Р.,ФИТ,доцент,к.н.
Семенов В.И.,ФМиЕН,профессор,к.н.
Иванов К.М.,ФПМИ,ассистент,
Смирнов З.Т.,ФФ,доцент,к.н.
Егоров А.А.,ФПМИ,доцент,д.н.
Новиков Б.В.,ФПМИ,профессор,
Алексеев Е.П.,ФПМИ,профессор,
Сидоров Л.О.,ФМиМ,профессор,д.н.
Морозов К.М.,ФИТ,,д.н.
Соколов Ж.Р.,ФУПМ,доцент,
Семенов Ж.Р.,ФИВТ,профессор,к.н.
Лебедев Л.О.,ФЭТ,,к.н.
Морозов В.И.,ФМиМ,профессор,
Лебедев Е.П.,ФЭТ,ассистент,к.н.
Волков Л.О.,ФМиЕН,ассистент,к.н.
Волков М.Ю.,ФУПМ,профессор,к.н.
Семенов М.Ю.,ФПМИ,профессор,д.н.
Лебедева И.К.,ФРТ,профессор,
Семенов И.К.,ФИТ,,к.н.
Волков И.К.,ФПМИ,,к.н.
Алексеев Ж.Р.,ФРТ,доцент,д.н.
Лебедев Д.С.,ИТМО,,
Алексеев И.К.,ФМиМ,доцент,к.н.
Морозов Е.П.,ФРТ,,к.н.
Лебедев И.К.,ФФ,ассистент,
Егоров З.Т.,ФУПМ,доцент,д.н.
Лебедев И.К.,ФМиМ,доцент,
Лебедева И.К.,ФУПМ,профессор,
Волков Б.В.,ФИВТ,,
Лебедев В.И.,ФПМИ,ассистент,
Кузнецов К.М.,ФФ,ассистент,
Кузнецов З.Т.,ФРТ,,д.н.
Семенов Г.Н.,ФРТ,профессор,к.н.
Новиков И.К.,ФМиМ,,д.н.
Семенов З.Т.,ФИВТ,,к.н.
Лебедев З.Т.,ФРТ,,д.н.
Новиков Б.В.,ИТМО,доцент,
Морозов Г.Н.,ФЭТ,ассистент,
Сидоров К.М.,ФМиМ,профессор,
Семенов Е.П.,ФМиЕН,ассистент,
Лебедев И.К.,ФПМИ,доцент,
Лебедева Г.Н.,ФЭТ,,
Иванов Г.Н.,ФПМИ,ассистент,к.н.
Соколов Е.П.,ФЭТ,ассистент,к.н.
Смирнов З.Т.,ИТМО,доцент,
Кузнецов Д.С.,ФФ,ассистент,д.н.
Волков Д.С.,ФПМИ,ассистент,д.н.
Сидоров Д.С.,ФПМИ,профессор,д.н.
Лебедева И.К.,ФИВТ,доцент,к.н.
Лебедева Ж.Р.,ФЭТ,доцент,д.н.
Егоров И.К.,ФРТ,,д.н.
Петров Б.В.,ФИВТ,ассистент,
Соколов Л.О.,ИТМО,,
Семенов Е.П.,ФМиМ,доцент,к.н.
Алексеев А.А.,ФРТ,профессор,д.н.
Сидоров И.К.,ФЭТ,профессор,д.н.
Сидоров Ж.Р.,ФИВТ,ассистент,к.н.
Смирнов Б.В.,ФМиМ,ассистент,д.н.
Новиков Д.С.,ФМиМ,доцент,к.н.
Козлов М.Ю.,ИТМО,профессор,
Лебедев Д.С.,ФЭТ,профессор,д.н.
Смирнов А.А.,ФЭТ,,
Кузнецов А.А.,ФЭТ,,д.н.
Лебедев М.Ю.,ФМиЕН,профессор,д.н.
Новиков К.М.,ФМиМ,профессор,
Петров К.М.,ФЭТ,ассистент,д.н.
Волков Б.В.,ФФ,профессор,к.н.
Морозов Е.П.,ФИТ,ассистент,к.н.
Сидоров К.М.,ФМиЕН,ассистент,
Сидоров И.К.,ФУПМ,ассистент,
Попов А.А.,ФМиМ,,д.н.
Сидоров К.М.,ФИТ,ассистент,д.н.
Смирнов И.К.,ФРТ,профессор,д.н.
Сидоров И.К.,ФМиЕН,профессор,
Соколов К.М.,ФИВТ,,к.н.
Алексеев К.М.,ФМиМ,ассистент,
Петров М.Ю.,ФИВТ,профессор,к.н.
Попов К.М.,ФЭТ,доцент,д.н.
Смирнов Б.В.,ФМиМ,,
Новиков Г.Н.,ФПМИ,ассистент,
Иванов З.Т.,ФФ,доцент,
Попов И.К.,ФФ,доцент,
Кузнецов Д.С.,ФЭТ,ассистент,д.н.
Лебедева Л.О.,ФМиМ,,к.н.
Лебедев Д.С.,ФЭТ,,д.н.
Егоров В.И.,ФМиМ,доцент,к.н.
Козлов Е.П.,ИТМО,,
Петров М.Ю.,ИТМО,ассистент,д.н.
Козлов Ж.Р.,ФМиМ,,к.н.
Сидоров Ж.Р.,ИТМО,профессор,
Егоров Д.С.,ФМиЕН,ассистент,д.н.
Новиков Б.В.,ФПМИ,ассистент,д.н.
Соколов Е.П.,ИТМО,доцент,к.н.
Морозов З.Т.,ФФ,профессор,д.н.
Волков Е.П.,ФИТ,ассистент,
Попов Е.П.,ИТМО,,к.н.
Смирнов Д.С.,ФПМИ,,к.н.
Новиков Е.П.,ФЭТ,профессор,
Волков Б.В.,ФРТ,доцент,д.н.
Козлов Б.В.,ФРТ,профессор,
Сидоров М.Ю.,ФМиЕН,профессор,
Сидоров Ж.Р.,ФРТ,доцент,д.н.
Лебедев А.А.,ФЭТ,доцент,
Лебедева Б.В.,ФИВТ,,д.н.
Лебедев Г.Н.,ФМиМ,профессор,к.н.
Соколов В.И.,ФРТ,ассистент,д.н.
Новиков И.К.,ФФ,,д.н.
Петров И.К.,ФМиЕН,профессор,к.н.
Алексеев Ж.Р.,ФФ,ассистент,д.н.
Кузнецов М.Ю.,ФМиМ,доцент,д.н.
Новиков Л.О.,ФПМИ,ассистент,
Сидоров К.М.,ФРТ,ассистент,д.н.
Попов Е.П.,ФЭТ,ассистент,
Иванов Г.Н.,ФФ,,д.н.
Сидоров Л.О.,ФУПМ,ассистент,
Соколов К.М.,ФУПМ,ассистент,
Соколов И.К.,ФИВТ,профессор,к.н.
Петров А.А.,ФРТ,доцент,
Лебедева Л.О.,ИТМО,ассистент,
Семенов Е.П.,ФЭТ,,
Морозов И.К.,ФРТ,,д.н.
Лебедева К.М.,ФИТ,профессор,к.н.
Лебедев К.М.,ФПМИ,,к.н.
Алексеев А.А.,ФЭТ,профессор,
Иванов Ж.Р.,ФУПМ,доцент,к.н.
Петров Л.О.,ФИВТ,профессор,д.н.
Попов А.А.,ФФ,ассистент,к.н.
Лебедева М.Ю.,ФУПМ,,к.н.
Лебедев И.К.,ФИВТ,ассистент,к.н.
Петров М.Ю.,ФМиЕН,,д.н.
Лебедева Б.В.,ФИВТ,доцент,
Кузнецов И.К.,ИТМО,профессор,д.н.
Егоров Ж.Р.,ФУПМ,ассистент,
Иванов Е.П.,ФЭТ,профессор,
Кузнецов З.Т.,ФМиЕН,профессор,д.н.
Волков А.А.,ФРТ,профессор,д.н.
Иванов Л.О.,ФЭТ,,
Попов Б.В.,ФФ,доцент,
Смирнов Б.В.,ФЭТ,,
Петров А.А.,ФИТ,ассистент,к.н.
Лебедева Л.О.,ФИВТ,,
Алексеев К.М.,ФМиЕН,профессор,к.н.
Волков Л.О.,ФУПМ,доцент,
Козлов З.Т.,ФУПМ,ассистент,к.н.
Иванов И.К.,ФМиЕН,доцент,к.н.
Попов А.А.,ФФ,профессор,к.н.
Сидоров Б.В.,ФМиМ,доцент,
Смирнов Л.О.,ФИТ,ассистент,
Морозов В.И.,ИТМО,,д.н.
Сидоров Б.В.,ФИТ,профессор,д.н.
Попов Ж.Р.,ФИТ,доцент,
Петров З.Т.,ФПМИ,ассистент,д.н.
Волков А.А.,ФЭТ,доцент,д.н.
Семенов Д.С.,ФЭТ,ассистент,д.н.
Кузнецов А.А.,ФПМИ,доцент,к.н.
Лебедев Д.С.,ФФ,доцент,
Морозов Б.В.,ФИТ,,
Попов Д.С.,ФФ,,к.н.
Петров Б.В.,ФРТ,ассистент,к.н.
Соколов К.М.,ФФ,ассистент,
Лебедев Г.Н.,ФФ,профессор,к.н.
Алексеев Ж.Р.,ФПМИ,,д.н.
Попов Ж.Р.,ИТМО,профессор,к.н.
Алексеев И.К.,ФУПМ,,д.н.
Волков И.К.,ФФ,профессор,к.н.
Попов Д.С.,ФМиМ,доцент,
Лебедев Л.О.,ФМиЕН,ассистент,д.н.
Сидоров Л.О.,ИТМО,доцент,к.н.
Кузнецов В.И.,ФПМИ,доцент,
Семенов К.М.,ИТМО,доцент,д.н.
Семенов М.Ю.,ФПМИ,ассистент,д.н.
Морозов К.М.,ФИВТ,ассистент,
Лебедев Г.Н.,ФМиМ,профессор,
Иванов Л.О.,ФЭТ,профессор,
Соколов Ж.Р.,ФПМИ,профессор,д.н.
Новиков А.А.,ФМиЕН,ассистент,
Иванов Л.О.,ИТМО,доцент,к.н.
Лебедев Л.О.,ИТМО,,
Козлов Д.С.,ИТМО,доцент,к.н.
Лебедев Л.О.,ФИВТ,,
Лебедева В.И.,ФФ,профессор,д.н.
Кузнецов И.К.,ФПМИ,профессор,д.н.
Алексеев Б.В.,ИТМО,ассистент,д.н.
Алексеев Л.О.,ФРТ,профессор,
Козлов Г.Н.,ФРТ,доцент,д.н.
Волков М.Ю.,ФИВТ,доцент,к.н.
Лебедева В.И.,ФФ,ассистент,к.н.
Лебедев И.К.,ФФ,ассистент,
Лебедев Г.Н.,ФУПМ,,д.н.
Волков А.А.,ИТМО,профессор,
Морозов Г.Н.,ФУПМ,доцент,к.н.
Кузнецов Б.В.,ФМиЕН,профессор,к.н.
Соколов Е.П.,ФИВТ,доцент,д.н.
Соколов М.Ю.,ФУПМ,профессор,к.н.
Петров З.Т.,ФМиМ,,д.н.
Морозов З.Т.,ФУПМ,профессор,к.н.
Егоров Г.Н.,ФПМИ,профессор,
Смирнов Ж.Р.,ФФ,,д.н.
Смирнов Д.С.,ФИВТ,ассистент,к.н.
Семенов К.М.,ФИТ,доцент,д.н.
Новиков А.А.,ФУПМ,профессор,
Лебедева Г.Н.,ФИВТ,доцент,
Петров М.Ю.,ФИВТ,ассистент,к.н.
Смирнов Б.В.,ФПМИ,доцент,д.н.
Семенов К.М.,ФПМИ,ассистент,д.н.
Лебедев И.К.,ФМиЕН,ассистент,к.н.
Алексеев Е.П.,ФМиЕН,ассистент,к.н.
Козлов Г.Н.,ФУПМ,доцент,к.н.
Петров З.Т.,ФРТ,профессор,
Козлов Б.В.,ФИТ,ассистент,
Егоров Л.О.,ФМиМ,доцент,д.н.
Кузнецов Ж.Р.,ФФ,,
Смирнов Г.Н.,ФУПМ,профессор,к.н.
Семенов Д.С.,ФИВТ,,д.н.
Козлов В.И.,ФРТ,ассистент,к.н.
Лебедева З.Т.,ИТМО,профессор,
Иванов Л.О.,ФФ,профессор,д.н.
Иванов В.И.,ФМиЕН,ассистент,
Сидоров В.И.,ФЭТ,ассистент,д.н.
Сидоров К.М.,ФУПМ,,
Новиков Ж.Р.,ФЭТ,ассистент,к.н.
Иванов Г.Н.,ИТМО,доцент,к.н.
Лебедева А.А.,ФЭТ,профессор,
Новиков Е.П.,ФМиМ,профессор,
Волков М.Ю.,ФУПМ,ассистент,
Иванов Л.О.,ФУПМ,ассистент,к.н.
Волков Л.О.,ИТМО,ассистент,к.н.
Лебедев Г.Н.,ФИВТ,ассистент,д.н.
Семенов К.М.,ИТМО,ассистент,к.н.
Морозов К.М.,ФМиЕН,профессор,д.н.
Соколов Д.С.,ФУПМ,ассистент,
Иванов Л.О.,ФИТ,профессор,
Сидоров Л.О.,ФМиМ,,
Иванов А.А.,ФФ,доцент,к.н.
Кузнецов И.К.,ФРТ,ассистент,к.н.
Иванов Л.О.,ФРТ,доцент,к.н.
Алексеев Ж.Р.,ФИВТ,профессор,д.н.
Соколов Г.Н.,ФПМИ,доцент,д.н.
Сидоров Е.П.,ФПМИ,профессор,
Попов М.Ю.,ФИВТ,доцент,д.н.
Егоров З.Т.,ФРТ,,к.н.
Соколов З.Т.,ФУПМ,доцент,д.н.
Морозов З.Т.,ФЭТ,,
Козлов М.Ю.,ФПМИ,профессор,к.н.
Егоров И.К.,ФРТ,,
Егоров Д.С.,ФИТ,профессор,
Новиков Л.О.,ФИТ,ассистент,
Петров Д.С.,ФИТ,,к.н.
Волков Б.В.,ФУПМ,ассистент,к.н.
Сидоров Б.В.,ФПМИ,доцент,д.н.
Петров В.И.,ФПМИ,доцент,д.н.
Егоров Г.Н.,ФМиЕН,ассистент,
Семенов А.А.,ФЭТ,профессор,д.н.
Морозов К.М.,ФФ,доцент,к.н.
Семенов Ж.Р.,ФФ,,д.н.
Соколов Б.В.,ФФ,доцент,к.н.
Лебедев Б.В.,ФМиМ,,
Петров З.Т.,ИТМО,профессор,д.н.
Егоров К.М.,ФПМИ,профессор,д.н.
Смирнов И.К.,ФМиМ,,к.н.
Егоров Е.П.,ФРТ,профессор,к.н.
Кузнецов М.Ю.,ФМиМ,,
Морозов З.Т.,ФУПМ,профессор,
Попов Г.Н.,ФРТ,,д.н.
Морозов Б.В.,ФПМИ,профессор,д.н.
Новиков И.К.,ФПМИ,,
Сидоров З.Т.,ФИВТ,,д.н.
Смирнов Л.О.,ФПМИ,ассистент,
Морозов И.К.,ФМиЕН,,
Волков А.А.,ФФ,ассистент,д.н.
Петров З.Т.,ФМиЕН,профессор,
Козлов Е.П.,ИТМО,,к.н.
Семенов Л.О.,ФИТ,ассистент,
Попов А.А.,ФМиМ,доцент,д.н.
Новиков А.А.,ФИВТ,,к.н.
Кузнецов Л.О.,ФРТ,профессор,к.н.
Лебедева Г.Н.,ФПМИ,ассистент,к.н.
Волков Л.О.,ФФ,доцент,
Козлов К.М.,ФМиМ,доцент,д.н.
Лебедева Е.П.,ФИВТ,доцент,д.н.
Волков Б.В.,ИТМО,ассистент,д.н.
Алексеев К.М.,ИТМО,,
Кузнецов Б.В.,ФЭТ,ассистент,д.н.
Семенов Л.О.,ФИТ,профессор,
Семенов Г.Н.,ФИТ,профессор,
Морозов Г.Н.,ФРТ,доцент,д.н.
Новиков Ж.Р.,ФУПМ,доцент,
Соколов К.М.,ФФ,,д.н.
Морозов А.А.,ФИТ,профессор,к.н.
Козлов Ж.Р.,ФЭТ,ассистент,д.н.
Морозов Ж.Р.,ФФ,ассистент,
Волков Ж.Р.,ФЭТ,профессор,д.н.
Кузнецов Г.Н.,ФМиЕН,ассистент,
Иванов З.Т.,ФИВТ,ассистент,
Лебедев Ж.Р.,ФПМИ,,к.н.
Волков З.Т.,ФЭТ,профессор,
Иванов Ж.Р.,ФЭТ,,
Лебедева И.К.,ФУПМ,,к.н.
Егоров Е.П.,ФИВТ,,
Соколов Д.С.,ФИВТ,профессор,д.н.
Иванов Ж.Р.,ИТМО,,д.н.
Лебедев Ж.Р.,ФЭТ,,
Семенов В.И.,ФЭТ,ассистент,
Козлов И.К.,ФМиЕН,доцент,
Кузнецов Ж.Р.,ФЭТ,ассистент,к.н.
Волков Ж.Р.,ФМиМ,доцент,к.н.
Морозов И.К.,ФИВТ,доцент,
Новиков Ж.Р.,ФЭТ,доцент,д.н.
Лебедев К.М.,ФМиМ,ассистент,
Иванов Ж.Р.,ФМиМ,,к.н.
Егоров Л.О.,ФИВТ,доцент,
Петров Д.С.,ФУПМ,,
Козлов В.И.,ФУПМ,,к.н.
Иванов Д.С.,ФИВТ,,
Егоров И.К.,ФМиМ,доцент,к.н.
Новиков В.И.,ФУПМ,профессор,к.н.
Новиков Л.О.,ФРТ,,
Петров М.Ю.,ФМиЕН,профессор,к.н.
Егоров Е.П.,ФФ,,д.н.
Смирнов Ж.Р.,ФПМИ,,д.н.
Смирнов Е.П.,ФЭТ,профессор,к.н.
Сидоров К.М.,ФМиМ,доцент,
Петров Е.П.,ФИВТ,,к.н.
Петров Л.О.,ФМиЕН,,
Лебедева И.К.,ФРТ,,
Морозов Ж.Р.,ФЭТ,доцент,
Алексеев И.К.,ФУПМ,,
Морозов Д.С.,ФИВТ,профессор,к.н.
Семенов В.И.,ФРТ,ассистент,д.н.
Семенов Ж.Р.,ФИТ,доцент,к.н.
Новиков Б.В.,ФЭТ,доцент,
Смирнов И.К.,ФЭТ,ассистент,к.н.
Морозов Ж.Р.,ФЭТ,доцент,к.н.
Волков Д.С.,ФРТ,доцент,
Смирнов Л.О.,ФМиЕН,доцент,к.н.
Алексеев Е.П.,ФРТ,профессор,к.н.
Семенов З.Т.,ФМиМ,доцент,
Морозов И.К.,ФРТ,доцент,д.н.
Алексеев Л.О.,ФМиМ,ассистент,
Новиков И.К.,ФМиМ,доцент,к.н.
Сидоров Л.О.,ИТМО,ассистент,д.н.
Семенов А.А.,ФПМИ,,
Семенов Л.О.,ФУПМ,доцент,д.н.
Волков К.М.,ФФ,,
Смирнов К.М.,ФИВТ,профессор,д.н.
Лебедев Ж.Р.,ФИТ,доцент,
Иванов З.Т.,ФИТ,,
Козлов Г.Н.,ИТМО,,д.н.
Семенов К.М.,ФУПМ,,
Смирнов Д.С.,ФМиЕН,доцент,
Петров З.Т.,ФМиМ,доцент,
Семенов А.А.,ФМиМ,ассистент,
Егоров Б.В.,ИТМО,доцент,
Козлов Г.Н.,ФФ,профессор,к.н.
Смирнов Е.П.,ФИВТ,профессор,
Семенов А.А.,ФИТ,профессор,д.н.
Лебедева К.М.,ФЭТ,,к.н.
Смирнов А.А.,ФФ,доцент,д.н.
Кузнецов А.А.,ИТМО,профессор,к.н.
Кузнецов Д.С.,ФФ,профессор,
Морозов Е.П.,ФМиМ,,к.н.
Семенов З.Т.,ФИВТ,,к.н.
Лебедева Г.Н.,ФРТ,доцент,
Волков Е.П.,ФЭТ,доцент,д.н.
Соколов З.Т.,ФМиЕН,доцент,д.н.
Алексеев Ж.Р.,ФИТ,,к.н.
Алексеев Г.Н.,ФИВТ,доцент,к.н.
Соколов М.Ю.,ФЭТ,,
Лебедев Д.С.,ФЭТ,ассистент,к.н.
Соколов Д.С.,ИТМО,ассистент,д.н.
Иванов А.А.,ФИВТ,ассистент,д.н.
Смирнов Д.С.,ИТМО,профессор,д.н.
Сидоров Б.В.,ФМиЕН,ассистент,к.н.
Семенов Ж.Р.,ФМиЕН,профессор,д.н.
Смирнов В.И.,ИТМО,ассистент,
Новиков Е.П.,ФМиМ,профессор,к.н.
Соколов З.Т.,ФУПМ,профессор,к.н.
Козлов Б.В.,ФИТ,ассистент,
Иванов Д.С.,ФПМИ,доцент,
Морозов К.М.,ФМиЕН,профессор,
Лебедева Л.О.,ФМиЕН,профессор,
Иванов Ж.Р.,ФРТ,,к.н.
Лебедев И.К.,ФУПМ,ассистент,к.н.
Волков Е.П.,ФРТ,,к.н.
Смирнов Г.Н.,ФМиМ,ассистент,д.н.
Новиков А.А.,ФМиМ,ассистент,д.н.
Попов В.И.,ФФ,доцент,д.н.
Новиков К.М.,ФРТ,профессор,
Волков Г.Н.,ФУПМ,доцент,
Смирнов З.Т.,ФФ,ассистент,
Волков В.И.,ФМиМ,доцент,к.н.
Семенов Г.Н.,ФИТ,,к.н.
Соколов Л.О.,ФПМИ,ассистент,д.н.
Иванов Д.С.,ФФ,доцент,д.н.
Иванов Д.С.,ФИВТ,,
Попов Е.П.,ФИВТ,,к.н.
Сидоров В.И.,ИТМО,ассистент,
Соколов И.К.,ФИТ,доцент,
Иванов Л.О.,ФУПМ,,
Семенов И.К.,ФПМИ,доцент,к.н.
Волков В.И.,ФПМИ,профессор,д.н.
Алексеев Е.П.,ФИВТ,профессор,
Попов Ж.Р.,ФМиМ,,
Лебедева Е.П.,ФПМИ,,д.н.
Козлов М.Ю.,ФРТ,,
Козлов К.М.,ФЭТ,доцент,к.н.
Егоров Д.С.,ФИВТ,ассистент,
Новиков И.К.,ФМиЕН,профессор,к.н.
Лебедева В.И.,ФПМИ,профессор,
Семенов А.А.,ФИВТ,профессор,д.н.
Морозов М.Ю.,ФИВТ,,д.н.
Петров Л.О.,ФПМИ,доцент,к.н.
Иванов И.К.,ФМиМ,профессор,
Морозов Г.Н.,ФИВТ,доцент,д.н.
Новиков Л.О.,ФФ,доцент,к.н.
Морозов А.А.,ФЭТ,,д.н.
Кузнецов Д.С.,ФМиЕН,ассистент,к.н.
Петров И.К.,ФИВТ,доцент,д.н.
Волков В.И.,ФЭТ,,к.н.
Попов М.Ю.,ФИТ,,д.н.
Кузнецов М.Ю.,ФРТ,доцент,к.н.
Алексеев Д.С.,ФЭТ,ассистент,к.н.
Сидоров Д.С.,ФУПМ,ассистент,д.н.
Сидоров Е.П.,ФПМИ,,д.н.
Лебедев З.Т.,ФФ,профессор,к.н.
Алексеев Ж.Р.,ФМиЕН,профессор,к.н.
Сидоров И.К.,ИТМО,ассистент,к.н.
Козлов Б.В.,ФИТ,ассистент,к.н.
Егоров М.Ю.,ФФ,,
Лебедева Ж.Р.,ФМиМ,ассистент,д.н.
Новиков В.И.,ФУПМ,доцент,к.н.
Алексеев М.Ю.,ФУПМ,,к.н.
Козлов Д.С.,ФФ,профессор,д.н.
Петров М.Ю.,ФМиМ,профессор,д.н.
Новиков З.Т.,ФФ,,д.н.
Лебедева А.А.,ИТМО,доцент,
Смирнов Б.В.,ФФ,,д.н.
Новиков И.К.,ФУПМ,,
Кузнецов Г.Н.,ФУПМ,профессор,
Попов В.И.,ФИВТ,ассистент,
Иванов Л.О.,ИТМО,профессор,
Смирнов Д.С.,ФИВТ,профессор,к.н.
Козлов З.Т.,ФМиМ,ассистент,
Соколов И.К.,ФРТ,ассистент,к.н.
Кузнецов И.К.,ФИТ,ассистент,к.н.
Лебедев М.Ю.,ИТМО,доцент,к.н.
Морозов В.И.,ФИВТ,доцент,к.н.
Соколов Б.В.,ФМиЕН,доцент,
Соколов Г.Н.,ФМиМ,,д.н.
Попов Ж.Р.,ФФ,доцент,
Попов Б.В.,ФУПМ,профессор,к.н.
Лебедева А.А.,ФУПМ,ассистент,д.н.
Алексеев К.М.,ФУПМ,ассистент,
Соколов К.М.,ФМиМ,,
Попов Б.В.,ИТМО,,д.н.
Новиков М.Ю.,ФИТ,профессор,д.н.
Попов В.И.,ФИВТ,профессор,
Семенов Л.О.,ФМиМ,доцент,
Новиков К.М.,ИТМО,ассистент,к.н.
Кузнецов М.Ю.,ФИВТ,доцент,
Егоров В.И.,ФИВТ,доцент,
Иванов Г.Н.,ФУПМ,доцент,к.н.
Иванов Б.В.,ФФ,ассистент,
Егоров М.Ю.,ФПМИ,ассистент,
Алексеев Ж.Р.,ИТМО,профессор,к.н.
Кузнецов А.А.,ФЭТ,,к.н.
Иванов Д.С.,ФЭТ,ассистент,к.н.
Лебедева И.К.,ФМиЕН,профессор,к.н.
Морозов Г.Н.,ФМиЕН,,к.н.
Лебедева А.А.,ФИТ,доцент,
Алексеев Ж.Р.,ФМиМ,профессор,к.н.
Лебедев Л.О.,ФИВТ,доцент,
Алексеев З.Т.,ФУПМ,доцент,к.н.
Сидоров И.К.,ФФ,профессор,к.н.
Волков И.К.,ФРТ,доцент,
Волков М.Ю.,ФПМИ,ассистент,
Волков Л.О.,ФМиМ,профессор,к.н.
Морозов З.Т.,ИТМО,доцент,д.н.
Лебедев К.М.,ФПМИ,профессор,
Волков Д.С.,ФИВТ,доцент,
Лебедева Д.С.,ФМиМ,,
Соколов Е.П.,ФУПМ,доцент,д.н.
Алексеев Ж.Р.,ФИТ,профессор,к.н.
Сидоров Г.Н.,ФЭТ,ассистент,
Козлов З.Т.,ФРТ,доцент,к.н.
Лебедев И.К.,ФМиМ,профессор,
Иванов Ж.Р.,ФЭТ,доцент,д.н.
Лебедева К.М.,ФРТ,профессор,к.н.
Козлов Л.О.,ФРТ,доцент,к.н.
Новиков Е.П.,ФРТ,доцент,
Соколов Б.В.,ФМиЕН,,
Волков З.Т.,ФМиЕН,профессор,к.н.
Смирнов Е.П.,ФРТ,профессор,к.н.
Соколов Б.В.,ФМиМ,ассистент,
Семенов Г.Н.,ФМиМ,профессор,
Смирнов Л.О.,ФИТ,профессор,
Лебедева З.Т.,ФИТ,профессор,
Морозов Л.О.,ФЭТ,ассистент,к.н.
Семенов Г.Н.,ФФ,ассистент,к.н.
Соколов Е.П.,ИТМО,профессор,д.н.
Морозов З.Т.,ФФ,,к.н.
Лебедева Е.П.,ФМиМ,доцент,
Соколов Е.П.,ИТМО,доцент,
Сидоров З.Т.,ФМиЕН,,
Семенов В.И.,ФМиЕН,,
Иванов А.А.,ИТМО,,к.н.
Петров Ж.Р.,ФУПМ,,д.н.
Семенов З.Т.,ИТМО,ассистент,к.н.
Волков Д.С.,ФУПМ,,
Новиков В.И.,ФИВТ,,
Попов Б.В.,ИТМО,ассистент,д.н.
Волков Д.С.,ФИВТ,ассистент,д.н.
Алексеев Г.Н.,ФПМИ,доцент,д.н.
Морозов З.Т.,ИТМО,профессор,к.н.
Сидоров Б.В.,ИТМО,профессор,д.н.
Смирнов М.Ю.,ФФ,доцент,к.н.
Лебедева Ж.Р.,ФФ,,
Морозов Б.В.,ФМиЕН,ассистент,
Смирнов Ж.Р.,ФПМИ,,к.н.
Лебедева Е.П.,ФИВТ,,
Попов Г.Н.,ФМиМ,доцент,д.н.
Попов В.И.,ФМиЕН,,
Козлов Г.Н.,ФЭТ,ассистент,к.н.
Иванов Д.С.,ФФ,,д.н.
Сидоров Е.П.,ФУПМ,ассистент,к.н.
Лебедева А.А.,ФРТ,,д.н.
Смирнов А.А.,ФФ,профессор,к.н.
Лебедев М.Ю.,ФИВТ,,
Егоров Б.В.,ФМиМ,ассистент,д.н.
Кузнецов Б.В.,ФЭТ,доцент,к.н.
Семенов Е.П.,ФМиЕН,профессор,к.н.
Смирнов В.И.,ФФ,доцент,
Петров М.Ю.,ИТМО,,к.н.
Попов З.Т.,ИТМО,доцент,д.н.
Новиков М.Ю.,ФИВТ,,д.н.
Волков В.И.,ИТМО,ассистент,к.н.
Лебедева А.А.,ФИТ,профессор,д.н.
Иванов Д.С.,ФПМИ,ассистент,
Сидоров К.М.,ФФ,,
Семенов Е.П.,ФУПМ,профессор,к.н.
Кузнецов Г.Н.,ФФ,доцент,
Петров Д.С.,ФМиЕН,ассистент,д.н.
Алексеев З.Т.,ФИТ,,
Семенов Г.Н.,ФИВТ,ассистент,к.н.
Кузнецов Д.С.,ФЭТ,профессор,к.н.
Новиков А.А.,ФМиЕН,доцент,д.н.
Иванов Ж.Р.,ФЭТ,,к.н.
Попов Л.О.,ФРТ,ассистент,д.н.
Сидоров И.К.,ФИТ,доцент,д.н.
Петров З.Т.,ИТМО,,
Иванов Л.О.,ФУПМ,профессор,д.н.
Семенов А.А.,ФИТ,профессор,к.н.
Иванов Ж.Р.,ФРТ,доцент,д.н.
Лебедева К.М.,ФИТ,ассистент,к.н.
Егоров Д.С.,ФФ,,к.н.
Лебедева Ж.Р.,ФИТ,,
Петров Б.В.,ФЭТ,доцент,
Иванов Г.Н.,ФМиЕН,доцент,д.н.
Попов З.Т.,ФМиМ,,д.н.
Новиков Б.В.,ФМиЕН,,
Смирнов К.М.,ФЭТ,доцент,к.н.
Смирнов И.К.,ФПМИ,профессор,к.н.
Новиков М.Ю.,ФУПМ,доцент,
Лебедева В.И.,ФЭТ,,д.н.
Соколов Д.С.,ФРТ,,д.н.
Соколов Ж.Р.,ФИТ,,к.н.
Соколов Е.П.,ФИВТ,,д.н.
Алексеев И.К.,ФФ,профессор,
Козлов Л.О.,ФФ,ассистент,к.н.
Егоров Б.В.,ИТМО,доцент,
Егоров А.А.,ФМиМ,,
Сидоров Л.О.,ФЭТ,,
Семенов Л.О.,ФЭТ,доцент,
Новиков З.Т.,ФИТ,,к.н.
Алексеев Е.П.,ИТМО,доцент,к.н.
Егоров В.И.,ФИТ,,
Соколов И.К.,ФИВТ,,д.н.
Козлов Д.С.,ФИВТ,доцент,
Новиков К.М.,ФМиЕН,ассистент,
Кузнецов Е.П.,ФМиМ,ассистент,
Козлов Б.В.,ФМиЕН,ассистент,
Лебедев В.И.,ФМиМ,ассистент,
Лебедева Л.О.,ФИТ,,к.н.
Козлов А.А.,ФУПМ,доцент,д.н.
Лебедев В.И.,ФЭТ,ассистент,д.н.
Волков З.Т.,ФМиЕН,ассистент,
Семенов Л.О.,ФЭТ,,
Петров З.Т.,ФИТ,ассистент,к.н.
Кузнецов Д.С.,ФЭТ,,
Попов К.М.,ФИВТ,профессор,д.н.
Егоров Ж.Р.,ФПМИ,доцент,
Попов З.Т.,ФУПМ,доцент,д.н.
Егоров И.К.,ФФ,ассистент,д.н.
Соколов А.А.,ФИВТ,,д.н.
Егоров И.К.,ФФ,доцент,
Морозов И.К.,ФЭТ,ассистент,
Смирнов В.И.,ФРТ,,к.н.
Новиков К.М.,ФЭТ,,
Сидоров И.К.,ФМиЕН,профессор,к.н.
Кузнецов Д.С.,ФФ,профессор,д.н.
Морозов И.К.,ИТМО,,к.н.
Смирнов Г.Н.,ФУПМ,ассистент,
Соколов А.А.,ФПМИ,ассистент,д.н.
Смирнов Г.Н.,ФЭТ,ассистент,
Попов А.А.,ФИВТ,,
Смирнов М.Ю.,ФИВТ,профессор,д.н.
Кузнецов И.К.,ФМиЕН,ассистент,
Сидоров Г.Н.,ФУПМ,ассистент,к.н.
Сидоров В.И.,ФПМИ,доцент,д.н.
Иванов В.И.,ФПМИ,доцент,
Егоров Б.В.,ФМиМ,ассистент,к.н.
Смирнов М.Ю.,ФМиЕН,ассистент,
Попов В.И.,ФЭТ,профессор,к.н.
Волков Л.О.,ФПМИ,ассистент,к.н.
Егоров А.А.,ФРТ,ассистент,к.н.
Семенов Л.О.,ФПМИ,ассистент,д.н.
Семенов М.Ю.,ФМиЕН,,д.н.
Смирнов Г.Н.,ФЭТ,профессор,д.н.
Соколов А.А.,ФИТ,ассистент,к.н.
Семенов Л.О.,ФИВТ,доцент,к.н.
Семенов М.Ю.,ФЭТ,доцент,
Смирнов Д.С.,ФУПМ,доцент,к.н.
Кузнецов М.Ю.,ФУПМ,,д.н.
Сидоров Д.С.,ФИТ,,д.н.
Соколов Ж.Р.,ФФ,ассистент,
Семенов В.И.,ФМиМ,ассистент,к.н.
Семенов З.Т.,ФПМИ,доцент,
Волков Л.О.,ФМиМ,ассистент,д.н.
Сидоров Г.Н.,ФФ,,д.н.
Волков Ж.Р.,ФЭТ,ассистент,
Попов З.Т.,ФУПМ,доцент,к.н.
Егоров З.Т.,ФМиМ,доцент,
Егоров И.К.,ИТМО,профессор,
Лебедева Е.П.,ФИВТ,доцент,к.н.
Лебедева М.Ю.,ФФ,доцент,к.н.
Алексеев И.К.,ФЭТ,ассистент,к.н.
Волков Ж.Р.,ФИВТ,доцент,
Семенов Б.В.,ФИТ,ассистент,
Иванов В.И.,ФУПМ,,
Семенов В.И.,ФФ,ассистент,к.н.
Смирнов А.А.,ФУПМ,профессор,
Алексеев А.А.,ФИТ,,к.н.
Егоров Д.С.,ФРТ,ассистент,к.н.
Сидоров К.М.,ФИТ,доцент,к.н.
Алексеев К.М.,ФУПМ,профессор,
Семенов И.К.,ФРТ,,к.н.
Морозов Е.П.,ИТМО,ассистент,к.н.
Петров М.Ю.,ФИТ,,к.н.
Семенов А.А.,ФРТ,доцент,к.н.
Семенов Л.О.,ФРТ,ассистент,
Семенов М.Ю.,ФЭТ,ассистент,к.н.
Алексеев Б.В.,ФУПМ,ассистент,
Петров Д.С.,ИТМО,профессор,д.н.
Соколов И.К.,ФМиЕН,ассистент,к.н.
Лебедева З.Т.,ФЭТ,профессор,к.н.
Лебедев Е.П.,ФУПМ,доцент,д.н.
Сидоров К.М.,ФФ,ассистент,
Кузнецов К.М.,ФЭТ,доцент,
Смирнов К.М.,ИТМО,профессор,д.н.
Новиков Д.С.,ИТМО,профессор,
Петров Г.Н.,ФМиМ,,
Егоров Г.Н.,ФФ,профессор,
Морозов Л.О.,ФУПМ,доцент,к.н.
Егоров И.К.,ФРТ,профессор,д.н.
Егоров Л.О.,ФМиМ,доцент,к.н.
Петров А.А.,ФМиЕН,доцент,д.н.
Алексеев Г.Н.,ФЭТ,доцент,
Смирнов К.М.,ФМиМ,профессор,
Волков З.Т.,ФИТ,доцент,к.н.
Попов Е.П.,ФЭТ,доцент,к.н.
Волков И.К.,ФЭТ,,к.н.
Иванов А.А.,ФПМИ,профессор,
Новиков Л.О.,ФИТ,ассистент,
Семенов И.К.,ФУПМ,доцент,
Смирнов Е.П.,ФЭТ,ассистент,
Сидоров Е.П.,ИТМО,,к.н.
Морозов В.И.,ИТМО,доцент,
Морозов Ж.Р.,ФМиЕН,ассистент,д.н.
Егоров Г.Н.,ФИТ,,к.н.
Семенов З.Т.,ФМиМ,,
Козлов Е.П.,ФРТ,доцент,д.н.
Козлов К.М.,ФИВТ,доцент,
Морозов Е.П.,ФРТ,,
Кузнецов В.И.,ФФ,,к.н.
Козлов З.Т.,ФФ,профессор,к.н.
Лебедев Д.С.,ФРТ,профессор,к.н.
Морозов И.К.,ИТМО,,
Алексеев Б.В.,ФИТ,профессор,д.н.
Попов Ж.Р.,ФФ,доцент,д.н.
Семенов К.М.,ФПМИ,доцент,
Иванов З.Т.,ИТМО,,к.н.
Лебедев К.М.,ФФ,доцент,
Петров Б.В.,ФМиМ,профессор,к.н.
Петров Е.П.,ФРТ,,к.н.
Попов Г.Н.,ФФ,ассистент,д.н.
Семенов Б.В.,ФУПМ,,к.н.
Кузнецов М.Ю.,ИТМО,,к.н.
Петров М.Ю.,ИТМО,ассистент,
Егоров В.И.,ФРТ,ассистент,д.н.
Егоров А.А.,ФМиЕН,доцент,д.н.
Смирнов М.Ю.,ФЭТ,ассистент,д.н.
Сидоров К.М.,ФЭТ,доцент,д.н.
Козлов З.Т.,ФИВТ,профессор,к.н.
Кузнецов Д.С.,ФМиМ,ассистент,д.н.
Иванов Б.В.,ФИТ,доцент,д.н.
Семенов В.И.,ИТМО,ассистент,
Егоров Е.П.,ФЭТ,,
Лебедева Е.П.,ФФ,ассистент,
Волков Е.П.,ФРТ,,
Попов Б.В.,ФРТ,профессор,
Петров А.А.,ФЭТ,профессор,д.н.
Кузнецов З.Т.,ИТМО,,д.н.
Лебедев Б.В.,ФЭТ,,
Смирнов А.А.,ФМиМ,ассистент,
Лебедева К.М.,ФФ,профессор,д.н.
Козлов З.Т.,ФФ,,к.н.
Семенов З.Т.,ФПМИ,,к.н.
Петров Ж.Р.,ФИТ,ассистент,к.н.
Сидоров Г.Н.,ИТМО,,к.н.
Лебедева З.Т.,ФФ,доцент,д.н.
Попов В.И.,ФМиМ,профессор,
Козлов М.Ю.,ФМиЕН,профессор,д.н.
Морозов М.Ю.,ФФ,доцент,д.н.
Волков В.И.,ФРТ,ассистент,к.н.
Алексеев М.Ю.,ИТМО,ассистент,к.н.
Морозов Г.Н.,ФФ,,к.н.
Петров З.Т.,ФЭТ,профессор,д.н.
Волков И.К.,ФМиМ,доцент,к.н.
Смирнов З.Т.,ФИВТ,доцент,к.н.
Попов М.Ю.,ФРТ,,к.н.
Морозов Л.О.,ФРТ,,к.н.
Попов В.И.,ФМиЕН,доцент,д.н.
Петров Б.В.,ФИТ,,
Егоров Г.Н.,ФМиМ,доцент,
Смирнов Ж.Р.,ИТМО,ассистент,
Егоров Б.В.,ФЭТ,профессор,к.н.
Новиков Д.С.,ФПМИ,профессор,к.н.
Лебедев Г.Н.,ФУПМ,доцент,к.н.
Попов А.А.,ФИТ,доцент,д.н.
Лебедева А.А.,ФЭТ,доцент,
Иванов Е.П.,ИТМО,,к.н.
Алексеев Е.П.,ФИТ,,
Смирнов А.А.,ФМиЕН,профессор,д.н.
Кузнецов Г.Н.,ФРТ,ассистент,д.н.
Козлов А.А.,ИТМО,,к.н.
Иванов Б.В.,ФРТ,,д.н.
Кузнецов Б.В.,ФИВТ,ассистент,
Морозов Г.Н.,ФИТ,доцент,
Петров Г.Н.,ИТМО,ассистент,д.н.
Кузнецов К.М.,ИТМО,профессор,
Семенов Л.О.,ИТМО,ассистент,д.н.
Егоров Б.В.,ФИВТ,ассистент,
Смирнов Л.О.,ИТМО,профессор,к.н.
Смирнов Ж.Р.,ФЭТ,ассистент,д.н.
Егоров Г.Н.,ФМиМ,,
Попов В.И.,ФМиМ,ассистент,к.н.
Кузнецов К.М.,ФФ,ассистент,д.н.
Смирнов И.К.,ФИТ,профессор,к.н.
Новиков И.К.,ФИВТ,,д.н.
Иванов А.А.,ИТМО,,к.н.
Соколов А.А.,ИТМО,профессор,д.н.
Попов Г.Н.,ФИТ,доцент,д.н.
Егоров Г.Н.,ФУПМ,профессор,
Петров И.К.,ФФ,доцент,д.н.
Сидоров В.И.,ФПМИ,,к.н.
Соколов Д.С.,ФМиЕН,профессор,
Алексеев Г.Н.,ФЭТ,профессор,к.н.
Козлов Г.Н.,ИТМО,профессор,
Смирнов Г.Н.,ИТМО,,
Кузнецов М.Ю.,ФПМИ,доцент,
Смирнов Л.О.,ФУПМ,доцент,
Лебедев М.Ю.,ФПМИ,профессор,
Попов В.И.,ФЭТ,ассистент,к.н.
Лебедев Д.С.,ФУПМ,ассистент,д.н.
Лебедев М.Ю.,ИТМО,профессор,д.н.
Смирнов Л.О.,ФУПМ,профессор,д.н.
Петров Е.П.,ФПМИ,,
Иванов Ж.Р.,ФПМИ,доцент,к.н.
Попов Г.Н.,ФМиЕН,профессор,д.н.
Сидоров Д.С.,ФМиЕН,ассистент,
Козлов Д.С.,ФУПМ,доцент,к.н.
Егоров В.И.,ИТМО,доцент,д.н.
Волков З.Т.,ФУПМ,ассистент,д.н.
Козлов Д.С.,ФМиМ,ассистент,к.н.
Сидоров В.И.,ФМиЕН,профессор,д.н.
Лебедев А.А.,ФМиМ,доцент,д.н.
Новиков Б.В.,ФМиЕН,профессор,к.н.
Попов А.А.,ФПМИ,доцент,к.н.
Смирнов Ж.Р.,ФЭТ,,
Лебедева Л.О.,ФФ,ассистент,д.н.
Соколов А.А.,ИТМО,профессор,
Семенов К.М.,ФИТ,доцент,д.н.
Петров В.И.,ФЭТ,,к.н.
Иванов Ж.Р.,ФИВТ,доцент,к.н.
Лебедева В.И.,ФУПМ,доцент,
Попов А.А.,ФМиМ,ассистент,д.н.
Егоров И.К.,ФРТ,профессор,д.н.
Иванов Б.В.,ФРТ,ассистент,
Волков Г.Н.,ФРТ,ассистент,к.н.
Семенов Е.П.,ФИВТ,профессор,
Семенов А.А.,ФИТ,,
Морозов Б.В.,ФФ,,к.н.
Морозов К.М.,ФЭТ,ассистент,к.н.
Иванов Е.П.,ФМиЕН,ассистент,
Волков И.К.,ФФ,профессор,д.н.
Семенов М.Ю.,ФФ,,д.н.
Семенов Е.П.,ФЭТ,доцент,к.н.
Лебедева З.Т.,ФУПМ,доцент,к.н.
Иванов Е.П.,ФМиМ,,к.н.
Сидоров Ж.Р.,ФМиМ,доцент,
Лебедева В.И.,ФРТ,,д.н.
Иванов А.А.,ФМиЕН,,
Морозов К.М.,ФУПМ,,
Иванов З.Т.,ФФ,профессор,д.н.
Лебедев Б.В.,ФМиМ,ассистент,д.н.
Соколов М.Ю.,ФПМИ,,
Лебедев Д.С.,ФИВТ,профессор,к.н.
Лебедева Г.Н.,ФИВТ,,
Петров Б.В.,ФРТ,,д.н.
Алексеев Е.П.,ФИТ,профессор,
Алексеев М.Ю.,ФМиМ,доцент,
Козлов А.А.,ФПМИ,,д.н.
Волков Ж.Р.,ФМиЕН,доцент,д.н.
Попов Ж.Р.,ФМиМ,доцент,к.н.
Лебедева Д.С.,ФПМИ,профессор,д.н.
Лебедев Д.С.,ФУПМ,профессор,к.н.
Козлов Б.В.,ФМиЕН,ассистент,к.н.
Лебедев А.А.,ФФ,доцент,д.н.
Новиков Г.Н.,ФМиЕН,доцент,к.н.
Морозов З.Т.,ФФ,профессор,к.н.
Петров З.Т.,ФМиМ,,д.н.
Егоров А.А.,ФРТ,профессор,к.н.
Петров Л.О.,ФРТ,,д.н.
Сидоров И.К.,ФФ,профессор,
Лебедев Б.В.,ФМиЕН,,
Лебедев Ж.Р.,ФИВТ,,д.н.
Смирнов З.Т.,ФФ,доцент,д.н.
Новиков З.Т.,ФИТ,,д.н.
Попов Д.С.,ФМиЕН,,
Попов Е.П.,ФМиЕН,ассистент,д.н.
Волков И.К.,ФИТ,доцент,к.н.
Иванов Ж.Р.,ФМиЕН,,к.н.
Кузнецов В.И.,ФРТ,,к.н.
Попов Б.В.,ИТМО,ассистент,д.н.
Петров Б.В.,ФЭТ,доцент,к.н.
Волков И.К.,ФМиЕН,ассистент,к.н.
Новиков Ж.Р.,ФУПМ,профессор,д.н.
Кузнецов А.А.,ФЭТ,профессор,к.н.
Соколов Е.П.,ФПМИ,,д.н.
Кузнецов К.М.,ФЭТ,,д.н.
Лебедева Б.В.,ФМиЕН,профессор,
Кузнецов Д.С.,ФРТ,ассистент,к.н.
Лебедев Е.П.,ФМиЕН,профессор,д.н.
Лебедев И.К.,ИТМО,,к.н.
Лебедев К.М.,ФМиМ,профессор,д.н.
Волков А.А.,ФМиМ,доцент,к.н.
Егоров З.Т.,ФУПМ,ассистент,
Смирнов Г.Н.,ФИТ,доцент,д.н.
Смирнов Г.Н.,ФУПМ,профессор,
Сидоров Е.П.,ФФ,ассистент,д.н.
Иванов Е.П.,ФПМИ,профессор,к.н.
Иванов З.Т.,ФМиМ,ассистент,д.н.
Козлов Д.С.,ФРТ,ассистент,к.н.
Попов И.К.,ФМиМ,доцент,
Соколов Ж.Р.,ИТМО,ассистент,к.н.
Алексеев Д.С.,ФРТ,доцент,к.н.
Смирнов Б.В.,ФМиЕН,,к.н.
Попов И.К.,ФПМИ,,д.н.
Петров Г.Н.,ФУПМ,ассистент,д.н.
Волков Д.С.,ФМиЕН,,д.н.
Лебедев Ж.Р.,ФЭТ,ассистент,к.н.
Попов В.И.,ФМиМ,профессор,к.н.
Алексеев К.М.,ФМиЕН,доцент,
Морозов Б.В.,ФПМИ,ассистент,к.н.
Лебедев Д.С.,ФМиЕН,профессор,
Волков А.А.,ФПМИ,,д.н.
Попов Г.Н.,ФРТ,профессор,д.н.
Морозов Г.Н.,ФМиЕН,,
Петров В.И.,ФФ,ассистент,д.н.
Волков Ж.Р.,ФУПМ,профессор,д.н.
Попов И.К.,ИТМО,профессор,к.н.
Алексеев Д.С.,ФИВТ,доцент,к.н.
Семенов И.К.,ФРТ,ассистент,д.н.
Лебедева М.Ю.,ФИВТ,профессор,
Попов Ж.Р.,ФМиЕН,ассистент,д.н.
Иванов Е.П.,ФФ,доцент,д.н.
Новиков М.Ю.,ФРТ,профессор,к.н.
Кузнецов Е.П.,ФРТ,ассистент,д.н.
Семенов А.А.,ФУПМ,ассистент,к.н.
Морозов Д.С.,ФУПМ,профессор,д.н.
Кузнецов В.И.,ФИВТ,,д.н.
Новиков В.И.,ФИТ,доцент,к.н.
Лебедев И.К.,ФПМИ,профессор,д.н.
Петров В.И.,ФЭТ,доцент,д.н.
Лебедев И.К.,ФМиМ,доцент,
Лебедев А.А.,ФЭТ,,д.н.
Козлов Б.В.,ИТМО,,
Иванов Г.Н.,ФУПМ,ассистент,
Семенов З.Т.,ФФ,ассистент,д.н.
Морозов Г.Н.,ФУПМ,доцент,к.н.
Волков Б.В.,ФИТ,доцент,
Соколов И.К.,ФМиЕН,,д.н.
Новиков В.И.,ФМиМ,доцент,д.н.
Алексеев А.А.,ФМиМ,ассистент,д.н.
Смирнов Л.О.,ФИТ,,
Лебедева Б.В.,ФМиМ,ассистент,д.н.
Сидоров Ж.Р.,ИТМО,профессор,д.н.
Новиков Д.С.,ФМиЕН,,д.н.
Попов М.Ю.,ФМиЕН,ассистент,д.н.
Лебедев К.М.,ФУПМ,ассистент,д.н.
Попов Ж.Р.,ФЭТ,доцент,
Козлов Л.О.,ФФ,доцент,
Кузнецов Д.С.,ФПМИ,ассистент,д.н.
Смирнов З.Т.,ФУПМ,доцент,д.н.
Козлов В.И.,ФФ,профессор,к.н.
Лебедев А.А.,ФИТ,ассистент,к.н.
Смирнов М.Ю.,ФУПМ,доцент,д.н.
Семенов Л.О.,ФФ,,д.н.
Морозов Л.О.,ИТМО,профессор,к.н.
Новиков Л.О.,ФПМИ,ассистент,д.н.
Соколов Д.С.,ИТМО,профессор,
Морозов М.Ю.,ФРТ,ассистент,к.н.
Лебедева Л.О.,ФПМИ,ассистент,д.н.
Морозов Л.О.,ФФ,,
Лебедев Е.П.,ИТМО,ассистент,д.н.
Иванов Г.Н.,ФФ,ассистент,к.н.
Козлов В.И.,ФРТ,ассистент,к.н.
Петров Е.П.,ФРТ,доцент,к.н.
Алексеев Ж.Р.,ФМиЕН,доцент,
Соколов В.И.,ФРТ,ассистент,д.н.
Смирнов Ж.Р.,ФИВТ,ассистент,д.н.
Попов В.И.,ФМиЕН,профессор,
Кузнецов З.Т.,ФИВТ,доцент,д.н.
Иванов М.Ю.,ФФ,ассистент,к.н.
Волков Ж.Р.,ИТМО,доцент,д.н.
Попов Д.С.,ФУПМ,,д.н.
Соколов Б.В.,ФУПМ,доцент,к.н.
Егоров З.Т.,ФРТ,,д.н.
Попов Л.О.,ФИТ,профессор,д.н.
Петров К.М.,ФПМИ,,к.н.
Алексеев Л.О.,ФУПМ,,к.н.
Лебедев И.К.,ФИВТ,профессор,
Козлов А.А.,ФПМИ,доцент,д.н.
Попов В.И.,ФИВТ,,
Алексеев Б.В.,ФМиМ,доцент,
Козлов И.К.,ФМиЕН,профессор,
Семенов В.И.,ФПМИ,,
Иванов Д.С.,ФРТ,,д.н.
Сидоров З.Т.,ФРТ,ассистент,
Новиков Г.Н.,ИТМО,ассистент,д.н.
Сидоров Е.П.,ФПМИ,доцент,д.н.
Козлов М.Ю.,ФЭТ,ассистент,д.н.
Алексеев Л.О.,ФМиЕН,доцент,д.н.
Новиков Л.О.,ФУПМ,,
Петров А.А.,ИТМО,ассистент,д.н.
Кузнецов К.М.,ФМиЕН,,д.н.
Кузнецов М.Ю.,ФУПМ,ассистент,
Новиков Д.С.,ФФ,доцент,к.н.
Лебедев К.М.,ИТМО,доцент,д.н.
Лебедева Л.О.,ИТМО,,
Соколов В.И.,ФЭТ,профессор,
Иванов Д.С.,ФУПМ,,
Морозов К.М.,ФМиЕН,ассистент,к.н.
Козлов И.К.,ФРТ,доцент,
Сидоров З.Т.,ФУПМ,профессор,д.н.
Семенов М.Ю.,ФМиМ,доцент,д.н.
Смирнов А.А.,ФИТ,доцент,
Смирнов Ж.Р.,ФМиМ,,к.н.
Смирнов Е.П.,ФРТ,ассистент,к.н.
Смирнов Г.Н.,ФМиМ,доцент,
Соколов М.Ю.,ФМиМ,,к.н.
Лебедева Д.С.,ФУПМ,ассистент,
Смирнов К.М.,ФУПМ,доцент,к.н.
Сидоров Ж.Р.,ФМиМ,доцент,к.н.
Морозов Ж.Р.,ФПМИ,,д.н.
Лебедева Б.В.,ФИВТ,ассистент,к.н.
Лебедева Б.В.,ИТМО,доцент,д.н.
Кузнецов З.Т.,ФПМИ,,
Иванов Д.С.,ФУПМ,ассистент,
Волков Л.О.,ФИТ,ассистент,к.н.
Морозов В.И.,ФИТ,профессор,к.н.
Соколов Л.О.,ФФ,профессор,к.н.
Новиков З.Т.,ФЭТ,ассистент,
Алексеев З.Т.,ФИТ,,
Козлов Д.С.,ФУПМ,ассистент,д.н.
Волков М.Ю.,ФПМИ,доцент,д.н.
Смирнов Ж.Р.,ФУПМ,профессор,д.н.
Новиков Ж.Р.,ФЭТ,,
Семенов Ж.Р.,ФУПМ,доцент,д.н.
Кузнецов Б.В.,ФМиМ,ассистент,
Смирнов З.Т.,ИТМО,,д.н.
Петров И.К.,ФЭТ,профессор,
Петров Е.П.,ИТМО,доцент,к.н.
Морозов Ж.Р.,ФИТ,профессор,д.н.
Лебедев Г.Н.,ФРТ,профессор,д.н.
Соколов З.Т.,ФИВТ,,д.н.
Лебедева Б.В.,ФПМИ,доцент,д.н.
Попов Г.Н.,ФПМИ,профессор,к.н.
Кузнецов К.М.,ФИТ,доцент,
Алексеев Д.С.,ФПМИ,профессор,
Сидоров К.М.,ФФ,профессор,к.н.
Семенов И.К.,ФРТ,,д.н.
Петров А.А.,ФИТ,доцент,
Семенов Г.Н.,ФМиМ,,
Петров К.М.,ФЭТ,ассистент,к.н.
Козлов Л.О.,ФЭТ,доцент,
Сидоров Г.Н.,ФФ,,д.н.
Волков К.М.,ФРТ,ассистент,к.н.
Кузнецов В.И.,ФИВТ,ассистент,
Козлов Д.С.,ФУПМ,,
Волков Е.П.,ФМиМ,профессор,к.н.
Козлов А.А.,ФИТ,,д.н.
Лебедева В.И.,ФИВТ,профессор,к.н.
Соколов Л.О.,ФУПМ,,д.н.
Иванов К.М.,ФМиЕН,ассистент,к.н.
Кузнецов М.Ю.,ФМиМ,доцент,
Козлов К.М.,ФУПМ,профессор,к.н.
Кузнецов А.А.,ФФ,доцент,
Морозов Д.С.,ФПМИ,,к.н.
Иванов А.А.,ИТМО,профессор,
Попов Б.В.,ФМиМ,профессор,
Попов А.А.,ФЭТ,,д.н.
Козлов З.Т.,ФРТ,,
Козлов Г.Н.,ФМиМ,ассистент,к.н.
Новиков В.И.,ФФ,доцент,к.н.
Волков В.И.,ИТМО,доцент,к.н.
Кузнецов Б.В.,ФУПМ,,д.н.
Петров Г.Н.,ФИВТ,профессор,к.н.
Новиков Л.О.,ФМиМ,профессор,к.н.
Смирнов Г.Н.,ФУПМ,,к.н.
Семенов Б.В.,ФРТ,профессор,д.н.
Попов Д.С.,ФЭТ,,
Смирнов Г.Н.,ФФ,,
Иванов А.А.,ФПМИ,профессор,к.н.
Попов Л.О.,ФМиЕН,ассистент,д.н.
Лебедева М.Ю.,ФРТ,доцент,
Лебедева Л.О.,ФЭТ,доцент,д.н.
Семенов Л.О.,ФИВТ,,
Смирнов Л.О.,ФМиМ,профессор,к.н.
Сидоров Д.С.,ФУПМ,,д.н.
Козлов Б.В.,ИТМО,ассистент,к.н.
Петров М.Ю.,ФЭТ,,д.н.
Попов Ж.Р.,ФЭТ,доцент,
Морозов Д.С.,ФМиЕН,профессор,д.н.
Лебедева В.И.,ФУПМ,,к.н.
Соколов Б.В.,ФФ,ассистент,к.н.
Егоров Л.О.,ФМиМ,профессор,д.н.
Новиков И.К.,ИТМО,ассистент,к.н.
Алексеев Б.В.,ФУПМ,профессор,
Лебедев Л.О.,ФИТ,доцент,
Морозов И.К.,ФУПМ,ассистент,к.н.
Лебедев З.Т.,ФЭТ,доцент,д.н.
Петров В.И.,ФИТ,доцент,д.н.
Алексеев М.Ю.,ФУПМ,доцент,д.н.
Лебедева Б.В.,ФМиМ,профессор,д.н.
Иванов В.И.,ФУПМ,,д.н.
Семенов А.А.,ФМиМ,профессор,к.н.
Лебедев М.Ю.,ФМиМ,ассистент,д.н.
Волков Ж.Р.,ФИТ,доцент,д.н.
Семенов Г.Н.,ФМиМ,доцент,
Новиков З.Т.,ФИВТ,,
Кузнецов И.К.,ФМиЕН,ассистент,
Иванов В.И.,ФУПМ,ассистент,д.н.
Егоров З.Т.,ФФ,,д.н.
Иванов Ж.Р.,ФИТ,ассистент,д.н.
Семенов Л.О.,ФПМИ,ассистент,д.н.
Попов Е.П.,ИТМО,доцент,д.н.
Егоров Ж.Р.,ФИВТ,профессор,д.н.
Лебедев Г.Н.,ФРТ,доцент,к.н.
Попов Л.О.,ФУПМ,доцент,к.н.
Попов Г.Н.,ФУПМ,профессор,д.н.
Морозов Л.О.,ФПМИ,профессор,д.н.
Алексеев Б.В.,ФЭТ,доцент,к.н.
Сидоров И.К.,ФИВТ,профессор,к.н.
Семенов Ж.Р.,ФПМИ,доцент,
Морозов Б.В.,ФИВТ,ассистент,к.н.
Смирнов Е.П.,ФМиМ,доцент,к.н.
Попов Б.В.,ИТМО,,
Попов И.К.,ФПМИ,профессор,к.н.
Иванов З.Т.,ИТМО,ассистент,к.н.
Сидоров И.К.,ФРТ,,
Лебедев И.К.,ФИТ,,к.н.
Новиков Л.О.,ФИТ,доцент,к.н.
Кузнецов В.И.,ФУПМ,профессор,
Попов К.М.,ФМиМ,,
Егоров Г.Н.,ФИТ,профессор,д.н.
Петров М.Ю.,ФЭТ,,
Морозов К.М.,ФЭТ,ассистент,
Новиков М.Ю.,ФУПМ,профессор,
Сидоров Д.С.,ФРТ,доцент,д.н.
Иванов В.И.,ФУПМ,ассистент,д.н.
Новиков Г.Н.,ФФ,,к.н.
Козлов З.Т.,ФИВТ,ассистент,к.н.
Смирнов Е.П.,ФФ,доцент,д.н.
Лебедев М.Ю.,ФРТ,профессор,
Егоров В.И.,ФМиЕН,ассистент,д.н.
Алексеев М.Ю.,ФФ,ассистент,
Попов Л.О.,ФМиМ,доцент,д.н.
Лебедева Е.П.,ФФ,доцент,к.н.
Попов З.Т.,ФМиМ,доцент,
Морозов А.А.,ФУПМ,ассистент,к.н.
Козлов А.А.,ФМиЕН,,к.н.
Иванов К.М.,ФУПМ,ассистент,д.н.
Соколов В.И.,ФУПМ,ассистент,
Сидоров Б.В.,ФРТ,профессор,д.н.
Соколов И.К.,ФЭТ,,к.н.
Семенов А.А.,ФМиЕН,,д.н.
Соколов Л.О.,ФМиЕН,профессор,к.н.
Попов А.А.,ФЭТ,профессор,д.н.
Лебедев З.Т.,ФМиЕН,,д.н.
Алексеев Л.О.,ФУПМ,,к.н.
Козлов К.М.,ФРТ,доцент,
Петров И.К.,ФИВТ,ассистент,
Лебедев М.Ю.,ФРТ,профессор,к.н.
Иванов М.Ю.,ФПМИ,ассистент,к.н.
Кузнецов А.А.,ФИТ,профессор,к.н.
Смирнов В.И.,ФМиЕН,профессор,к.н.
Лебедев З.Т.,ФМиМ,доцент,д.н.
Семенов И.К.,ФМиЕН,доцент,
Петров И.К.,ФПМИ,,д.н.
Морозов Б.В.,ФМиЕН,доцент,д.н.
Попов Д.С.,ФФ,ассистент,к.н.
Алексеев В.И.,ФИТ,доцент,
Кузнецов Д.С.,ФРТ,профессор,
Лебедев Л.О.,ФПМИ,ассистент,д.н.
Иванов Г.Н.,ФРТ,доцент,к.н.
Семенов З.Т.,ФМиМ,ассистент,к.н.
Соколов А.А.,ФМиЕН,ассистент,к.н.
Козлов Л.О.,ФУПМ,ассистент,к.н.
Петров К.М.,ФФ,ассистент,
Иванов Д.С.,ФИТ,,д.н.
Иванов М.Ю.,ФФ,ассистент,д.н.
Егоров Ж.Р.,ФУПМ,,д.н.
Волков Е.П.,ФИВТ,,к.н.
Козлов В.И.,ФРТ,,к.н.
Лебедев В.И.,ФУПМ,профессор,д.н.
Морозов А.А.,ФМиЕН,ассистент,к.н.
Сидоров А.А.,ФФ,доцент,к.н.
Петров К.М.,ФУПМ,доцент,д.н.
Егоров Д.С.,ИТМО,доцент,д.н.
Петров И.К.,ФФ,доцент,д.н.
Егоров З.Т.,ФИВТ,,д.н.
Козлов Б.В.,ФМиЕН,профессор,к.н.
Соколов Ж.Р.,ФЭТ,,
Сидоров К.М.,ФИВТ,доцент,
Смирнов З.Т.,ФРТ,доцент,к.н.
Петров Ж.Р.,ИТМО,,д.н.
Лебедева Ж.Р.,ФЭТ,профессор,д.н.
Семенов Ж.Р.,ФУПМ,ассистент,д.н.
Сидоров И.К.,ФУПМ,профессор,д.н.
Козлов А.А.,ФМиЕН,,д.н.
Соколов Е.П.,ФЭТ,доцент,
Новиков В.И.,ФПМИ,,д.н.
Петров З.Т.,ФУПМ,ассистент,к.н.
Егоров З.Т.,ФМиМ,,д.н.
Сидоров Л.О.,ФИВТ,ассистент,к.н.
Волков М.Ю.,ФФ,ассистент,
Семенов Д.С.,ФФ,профессор,к.н.
Лебедева К.М.,ФЭТ,ассистент,
Сидоров И.К.,ФУПМ,профессор,д.н.
Смирнов М.Ю.,ИТМО,,д.н.
Соколов И.К.,ФЭТ,доцент,д.н.
Семенов Ж.Р.,ФИВТ,ассистент,д.н.
Смирнов Л.О.,ИТМО,доцент,
Соколов Л.О.,ФМиЕН,,д.н.
Соколов М.Ю.,ФЭТ,ассистент,к.н.
Алексеев Л.О.,ФЭТ,,д.н.
Соколов К.М.,ФЭТ,профессор,
Сидоров Е.П.,ФИВТ,ассистент,к.н.
Волков К.М.,ФИВТ,профессор,к.н.
Иванов Е.П.,ФМиЕН,профессор,к.н.
Волков Г.Н.,ФМиЕН,,
Семенов Б.В.,ФИТ,доцент,д.н.
Волков Л.О.,ФЭТ,ассистент,
Лебедев Г.Н.,ФЭТ,,д.н.
Сидоров Г.Н.,ФИТ,ассистент,
Семенов И.К.,ФМиЕН,профессор,
Лебедев Д.С.,ФМиМ,,к.н.
Смирнов З.Т.,ФРТ,,к.н.
Новиков В.И.,ФУПМ,доцент,д.н.
Попов З.Т.,ФИВТ,профессор,
Петров Б.В.,ФМиМ,профессор,
Сидоров Д.С.,ФПМИ,ассистент,д.н.
Петров К.М.,ФМиМ,,
Алексеев В.И.,ФИВТ,ассистент,к.н.
Алексеев Д.С.,ФМиМ,профессор,к.н.
Петров Б.В.,ФПМИ,доцент,к.н.
Смирнов К.М.,ФМиМ,профессор,д.н.
Морозов З.Т.,ИТМО,,д.н.
Козлов К.М.,ФРТ,профессор,к.н.
Лебедев Г.Н.,ФИВТ,,
Семенов В.И.,ИТМО,,к.н.
Петров З.Т.,ФМиМ,,к.н.
Егоров И.К.,ФМиМ,доцент,д.н.
Лебедева Б.В.,ФМиЕН,ассистент,
Лебедева М.Ю.,ФУПМ,доцент,д.н.
Егоров Д.С.,ФЭТ,профессор,д.н.
Сидоров М.Ю.,ФФ,доцент,к.н.
Новиков Л.О.,ФМиМ,доцент,д.н.
Петров И.К.,ФМиМ,доцент,
Лебедев М.Ю.,ФИВТ,доцент,д.н.
Петров Д.С.,ФЭТ,ассистент,к.н.
Новиков Ж.Р.,ФМиМ,профессор,д.н.
Козлов Б.В.,ФЭТ,профессор,
Кузнецов В.И.,ФМиМ,профессор,д.н.
Петров Б.В.,ФМиМ,профессор,д.н.
Попов А.А.,ФФ,ассистент,к.н.
Кузнецов З.Т.,ИТМО,профессор,к.н.
Соколов Б.В.,ФМиЕН,доцент,д.н.
Лебедев Ж.Р.,ФИТ,ассистент,д.н.
Алексеев Г.Н.,ФРТ,ассистент,д.н.
Козлов В.И.,ФПМИ,профессор,д.н.
Иванов А.А.,ФИВТ,ассистент,
Новиков В.И.,ИТМО,ассистент,
Сидоров Е.П.,ИТМО,ассистент,к.н.
Волков К.М.,ФИВТ,ассистент,к.н.
Лебедев Ж.Р.,ФРТ,профессор,
Лебедев Л.О.,ФИВТ,,к.н.
Морозов Д.С.,ФМиМ,доцент,
Кузнецов К.М.,ФПМИ,профессор,
Иванов Е.П.,ФФ,профессор,к.н.
Соколов Д.С.,ФПМИ,,
Алексеев М.Ю.,ФЭТ,ассистент,д.н.
Иванов Л.О.,ФРТ,профессор,
Алексеев Ж.Р.,ФРТ,профессор,к.н.
Алексеев М.Ю.,ФФ,доцент,д.н.
Кузнецов Г.Н.,ФУПМ,доцент,д.н.
Соколов М.Ю.,ФМиЕН,ассистент,д.н.
Соколов Г.Н.,ФИТ,ассистент,д.н.
Егоров В.И.,ФМиМ,,
Козлов Б.В.,ФПМИ,доцент,к.н.
Алексеев В.И.,ФУПМ,профессор,к.н.
Морозов Е.П.,ФМиЕН,ассистент,к.н.
Сидоров И.К.,ФРТ,,к.н.
Соколов Е.П.,ФПМИ,ассистент,д.н.
Попов Б.В.,ФЭТ,ассистент,к.н.
Иванов Д.С.,ФУПМ,,д.н.
Морозов А.А.,ФРТ,доцент,к.н.
Смирнов Е.П.,ФИТ,ассистент,д.н.
Алексеев А.А.,ФИТ,ассистент,к.н.
Новиков И.К.,ФРТ,,
Козлов К.М.,ФИТ,ассистент,д.н.
Соколов З.Т.,ФМиЕН,профессор,к.н.
Волков К.М.,ФРТ,,к.н.
Волков А.А.,ФФ,доцент,д.н.
Попов Г.Н.,ФУПМ,профессор,к.н.
Алексеев Д.С.,ФПМИ,ассистент,д.н.
Соколов Д.С.,ФПМИ,ассистент,
Новиков К.М.,ФМиМ,ассистент,д.н.
Алексеев Л.О.,ФУПМ,доцент,д.н.
Кузнецов В.И.,ФФ,профессор,д.н.
Петров К.М.,ФМиМ,доцент,
Смирнов Ж.Р.,ИТМО,,к.н.
Сидоров Д.С.,ФФ,,
Смирнов К.М.,ФЭТ,профессор,д.н.
Лебедева В.И.,ФЭТ,ассистент,д.н.
Алексеев Е.П.,ФПМИ,ассистент,
Иванов Л.О.,ИТМО,ассистент,
Волков К.М.,ФЭТ,ассистент,к.н.
Лебедева Е.П.,ФУПМ,профессор,
Лебедев И.К.,ФРТ,профессор,д.н.
Семенов Е.П.,ФМиМ,доцент,д.н.
Попов Б.В.,ФФ,,к.н.
Семенов К.М.,ИТМО,,к.н.
Новиков Г.Н.,ФИТ,профессор,д.н.
Семенов Е.П.,ФМиМ,профессор,к.н.
Сидоров Г.Н.,ФУПМ,доцент,д.н.
Кузнецов И.К.,ФФ,,к.н.
Волков М.Ю.,ФФ,,к.н.
Семенов З.Т.,ФИТ,доцент,к.н.
Волков З.Т.,ФИВТ,ассистент,д.н.
Морозов Е.П.,ФУПМ,доцент,д.н.
Козлов В.И.,ФЭТ,,
Козлов Д.С.,ФМиМ,доцент,д.н.
Смирнов Д.С.,ФЭТ,ассистент,
Лебедева З.Т.,ФРТ,,к.н.
Семенов М.Ю.,ФИТ,профессор,
Смирнов З.Т.,ФЭТ,профессор,д.н.
Новиков А.А.,ФУПМ,доцент,
Козлов Е.П.,ИТМО,ассистент,
Лебедев А.А.,ФМиМ,профессор,д.н.
Смирнов Е.П.,ФУПМ,,к.н.
Попов Б.В.,ФРТ,,
Кузнецов М.Ю.,ФУПМ,доцент,д.н.
Сидоров З.Т.,ФРТ,доцент,к.н.
Козлов Ж.Р.,ФИТ,,
Попов А.А.,ФУПМ,,д.н.
Иванов В.И.,ИТМО,доцент,д.н.
Лебедев К.М.,ФИВТ,доцент,к.н.
Егоров М.Ю.,ФМиЕН,доцент,
Алексеев З.Т.,ФПМИ,ассистент,к.н.
Смирнов К.М.,ФМиЕН,ассистент,к.н.
Смирнов В.И.,ФМиМ,доцент,
Семенов В.И.,ФРТ,доцент,д.н.
Смирнов Ж.Р.,ИТМО,,к.н.
Попов М.Ю.,ФМиЕН,ассистент,к.н.
Волков Ж.Р.,ФМиМ,,д.н.
Смирнов Л.О.,ФИВТ,профессор,д.н.
Алексеев В.И.,ФИВТ,,к.н.
Соколов И.К.,ФРТ,профессор,
Петров Д.С.,ФЭТ,профессор,
Семенов Ж.Р.,ФИВТ,профессор,д.н.
Алексеев М.Ю.,ФМиЕН,профессор,д.н.
Соколов Б.В.,ФИВТ,ассистент,
Соколов А.А.,ФЭТ,ассистент,д.н.
Соколов М.Ю.,ФРТ,доцент,д.н.
Козлов И.К.,ИТМО,профессор,к.н.
Сидоров Б.В.,ФМиМ,,
Новиков К.М.,ФИТ,профессор,д.н.
Иванов Д.С.,ФЭТ,доцент,
Смирнов Ж.Р.,ФЭТ,,
Иванов А.А.,ФМиЕН,доцент,д.н.
Лебедева Д.С.,ФРТ,,
Козлов Л.О.,ФФ,доцент,к.н.
Иванов Л.О.,ФИТ,ассистент,д.н.
Петров В.И.,ФМиМ,ассистент,
Семенов Г.Н.,ФРТ,доцент,д.н.
Попов К.М.,ФУПМ,,к.н.
Морозов Ж.Р.,ФМиЕН,ассистент,к.н.
Иванов М.Ю.,ФЭТ,ассистент,д.н.
Лебедева Ж.Р.,ФРТ,,
Алексеев М.Ю.,ФИТ,,к.н.
Петров К.М.,ФФ,,к.н.
Морозов К.М.,ИТМО,,д.н.
Попов Б.В.,ФРТ,доцент,к.н.
Кузнецов Е.П.,ФМиЕН,доцент,
Соколов М.Ю.,ФРТ,ассистент,д.н.
Иванов В.И.,ИТМО,доцент,
Семенов Л.О.,ФМиМ,доцент,д.н.
Егоров Ж.Р.,ФМиМ,ассистент,к.н.
Морозов З.Т.,ФФ,ассистент,д.н.
Семенов А.А.,ФЭТ,доцент,к.н.
Лебедева М.Ю.,ФПМИ,профессор,д.н.
Смирнов Б.В.,ФФ,профессор,
Волков И.К.,ФЭТ,ассистент,
Соколов А.А.,ФМиЕН,доцент,
Лебедева Л.О.,ИТМО,доцент,к.н.
Егоров В.И.,ФМиЕН,ассистент,к.н.
Семенов Д.С.,ФРТ,доцент,к.н.
Новиков Ж.Р.,ФИТ,профессор,д.н.
Лебедев Д.С.,ФФ,профессор,д.н.
Морозов Д.С.,ФУПМ,,д.н.
Смирнов И.К.,ФРТ,профессор,
Попов В.И.,ФПМИ,,д.н.
Сидоров Д.С.,ФРТ,доцент,к.н.
Петров В.И.,ФРТ,ассистент,к.н.
Лебедев К.М.,ФМиМ,доцент,д.н.
Иванов Д.С.,ФФ,профессор,
Морозов А.А.,ФИТ,доцент,д.н.
Волков Д.С.,ФМиЕН,доцент,к.н.
Кузнецов А.А.,ФМиМ,ассистент,
Алексеев Д.С.,ФФ,ассистент,к.н.
Иванов В.И.,ФУПМ,,д.н.
Новиков З.Т.,ФЭТ,,д.н.
Петров З.Т.,ФИТ,ассистент,к.н.
Волков Г.Н.,ФИТ,доцент,д.н.
Волков И.К.,ФУПМ,профессор,
Петров Ж.Р.,ФИТ,,
Лебедев Ж.Р.,ФМиМ,ассистент,д.н.
Попов К.М.,ИТМО,доцент,к.н.
Кузнецов А.А.,ФФ,ассистент,д.н.
Кузнецов Л.О.,ФФ,доцент,д.н.
Козлов А.А.,ФЭТ,доцент,
Иванов Ж.Р.,ФИВТ,ассистент,к.н.
Новиков Ж.Р.,ФМиМ,ассистент,к.н.
Волков Г.Н.,ФИТ,,д.н.
Кузнецов Г.Н.,ФМиЕН,ассистент,к.н.
Иванов Л.О.,ИТМО,ассистент,
Смирнов Е.П.,ФРТ,ассистент,д.н.
Егоров Б.В.,ФИВТ,доцент,
Соколов М.Ю.,ФУПМ,,к.н.
Иванов З.Т.,ФИВТ,доцент,
Егоров Г.Н.,ФИВТ,,
Кузнецов Ж.Р.,ФПМИ,профессор,
Семенов З.Т.,ИТМО,,д.н.
Козлов К.М.,ФПМИ,,д.н.
Алексеев Е.П.,ФМиЕН,профессор,
Сидоров К.М.,ФИТ,доцент,к.н.
Волков В.И.,ФИТ,ассистент,
Козлов Б.В.,ФЭТ,ассистент,к.н.
Петров Л.О.,ФМиМ,ассистент,д.н.
Сидоров Г.Н.,ФФ,доцент,к.н.
Алексеев Ж.Р.,ФЭТ,,к.н.
Волков К.М.,ФМиЕН,доцент,
Новиков М.Ю.,ИТМО,ассистент,д.н.
Иванов З.Т.,ФФ,,д.н.
Лебедев К.М.,ФИВТ,доцент,к.н.
Сидоров З.Т.,ФМиЕН,ассистент,
Лебедева Л.О.,ИТМО,доцент,д.н.
Лебедев И.К.,ФУПМ,,д.н.
Козлов К.М.,ФИВТ,,д.н.
Новиков Б.В.,ФЭТ,доцент,к.н.
Егоров М.Ю.,ФИТ,доцент,к.н.
Петров К.М.,ФФ,ассистент,д.н.
Козлов К.М.,ФМиМ,ассистент,д.н.
Алексеев Г.Н.,ФЭТ,ассистент,д.н.
Сидоров Ж.Р.,ИТМО,,
Соколов А.А.,ФЭТ,,к.н.
Козлов А.А.,ФУПМ,,
Лебедева Ж.Р.,ФЭТ,профессор,
Морозов Б.В.,ФУПМ,профессор,
Морозов М.Ю.,ФИВТ,доцент,
Кузнецов И.К.,ФРТ,доцент,
Смирнов И.К.,ФМиМ,профессор,
Семенов Л.О.,ФФ,ассистент,к.н.
Сидоров Д.С.,ФФ,,к.н.
Иванов Б.В.,ФФ,профессор,
Кузнецов Д.С.,ФМиМ,ассистент,к.н.
Лебедев Б.В.,ФЭТ,ассистент,к.н.
Петров М.Ю.,ИТМО,,
Козлов Б.В.,ФЭТ,,к.н.
Попов Е.П.,ФМиЕН,доцент,
Попов З.Т.,ФИВТ,ассистент,
Козлов Л.О.,ФИТ,профессор,
Семенов Е.П.,ФИВТ,,
Новиков Б.В.,ФИВТ,профессор,
Смирнов Ж.Р.,ФЭТ,,д.н.
Смирнов Ж.Р.,ФЭТ,доцент,д.н.
Лебедева М.Ю.,ФИВТ,,д.н.
Волков И.К.,ФЭТ,,к.н.
Морозов З.Т.,ФЭТ,профессор,
Лебедев Е.П.,ФМиЕН,профессор,к.н.
Попов Г.Н.,ФПМИ,профессор,д.н.
Лебедева М.Ю.,ФМиЕН,доцент,
Соколов В.И.,ФИВТ,профессор,д.н.
Иванов И.К.,ИТМО,,
Лебедева К.М.,ФРТ,профессор,д.н.
Сидоров Б.В.,ФМиЕН,доцент,
Иванов И.К.,ФИТ,доцент,к.н.
Лебедев З.Т.,ФПМИ,ассистент,к.н.
Морозов Ж.Р.,ФПМИ,ассистент,д.н.
Морозов К.М.,ФФ,доцент,д.н.
Егоров Б.В.,ФМиЕН,ассистент,д.н.
Алексеев Л.О.,ФПМИ,профессор,
Лебедев З.Т.,ФИВТ,доцент,
Иванов Д.С.,ФУПМ,доцент,д.н.
Новиков Л.О.,ФЭТ,ассистент,д.н.
Попов Л.О.,ФЭТ,профессор,д.н.
Лебедев Д.С.,ФЭТ,ассистент,д.н.
Лебедев М.Ю.,ИТМО,профессор,к.н.
Лебедева Г.Н.,ФУПМ,доцент,
Лебедева Е.П.,ИТМО,,
Соколов З.Т.,ФМиЕН,доцент,к.н.
Попов Б.В.,ФРТ,доцент,д.н.
Алексеев А.А.,ФПМИ,ассистент,д.н.
Волков Ж.Р.,ФМиЕН,доцент,д.н.
Егоров Л.О.,ФРТ,ассистент,д.н.
Егоров Д.С.,ФФ,профессор,
Лебедев Д.С.,ФИВТ,доцент,д.н.
Новиков В.И.,ФПМИ,доцент,д.н.
Попов Ж.Р.,ФМиЕН,ассистент,д.н.
Соколов В.И.,ИТМО,доцент,к.н.
Лебедев Е.П.,ФФ,,к.н.
Иванов К.М.,ФПМИ,,
Лебедев В.И.,ФИТ,,к.н.
Волков В.И.,ФЭТ,профессор,к.н.
Козлов Д.С.,ФМиМ,профессор,д.н.
Соколов Д.С.,ФИВТ,ассистент,
Сидоров З.Т.,ФФ,профессор,
Егоров К.М.,ФФ,,
Сидоров З.Т.,ФИТ,,д.н.
Смирнов К.М.,ИТМО,ассистент,к.н.
Соколов В.И.,ФУПМ,доцент,
Попов Г.Н.,ФПМИ,доцент,к.н.
Егоров Л.О.,ФИТ,доцент,к.н.
Морозов Е.П.,ФПМИ,доцент,д.н.
Петров Ж.Р.,ФИВТ,ассистент,д.н.
Лебедева В.И.,ФРТ,ассистент,д.н.
Новиков Д.С.,ФЭТ,,д.н.
Лебедева Е.П.,ФИТ,профессор,
Семенов И.К.,ФРТ,доцент,
Новиков М.Ю.,ФРТ,,д.н.
Семенов К.М.,ФИВТ,профессор,д.н.
Новиков К.М.,ФРТ,доцент,к.н.
Попов М.Ю.,ФМиМ,доцент,к.н.
Попов Д.С.,ИТМО,,
Семенов Е.П.,ФУПМ,ассистент,д.н.
Иванов А.А.,ФУПМ,профессор,д.н.
Сидоров Г.Н.,ФМиЕН,ассистент,к.н.
Волков Е.П.,ФМиЕН,,
Смирнов К.М.,ФИТ,,
Козлов К.М.,ФМиЕН,,к.н.
Волков А.А.,ФРТ,доцент,
Попов М.Ю.,ФЭТ,,д.н.
Новиков К.М.,ФМиМ,,
Лебедева Л.О.,ИТМО,профессор,д.н.
Петров Д.С.,ФРТ,доцент,
Кузнецов Б.В.,ФМиМ,ассистент,
Козлов Е.П.,ФУПМ,,
Новиков Д.С.,ФИВТ,профессор,д.н.
Лебедев К.М.,ФЭТ,доцент,д.н.
Волков З.Т.,ФИВТ,профессор,к.н.
Семенов Ж.Р.,ФМиЕН,ассистент,к.н.
Петров В.И.,ФРТ,профессор,
Морозов Д.С.,ФЭТ,профессор,д.н.
Егоров Д.С.,ИТМО,,
Семенов М.Ю.,ФРТ,доцент,д.н.
Петров Б.В.,ФИТ,доцент,к.н.
Попов М.Ю.,ФМиЕН,,д.н.
Семенов М.Ю.,ФИТ,,д.н.
Егоров В.И.,ФРТ,профессор,
Алексеев И.К.,ФМиЕН,профессор,д.н.
Иванов Л.О.,ФРТ,доцент,
Сидоров М.Ю.,ИТМО,,д.н.
Алексеев Л.О.,ФМиМ,ассистент,д.н.
Алексеев К.М.,ФУПМ,доцент,д.н.
Новиков Л.О.,ФИВТ,,д.н.
Новиков В.И.,ФМиМ,ассистент,к.н.
Иванов Д.С.,ФИТ,профессор,
Козлов К.М.,ФИВТ,ассистент,
Соколов Г.Н.,ФМиЕН,доцент,д.н.
Новиков Л.О.,ФПМИ,доцент,д.н.
Кузнецов Ж.Р.,ФЭТ,ассистент,
Волков Б.В.,ФФ,профессор,д.н.
Егоров Д.С.,ФФ,,к.н.
Лебедев Е.П.,ФЭТ,ассистент,
Сидоров А.А.,ИТМО,профессор,к.н.
Лебедев Е.П.,ФМиЕН,ассистент,д.н.
Петров Е.П.,ФПМИ,доцент,к.н.
Попов Г.Н.,ФПМИ,доцент,д.н.
Волков М.Ю.,ФУПМ,ассистент,
Кузнецов А.А.,ФРТ,профессор,д.н.
Волков Д.С.,ФМиМ,,
Новиков Г.Н.,ФМиЕН,профессор,
Волков А.А.,ФЭТ,доцент,
Новиков З.Т.,ФУПМ,,к.н.
Алексеев Л.О.,ФФ,,к.н.
Иванов А.А.,ФПМИ,ассистент,к.н.
Волков Д.С.,ФРТ,ассистент,
Лебедев К.М.,ФИВТ,,к.н.
Козлов З.Т.,ФФ,профессор,к.н.
Лебедев Е.П.,ФИВТ,профессор,к.н.
Лебедева К.М.,ФМиЕН,доцент,д.н.
Кузнецов М.Ю.,ФМиЕН,ассистент,
Семенов Б.В.,ФМиМ,доцент,
Лебедев К.М.,ФФ,,
Лебедев К.М.,ФУПМ,доцент,к.н.
Иванов Ж.Р.,ФМиЕН,доцент,
Волков В.И.,ФУПМ,доцент,д.н.
Попов Д.С.,ФУПМ,ассистент,
Лебедев А.А.,ФРТ,доцент,к.н.
Волков Е.П.,ФПМИ,,
Лебедева М.Ю.,ФИТ,,д.н.
Егоров Л.О.,ИТМО,профессор,д.н.
Егоров М.Ю.,ИТМО,,к.н.
Иванов Б.В.,ФУПМ,профессор,д.н.
Новиков Д.С.,ФМиМ,ассистент,
Новиков Д.С.,ФРТ,профессор,д.н.
Лебедев А.А.,ФИВТ,ассистент,
Попов Б.В.,ФЭТ,,к.н.
Кузнецов Б.В.,ФФ,,д.н.
Лебедев Е.П.,ФИВТ,,д.н.
Егоров К.М.,ФФ,,
Морозов Г.Н.,ФФ,доцент,к.н.
Иванов В.И.,ФМиЕН,ассистент,к.н.
Морозов Б.В.,ФПМИ,,
Егоров Ж.Р.,ФИВТ,,д.н.
Волков Б.В.,ФЭТ,профессор,д.н.
Сидоров М.Ю.,ФПМИ,ассистент,
Семенов Б.В.,ФМиЕН,,д.н.
Лебедев В.И.,ФРТ,,к.н.
Морозов А.А.,ФФ,,к.н.
Семенов Е.П.,ФУПМ,ассистент,д.н.
Смирнов К.М.,ФИТ,,
Смирнов В.И.,ИТМО,,д.н.
Иванов Ж.Р.,ФПМИ,ассистент,к.н.
Алексеев Б.В.,ФФ,,к.н.
Лебедева Е.П.,ФМиМ,ассистент,д.н.
Лебедева Л.О.,ИТМО,профессор,
Сидоров И.К.,ФФ,профессор,д.н.
Сидоров В.И.,ФУПМ,ассистент,
Соколов Л.О.,ФМиМ,доцент,к.н.
Соколов Д.С.,ФУПМ,,к.н.
Соколов Ж.Р.,ФМиЕН,,к.н.
Смирнов З.Т.,ФЭТ,ассистент,д.н.
Соколов В.И.,ФМиМ,доцент,к.н.
Иванов Д.С.,ФРТ,ассистент,к.н.
Егоров Б.В.,ИТМО,ассистент,д.н.
Алексеев В.И.,ФМиМ,доцент,к.н.
Смирнов В.И.,ФМиМ,ассистент,к.н.
Лебедев Е.П.,ФМиМ,ассистент,
Кузнецов Е.П.,ФФ,ассистент,к.н.
Иванов И.К.,ФЭТ,ассистент,к.н.
Алексеев Л.О.,ФУПМ,,к.н.
Попов Ж.Р.,ФПМИ,доцент,д.н.
Иванов В.И.,ФИВТ,,д.н.
Сидоров В.И.,ФФ,доцент,д.н.
Кузнецов Л.О.,ФФ,доцент,к.н.
Попов Б.В.,ИТМО,,к.н.
Лебедев Л.О.,ФЭТ,профессор,д.н.
Козлов Б.В.,ФМиМ,доцент,
Козлов К.М.,ФИТ,,к.н.
Алексеев И.К.,ФУПМ,профессор,
Лебедева З.Т.,ФФ,,д.н.
Смирнов Б.В.,ФФ,доцент,д.н.
Лебедева Ж.Р.,ФПМИ,профессор,д.н.
Новиков М.Ю.,ФМиМ,доцент,д.н.
Волков В.И.,ФИВТ,,к.н.
Козлов Е.П.,ИТМО,профессор,к.н.
Иванов Ж.Р.,ФЭТ,,к.н.
Сидоров Ж.Р.,ФМиМ,профессор,
Иванов Л.О.,ФПМИ,профессор,
Семенов А.А.,ФМиМ,,к.н.
Кузнецов Ж.Р.,ИТМО,,
Сидоров В.И.,ИТМО,,к.н.
Волков К.М.,ФЭТ,профессор,
Лебедева Е.П.,ФПМИ,ассистент,д.н.
Смирнов М.Ю.,ФЭТ,профессор,к.н.
Кузнецов Л.О.,ФУПМ,доцент,к.н.
Сидоров Г.Н.,ФЭТ,профессор,д.н.
Новиков Д.С.,ФПМИ,доцент,
Соколов А.А.,ФПМИ,ассистент,
Смирнов Е.П.,ФФ,доцент,д.н.
Смирнов Ж.Р.,ФЭТ,профессор,д.н.
Алексеев Д.С.,ИТМО,доцент,д.н.
Смирнов Е.П.,ФИТ,профессор,к.н.
Лебедева И.К.,ФПМИ,ассистент,д.н.
Сидоров Б.В.,ФРТ,,д.н.
Алексеев З.Т.,ФФ,доцент,к.н.
Попов В.И.,ФУПМ,доцент,д.н.
Петров Б.В.,ФЭТ,,к.н.
Морозов Д.С.,ФРТ,ассистент,д.н.
Попов Г.Н.,ИТМО,,
Кузнецов Г.Н.,ФФ,,
Лебедев Ж.Р.,ФИТ,,
Лебедев Д.С.,ФПМИ,доцент,
Соколов Л.О.,ФИВТ,,
Новиков А.А.,ФРТ,,к.н.
Лебедев К.М.,ИТМО,доцент,
Лебедева И.К.,ФИТ,профессор,д.н.
Новиков Д.С.,ФФ,профессор,д.н.
Волков А.А.,ФИВТ,доцент,
Морозов И.К.,ФУПМ,доцент,д.н.
Лебедев Д.С.,ФРТ,ассистент,
Лебедева А.А.,ФМиМ,доцент,д.н.
Волков Б.В.,ФМиЕН,профессор,
Лебедев В.И.,ФРТ,,д.н.
Семенов В.И.,ФРТ,доцент,д.н.
Новиков Б.В.,ФИВТ,доцент,к.н.
Козлов И.К.,ФУПМ,профессор,д.н.
Егоров Б.В.,ФИВТ,доцент,
Кузнецов М.Ю.,ФЭТ,,д.н.
Новиков Б.В.,ФМиМ,ассистент,к.н.
Алексеев Ж.Р.,ФЭТ,ассистент,д.н.
Морозов А.А.,ФМиЕН,ассистент,
Морозов Г.Н.,ФИТ,профессор,
Алексеев З.Т.,ФПМИ,ассистент,д.н.
Лебедев Г.Н.,ФМиЕН,ассистент,
Сидоров А.А.,ИТМО,профессор,д.н.
Кузнецов К.М.,ФМиМ,доцент,к.н.
Лебедева Б.В.,ФЭТ,доцент,
Алексеев И.К.,ИТМО,ассистент,к.н.
Морозов З.Т.,ФФ,ассистент,к.н.
Соколов И.К.,ФУПМ,доцент,
Козлов К.М.,ФРТ,доцент,
Козлов Е.П.,ИТМО,,д.н.
Морозов А.А.,ФПМИ,профессор,д.н.
Волков Г.Н.,ФПМИ,,
Лебедева Л.О.,ФПМИ,профессор,к.н.
Попов Б.В.,ФУПМ,профессор,к.н.
Смирнов Ж.Р.,ФЭТ,ассистент,д.н.
Попов М.Ю.,ФМиЕН,доцент,
Петров В.И.,ФМиМ,профессор,к.н.
Новиков Ж.Р.,ФМиМ,доцент,д.н.
Новиков Л.О.,ФУПМ,,к.н.
Семенов К.М.,ФПМИ,профессор,к.н.
Попов Ж.Р.,ФИТ,доцент,
Смирнов К.М.,ФРТ,,к.н.
Сидоров И.К.,ФУПМ,доцент,
Морозов И.К.,ФИТ,доцент,д.н.
Морозов Л.О.,ФИТ,ассистент,д.н.
Новиков Е.П.,ФМиЕН,,д.н.
Семенов К.М.,ФИВТ,ассистент,д.н.
Смирнов Б.В.,ФЭТ,доцент,
Семенов Е.П.,ИТМО,,д.н.
Кузнецов Л.О.,ФРТ,ассистент,
Петров Ж.Р.,ФРТ,доцент,
Попов Ж.Р.,ФЭТ,ассистент,к.н.
Лебедева З.Т.,ФУПМ,профессор,д.н.
Соколов Г.Н.,ФРТ,профессор,к.н.
Соколов Ж.Р.,ИТМО,доцент,д.н.
Кузнецов Л.О.,ФУПМ,доцент,д.н.
Петров З.Т.,ФМиМ,доцент,к.н.
Морозов Ж.Р.,ФМиЕН,профессор,д.н.
Сидоров Л.О.,ФРТ,доцент,к.н.
Морозов И.К.,ФМиМ,доцент,к.н.
Морозов Б.В.,ФИВТ,профессор,д.н.
Сидоров Г.Н.,ФИВТ,,д.н.
Козлов Л.О.,ФМиЕН,,к.н.
Соколов Л.О.,ФМиЕН,профессор,д.н.
Сидоров М.Ю.,ФЭТ,ассистент,к.н.
Лебедев Л.О.,ФМиЕН,доцент,д.н.
Егоров Д.С.,ФРТ,,д.н.
Петров В.И.,ФФ,доцент,
Новиков З.Т.,ФИТ,,д.н.
Алексеев Е.П.,ФМиЕН,доцент,
Морозов З.Т.,ФИТ,доцент,к.н.
Семенов З.Т.,ФФ,профессор,д.н.
Петров Г.Н.,ФИВТ,ассистент,д.н.
Иванов Ж.Р.,ФФ,,к.н.
Алексеев Г.Н.,ФРТ,доцент,
Козлов З.Т.,ФУПМ,доцент,
Егоров Л.О.,ФИТ,профессор,д.н.
Иванов Б.В.,ФУПМ,доцент,
Алексеев Л.О.,ФФ,доцент,к.н.
Волков А.А.,ФРТ,,д.н.
Лебедева Г.Н.,ФИВТ,профессор,
Сидоров М.Ю.,ФПМИ,ассистент,к.н.
Новиков А.А.,ФИТ,профессор,к.н.
Алексеев И.К.,ИТМО,профессор,
Козлов К.М.,ФФ,,д.н.
Новиков Ж.Р.,ФУПМ,профессор,к.н.
Новиков В.И.,ФЭТ,доцент,
Лебедев Ж.Р.,ФПМИ,доцент,
Морозов Б.В.,ФУПМ,,
Кузнецов Л.О.,ФРТ,,д.н.
Смирнов Ж.Р.,ФМиЕН,,
Смирнов Д.С.,ФЭТ,ассистент,к.н.
Соколов Г.Н.,ФЭТ,,к.н.
Соколов З.Т.,ФИТ,ассистент,
Новиков Ж.Р.,ФИТ,доцент,к.н.
Смирнов Л.О.,ФУПМ,ассистент,
Козлов В.И.,ФРТ,ассистент,
Алексеев В.И.,ФИТ,профессор,
Новиков З.Т.,ФИТ,,к.н.
Морозов Е.П.,ФИТ,профессор,д.н.
Смирнов Д.С.,ФИТ,ассистент,к.н.
Иванов Ж.Р.,ФИТ,профессор,д.н.
Кузнецов И.К.,ФИТ,,д.н.
Козлов Б.В.,ФЭТ,доцент,д.н.
Лебедева И.К.,ФИВТ,профессор,к.н.
Семенов А.А.,ФИВТ,профессор,к.н.
Соколов Ж.Р.,ФИТ,профессор,
Соколов Ж.Р.,ФРТ,профессор,к.н.
Семенов М.Ю.,ИТМО,ассистент,к.н.
Попов Б.В.,ФРТ,профессор,к.н.
Кузнецов Л.О.,ФУПМ,ассистент,к.н.
Егоров Л.О.,ФИТ,профессор,
Петров Б.В.,ФИТ,доцент,к.н.
Попов Ж.Р.,ФЭТ,профессор,д.н.
Козлов Г.Н.,ФФ,профессор,д.н.
Кузнецов В.И.,ФРТ,ассистент,
Сидоров З.Т.,ФМиМ,,д.н.
Морозов Б.В.,ФУПМ,,к.н.
Петров В.И.,ФФ,профессор,к.н.
Егоров М.Ю.,ФПМИ,,к.н.
Петров Е.П.,ФЭТ,,к.н.
Сидоров Б.В.,ФЭТ,ассистент,к.н.
Сидоров Ж.Р.,ФПМИ,профессор,
Иванов Л.О.,ФМиМ,ассистент,
Егоров В.И.,ФУПМ,доцент,д.н.
Морозов Л.О.,ФУПМ,доцент,к.н.
Кузнецов А.А.,ФИТ,доцент,к.н.
Иванов Г.Н.,ФРТ,,к.н.
Волков Б.В.,ФМиЕН,ассистент,
Попов М.Ю.,ФРТ,ассистент,
Иванов К.М.,ФПМИ,,к.н.
Семенов З.Т.,ФМиМ,,д.н.
Лебедева Б.В.,ФФ,,к.н.
Новиков В.И.,ФУПМ,,
Попов З.Т.,ФУПМ,доцент,д.н.
Петров М.Ю.,ФУПМ,профессор,
Смирнов Д.С.,ФЭТ,профессор,д.н.
Лебедев Е.П.,ИТМО,доцент,
Алексеев Е.П.,ФЭТ,ассистент,д.н.
Смирнов Л.О.,ФМиЕН,,
Новиков В.И.,ФПМИ,профессор,к.н.
Сидоров Д.С.,ФМиМ,,
Петров Б.В.,ФМиЕН,доцент,
Козлов Л.О.,ФФ,доцент,
Попов В.И.,ИТМО,,
Козлов А.А.,ФФ,профессор,
Попов З.Т.,ФПМИ,,к.н.
Семенов К.М.,ФМиМ,ассистент,д.н.
Сидоров Б.В.,ФМиЕН,профессор,
Лебедева В.И.,ФМиЕН,доцент,д.н.
Козлов Б.В.,ФИВТ,доцент,к.н.
Петров Л.О.,ФИТ,ассистент,к.н.
Лебедева М.Ю.,ФЭТ,профессор,д.н.
Алексеев В.И.,ФМиЕН,доцент,д.н.
Попов Д.С.,ФИВТ,ассистент,
Егоров И.К.,ФПМИ,доцент,д.н.
Волков З.Т.,ФИТ,ассистент,к.н.
Волков Е.П.,ФМиМ,,
Кузнецов М.Ю.,ФИТ,,к.н.
Петров А.А.,ФМиМ,доцент,
Семенов Ж.Р.,ФФ,,
Алексеев Г.Н.,ИТМО,профессор,д.н.
Новиков М.Ю.,ФМиМ,доцент,к.н.
Лебедева М.Ю.,ФЭТ,,к.н.
Кузнецов А.А.,ФПМИ,,к.н.
Семенов А.А.,ФРТ,,д.н.
Новиков Л.О.,ФФ,ассистент,д.н.
Лебедева К.М.,ФПМИ,профессор,
Лебедев М.Ю.,ФМиМ,доцент,
Волков З.Т.,ФРТ,ассистент,
Морозов Е.П.,ФФ,,д.н.
Петров Б.В.,ФМиМ,,к.н.
Козлов Л.О.,ФИТ,,
Смирнов Д.С.,ФРТ,ассистент,к.н.
Кузнецов В.И.,ФИТ,профессор,д.н.
Семенов Л.О.,ИТМО,доцент,д.н.
Смирнов А.А.,ИТМО,,д.н.
Козлов А.А.,ИТМО,доцент,д.н.
Алексеев Е.П.,ФФ,,к.н.
Морозов Л.О.,ФМиЕН,,
Сидоров В.И.,ФИВТ,профессор,д.н.
Алексеев Б.В.,ФРТ,доцент,д.н.
Петров А.А.,ФИВТ,ассистент,д.н.
Волков Л.О.,ИТМО,профессор,к.н.
Попов И.К.,ФУПМ,доцент,
Козлов Г.Н.,ФФ,доцент,к.н.
Лебедева Е.П.,ФПМИ,профессор,
Лебедева Л.О.,ФУПМ,профессор,к.н.
Кузнецов Ж.Р.,ФИВТ,ассистент,д.н.
Семенов Е.П.,ФЭТ,доцент,
Егоров Г.Н.,ИТМО,профессор,
Егоров Б.В.,ФПМИ,ассистент,д.н.
Кузнецов Г.Н.,ФУПМ,профессор,д.н.
Семенов Ж.Р.,ИТМО,,
Лебедева Г.Н.,ФЭТ,ассистент,д.н.
Морозов М.Ю.,ФИТ,ассистент,к.н.
Новиков Б.В.,ФПМИ,доцент,
Новиков Е.П.,ФМиЕН,профессор,к.н.
Семенов Е.П.,ФМиМ,доцент,д.н.
Лебедев Д.С.,ФУПМ,,д.н.
Козлов Ж.Р.,ФЭТ,,д.н.
Сидоров Б.В.,ИТМО,ассистент,д.н.
Егоров И.К.,ФМиЕН,,д.н.
Соколов А.А.,ФРТ,ассистент,д.н.
Смирнов Г.Н.,ИТМО,ассистент,д.н.
Соколов И.К.,ФУПМ,ассистент,д.н.
Семенов Г.Н.,ФИВТ,ассистент,д.н.
Егоров К.М.,ИТМО,,
Попов Д.С.,ФРТ,ассистент,д.н.
Семенов А.А.,ФИТ,ассистент,д.н.
Кузнецов Л.О.,ФПМИ,доцент,д.н.
Морозов Г.Н.,ФИТ,,
Кузнецов Е.П.,ФИТ,профессор,д.н.
Козлов И.К.,ФИВТ,доцент,к.н.
Соколов К.М.,ФИТ,профессор,к.н.
Соколов И.К.,ФИВТ,ассистент,к.н.
Сидоров Г.Н.,ИТМО,доцент,к.н.
Кузнецов М.Ю.,ФУПМ,,д.н.
Козлов В.И.,ФМиМ,профессор,к.н.
Сидоров Б.В.,ФЭТ,доцент,д.н.
Иванов К.М.,ФУПМ,ассистент,
Волков В.И.,ФМиМ,доцент,к.н.
Петров Л.О.,ФРТ,,к.н.
Смирнов А.А.,ФМиЕН,профессор,д.н.
Смирнов А.А.,ФМиЕН,профессор,д.н.
Егоров А.А.,ФПМИ,,к.н.
Лебедев З.Т.,ФРТ,профессор,
Новиков М.Ю.,ИТМО,,д.н.
Смирнов З.Т.,ФИТ,профессор,
Кузнецов Е.П.,ФЭТ,,
Новиков Г.Н.,ФУПМ,ассистент,к.н.
Соколов К.М.,ФРТ,профессор,к.н.
Лебедева З.Т.,ФИТ,ассистент,
Лебедев М.Ю.,ИТМО,профессор,д.н.
Алексеев Г.Н.,ФИВТ,доцент,к.н.
Попов А.А.,ФФ,доцент,д.н.
Волков В.И.,ФУПМ,доцент,д.н.
Морозов Д.С.,ФМиМ,профессор,к.н.
Морозов Б.В.,ФМиЕН,доцент,
Семенов Л.О.,ФУПМ,профессор,д.н.
Иванов Ж.Р.,ФИТ,,к.н.
Егоров В.И.,ФУПМ,,к.н.
Попов М.Ю.,ФИТ,профессор,
Козлов З.Т.,ФФ,профессор,к.н.
Попов А.А.,ФРТ,доцент,д.н.
Смирнов Е.П.,ИТМО,доцент,к.н.
Попов Л.О.,ФПМИ,доцент,
Смирнов З.Т.,ФФ,ассистент,д.н.
Егоров Ж.Р.,ФФ,профессор,д.н.
Лебедева А.А.,ФПМИ,,
Соколов З.Т.,ФМиЕН,ассистент,к.н.
Петров В.И.,ФПМИ,доцент,к.н.
Новиков Г.Н.,ФМиМ,доцент,к.н.
Семенов В.И.,ФРТ,ассистент,д.н.
Иванов Ж.Р.,ФИВТ,,
Сидоров Ж.Р.,ФПМИ,профессор,
Лебедева Г.Н.,ФЭТ,,д.н.
Иванов К.М.,ФМиЕН,профессор,
Иванов Д.С.,ФИВТ,профессор,
Новиков Е.П.,ФПМИ,ассистент,к.н.
Егоров Л.О.,ФПМИ,,
Сидоров Д.С.,ФМиМ,,к.н.
Сидоров З.Т.,ФМиМ,,
Лебедев Г.Н.,ФФ,ассистент,
Лебедев З.Т.,ФРТ,ассистент,
Егоров Ж.Р.,ФФ,профессор,д.н.
Семенов И.К.,ФИТ,доцент,
Сидоров Б.В.,ФРТ,доцент,к.н.
Попов Д.С.,ФПМИ,ассистент,д.н.
Волков Е.П.,ФМиЕН,ассистент,д.н.
Лебедев Ж.Р.,ИТМО,доцент,
Козлов Г.Н.,ИТМО,,
Алексеев Л.О.,ФИТ,ассистент,д.н.
Алексеев Е.П.,ФФ,доцент,к.н.
Сидоров М.Ю.,ФИВТ,профессор,к.н.
Волков Б.В.,ФЭТ,,
Кузнецов Ж.Р.,ИТМО,профессор,д.н.
Семенов З.Т.,ФФ,,к.н.
Егоров Ж.Р.,ИТМО,,д.н.
Алексеев Д.С.,ФЭТ,профессор,д.н.
Соколов К.М.,ФЭТ,,
Лебедева Ж.Р.,ФМиЕН,доцент,к.н.
Козлов М.Ю.,ФИТ,доцент,д.н.
Семенов Б.В.,ФИТ,,к.н.
Новиков М.Ю.,ФМиЕН,,к.н.
Смирнов З.Т.,ФУПМ,ассистент,к.н.
Соколов Г.Н.,ФУПМ,ассистент,
Морозов К.М.,ФПМИ,доцент,д.н.
Попов З.Т.,ФПМИ,ассистент,
Соколов М.Ю.,ФРТ,доцент,
Морозов Г.Н.,ФУПМ,доцент,
Новиков В.И.,ФМиМ,,к.н.
Егоров З.Т.,ФМиЕН,профессор,д.н.
Петров А.А.,ИТМО,профессор,
Смирнов Е.П.,ФФ,профессор,к.н.
Петров З.Т.,ФЭТ,,д.н.
Лебедева А.А.,ФФ,доцент,д.н.
Егоров И.К.,ФМиМ,ассистент,
Лебедев Д.С.,ФПМИ,профессор,д.н.
Алексеев А.А.,ФРТ,доцент,
Семенов М.Ю.,ФПМИ,ассистент,д.н.
Лебедева И.К.,ФМиЕН,,д.н.
Морозов Ж.Р.,ФФ,профессор,д.н.
Алексеев В.И.,ФУПМ,,д.н.
Семенов В.И.,ФЭТ,профессор,д.н.
Иванов Л.О.,ФУПМ,ассистент,д.н.
Новиков Ж.Р.,ФИТ,,
Лебедев Ж.Р.,ИТМО,ассистент,д.н.
Петров Г.Н.,ФФ,,
Соколов З.Т.,ФМиМ,ассистент,
Попов А.А.,ФФ,,
Новиков Б.В.,ФПМИ,профессор,д.н.
Алексеев М.Ю.,ФЭТ,ассистент,д.н.
Сидоров А.А.,ИТМО,профессор,к.н.
Алексеев Б.В.,ФПМИ,профессор,
Кузнецов Л.О.,ФМиЕН,доцент,
Соколов Е.П.,ФФ,доцент,д.н.
Морозов Б.В.,ФРТ,доцент,д.н.
Алексеев Л.О.,ФМиЕН,,к.н.
Лебедев З.Т.,ФМиМ,профессор,к.н.
Лебедев З.Т.,ИТМО,ассистент,к.н.
Алексеев Е.П.,ИТМО,ассистент,д.н.
Козлов К.М.,ФФ,доцент,д.н.
Морозов К.М.,ФФ,доцент,д.н.
Сидоров Ж.Р.,ФИТ,профессор,д.н.
Петров А.А.,ФУПМ,,
Иванов Г.Н.,ФМиЕН,доцент,
Алексеев Л.О.,ФФ,ассистент,к.н.
Семенов К.М.,ФМиМ,,
Соколов Ж.Р.,ФПМИ,доцент,к.н.
Козлов И.К.,ФУПМ,доцент,к.н.
Козлов М.Ю.,ФЭТ,ассистент,д.н.
Козлов Г.Н.,ФРТ,,
Смирнов Е.П.,ИТМО,ассистент,
Козлов М.Ю.,ИТМО,,к.н.
Смирнов Д.С.,ФИВТ,,д.н.
Сидоров Е.П.,ФРТ,профессор,
Лебедева Ж.Р.,ФИТ,доцент,
Сидоров Д.С.,ФУПМ,,д.н.
Попов Г.Н.,ФРТ,ассистент,д.н.
Лебедева Е.П.,ФМиМ,доцент,д.н.
Попов Д.С.,ФФ,профессор,д.н.
Волков З.Т.,ФЭТ,ассистент,к.н.
Козлов М.Ю.,ФМиМ,,к.н.
Морозов И.К.,ФЭТ,профессор,д.н.
Сидоров Г.Н.,ФФ,профессор,д.н.
Козлов К.М.,ФМиМ,ассистент,д.н.
Алексеев А.А.,ФИВТ,,к.н.
Соколов Б.В.,ФМиМ,ассистент,
Новиков З.Т.,ИТМО,ассистент,д.н.
Соколов Л.О.,ИТМО,,к.н.
Волков И.К.,ФЭТ,профессор,д.н.
Петров Л.О.,ФИТ,профессор,д.н.
Козлов Г.Н.,ИТМО,доцент,д.н.
Попов Е.П.,ФИВТ,профессор,д.н.
Иванов Е.П.,ИТМО,ассистент,к.н.
Алексеев М.Ю.,ФИВТ,профессор,
Лебедева Е.П.,ФФ,доцент,к.н.
Семенов Г.Н.,ФФ,ассистент,
Новиков Ж.Р.,ФИВТ,ассистент,д.н.
Смирнов Б.В.,ИТМО,доцент,д.н.
Егоров И.К.,ФМиМ,ассистент,к.н.
Волков И.К.,ФМиМ,профессор,д.н.
Новиков Ж.Р.,ФИВТ,доцент,к.н.
Семенов Г.Н.,ФЭТ,,д.н.
Соколов В.И.,ИТМО,,д.н.
Соколов М.Ю.,ФИВТ,,к.н.
Попов Б.В.,ФМиЕН,доцент,д.н.
Сидоров К.М.,ФПМИ,профессор,к.н.
Кузнецов Ж.Р.,ФМиМ,профессор,к.н.
Лебедева Ж.Р.,ИТМО,,д.н.
Алексеев Л.О.,ФИТ,профессор,к.н.
Семенов И.К.,ФЭТ,доцент,к.н.
Смирнов Б.В.,ФРТ,доцент,
Волков Е.П.,ФИВТ,ассистент,
Алексеев З.Т.,ФИТ,ассистент,к.н.
Сидоров И.К.,ФМиМ,доцент,
Семенов А.А.,ФПМИ,профессор,д.н.
Козлов Л.О.,ФУПМ,доцент,
Егоров Д.С.,ФРТ,ассистент,
Егоров А.А.,ФПМИ,ассистент,
Волков А.А.,ФМиМ,,к.н.
Иванов М.Ю.,ФМиЕН,,
Петров Д.С.,ФМиМ,профессор,к.н.
Лебедева Г.Н.,ФПМИ,ассистент,д.н.
Лебедев А.А.,ФМиМ,,к.н.
Кузнецов К.М.,ФИТ,,
Попов А.А.,ФМиМ,доцент,д.н.
Попов З.Т.,ФРТ,,к.н.
Козлов В.И.,ФРТ,ассистент,к.н.
Попов Е.П.,ФУПМ,ассистент,
Лебедев А.А.,ФРТ,профессор,к.н.
Волков К.М.,ФУПМ,ассистент,к.н.
Семенов Г.Н.,ФМиЕН,профессор,к.н.
Егоров Ж.Р.,ФФ,профессор,д.н.
Сидоров И.К.,ФИТ,ассистент,
Лебедева Ж.Р.,ФИВТ,доцент,
Лебедева А.А.,ФИТ,профессор,
Петров Б.В.,ФМиЕН,профессор,к.н.
Волков Ж.Р.,ФУПМ,профессор,к.н.
Сидоров Г.Н.,ФФ,ассистент,
Смирнов К.М.,ФМиЕН,доцент,
Козлов М.Ю.,ФПМИ,,
Егоров Д.С.,ФМиМ,профессор,
Петров Л.О.,ФИТ,профессор,к.н.
Егоров А.А.,ФПМИ,профессор,д.н.
Егоров В.И.,ФМиМ,,к.н.
Семенов Д.С.,ФФ,,
Семенов Г.Н.,ФМиЕН,,д.н.
Сидоров Л.О.,ФПМИ,профессор,
Козлов Г.Н.,ФПМИ,,
Алексеев Ж.Р.,ФПМИ,профессор,
Сидоров К.М.,ФИТ,доцент,д.н.
Лебедева В.И.,ФЭТ,ассистент,д.н.
Кузнецов М.Ю.,ФМиЕН,доцент,
Иванов Л.О.,ФПМИ,,д.н.
Козлов Б.В.,ФРТ,доцент,д.н.
Козлов Г.Н.,ФИТ,,к.н.
Кузнецов Ж.Р.,ФИТ,,к.н.
Кузнецов М.Ю.,ФИВТ,ассистент,
Козлов З.Т.,ФФ,профессор,д.н.
Кузнецов В.И.,ФМиЕН,профессор,д.н.
Волков Л.О.,ИТМО,,д.н.
Лебедев Л.О.,ФИВТ,доцент,д.н.
Козлов Ж.Р.,ФУПМ,профессор,к.н.
Козлов Ж.Р.,ФИВТ,профессор,д.н.
Козлов Л.О.,ФИВТ,,
Морозов К.М.,ФМиЕН,,д.н.
Лебедева Ж.Р.,ФФ,ассистент,
Морозов Г.Н.,ФЭТ,профессор,д.н.
Лебедев К.М.,ФЭТ,профессор,д.н.
Козлов Д.С.,ФИТ,профессор,
Волков М.Ю.,ФРТ,профессор,к.н.
Петров В.И.,ФЭТ,доцент,д.н.
Петров Б.В.,ФПМИ,доцент,
Егоров Д.С.,ФФ,,
Сидоров Л.О.,ФИВТ,ассистент,к.н.
Новиков И.К.,ФЭТ,профессор,к.н.
Егоров М.Ю.,ФМиМ,,д.н.
Попов Е.П.,ФИТ,доцент,д.н.
Смирнов К.М.,ФРТ,,к.н.
Козлов Г.Н.,ФЭТ,ассистент,д.н.
Сидоров И.К.,ФМиЕН,,д.н.
Алексеев Б.В.,ФЭТ,профессор,д.н.
Соколов З.Т.,ФФ,,д.н.
Лебедева Ж.Р.,ФЭТ,ассистент,
Смирнов К.М.,ФИВТ,профессор,д.н.
Егоров Д.С.,ИТМО,ассистент,
Козлов А.А.,ФЭТ,профессор,к.н.
Лебедева З.Т.,ИТМО,ассистент,к.н.
Новиков А.А.,ФИТ,доцент,к.н.
Попов В.И.,ФИВТ,,д.н.
Волков Ж.Р.,ФУПМ,профессор,
Новиков М.Ю.,ФМиЕН,,д.н.
Новиков К.М.,ФУПМ,профессор,д.н.
Сидоров Е.П.,ФМиЕН,ассистент,
Смирнов В.И.,ФИВТ,доцент,д.н.
Новиков Е.П.,ФИВТ,профессор,д.н.
Кузнецов М.Ю.,ФПМИ,,
Лебедева З.Т.,ФПМИ,,к.н.
Волков Д.С.,ИТМО,профессор,
Петров Б.В.,ФМиЕН,профессор,
Лебедева И.К.,ФРТ,,к.н.
Егоров Б.В.,ФРТ,доцент,к.н.
Кузнецов Г.Н.,ФРТ,ассистент,д.н.
Петров К.М.,ФИВТ,ассистент,к.н.
Лебедева К.М.,ФМиМ,,д.н.
Волков М.Ю.,ФЭТ,доцент,
Соколов Ж.Р.,ФИТ,ассистент,д.н.
Козлов К.М.,ФФ,,д.н.
Козлов М.Ю.,ФМиМ,доцент,
Смирнов К.М.,ФПМИ,,к.н.
Новиков Ж.Р.,ФУПМ,ассистент,
Сидоров Е.П.,ФПМИ,,
Иванов Е.П.,ФУПМ,ассистент,к.н.
Козлов З.Т.,ФИТ,профессор,д.н.
Соколов В.И.,ФРТ,,
Егоров А.А.,ФМиЕН,доцент,
Петров Г.Н.,ФРТ,ассистент,
Соколов Д.С.,ФФ,профессор,
Морозов Г.Н.,ФИТ,,д.н.
Морозов Л.О.,ФРТ,доцент,д.н.
Алексеев К.М.,ФПМИ,ассистент,
Сидоров Г.Н.,ФИТ,профессор,к.н.
Егоров К.М.,ФИВТ,доцент,д.н.
Егоров И.К.,ФЭТ,профессор,д.н.
Семенов И.К.,ФМиМ,профессор,
Новиков Г.Н.,ФРТ,доцент,к.н.
Кузнецов Ж.Р.,ФФ,доцент,д.н.
Волков Е.П.,ФИВТ,ассистент,к.н.
Сидоров Л.О.,ФМиМ,,д.н.
Смирнов Е.П.,ФПМИ,,к.н.
Лебедева Е.П.,ФМиЕН,профессор,д.н.
Лебедева Г.Н.,ФЭТ,ассистент,
Егоров Л.О.,ФФ,,к.н.
Алексеев Б.В.,ФИТ,ассистент,к.н.
Волков Г.Н.,ФМиЕН,доцент,д.н.
Кузнецов Г.Н.,ФРТ,профессор,к.н.
Козлов Б.В.,ФИТ,,д.н.
Семенов Ж.Р.,ФФ,профессор,к.н.
Новиков Г.Н.,ФЭТ,,к.н.
Новиков З.Т.,ФУПМ,ассистент,д.н.
Морозов Д.С.,ФИВТ,профессор,к.н.
Алексеев З.Т.,ФУПМ,,д.н.
Морозов Л.О.,ФМиМ,доцент,
Иванов А.А.,ФМиЕН,доцент,
Сидоров М.Ю.,ФФ,,
Попов Ж.Р.,ФПМИ,,к.н.
Иванов Е.П.,ФМиМ,ассистент,к.н.
Иванов Е.П.,ФИВТ,доцент,д.н.
Сидоров З.Т.,ФМиЕН,ассистент,
Козлов Л.О.,ФУПМ,доцент,д.н.
Морозов Д.С.,ИТМО,ассистент,
Петров З.Т.,ФМиЕН,ассистент,к.н.
Морозов Ж.Р.,ФМиМ,доцент,
Алексеев М.Ю.,ИТМО,доцент,д.н.
Иванов З.Т.,ФМиМ,ассистент,
Петров Л.О.,ФЭТ,ассистент,к.н.
Петров Б.В.,ФПМИ,профессор,к.н.
Семенов Ж.Р.,ИТМО,,
Егоров В.И.,ИТМО,профессор,д.н.
Козлов И.К.,ФЭТ,ассистент,
Лебедев З.Т.,ФФ,ассистент,
Смирнов Д.С.,ФЭТ,профессор,к.н.
Лебедева Ж.Р.,ФРТ,ассистент,к.н.
Алексеев Д.С.,ФМиМ,,к.н.
Козлов В.И.,ФМиЕН,,
Семенов Д.С.,ФПМИ,,к.н.
Лебедев Б.В.,ФМиМ,профессор,к.н.
Петров Л.О.,ФИТ,,
Сидоров З.Т.,ФИВТ,доцент,д.н.
Соколов Д.С.,ФЭТ,ассистент,
Козлов Д.С.,ФЭТ,профессор,
Смирнов К.М.,ФИВТ,ассистент,д.н.
Волков В.И.,ФПМИ,ассистент,
Волков В.И.,ИТМО,ассистент,д.н.
Лебедева Л.О.,ФПМИ,,к.н.
Лебедева Л.О.,ФИВТ,ассистент,д.н.
Егоров К.М.,ФИТ,доцент,к.н.
Морозов В.И.,ФРТ,ассистент,д.н.
Алексеев Д.С.,ФИВТ,,
Лебедев Л.О.,ФМиМ,,д.н.
Волков Г.Н.,ИТМО,доцент,
Козлов З.Т.,ФИВТ,профессор,
Морозов Д.С.,ФПМИ,,д.н.
Сидоров М.Ю.,ФМиЕН,,к.н.
Иванов Д.С.,ФМиЕН,ассистент,
Сидоров В.И.,ИТМО,доцент,д.н.
Алексеев Б.В.,ФИТ,доцент,д.н.
Алексеев Ж.Р.,ФРТ,доцент,
Иванов Л.О.,ФИТ,профессор,
Морозов Д.С.,ИТМО,доцент,д.н.
Лебедева А.А.,ИТМО,доцент,
Алексеев А.А.,ФИТ,ассистент,
Морозов М.Ю.,ФРТ,ассистент,д.н.
Соколов А.А.,ФМиМ,ассистент,д.н.
Новиков Б.В.,ФФ,доцент,к.н.
Попов Л.О.,ФИТ,,д.н.
Семенов Б.В.,ФУПМ,профессор,к.н.
Алексеев Ж.Р.,ИТМО,ассистент,
Попов К.М.,ФПМИ,ассистент,д.н.
Семенов Б.В.,ФИВТ,ассистент,д.н.
Сидоров А.А.,ФРТ,ассистент,д.н.
Новиков Л.О.,ФРТ,профессор,
Морозов М.Ю.,ФРТ,,д.н.
Семенов М.Ю.,ФЭТ,профессор,
Морозов Б.В.,ФИТ,доцент,к.н.
Петров Б.В.,ФИТ,профессор,
Кузнецов А.А.,ФИВТ,ассистент,
Егоров Г.Н.,ФМиМ,доцент,д.н.
Иванов Г.Н.,ФУПМ,профессор,
Лебедев И.К.,ФИТ,,к.н.
Новиков А.А.,ФПМИ,профессор,д.н.
Егоров Е.П.,ФЭТ,ассистент,
Соколов В.И.,ФРТ,,д.н.
Петров Л.О.,ФМиМ,ассистент,к.н.
Морозов Е.П.,ФПМИ,доцент,к.н.
Сидоров З.Т.,ФИТ,ассистент,к.н.
Смирнов В.И.,ИТМО,,
Волков М.Ю.,ФЭТ,,к.н.
Кузнецов Ж.Р.,ФПМИ,,к.н.
Морозов Б.В.,ФФ,профессор,д.н.
Козлов И.К.,ФЭТ,доцент,д.н.
Семенов В.И.,ФМиЕН,,
Лебедев Г.Н.,ФУПМ,доцент,к.н.
Кузнецов З.Т.,ИТМО,доцент,к.н.
Петров З.Т.,ФУПМ,профессор,
Егоров И.К.,ФУПМ,ассистент,к.н.
Попов И.К.,ФМиМ,,к.н.
Соколов В.И.,ФИВТ,доцент,к.н.
Морозов К.М.,ФИВТ,ассистент,
Петров И.К.,ИТМО,ассистент,к.н.
Попов Б.В.,ФПМИ,профессор,д.н.
Семенов Л.О.,ФЭТ,,д.н.
Морозов Д.С.,ИТМО,доцент,
Сидоров Б.В.,ФИВТ,профессор,к.н.
Егоров Д.С.,ФРТ,профессор,
Лебедева М.Ю.,ФУПМ,ассистент,
Козлов К.М.,ФМиМ,,к.н.
Морозов И.К.,ФФ,ассистент,к.н.
Семенов Г.Н.,ФМиМ,профессор,к.н.
Попов Ж.Р.,ФУПМ,,
Попов В.И.,ФИВТ,,к.н.
Лебедева З.Т.,ФИТ,профессор,к.н.
Иванов И.К.,ФПМИ,,к.н.
Алексеев В.И.,ФЭТ,доцент,д.н.
Егоров Л.О.,ФПМИ,ассистент,к.н.
Петров Г.Н.,ИТМО,,к.н.
Морозов Д.С.,ФЭТ,доцент,д.н.
Лебедева В.И.,ФФ,доцент,д.н.
Сидоров И.К.,ФМиЕН,профессор,д.н.
Волков К.М.,ФФ,профессор,д.н.
Козлов А.А.,ФЭТ,ассистент,
Лебедева М.Ю.,ФУПМ,,к.н.
Лебедев Б.В.,ФИТ,,д.н.
Козлов А.А.,ФФ,,
Сидоров В.И.,ИТМО,доцент,к.н.
Лебедев А.А.,ФМиЕН,ассистент,
Семенов Е.П.,ФРТ,доцент,
Семенов Е.П.,ФЭТ,,
Иванов З.Т.,ФПМИ,профессор,
Козлов М.Ю.,ФЭТ,ассистент,к.н.
Новиков Б.В.,ФФ,,к.н.
Иванов К.М.,ФУПМ,доцент,д.н.
Новиков Е.П.,ФМиЕН,доцент,
Иванов З.Т.,ФИВТ,,
Петров И.К.,ИТМО,доцент,к.н.
Козлов К.М.,ФМиЕН,профессор,к.н.
Лебедева Д.С.,ФИВТ,,д.н.
Кузнецов К.М.,ФЭТ,,д.н.
Алексеев Ж.Р.,ИТМО,,д.н.
Иванов А.А.,ФМиМ,профессор,д.н.
Петров М.Ю.,ФУПМ,,д.н.
Алексеев И.К.,ФМиЕН,доцент,д.н.
Петров Е.П.,ФМиМ,ассистент,д.н.
Семенов Л.О.,ФЭТ,ассистент,
Кузнецов З.Т.,ФЭТ,доцент,
Смирнов Е.П.,ФПМИ,ассистент,к.н.
Лебедева Ж.Р.,ФПМИ,,к.н.
Лебедева В.И.,ФЭТ,профессор,д.н.
Семенов В.И.,ФРТ,профессор,д.н.
Смирнов М.Ю.,ФИВТ,доцент,
Иванов М.Ю.,ФИВТ,доцент,к.н.
Волков Д.С.,ФМиМ,профессор,д.н.
Волков Е.П.,ФУПМ,ассистент,
Смирнов Д.С.,ФИТ,ассистент,д.н.
Сидоров З.Т.,ФМиЕН,,к.н.
Смирнов Л.О.,ФУПМ,доцент,
Соколов Г.Н.,ФИВТ,профессор,д.н.
Егоров Г.Н.,ФИТ,,к.н.
Козлов И.К.,ФРТ,доцент,д.н.
Волков К.М.,ФПМИ,,к.н.
Семенов Б.В.,ИТМО,,д.н.
Смирнов К.М.,ФРТ,доцент,к.н.
Козлов И.К.,ФИТ,профессор,
Лебедева З.Т.,ФФ,,к.н.
Сидоров Л.О.,ФРТ,,д.н.
Соколов В.И.,ФМиЕН,,к.н.
Егоров И.К.,ФФ,профессор,д.н.
Волков М.Ю.,ФИТ,,д.н.
Семенов Д.С.,ФИВТ,,д.н.
Попов В.И.,ФПМИ,,д.н.
Смирнов Л.О.,ФФ,доцент,д.н.
Сидоров А.А.,ФМиМ,доцент,
Лебедев З.Т.,ФУПМ,профессор,д.н.
Егоров К.М.,ФЭТ,доцент,д.н.
Сидоров И.К.,ФИТ,доцент,к.н.
Петров Ж.Р.,ФИВТ,доцент,д.н.
Иванов К.М.,ФФ,профессор,к.н.
Смирнов Б.В.,ФРТ,,д.н.
Новиков Д.С.,ФМиМ,доцент,д.н.
Соколов Л.О.,ФМиМ,,к.н.
Кузнецов А.А.,ФРТ,,
Лебедева Б.В.,ФПМИ,профессор,
Морозов А.А.,ФИТ,профессор,
Лебедев К.М.,ФМиМ,профессор,к.н.
Петров Л.О.,ФМиМ,,
Лебедева Л.О.,ФМиЕН,,к.н.
Лебедев Б.В.,ФИВТ,ассистент,к.н.
Лебедев Ж.Р.,ФМиЕН,,д.н.
Соколов З.Т.,ФИТ,ассистент,к.н.
Петров Е.П.,ФРТ,ассистент,д.н.
Сидоров И.К.,ФМиЕН,доцент,д.н.
Попов Д.С.,ФУПМ,,к.н.
Сидоров А.А.,ФМиМ,,к.н.
Петров И.К.,ФФ,профессор,д.н.
Лебедев И.К.,ИТМО,профессор,
Кузнецов М.Ю.,ФРТ,ассистент,
Кузнецов В.И.,ФФ,профессор,
Лебедева Ж.Р.,ФРТ,доцент,д.н.
Кузнецов Д.С.,ФФ,,д.н.
Алексеев Б.В.,ФМиЕН,,к.н.
Смирнов Д.С.,ФМиЕН,профессор,
Кузнецов А.А.,ФРТ,ассистент,
Алексеев З.Т.,ФРТ,,
Морозов Е.П.,ФМиЕН,ассистент,к.н.
Семенов Ж.Р.,ФМиЕН,профессор,д.н.
Егоров В.И.,ФРТ,доцент,
Морозов Г.Н.,ФИВТ,доцент,
Петров Г.Н.,ФИТ,профессор,к.н.
Петров Б.В.,ИТМО,ассистент,
Семенов М.Ю.,ФПМИ,доцент,к.н.
Петров К.М.,ИТМО,профессор,д.н.
Морозов Д.С.,ФФ,ассистент,д.н.
Сидоров А.А.,ФПМИ,доцент,
Лебедева И.К.,ФУПМ,ассистент,
Семенов К.М.,ФЭТ,профессор,к.н.
Смирнов Ж.Р.,ФМиЕН,доцент,
Козлов Ж.Р.,ФИВТ,,к.н.
Лебедев Г.Н.,ФМиЕН,доцент,д.н.
Соколов В.И.,ФИВТ,профессор,д.н.
Семенов М.Ю.,ФФ,ассистент,д.н.
Иванов К.М.,ФЭТ,профессор,д.н.
Козлов Г.Н.,ФМиМ,доцент,
Попов Л.О.,ФМиЕН,профессор,
Сидоров Ж.Р.,ИТМО,,д.н.
Морозов Г.Н.,ФИВТ,,
Козлов К.М.,ФИВТ,профессор,
Лебедева Е.П.,ФФ,профессор,к.н.
Петров Д.С.,ФФ,ассистент,к.н.
Сидоров А.А.,ФМиМ,доцент,д.н.
Кузнецов В.И.,ФИВТ,профессор,к.н.
Петров А.А.,ФРТ,доцент,д.н.
Иванов Б.В.,ФРТ,доцент,
Попов Л.О.,ФУПМ,ассистент,к.н.
Алексеев К.М.,ФИТ,,к.н.
Новиков А.А.,ФМиЕН,,д.н.
Иванов И.К.,ФЭТ,профессор,
Петров И.К.,ФИТ,профессор,к.н.
Кузнецов И.К.,ФУПМ,,д.н.
Сидоров Л.О.,ФУПМ,доцент,к.н.
Лебедев К.М.,ФУПМ,,
Петров Л.О.,ФМиМ,профессор,
Петров И.К.,ФИТ,профессор,
Лебедева Ж.Р.,ФМиЕН,ассистент,
Петров Б.В.,ФФ,ассистент,д.н.
Кузнецов К.М.,ИТМО,ассистент,
Морозов Е.П.,ФПМИ,ассистент,к.н.
Егоров Г.Н.,ФМиЕН,ассистент,к.н.
Смирнов В.И.,ИТМО,профессор,к.н.
Семенов Л.О.,ФИТ,ассистент,к.н.
Козлов М.Ю.,ФУПМ,профессор,д.н.
Лебедев Л.О.,ФМиЕН,,к.н.
Смирнов Б.В.,ФМиЕН,ассистент,к.н.
Кузнецов К.М.,ФМиЕН,профессор,
Морозов Д.С.,ФПМИ,доцент,д.н.
Лебедева Е.П.,ФИТ,профессор,к.н.
Лебедев Ж.Р.,ФПМИ,,
Соколов Д.С.,ФУПМ,доцент,
Сидоров З.Т.,ФУПМ,доцент,
Новиков Д.С.,ФЭТ,,к.н.
Морозов А.А.,ФИВТ,,
Егоров Б.В.,ФУПМ,ассистент,д.н.
Егоров Ж.Р.,ФМиЕН,профессор,
Попов К.М.,ИТМО,доцент,
Лебедев Д.С.,ФИВТ,ассистент,д.н.
Лебедев З.Т.,ФИТ,ассистент,д.н.
Соколов З.Т.,ФПМИ,,
Лебедева Д.С.,ФУПМ,,к.н.
Алексеев К.М.,ФМиМ,ассистент,
Волков Ж.Р.,ФИТ,профессор,к.н.
Алексеев В.И.,ФЭТ,доцент,д.н.
Иванов Л.О.,ФФ,,
Смирнов Б.В.,ИТМО,профессор,к.н.
Лебедева А.А.,ФФ,профессор,к.н.
Иванов А.А.,ФМиМ,доцент,
Новиков В.И.,ФИТ,профессор,
Петров К.М.,ФУПМ,доцент,к.н.
Попов А.А.,ФИВТ,профессор,д.н.
Петров Е.П.,ФИТ,,к.н.
Кузнецов И.К.,ФМиМ,доцент,д.н.
Соколов Г.Н.,ФИТ,ассистент,д.н.
Сидоров М.Ю.,ФМиМ,ассистент,
Сидоров Ж.Р.,ФЭТ,,к.н.
Семенов И.К.,ФИВТ,профессор,
Новиков Ж.Р.,ФИТ,профессор,д.н.
Козлов В.И.,ФЭТ,ассистент,
Петров Г.Н.,ФИТ,профессор,д.н.
Волков В.И.,ФРТ,ассистент,
Соколов В.И.,ФПМИ,,к.н.
Морозов А.А.,ФМиМ,доцент,к.н.
Морозов А.А.,ИТМО,профессор,
Лебедев В.И.,ФУПМ,ассистент,
Семенов Ж.Р.,ФПМИ,,к.н.
Лебедева Ж.Р.,ФУПМ,профессор,д.н.
Морозов К.М.,ФФ,профессор,д.н.
Соколов Б.В.,ИТМО,ассистент,
Смирнов В.И.,ФИВТ,доцент,к.н.
Козлов А.А.,ФИВТ,ассистент,
Соколов А.А.,ФМиМ,ассистент,д.н.
Семенов Е.П.,ФИВТ,,к.н.
Семенов А.А.,ФМиМ,ассистент,
Иванов К.М.,ФИВТ,ассистент,д.н.
Сидоров Ж.Р.,ФЭТ,ассистент,д.н.
Сидоров Ж.Р.,ФПМИ,профессор,к.н.
Новиков Л.О.,ФПМИ,доцент,д.н.
Козлов Д.С.,ФИВТ,доцент,к.н.
Иванов М.Ю.,ФМиЕН,,
Семенов В.И.,ФФ,доцент,д.н.
Волков М.Ю.,ФМиМ,профессор,д.н.
Соколов Б.В.,ФИТ,доцент,д.н.
Новиков К.М.,ИТМО,профессор,
Иванов Б.В.,ФПМИ,,д.н.
Алексеев Б.В.,ФИВТ,,
Смирнов Е.П.,ФИВТ,ассистент,д.н.
Козлов А.А.,ФМиМ,доцент,
Алексеев Д.С.,ФРТ,,д.н.
Алексеев М.Ю.,ФУПМ,доцент,
Попов И.К.,ФПМИ,профессор,к.н.
Алексеев З.Т.,ФЭТ,доцент,
Петров М.Ю.,ФИТ,профессор,к.н.
Смирнов З.Т.,ФИТ,доцент,
Козлов Д.С.,ФУПМ,ассистент,к.н.
Волков И.К.,ИТМО,ассистент,к.н.
Алексеев К.М.,ФИТ,доцент,
Соколов М.Ю.,ФМиЕН,ассистент,к.н.
Новиков Е.П.,ФФ,ассистент,
Алексеев Ж.Р.,ФМиЕН,доцент,
Лебедева И.К.,ФЭТ,доцент,
Соколов З.Т.,ФУПМ,,д.н.
Козлов Б.В.,ФФ,профессор,
Семенов К.М.,ИТМО,ассистент,
Попов З.Т.,ФПМИ,профессор,к.н.
Сидоров М.Ю.,ФУПМ,доцент,д.н.
Лебедева Л.О.,ФПМИ,профессор,
Морозов Г.Н.,ФПМИ,ассистент,д.н.
Петров М.Ю.,ФЭТ,профессор,к.н.
Кузнецов К.М.,ФМиЕН,профессор,д.н.
Смирнов И.К.,ФПМИ,,к.н.
Лебедев Б.В.,ФИТ,ассистент,д.н.
Козлов И.К.,ФМиМ,доцент,д.н.
Егоров Д.С.,ИТМО,,к.н.
Петров Е.П.,ФУПМ,ассистент,
Соколов Е.П.,ФИТ,доцент,д.н.
Семенов Л.О.,ФПМИ,ассистент,к.н.
Новиков В.И.,ФИВТ,,к.н.
Алексеев Д.С.,ФРТ,ассистент,
Алексеев А.А.,ФМиЕН,ассистент,к.н.
Сидоров Д.С.,ФРТ,ассистент,к.н.
Лебедев Г.Н.,ФПМИ,,д.н.
Семенов З.Т.,ИТМО,ассистент,д.н.
Лебедев И.К.,ИТМО,ассистент,
Волков Г.Н.,ФИТ,доцент,к.н.
Морозов Г.Н.,ФМиЕН,доцент,
Новиков А.А.,ФПМИ,ассистент,к.н.
Кузнецов К.М.,ФФ,профессор,
Семенов М.Ю.,ФПМИ,,к.н.
Алексеев Д.С.,ФМиЕН,,д.н.
Лебедева Д.С.,ФУПМ,,к.н.
Смирнов З.Т.,ФЭТ,ассистент,
Козлов Ж.Р.,ФРТ,,к.н.
Сидоров Б.В.,ФЭТ,ассистент,
Петров Д.С.,ФИТ,доцент,д.н.
Кузнецов В.И.,ФПМИ,профессор,д.н.
Козлов В.И.,ФИТ,профессор,
Кузнецов З.Т.,ФУПМ,доцент,
Семенов М.Ю.,ФЭТ,,
Морозов В.И.,ФИТ,,к.н.
Попов Е.П.,ФРТ,профессор,д.н.
Семенов Г.Н.,ФМиЕН,ассистент,д.н.
Алексеев И.К.,ФМиЕН,ассистент,к.н.
Семенов К.М.,ФЭТ,ассистент,к.н.
Кузнецов К.М.,ФЭТ,доцент,
Петров И.К.,ФМиЕН,,
Морозов Б.В.,ФМиЕН,доцент,
Сидоров Б.В.,ФПМИ,профессор,к.н.
Егоров Д.С.,ИТМО,профессор,д.н.
Егоров Д.С.,ФРТ,профессор,
Кузнецов Ж.Р.,ФИТ,ассистент,к.н.
Волков Б.В.,ФМиЕН,,д.н.
Егоров З.Т.,ИТМО,ассистент,к.н.
Петров Ж.Р.,ФМиМ,доцент,к.н.
Морозов И.К.,ФФ,профессор,д.н.
Лебедев В.И.,ФФ,профессор,
Алексеев З.Т.,ФИТ,профессор,
Соколов Е.П.,ФМиМ,доцент,д.н.
Морозов М.Ю.,ФПМИ,профессор,д.н.
Лебедева И.К.,ФИВТ,доцент,к.н.
Волков Д.С.,ФРТ,,
Лебедева В.И.,ФИВТ,ассистент,д.н.
Лебедева Б.В.,ФМиМ,профессор,
Петров Г.Н.,ФФ,,к.н.
Козлов Е.П.,ИТМО,,к.н.
Лебедева Е.П.,ФУПМ,доцент,д.н.
Семенов Д.С.,ФФ,,
Петров К.М.,ФРТ,ассистент,к.н.
Сидоров И.К.,ФПМИ,,
Иванов Л.О.,ФИВТ,,
Козлов Б.В.,ФИТ,доцент,д.н.
Егоров М.Ю.,ФИТ,профессор,к.н.
Иванов В.И.,ФМиЕН,доцент,д.н.
Попов М.Ю.,ФИВТ,ассистент,
Лебедев З.Т.,ФМиЕН,,
Попов И.К.,ФФ,ассистент,к.н.
Козлов К.М.,ИТМО,доцент,
Кузнецов Е.П.,ФМиЕН,профессор,к.н.
Соколов З.Т.,ФИТ,,к.н.
Новиков Ж.Р.,ФРТ,,
Егоров И.К.,ФФ,ассистент,
Морозов Б.В.,ФУПМ,ассистент,д.н.
Новиков А.А.,ФМиЕН,,к.н.
Иванов И.К.,ИТМО,ассистент,к.н.
Волков И.К.,ФИВТ,ассистент,
Лебедева Ж.Р.,ИТМО,,д.н.
Морозов М.Ю.,ФПМИ,,к.н.
Сидоров К.М.,ФЭТ,ассистент,д.н.
Козлов Д.С.,ФРТ,,д.н.
Иванов А.А.,ФУПМ,,к.н.
Лебедев К.М.,ФМиЕН,доцент,к.н.
Семенов З.Т.,ИТМО,доцент,
Волков И.К.,ФИВТ,ассистент,д.н.
Морозов З.Т.,ФРТ,доцент,
Алексеев Е.П.,ФРТ,ассистент,к.н.
Смирнов Е.П.,ФЭТ,профессор,к.н.
Морозов К.М.,ИТМО,профессор,к.н.
Семенов М.Ю.,ФПМИ,,д.н.
Морозов Г.Н.,ФУПМ,ассистент,д.н.
Попов А.А.,ФИТ,,к.н.
Лебедев Б.В.,ФИВТ,ассистент,д.н.
Семенов И.К.,ФПМИ,,к.н.
Смирнов К.М.,ФИВТ,доцент,к.н.
Новиков З.Т.,ФМиЕН,профессор,к.н.
Смирнов М.Ю.,ФФ,,к.н.
Кузнецов З.Т.,ФПМИ,,к.н.
Лебедева М.Ю.,ФФ,ассистент,
Козлов А.А.,ФИТ,ассистент,д.н.
Семенов Л.О.,ИТМО,доцент,д.н.
Соколов И.К.,ИТМО,,
Алексеев Е.П.,ФИВТ,доцент,
Козлов Д.С.,ФЭТ,ассистент,
Морозов К.М.,ФЭТ,,к.н.
Семенов В.И.,ФРТ,ассистент,д.н.
Сидоров Ж.Р.,ФРТ,,
Петров А.А.,ФМиЕН,доцент,
Семенов В.И.,ФМиЕН,профессор,д.н.
Попов В.И.,ФИВТ,доцент,д.н.
Лебедев Е.П.,ФМиМ,,к.н.
Кузнецов И.К.,ФУПМ,доцент,д.н.
Егоров Г.Н.,ФУПМ,,к.н.
Лебедев Л.О.,ФРТ,профессор,
Алексеев И.К.,ФМиЕН,,
Смирнов К.М.,ФИВТ,ассистент,к.н.
Попов Б.В.,ФИВТ,ассистент,
Попов В.И.,ФФ,,к.н.
Новиков Л.О.,ФЭТ,,
Лебедев А.А.,ФПМИ,,к.н.
Морозов Ж.Р.,ФФ,,к.н.
Козлов Л.О.,ФЭТ,,д.н.
Егоров Б.В.,ФЭТ,доцент,к.н.
Алексеев М.Ю.,ФИВТ,ассистент,
Петров Е.П.,ФИТ,ассистент,д.н.
Лебедев К.М.,ФПМИ,,к.н.
Иванов В.И.,ФЭТ,ассистент,д.н.
Лебедев Б.В.,ИТМО,ассистент,к.н.
Алексеев И.К.,ФМиЕН,ассистент,к.н.
Козлов Д.С.,ФИТ,,
Козлов Ж.Р.,ФЭТ,профессор,д.н.
Егоров М.Ю.,ФУПМ,ассистент,
Лебедева Л.О.,ФИВТ,профессор,
Егоров М.Ю.,ФУПМ,ассистент,д.н.
Новиков Д.С.,ФПМИ,профессор,к.н.
Лебедева Б.В.,ФИТ,,
Попов Д.С.,ФИВТ,,
Петров И.К.,ФПМИ,,
Лебедева В.И.,ФРТ,доцент,
Лебедев И.К.,ИТМО,ассистент,
Сидоров Б.В.,ФФ,доцент,
Алексеев З.Т.,ФФ,ассистент,д.н.
Козлов Д.С.,ФПМИ,,д.н.
Козлов З.Т.,ФИТ,профессор,к.н.
Новиков Д.С.,ФПМИ,,к.н.
Алексеев Г.Н.,ФУПМ,доцент,к.н.
Сидоров К.М.,ФУПМ,доцент,
Петров Ж.Р.,ФИВТ,,
Лебедев И.К.,ИТМО,ассистент,к.н.
Иванов И.К.,ФУПМ,ассистент,
Петров К.М.,ФУПМ,ассистент,д.н.
Морозов Л.О.,ФПМИ,профессор,к.н.
Петров Ж.Р.,ФУПМ,доцент,д.н.
Лебедева Б.В.,ФМиЕН,ассистент,
Смирнов Д.С.,ИТМО,доцент,
Сидоров И.К.,ФФ,доцент,
Соколов Д.С.,ФРТ,доцент,д.н.
Кузнецов З.Т.,ФМиЕН,профессор,к.н.
Козлов В.И.,ФМиЕН,ассистент,к.н.
Новиков И.К.,ИТМО,профессор,
Морозов Ж.Р.,ФМиЕН,доцент,к.н.
Соколов К.М.,ФЭТ,ассистент,д.н.
Попов Г.Н.,ФФ,профессор,д.н.
Смирнов Б.В.,ФИВТ,,
Лебедева Л.О.,ФФ,доцент,
Соколов З.Т.,ФРТ,,к.н.
Иванов М.Ю.,ФМиМ,,
Волков З.Т.,ФУПМ,ассистент,к.н.
Алексеев К.М.,ФРТ,профессор,д.н.
Кузнецов А.А.,ФМиЕН,профессор,
Сидоров Ж.Р.,ИТМО,,к.н.
Алексеев Б.В.,ФФ,доцент,д.н.
Новиков В.И.,ФПМИ,профессор,д.н.
Соколов А.А.,ФИТ,доцент,
Козлов К.М.,ФУПМ,доцент,
Сидоров Е.П.,ФФ,доцент,к.н.
Семенов Л.О.,ФИВТ,доцент,к.н.
Смирнов Г.Н.,ФПМИ,ассистент,
Попов А.А.,ФФ,,д.н.
Семенов Б.В.,ФРТ,ассистент,
Волков Л.О.,ИТМО,ассистент,к.н.
Лебедев Е.П.,ФФ,,д.н.
Морозов И.К.,ИТМО,доцент,к.н.
Кузнецов Г.Н.,ФМиМ,ассистент,
Семенов И.К.,ФМиЕН,ассистент,
Лебедев Д.С.,ФЭТ,ассистент,д.н.
Лебедев Г.Н.,ФПМИ,доцент,к.н.
Иванов В.И.,ИТМО,,к.н.
Морозов Л.О.,ФМиЕН,доцент,
Морозов Ж.Р.,ФМиЕН,доцент,д.н.
Лебедева К.М.,ФМиЕН,профессор,к.н.
Алексеев К.М.,ФПМИ,доцент,к.н.
Кузнецов Б.В.,ФМиЕН,,д.н.
Попов Д.С.,ФПМИ,профессор,д.н.
Попов З.Т.,ФРТ,доцент,к.н.
Соколов Д.С.,ИТМО,ассистент,
Соколов Д.С.,ФРТ,ассистент,
Волков А.А.,ФМиЕН,доцент,д.н.
Егоров И.К.,ФРТ,доцент,к.н.
Кузнецов А.А.,ФМиМ,профессор,
Козлов Б.В.,ФФ,,д.н.
Алексеев М.Ю.,ФМиМ,,
Петров Е.П.,ФЭТ,профессор,к.н.
Петров Г.Н.,ФМиЕН,,к.н.
Лебедева А.А.,ФУПМ,ассистент,
Новиков Л.О.,ФИВТ,доцент,
Лебедева Б.В.,ФЭТ,доцент,к.н.
Кузнецов Л.О.,ФМиЕН,доцент,к.н.
Новиков Д.С.,ФУПМ,профессор,
Кузнецов З.Т.,ФИВТ,,
Морозов Е.П.,ФМиМ,ассистент,к.н.
Новиков Е.П.,ФМиМ,ассистент,д.н.
Лебедев Л.О.,ФИВТ,,д.н.
Волков М.Ю.,ФЭТ,,д.н.
Петров Ж.Р.,ФЭТ,профессор,
Иванов К.М.,ИТМО,,д.н.
Морозов Г.Н.,ФЭТ,ассистент,д.н.
Егоров А.А.,ФИВТ,,к.н.
Соколов Ж.Р.,ИТМО,ассистент,д.н.
Козлов Л.О.,ФУПМ,доцент,к.н.
Морозов А.А.,ФФ,,
Сидоров Д.С.,ФИТ,ассистент,к.н.
Сидоров Ж.Р.,ФПМИ,доцент,д.н.
Волков К.М.,ФИВТ,ассистент,к.н.
Иванов Д.С.,ФУПМ,профессор,д.н.
Семенов Л.О.,ФЭТ,,д.н.
Егоров И.К.,ФУПМ,ассистент,д.н.
Сидоров Д.С.,ФМиМ,профессор,к.н.
Алексеев Д.С.,ИТМО,ассистент,к.н.
Козлов И.К.,ФФ,доцент,
Морозов Л.О.,ИТМО,,
Попов З.Т.,ФИТ,,к.н.
Алексеев З.Т.,ФРТ,доцент,
Кузнецов Б.В.,ФИТ,,д.н.
Козлов Г.Н.,ФМиЕН,доцент,д.н.
Попов А.А.,ФУПМ,,к.н.
Егоров З.Т.,ФУПМ,доцент,
Сидоров К.М.,ФЭТ,доцент,к.н.
Лебедева А.А.,ФЭТ,ассистент,к.н.
Козлов З.Т.,ФПМИ,доцент,д.н.
Волков В.И.,ФЭТ,ассистент,д.н.
Волков М.Ю.,ФМиЕН,доцент,к.н.
Иванов М.Ю.,ФФ,доцент,
Кузнецов Л.О.,ФЭТ,ассистент,д.н.
Соколов Е.П.,ФРТ,,к.н.
Морозов Г.Н.,ФИВТ,ассистент,д.н.
Морозов В.И.,ФУПМ,доцент,к.н.
Волков Г.Н.,ФИВТ,профессор,д.н.
Смирнов Г.Н.,ФРТ,,к.н.
Кузнецов Б.В.,ФРТ,профессор,к.н.
Иванов К.М.,ФПМИ,ассистент,
Волков А.А.,ФЭТ,доцент,
Соколов Г.Н.,ФРТ,доцент,к.н.
Алексеев Л.О.,ИТМО,ассистент,
Смирнов Б.В.,ФПМИ,ассистент,
Егоров Ж.Р.,ФРТ,,д.н.
Семенов Д.С.,ФЭТ,,д.н.
Смирнов М.Ю.,ФИТ,доцент,
Сидоров К.М.,ФМиМ,,д.н.
Егоров Б.В.,ФФ,,
Иванов К.М.,ФРТ,доцент,
Егоров Д.С.,ФФ,доцент,к.н.
Новиков Е.П.,ИТМО,ассистент,к.н.
Лебедева А.А.,ФРТ,доцент,
Смирнов В.И.,ФУПМ,ассистент,к.н.
Сидоров Д.С.,ФУПМ,профессор,к.н.
Смирнов Ж.Р.,ИТМО,ассистент,д.н.
Лебедев В.И.,ФИВТ,ассистент,
Лебедев Д.С.,ФФ,ассистент,к.н.
Лебедева И.К.,ФРТ,,д.н.
Попов Ж.Р.,ФУПМ,доцент,к.н.
Смирнов Е.П.,ФИВТ,доцент,к.н.
Новиков В.И.,ФРТ,доцент,к.н.
Семенов Ж.Р.,ФМиЕН,доцент,д.н.
Кузнецов Б.В.,ФПМИ,ассистент,к.н.
Волков Ж.Р.,ИТМО,профессор,д.н.
Смирнов Г.Н.,ФИВТ,профессор,
Волков Г.Н.,ФИТ,,к.н.
Сидоров З.Т.,ФЭТ,доцент,к.н.
Семенов И.К.,ФПМИ,,к.н.
Волков Г.Н.,ФЭТ,,к.н.
Козлов В.И.,ФУПМ,,к.н.
Волков И.К.,ФМиМ,ассистент,д.н.
Козлов Е.П.,ФИТ,,к.н.
Соколов Б.В.,ФУПМ,профессор,
Егоров В.И.,ИТМО,,к.н.
Лебедев А.А.,ФЭТ,доцент,
Лебедев Б.В.,ФПМИ,ассистент,
Волков Е.П.,ФПМИ,,к.н.
Волков З.Т.,ФИВТ,доцент,
Соколов К.М.,ФУПМ,доцент,
Волков Д.С.,ФИТ,профессор,к.н.
Волков К.М.,ФЭТ,,к.н.
Петров И.К.,ФУПМ,ассистент,к.н.
Алексеев К.М.,ФИТ,доцент,д.н.
Соколов Е.П.,ФЭТ,ассистент,д.н.
Егоров И.К.,ФПМИ,профессор,
Кузнецов Е.П.,ФЭТ,доцент,д.н.
Морозов А.А.,ИТМО,ассистент,д.н.
Семенов Е.П.,ФФ,,д.н.
Сидоров З.Т.,ФУПМ,профессор,
Иванов Г.Н.,ФРТ,профессор,
Семенов Б.В.,ФЭТ,,к.н.
Лебедев И.К.,ФПМИ,,к.н.
Попов М.Ю.,ИТМО,профессор,д.н.
Морозов Б.В.,ФФ,ассистент,д.н.
Соколов Е.П.,ФМиМ,ассистент,к.н.
Кузнецов Г.Н.,ФМиЕН,доцент,к.н.
Волков З.Т.,ФМиМ,ассистент,д.н.
Морозов Д.С.,ФМиМ,ассистент,д.н.
Морозов В.И.,ФПМИ,доцент,д.н.
Смирнов З.Т.,ФЭТ,доцент,
Лебедева К.М.,ФИВТ,ассистент,
Попов Б.В.,ФРТ,ассистент,к.н.
Попов Г.Н.,ФУПМ,доцент,д.н.
Иванов Е.П.,ФИВТ,доцент,
Алексеев К.М.,ИТМО,доцент,д.н.
Семенов Е.П.,ФИТ,доцент,
Козлов М.Ю.,ФМиМ,доцент,к.н.
Морозов Ж.Р.,ФМиЕН,доцент,к.н.
Семенов И.К.,ФФ,профессор,к.н.
Семенов К.М.,ФРТ,доцент,д.н.
Смирнов А.А.,ФМиЕН,,д.н.
Смирнов В.И.,ФФ,доцент,
Лебедев Г.Н.,ФРТ,доцент,к.н.
Козлов Б.В.,ФИВТ,ассистент,
Семенов В.И.,ИТМО,ассистент,д.н.
Лебедев А.А.,ФИВТ,доцент,д.н.
Иванов А.А.,ФУПМ,ассистент,к.н.
Соколов А.А.,ФМиМ,,к.н.
Лебедев В.И.,ФМиЕН,профессор,
Иванов Л.О.,ФПМИ,профессор,к.н.
Новиков Г.Н.,ФПМИ,,к.н.
Лебедев М.Ю.,ФЭТ,профессор,
Лебедева З.Т.,ИТМО,доцент,д.н.
Егоров В.И.,ИТМО,профессор,д.н.
Козлов Д.С.,ФУПМ,ассистент,
Козлов К.М.,ИТМО,доцент,
Лебедев З.Т.,ФРТ,доцент,
Лебедева Ж.Р.,ФФ,доцент,д.н.
Новиков З.Т.,ФФ,профессор,к.н.
Петров Л.О.,ФУПМ,профессор,
Лебедев Б.В.,ФМиМ,,
Морозов Д.С.,ФРТ,профессор,к.н.
Петров М.Ю.,ФФ,,к.н.
Петров Д.С.,ФМиМ,профессор,д.н.
Козлов М.Ю.,ФРТ,доцент,к.н.
Соколов З.Т.,ФФ,профессор,к.н.
Морозов Л.О.,ФМиМ,ассистент,д.н.
Попов Ж.Р.,ФУПМ,ассистент,к.н.
Алексеев Г.Н.,ФФ,,д.н.
Сидоров Б.В.,ФПМИ,профессор,
Петров И.К.,ФПМИ,ассистент,
Семенов К.М.,ФПМИ,,д.н.
Смирнов К.М.,ФИТ,ассистент,д.н.
Иванов М.Ю.,ФИВТ,доцент,д.н.
Петров З.Т.,ФУПМ,доцент,
Морозов А.А.,ФУПМ,ассистент,д.н.
Кузнецов К.М.,ФПМИ,ассистент,к.н.
Соколов М.Ю.,ФФ,профессор,к.н.
Семенов З.Т.,ФУПМ,ассистент,к.н.
Новиков Л.О.,ФМиЕН,,к.н.
Алексеев Г.Н.,ФЭТ,профессор,
Лебедева Г.Н.,ФПМИ,ассистент,к.н.
Морозов Д.С.,ФУПМ,ассистент,к.н.
Новиков М.Ю.,ФИТ,доцент,д.н.
Иванов К.М.,ФРТ,профессор,д.н.
Морозов М.Ю.,ФИТ,профессор,
Лебедева Е.П.,ФРТ,профессор,
Волков А.А.,ФМиЕН,,д.н.
Смирнов Е.П.,ФИВТ,профессор,д.н.
Петров В.И.,ИТМО,доцент,д.н.
Козлов Д.С.,ФУПМ,профессор,
Семенов Ж.Р.,ФМиЕН,ассистент,
Петров И.К.,ФЭТ,профессор,д.н.
Козлов К.М.,ФРТ,профессор,д.н.
Смирнов Д.С.,ФМиЕН,профессор,д.н.
Морозов Б.В.,ФЭТ,,д.н.
Попов Д.С.,ФИВТ,,
Попов З.Т.,ФИТ,,
Попов Б.В.,ФПМИ,,д.н.
Кузнецов И.К.,ФМиМ,профессор,к.н.
Соколов Г.Н.,ФУПМ,,к.н.
Лебедева З.Т.,ФМиЕН,,к.н.
Морозов И.К.,ФУПМ,профессор,к.н.
Новиков З.Т.,ФМиЕН,ассистент,
Алексеев Ж.Р.,ФМиЕН,профессор,к.н.
Козлов Е.П.,ФИВТ,,д.н.
Смирнов Л.О.,ФУПМ,ассистент,д.н.
Соколов Д.С.,ФМиЕН,доцент,д.н.
Сидоров З.Т.,ФПМИ,ассистент,к.н.
Алексеев Ж.Р.,ФПМИ,,
Иванов И.К.,ФЭТ,ассистент,
Смирнов Б.В.,ФИТ,профессор,к.н.
Попов И.К.,ФИТ,профессор,д.н.
Петров Б.В.,ФМиМ,,д.н.
Лебедев Г.Н.,ФМиЕН,,д.н.
Волков Ж.Р.,ФМиМ,ассистент,д.н.
Новиков И.К.,ФУПМ,,д.н.
Соколов А.А.,ФЭТ,доцент,к.н.
Егоров З.Т.,ФРТ,ассистент,к.н.
Иванов Ж.Р.,ФМиЕН,,к.н.
Лебедев Д.С.,ФМиЕН,профессор,к.н.
Новиков Л.О.,ФМиЕН,профессор,д.н.
Соколов Л.О.,ФУПМ,,к.н.
Новиков Г.Н.,ФМиЕН,доцент,д.н.
Лебедева А.А.,ФМиМ,доцент,
Соколов З.Т.,ФФ,доцент,к.н.
Лебедева Г.Н.,ФИВТ,,
Попов Д.С.,ФФ,ассистент,
Алексеев И.К.,ИТМО,доцент,к.н.
Семенов А.А.,ФМиМ,,д.н.
Иванов Л.О.,ФУПМ,профессор,
Петров Е.П.,ФЭТ,доцент,к.н.
Лебедева И.К.,ФРТ,ассистент,д.н.
Новиков К.М.,ФМиМ,,д.н.
Егоров М.Ю.,ИТМО,ассистент,д.н.
Смирнов Г.Н.,ФМиЕН,доцент,
Кузнецов Е.П.,ФЭТ,доцент,д.н.
Сидоров К.М.,ИТМО,доцент,
Егоров Г.Н.,ФРТ,доцент,д.н.
Морозов З.Т.,ИТМО,,к.н.
Новиков К.М.,ФПМИ,,к.н.
Морозов Е.П.,ФУПМ,ассистент,д.н.
Лебедева Б.В.,ФРТ,,к.н.
Морозов К.М.,ФИВТ,ассистент,
Новиков Е.П.,ФУПМ,ассистент,к.н.
Козлов А.А.,ФПМИ,профессор,д.н.
Иванов А.А.,ФУПМ,профессор,д.н.
Лебедева А.А.,ФРТ,профессор,д.н.
Соколов М.Ю.,ФЭТ,ассистент,д.н.
Кузнецов Л.О.,ФМиМ,ассистент,д.н.
Кузнецов Ж.Р.,ФФ,ассистент,к.н.
Семенов А.А.,ФМиМ,доцент,к.н.
Петров Ж.Р.,ИТМО,доцент,к.н.
Новиков Г.Н.,ФРТ,доцент,к.н.
Лебедева Л.О.,ИТМО,доцент,
Сидоров Б.В.,ФЭТ,,
Семенов З.Т.,ФФ,ассистент,
Сидоров Л.О.,ФИТ,ассистент,д.н.
Лебедев З.Т.,ФЭТ,профессор,к.н.
Петров Д.С.,ФРТ,ассистент,к.н.
Соколов Е.П.,ИТМО,ассистент,
Сидоров К.М.,ФМиМ,ассистент,к.н.
Алексеев З.Т.,ФЭТ,ассистент,
Соколов Ж.Р.,ФМиМ,ассистент,д.н.
Кузнецов М.Ю.,ФУПМ,профессор,к.н.
Попов Ж.Р.,ФРТ,доцент,к.н.
Козлов К.М.,ФЭТ,профессор,д.н.
Кузнецов Б.В.,ФУПМ,ассистент,к.н.
Новиков Б.В.,ФИТ,ассистент,к.н.
Попов Л.О.,ИТМО,ассистент,к.н.
Лебедева В.И.,ФМиЕН,,д.н.
Алексеев Л.О.,ФРТ,профессор,к.н.
Егоров А.А.,ФПМИ,профессор,д.н.
Смирнов Л.О.,ФМиЕН,ассистент,
Новиков В.И.,ФРТ,профессор,
Иванов Б.В.,ФМиМ,,к.н.
Егоров Д.С.,ФМиМ,профессор,к.н.
Лебедев Ж.Р.,ФФ,,д.н.
Новиков Ж.Р.,ИТМО,,д.н.
Семенов Г.Н.,ИТМО,ассистент,д.н.
Попов В.И.,ИТМО,,д.н.
Егоров Е.П.,ФРТ,ассистент,д.н.
Сидоров Л.О.,ФМиЕН,ассистент,к.н.
Лебедев Л.О.,ФПМИ,ассистент,
Лебедева Ж.Р.,ФРТ,профессор,д.н.
Смирнов Д.С.,ФРТ,,д.н.
Соколов М.Ю.,ФИТ,доцент,д.н.
Соколов Б.В.,ФПМИ,ассистент,
Козлов А.А.,ФПМИ,профессор,д.н.
Сидоров В.И.,ФЭТ,доцент,к.н.
Волков И.К.,ФФ,профессор,
Алексеев И.К.,ФИТ,доцент,
Попов М.Ю.,ФПМИ,,д.н.
Попов Л.О.,ФУПМ,ассистент,к.н.
Морозов Л.О.,ИТМО,профессор,к.н.
Семенов Л.О.,ФИВТ,ассистент,д.н.
Кузнецов Б.В.,ФМиМ,,к.н.
Морозов Г.Н.,ФИТ,ассистент,
Волков И.К.,ФИТ,ассистент,к.н.
Семенов И.К.,ФФ,ассистент,к.н.
Сидоров Л.О.,ФУПМ,ассистент,д.н.
Сидоров З.Т.,ФИВТ,ассистент,д.н.
Морозов Г.Н.,ФИТ,,
Петров И.К.,ФФ,,
Смирнов А.А.,ИТМО,профессор,к.н.
Лебедева М.Ю.,ФИТ,,
Волков Е.П.,ФПМИ,доцент,
Волков К.М.,ИТМО,,
Волков Б.В.,ФЭТ,ассистент,к.н.
Новиков Ж.Р.,ИТМО,профессор,
Смирнов Е.П.,ФЭТ,профессор,д.н.
Соколов Ж.Р.,ФЭТ,доцент,д.н.
Волков З.Т.,ФЭТ,ассистент,к.н.
Сидоров Д.С.,ФМиМ,профессор,
Алексеев И.К.,ИТМО,доцент,д.н.
Кузнецов Б.В.,ФРТ,доцент,к.н.
Смирнов Ж.Р.,ФМиМ,доцент,д.н.
Кузнецов М.Ю.,ФИТ,ассистент,к.н.
Морозов Д.С.,ФУПМ,профессор,к.н.
Смирнов Ж.Р.,ФУПМ,ассистент,
Сидоров В.И.,ФМиЕН,ассистент,д.н.
Иванов М.Ю.,ФИТ,,
Лебедева И.К.,ФРТ,,
Козлов К.М.,ФФ,,д.н.
Волков Л.О.,ИТМО,доцент,к.н.
Сидоров Д.С.,ФФ,,к.н.
Соколов Л.О.,ИТМО,ассистент,
Смирнов З.Т.,ИТМО,,д.н.
Попов М.Ю.,ИТМО,ассистент,д.н.
Иванов К.М.,ФФ,доцент,д.н.
Лебедев М.Ю.,ИТМО,доцент,д.н.
Сидоров Ж.Р.,ФУПМ,профессор,
Иванов М.Ю.,ФФ,доцент,д.н.
Петров З.Т.,ФМиМ,ассистент,к.н.
Новиков И.К.,ФМиМ,доцент,к.н.
Петров Л.О.,ФФ,,д.н.
Смирнов Д.С.,ФИТ,ассистент,д.н.
Смирнов В.И.,ФУПМ,доцент,д.н.
Лебедев Е.П.,ФИТ,профессор,д.н.
Сидоров Д.С.,ФФ,,к.н.
Попов Ж.Р.,ФУПМ,,к.н.
Попов Б.В.,ФПМИ,профессор,к.н.
Егоров И.К.,ФУПМ,ассистент,д.н.
Сидоров Л.О.,ИТМО,профессор,
Козлов Г.Н.,ФРТ,профессор,д.н.
Смирнов В.И.,ФРТ,,к.н.
Сидоров А.А.,ИТМО,ассистент,д.н.
Лебедева И.К.,ФФ,,
Лебедева Г.Н.,ИТМО,,к.н.
Иванов З.Т.,ФИТ,доцент,
Новиков В.И.,ФРТ,профессор,
Егоров Д.С.,ФИВТ,ассистент,к.н.
Петров В.И.,ФФ,доцент,
Соколов М.Ю.,ФЭТ,ассистент,к.н.
Морозов И.К.,ИТМО,,к.н.
Семенов Е.П.,ФФ,профессор,к.н.
Соколов Б.В.,ФФ,ассистент,д.н.
Иванов Г.Н.,ФИВТ,доцент,д.н.
Кузнецов А.А.,ФЭТ,профессор,к.н.
Попов В.И.,ФУПМ,,д.н.
Семенов И.К.,ИТМО,ассистент,
Алексеев А.А.,ФМиМ,ассистент,д.н.
Егоров Ж.Р.,ФМиМ,ассистент,
Егоров В.И.,ФМиЕН,профессор,к.н.
Кузнецов Ж.Р.,ФРТ,доцент,
Сидоров З.Т.,ФУПМ,доцент,
Новиков И.К.,ФИВТ,доцент,к.н.
Волков Е.П.,ФМиМ,,д.н.
Козлов Ж.Р.,ИТМО,профессор,
Егоров М.Ю.,ФРТ,профессор,
Лебедев Г.Н.,ФРТ,ассистент,
Смирнов Е.П.,ИТМО,профессор,к.н.
Волков Ж.Р.,ФЭТ,,
Попов Г.Н.,ФРТ,ассистент,
Кузнецов З.Т.,ИТМО,,д.н.
Алексеев Е.П.,ФПМИ,профессор,
Козлов Д.С.,ФИТ,ассистент,д.н.
Новиков З.Т.,ФИТ,ассистент,
Семенов Г.Н.,ФУПМ,,д.н.
Петров И.К.,ФФ,,д.н.
Петров Е.П.,ФПМИ,профессор,
Лебедев Л.О.,ФИТ,,к.н.
Волков И.К.,ИТМО,доцент,к.н.
Иванов Л.О.,ФИТ,доцент,
Егоров Д.С.,ФМиЕН,профессор,к.н.
Иванов И.К.,ФФ,,к.н.
Алексеев А.А.,ФФ,ассистент,к.н.
Лебедева И.К.,ИТМО,доцент,к.н.
Петров В.И.,ФПМИ,ассистент,д.н.
Лебедев В.И.,ФМиЕН,,к.н.
Иванов Г.Н.,ФМиМ,,
Егоров А.А.,ФИВТ,,к.н.
Алексеев А.А.,ФРТ,профессор,д.н.
Лебедев М.Ю.,ФУПМ,ассистент,д.н.
Морозов И.К.,ИТМО,ассистент,
Новиков Г.Н.,ИТМО,профессор,д.н.
Егоров К.М.,ФМиМ,профессор,д.н.
Попов В.И.,ФРТ,ассистент,д.н.
Семенов Д.С.,ФУПМ,доцент,д.н.
Соколов М.Ю.,ИТМО,,д.н.
Попов Г.Н.,ИТМО,профессор,д.н.
Петров Б.В.,ФФ,профессор,д.н.
Егоров Ж.Р.,ФИТ,ассистент,
Лебедев И.К.,ФЭТ,профессор,
Соколов Ж.Р.,ФИВТ,профессор,д.н.
Лебедев А.А.,ИТМО,ассистент,д.н.
Козлов Б.В.,ФУПМ,,к.н.
Алексеев Ж.Р.,ФИВТ,,д.н.
Соколов М.Ю.,ФМиМ,,
Волков М.Ю.,ФПМИ,доцент,к.н.
Семенов З.Т.,ИТМО,,д.н.
Новиков И.К.,ИТМО,профессор,д.н.
Петров И.К.,ФПМИ,доцент,к.н.
Кузнецов А.А.,ФФ,профессор,
Сидоров Г.Н.,ИТМО,профессор,д.н.
Алексеев М.Ю.,ФФ,ассистент,к.н.
Лебедев Ж.Р.,ФИТ,профессор,к.н.
Соколов К.М.,ФРТ,ассистент,к.н.
Козлов Б.В.,ФИВТ,доцент,
Попов Б.В.,ФМиЕН,,
Морозов К.М.,ФПМИ,ассистент,к.н.
Алексеев Ж.Р.,ФИВТ,доцент,
Иванов Б.В.,ФФ,профессор,к.н.
Волков З.Т.,ФМиМ,ассистент,
Новиков И.К.,ФРТ,ассистент,к.н.
Сидоров Б.В.,ФИВТ,,
Кузнецов И.К.,ФРТ,ассистент,
Петров Б.В.,ФЭТ,,д.н.
Семенов В.И.,ИТМО,ассистент,
Попов М.Ю.,ФИТ,профессор,
Смирнов В.И.,ФРТ,,к.н.
Иванов В.И.,ФРТ,ассистент,к.н.
Смирнов Ж.Р.,ФФ,ассистент,
Сидоров Б.В.,ФЭТ,профессор,
Сидоров В.И.,ФМиМ,ассистент,д.н.
Лебедева Е.П.,ФПМИ,профессор,к.н.
Попов Д.С.,ФРТ,профессор,
Лебедева Д.С.,ФРТ,доцент,д.н.
Козлов Б.В.,ФРТ,ассистент,к.н.
Петров Е.П.,ФПМИ,ассистент,
Волков Б.В.,ФПМИ,профессор,д.н.
Алексеев Г.Н.,ФУПМ,,к.н.
Соколов И.К.,ФИВТ,,к.н.
Петров Г.Н.,ФМиМ,доцент,
Волков Г.Н.,ИТМО,профессор,
Иванов Б.В.,ФУПМ,ассистент,к.н.
Семенов Б.В.,ФИТ,доцент,
Волков В.И.,ФРТ,профессор,д.н.
Козлов А.А.,ФИВТ,доцент,
Смирнов Д.С.,ИТМО,профессор,к.н.
Лебедева Ж.Р.,ФПМИ,доцент,д.н.
Семенов Л.О.,ФМиЕН,,д.н.
Лебедева З.Т.,ФПМИ,профессор,к.н.
Семенов Ж.Р.,ФИВТ,доцент,д.н.
Кузнецов Ж.Р.,ФУПМ,,
Лебедева Д.С.,ФФ,ассистент,к.н.
Попов Л.О.,ФИВТ,ассистент,к.н.
Алексеев М.Ю.,ФМиЕН,ассистент,д.н.
Петров Б.В.,ФУПМ,,д.н.
Иванов Л.О.,ФРТ,профессор,к.н.
Иванов З.Т.,ФИВТ,,д.н.
Семенов А.А.,ФМиЕН,,
Лебедева В.И.,ФПМИ,,д.н.
Семенов А.А.,ФПМИ,,д.н.
Сидоров И.К.,ФИТ,,д.н.
Соколов Г.Н.,ФМиЕН,,к.н.
Семенов В.И.,ФИВТ,профессор,
Алексеев К.М.,ФМиМ,профессор,д.н.
Смирнов Д.С.,ФУПМ,доцент,д.н.
Иванов Ж.Р.,ФИТ,,
Попов И.К.,ФМиЕН,профессор,к.н.
Лебедева И.К.,ФФ,доцент,д.н.
Волков Д.С.,ФМиЕН,,к.н.
Новиков А.А.,ФИВТ,доцент,д.н.
Волков Г.Н.,ФЭТ,,
Новиков Б.В.,ФЭТ,профессор,к.н.
Сидоров Ж.Р.,ФРТ,,к.н.
Морозов К.М.,ФРТ,ассистент,д.н.
Сидоров И.К.,ИТМО,,
Алексеев Ж.Р.,ФПМИ,доцент,д.н.
Морозов Л.О.,ФФ,ассистент,
Волков Е.П.,ФИТ,ассистент,
Лебедева М.Ю.,ФМиЕН,ассистент,к.н.
Волков Д.С.,ФИВТ,,к.н.
Морозов Г.Н.,ФМиМ,профессор,д.н.
Иванов М.Ю.,ФУПМ,,
Волков Д.С.,ФПМИ,ассистент,д.н.
Попов К.М.,ФИВТ,ассистент,к.н.
Алексеев И.К.,ФФ,ассистент,к.н.
Козлов З.Т.,ФМиМ,профессор,
Егоров Е.П.,ФФ,ассистент,к.н.
Лебедев Л.О.,ФФ,ассистент,д.н.
Семенов Г.Н.,ФИВТ,ассистент,
Алексеев Г.Н.,ФИТ,ассистент,д.н.
Сидоров Г.Н.,ФПМИ,профессор,д.н.
Алексеев К.М.,ФМиЕН,доцент,к.н.
Попов З.Т.,ИТМО,профессор,к.н.
Попов В.И.,ФИТ,профессор,
Лебедев К.М.,ФИВТ,доцент,к.н.
Новиков М.Ю.,ФФ,ассистент,к.н.
Соколов И.К.,ФУПМ,,д.н.
Козлов Д.С.,ФИВТ,доцент,
Петров Л.О.,ФЭТ,профессор,д.н.
Сидоров Д.С.,ФФ,,к.н.
Козлов И.К.,ФИТ,доцент,д.н.
Соколов З.Т.,ФПМИ,профессор,к.н.
Соколов К.М.,ФЭТ,ассистент,
Сидоров М.Ю.,ФИВТ,профессор,
Смирнов З.Т.,ФМиМ,доцент,д.н.
Иванов З.Т.,ФРТ,ассистент,
Алексеев А.А.,ФМиЕН,,
Козлов Г.Н.,ФИТ,,
Соколов Е.П.,ФМиЕН,доцент,к.н.
Егоров А.А.,ФФ,доцент,д.н.
Кузнецов Л.О.,ФИВТ,,д.н.
Лебедева А.А.,ФИТ,профессор,к.н.
Егоров Л.О.,ФЭТ,ассистент,д.н.
Кузнецов К.М.,ФРТ,доцент,
Лебедев Ж.Р.,ФМиМ,профессор,д.н.
Козлов М.Ю.,ФРТ,ассистент,к.н.
Кузнецов Л.О.,ФЭТ,профессор,д.н.
Кузнецов Б.В.,ФИТ,ассистент,
Новиков Б.В.,ИТМО,ассистент,
Лебедев К.М.,ФРТ,,д.н.
Волков Е.П.,ИТМО,,д.н.
Морозов М.Ю.,ФЭТ,профессор,к.н.
Иванов Е.П.,ФПМИ,ассистент,
Петров М.Ю.,ФМиМ,,
Смирнов Л.О.,ФЭТ,,д.н.
Соколов Б.В.,ФМиМ,доцент,д.н.
Лебедева Л.О.,ФМиМ,профессор,
Лебедева А.А.,ФЭТ,ассистент,
Лебедев Г.Н.,ФУПМ,,к.н.
Новиков В.И.,ИТМО,доцент,д.н.
Козлов Г.Н.,ФИВТ,ассистент,д.н.
Морозов Ж.Р.,ФУПМ,профессор,д.н.
Петров Д.С.,ФИТ,профессор,к.н.
Лебедева Г.Н.,ФИТ,,
Смирнов Ж.Р.,ИТМО,,к.н.
Алексеев А.А.,ФПМИ,профессор,д.н.
Лебедев Д.С.,ФРТ,доцент,д.н.
Волков Г.Н.,ФФ,доцент,
Козлов В.И.,ИТМО,доцент,д.н.
Лебедева В.И.,ФИВТ,ассистент,к.н.
Егоров Л.О.,ФИВТ,профессор,
Алексеев Е.П.,ФИВТ,ассистент,
Егоров В.И.,ФИТ,ассистент,к.н.
Кузнецов И.К.,ФРТ,доцент,д.н.
Попов М.Ю.,ФЭТ,доцент,к.н.
Соколов К.М.,ФФ,ассистент,к.н.
Соколов З.Т.,ФИТ,доцент,к.н.
Соколов Д.С.,ФУПМ,ассистент,
Соколов З.Т.,ФИТ,профессор,к.н.
Алексеев Г.Н.,ФЭТ,профессор,д.н.
Сидоров З.Т.,ФЭТ,доцент,к.н.
Сидоров З.Т.,ФЭТ,,
Иванов Б.В.,ФРТ,профессор,д.н.
Алексеев Д.С.,ФИТ,,
Семенов Б.В.,ФРТ,ассистент,д.н.
Лебедева М.Ю.,ФПМИ,,д.н.
Лебедев А.А.,ФИТ,профессор,
Новиков Ж.Р.,ФМиМ,профессор,
Лебедев Е.П.,ФМиМ,ассистент,
Лебедев Б.В.,ФФ,доцент,д.н.
Волков Е.П.,ФЭТ,,д.н.
Соколов А.А.,ФЭТ,ассистент,к.н.
Семенов Е.П.,ФИВТ,профессор,к.н.
Алексеев И.К.,ФМиМ,доцент,
Морозов А.А.,ФФ,доцент,д.н.
Петров Л.О.,ФФ,профессор,д.н.
Кузнецов И.К.,ФФ,профессор,к.н.
Морозов В.И.,ФПМИ,ассистент,
Сидоров Б.В.,ФРТ,,
Семенов Е.П.,ФЭТ,профессор,к.н.
Соколов Е.П.,ФМиМ,профессор,к.н.
Соколов З.Т.,ФФ,доцент,д.н.
Иванов З.Т.,ФМиМ,,
Морозов К.М.,ФФ,профессор,д.н.
Иванов К.М.,ФМиМ,ассистент,к.н.
Попов Е.П.,ФПМИ,доцент,д.н.
Лебедев Е.П.,ФИВТ,,д.н.
Новиков Г.Н.,ФРТ,,д.н.
Иванов К.М.,ФЭТ,,к.н.
Семенов К.М.,ФПМИ,,д.н.
Алексеев Д.С.,ИТМО,доцент,
Козлов К.М.,ФУПМ,,к.н.
Попов И.К.,ФЭТ,доцент,д.н.
Морозов З.Т.,ФИВТ,ассистент,д.н.
Волков В.И.,ФИВТ,,к.н.
Семенов А.А.,ФЭТ,доцент,
Сидоров Е.П.,ФУПМ,,
Алексеев Б.В.,ФИВТ,доцент,
Петров Ж.Р.,ФУПМ,,к.н.
Алексеев Б.В.,ФПМИ,доцент,
Семенов Г.Н.,ФУПМ,профессор,
Кузнецов Ж.Р.,ФПМИ,доцент,
Морозов Е.П.,ФЭТ,,
Лебедев Д.С.,ФФ,ассистент,
Соколов А.А.,ФИТ,профессор,к.н.
Петров Г.Н.,ФРТ,профессор,к.н.
Новиков К.М.,ФИВТ,ассистент,к.н.
Соколов Ж.Р.,ФФ,,
Кузнецов В.И.,ИТМО,,к.н.
Козлов А.А.,ФРТ,профессор,к.н.
Попов Л.О.,ФИВТ,ассистент,д.н.
Петров Ж.Р.,ФИВТ,доцент,д.н.
Иванов Ж.Р.,ФУПМ,ассистент,д.н.
Егоров В.И.,ФМиМ,профессор,к.н.
Козлов К.М.,ИТМО,профессор,д.н.
Волков Д.С.,ФИТ,профессор,д.н.
Семенов Б.В.,ФПМИ,,
Петров Ж.Р.,ИТМО,ассистент,д.н.
Егоров Л.О.,ФРТ,доцент,д.н.
Козлов Б.В.,ФЭТ,,д.н.
Егоров В.И.,ФЭТ,доцент,к.н.
Соколов З.Т.,ФРТ,ассистент,
Новиков К.М.,ФМиМ,ассистент,д.н.
Иванов З.Т.,ФИВТ,ассистент,
Лебедев М.Ю.,ФЭТ,профессор,д.н.
Кузнецов И.К.,ФУПМ,ассистент,д.н.
Алексеев Д.С.,ФМиМ,профессор,к.н.
Смирнов З.Т.,ФРТ,ассистент,
Волков Л.О.,ФФ,профессор,к.н.
Попов Б.В.,ФРТ,профессор,д.н.
Сидоров Б.В.,ФМиМ,,д.н.
Алексеев К.М.,ФМиЕН,доцент,к.н.
Новиков К.М.,ФИВТ,ассистент,
Алексеев Е.П.,ФМиЕН,,к.н.
Петров Ж.Р.,ФЭТ,,д.н.
Попов К.М.,ФМиМ,,д.н.
Волков З.Т.,ИТМО,ассистент,к.н.
Козлов Л.О.,ИТМО,доцент,
Алексеев З.Т.,ФЭТ,,д.н.
Козлов А.А.,ФПМИ,,д.н.
Попов А.А.,ИТМО,профессор,к.н.
Егоров В.И.,ФФ,профессор,к.н.
Лебедева И.К.,ФЭТ,,
Иванов А.А.,ФМиМ,ассистент,д.н.
Козлов Е.П.,ФМиЕН,профессор,д.н.
Лебедева К.М.,ФФ,,д.н.
Петров К.М.,ФФ,доцент,
Иванов Г.Н.,ФМиЕН,профессор,к.н.
Лебедев К.М.,ФМиЕН,профессор,
Семенов Е.П.,ФМиЕН,ассистент,
Петров К.М.,ФУПМ,профессор,д.н.
Иванов Е.П.,ФЭТ,ассистент,к.н.
Морозов М.Ю.,ФУПМ,доцент,
Соколов Г.Н.,ФУПМ,доцент,д.н.
Петров Б.В.,ФПМИ,доцент,д.н.
Лебедев А.А.,ФФ,профессор,к.н.
Соколов Ж.Р.,ИТМО,доцент,к.н.
Смирнов Б.В.,ФМиЕН,профессор,
Смирнов Д.С.,ФРТ,профессор,к.н.
Попов Ж.Р.,ФПМИ,доцент,к.н.
Новиков В.И.,ФРТ,профессор,д.н.
Новиков З.Т.,ФИТ,доцент,д.н.
Кузнецов М.Ю.,ФПМИ,профессор,
Иванов М.Ю.,ФЭТ,доцент,д.н.
Сидоров А.А.,ФУПМ,ассистент,
Попов Ж.Р.,ФИТ,,
Иванов Г.Н.,ФИВТ,доцент,д.н.
Козлов З.Т.,ФУПМ,,д.н.
Лебедев М.Ю.,ФПМИ,доцент,д.н.
Смирнов Ж.Р.,ФИТ,ассистент,
Морозов Б.В.,ФФ,,д.н.
Козлов Е.П.,ФМиМ,доцент,к.н.
Морозов Е.П.,ФИВТ,профессор,
Смирнов М.Ю.,ФПМИ,ассистент,д.н.
Морозов К.М.,ФЭТ,профессор,
Сидоров А.А.,ФЭТ,доцент,к.н.
Лебедев З.Т.,ФМиЕН,,
Семенов Б.В.,ФФ,ассистент,д.н.
Морозов К.М.,ФУПМ,ассистент,к.н.
Новиков А.А.,ФИВТ,доцент,к.н.
Кузнецов Л.О.,ИТМО,профессор,к.н.
Сидоров Е.П.,ФУПМ,ассистент,д.н.
Козлов Д.С.,ФРТ,доцент,д.н.
Иванов Ж.Р.,ФИТ,доцент,
Лебедев Е.П.,ФИВТ,профессор,к.н.
Кузнецов Ж.Р.,ФФ,,д.н.
Иванов Г.Н.,ФФ,доцент,к.н.
Алексеев Л.О.,ФЭТ,,
Козлов Л.О.,ФФ,профессор,д.н.
Петров М.Ю.,ФФ,,д.н.
Соколов А.А.,ФМиМ,ассистент,к.н.
Соколов Б.В.,ФМиЕН,ассистент,
Попов Е.П.,ФМиЕН,ассистент,д.н.
Соколов Е.П.,ФМиМ,,к.н.
Новиков Ж.Р.,ФРТ,ассистент,д.н.
Морозов Л.О.,ФМиМ,ассистент,к.н.
Соколов З.Т.,ФИТ,профессор,к.н.
Алексеев Д.С.,ФМиМ,доцент,д.н.
Егоров Г.Н.,ФРТ,профессор,д.н.
Иванов Е.П.,ФМиМ,профессор,к.н.
Алексеев Л.О.,ФПМИ,ассистент,
Лебедев Ж.Р.,ФМиЕН,ассистент,
Алексеев А.А.,ФМиМ,ассистент,д.н.
Лебедев В.И.,ФИТ,доцент,д.н.
Сидоров А.А.,ФМиМ,доцент,
Соколов К.М.,ФИВТ,профессор,к.н.
Соколов Ж.Р.,ФИТ,,
Сидоров М.Ю.,ФПМИ,доцент,к.н.
Соколов А.А.,ФРТ,,
Смирнов М.Ю.,ФФ,доцент,к.н.
Алексеев Л.О.,ФМиЕН,профессор,
Новиков К.М.,ИТМО,ассистент,к.н.
Смирнов Г.Н.,ФПМИ,ассистент,к.н.
Соколов Б.В.,ФМиЕН,доцент,
Сидоров Г.Н.,ФРТ,профессор,
Волков Г.Н.,ИТМО,доцент,
Егоров Е.П.,ФМиЕН,профессор,д.н.
Кузнецов Л.О.,ФИВТ,,
Сидоров З.Т.,ФМиМ,профессор,к.н.
Попов К.М.,ФИВТ,,д.н.
Лебедева М.Ю.,ФУПМ,доцент,
Новиков Б.В.,ФМиМ,ассистент,
Соколов Д.С.,ФИВТ,ассистент,к.н.
Смирнов М.Ю.,ФМиМ,доцент,д.н.
Егоров В.И.,ФИТ,,д.н.
Соколов И.К.,ФМиЕН,ассистент,
Алексеев К.М.,ФУПМ,профессор,д.н.
Новиков М.Ю.,ФИТ,профессор,д.н.
Новиков Г.Н.,ФМиМ,,
Морозов Е.П.,ФИВТ,доцент,к.н.
Егоров Ж.Р.,ИТМО,профессор,д.н.
Лебедева К.М.,ФФ,доцент,д.н.
Козлов В.И.,ФИТ,профессор,д.н.
Морозов Ж.Р.,ФМиЕН,,
Морозов И.К.,ФФ,ассистент,к.н.
Волков Ж.Р.,ФЭТ,ассистент,
Соколов Д.С.,ФЭТ,,
Семенов Л.О.,ФЭТ,доцент,к.н.
Лебедев Б.В.,ФИВТ,профессор,
Смирнов Г.Н.,ФУПМ,,к.н.
Кузнецов В.И.,ФМиЕН,доцент,
Лебедев Д.С.,ФМиЕН,ассистент,к.н.
Соколов И.К.,ФФ,доцент,
Лебедева Л.О.,ФИВТ,профессор,
Смирнов В.И.,ФИВТ,профессор,д.н.
Лебедев И.К.,ФМиЕН,ассистент,д.н.
Смирнов А.А.,ФМиЕН,профессор,к.н.
Волков Д.С.,ФИВТ,профессор,к.н.
Иванов А.А.,ФПМИ,профессор,д.н.
Новиков М.Ю.,ФМиЕН,ассистент,к.н.
Петров З.Т.,ФПМИ,ассистент,д.н.
Волков К.М.,ФМиМ,профессор,д.н.
Семенов Г.Н.,ФПМИ,профессор,
Попов В.И.,ФПМИ,ассистент,к.н.
Петров Б.В.,ФПМИ,,к.н.
Соколов Л.О.,ФРТ,ассистент,д.н.
Кузнецов А.А.,ФРТ,ассистент,д.н.
Иванов Г.Н.,ФФ,профессор,к.н.
Морозов А.А.,ФРТ,ассистент,
Соколов В.И.,ФРТ,доцент,к.н.
Петров Г.Н.,ФУПМ,ассистент,д.н.
Алексеев Б.В.,ФМиМ,профессор,
Петров Л.О.,ФФ,,д.н.
Лебедева Б.В.,ФРТ,ассистент,к.н.
Алексеев З.Т.,ФПМИ,ассистент,к.н.
Лебедева В.И.,ФЭТ,профессор,
Семенов Л.О.,ФМиМ,,
Смирнов Е.П.,ФФ,профессор,к.н.
Смирнов Е.П.,ФПМИ,доцент,к.н.
Соколов Е.П.,ФРТ,профессор,
Волков И.К.,ФПМИ,ассистент,к.н.
Смирнов В.И.,ФЭТ,профессор,д.н.
Новиков Л.О.,ИТМО,доцент,
Алексеев Е.П.,ФМиМ,ассистент,д.н.
Соколов З.Т.,ФИВТ,профессор,д.н.
Алексеев М.Ю.,ФМиМ,профессор,д.н.
Волков И.К.,ФИВТ,,д.н.
Лебедева К.М.,ФФ,доцент,д.н.
Попов Е.П.,ФФ,профессор,к.н.
Егоров М.Ю.,ФМиЕН,доцент,
Соколов Д.С.,ФИВТ,профессор,к.н.
Петров А.А.,ФМиМ,доцент,к.н.
Петров К.М.,ФФ,ассистент,
Морозов Ж.Р.,ФРТ,,к.н.
Лебедев Е.П.,ФМиМ,доцент,
Попов В.И.,ИТМО,профессор,
Кузнецов Г.Н.,ФФ,ассистент,д.н.
Иванов З.Т.,ФФ,профессор,к.н.
Лебедева А.А.,ФРТ,доцент,
Петров Ж.Р.,ФФ,доцент,д.н.
Морозов Б.В.,ФМиМ,доцент,
Козлов Л.О.,ФПМИ,профессор,к.н.
Кузнецов Л.О.,ФРТ,доцент,к.н.
Попов А.А.,ФМиЕН,ассистент,д.н.
Соколов И.К.,ФМиЕН,ассистент,
Морозов В.И.,ФМиЕН,профессор,д.н.
Козлов Л.О.,ИТМО,ассистент,
Морозов В.И.,ФУПМ,профессор,д.н.
Иванов Г.Н.,ФФ,ассистент,
Волков Д.С.,ФРТ,профессор,д.н.
Петров М.Ю.,ФФ,,
Смирнов А.А.,ФРТ,доцент,
Алексеев А.А.,ФМиМ,,
Петров А.А.,ФМиМ,ассистент,д.н.
Алексеев Ж.Р.,ФМиМ,ассистент,д.н.
Морозов В.И.,ФРТ,,д.н.
Лебедева В.И.,ФРТ,профессор,д.н.
Волков Л.О.,ФМиЕН,профессор,к.н.
Лебедев К.М.,ФИТ,профессор,д.н.
Новиков М.Ю.,ФПМИ,,
Сидоров Л.О.,ФРТ,профессор,д.н.
Лебедев Ж.Р.,ФМиЕН,профессор,
Алексеев Г.Н.,ФРТ,ассистент,
Сидоров З.Т.,ФПМИ,,
Петров М.Ю.,ФИТ,доцент,
Иванов Б.В.,ФФ,профессор,к.н.
Кузнецов В.И.,ФПМИ,профессор,
Козлов М.Ю.,ФМиМ,ассистент,
Сидоров Б.В.,ИТМО,профессор,к.н.
Лебедев Б.В.,ФИТ,ассистент,
Попов И.К.,ФУПМ,доцент,д.н.
Кузнецов Д.С.,ФИВТ,доцент,к.н.
Попов Е.П.,ИТМО,профессор,д.н.
Козлов И.К.,ФМиМ,ассистент,
Лебедев В.И.,ФПМИ,доцент,
Иванов Л.О.,ФИВТ,профессор,
Морозов Л.О.,ФУПМ,ассистент,к.н.
Смирнов Б.В.,ИТМО,профессор,к.н.
Семенов В.И.,ФПМИ,,
Лебедев Ж.Р.,ФУПМ,профессор,
Новиков А.А.,ФЭТ,,
Соколов Г.Н.,ФУПМ,доцент,д.н.
Попов В.И.,ФПМИ,ассистент,к.н.
Сидоров З.Т.,ФИТ,ассистент,
Алексеев Б.В.,ФМиЕН,,д.н.
Волков З.Т.,ФПМИ,ассистент,д.н.
Кузнецов Л.О.,ФИВТ,доцент,д.н.
Волков Б.В.,ФИТ,ассистент,
Петров А.А.,ФУПМ,,д.н.
Морозов Г.Н.,ИТМО,ассистент,к.н.
Кузнецов А.А.,ФУПМ,,к.н.
Козлов Ж.Р.,ФИВТ,профессор,
Волков Е.П.,ФФ,ассистент,д.н.
Попов Е.П.,ФМиМ,профессор,
Кузнецов Б.В.,ФЭТ,,
Алексеев В.И.,ИТМО,профессор,к.н.
Смирнов И.К.,ФИТ,ассистент,к.н.
Петров З.Т.,ФМиМ,ассистент,
Морозов Б.В.,ФМиМ,профессор,
Егоров В.И.,ИТМО,ассистент,к.н.
Морозов Г.Н.,ФМиЕН,,
Смирнов Л.О.,ФРТ,ассистент,к.н.
Сидоров А.А.,ФИТ,,
Новиков Г.Н.,ФПМИ,профессор,к.н.
Лебедева К.М.,ФМиЕН,,к.н.
Кузнецов Е.П.,ФИТ,доцент,д.н.
Петров Л.О.,ФЭТ,доцент,
Лебедева Б.В.,ФМиМ,,д.н.
Попов Л.О.,ФМиЕН,,
Егоров Е.П.,ФПМИ,профессор,д.н.
Смирнов К.М.,ФИТ,профессор,
Попов Ж.Р.,ФМиМ,доцент,к.н.
Лебедева И.К.,ФИВТ,,
Козлов И.К.,ФПМИ,ассистент,к.н.
Петров Б.В.,ФИТ,доцент,д.н.
Морозов Ж.Р.,ФМиМ,профессор,д.н.
Лебедева И.К.,ИТМО,профессор,
Петров Ж.Р.,ФИТ,доцент,д.н.
Козлов И.К.,ФФ,ассистент,д.н.
Кузнецов Л.О.,ФУПМ,ассистент,д.н.
Морозов Л.О.,ФМиМ,ассистент,д.н.
Попов Б.В.,ИТМО,доцент,д.н.
Лебедева В.И.,ФФ,,д.н.
Новиков Л.О.,ФФ,,
Кузнецов Г.Н.,ФМиМ,,к.н.
Козлов В.И.,ФУПМ,ассистент,к.н.
Петров Г.Н.,ФИВТ,,д.н.
Кузнецов Г.Н.,ФМиМ,,д.н.
Егоров М.Ю.,ФИТ,,к.н.
Козлов Б.В.,ФМиЕН,доцент,к.н.
Волков М.Ю.,ФФ,доцент,к.н.
Алексеев В.И.,ФМиМ,ассистент,д.н.
Морозов Б.В.,ФИВТ,доцент,
Егоров Б.В.,ФУПМ,доцент,д.н.
Смирнов З.Т.,ФМиМ,ассистент,
Смирнов Ж.Р.,ФФ,,д.н.
Козлов Г.Н.,ФИВТ,доцент,
Козлов Ж.Р.,ФИТ,доцент,д.н.
Егоров Ж.Р.,ИТМО,ассистент,д.н.
Морозов Д.С.,ФИВТ,доцент,д.н.
Петров Л.О.,ФПМИ,,к.н.
Попов Л.О.,ФЭТ,доцент,к.н.
Алексеев З.Т.,ФФ,,к.н.
Козлов Д.С.,ФФ,профессор,
Петров И.К.,ФРТ,доцент,
Сидоров Д.С.,ФИТ,,
Алексеев И.К.,ФМиМ,ассистент,д.н.
Егоров З.Т.,ФИТ,доцент,д.н.
Лебедева Ж.Р.,ФФ,,к.н.
Волков Б.В.,ФЭТ,доцент,
Лебедева З.Т.,ФПМИ,,к.н.
Лебедева Б.В.,ФФ,,
Лебедева З.Т.,ФПМИ,доцент,
Семенов А.А.,ФМиМ,ассистент,к.н.
Петров А.А.,ФИВТ,профессор,к.н.
Семенов Б.В.,ФМиМ,,д.н.
Алексеев К.М.,ФМиЕН,ассистент,
Лебедева Б.В.,ФМиМ,,д.н.
Смирнов Л.О.,ФРТ,доцент,
Лебедева А.А.,ФРТ,ассистент,к.н.
Попов Б.В.,ФИВТ,профессор,
Лебедев Ж.Р.,ФПМИ,доцент,к.н.
Лебедева Д.С.,ИТМО,профессор,
Лебедева Ж.Р.,ФФ,доцент,д.н.
Лебедев З.Т.,ИТМО,доцент,д.н.
Иванов Б.В.,ФМиМ,профессор,к.н.
Петров К.М.,ФЭТ,доцент,д.н.
Сидоров Б.В.,ФРТ,,д.н.
Волков И.К.,ФЭТ,ассистент,д.н.
Новиков Л.О.,ФЭТ,профессор,д.н.
Семенов Г.Н.,ФИТ,доцент,д.н.
Морозов З.Т.,ФМиМ,доцент,д.н.
Козлов З.Т.,ФМиМ,профессор,к.н.
Смирнов Л.О.,ИТМО,профессор,д.н.
Иванов И.К.,ИТМО,профессор,
Волков Б.В.,ФМиМ,профессор,к.н.
Петров Л.О.,ИТМО,доцент,д.н.
Семенов А.А.,ФМиМ,доцент,д.н.
Лебедев И.К.,ИТМО,доцент,д.н.
Морозов К.М.,ФРТ,доцент,к.н.
Соколов В.И.,ФФ,,д.н.
Алексеев М.Ю.,ФРТ,профессор,д.н.
Волков Ж.Р.,ФПМИ,ассистент,к.н.
Лебедев К.М.,ФМиЕН,доцент,к.н.
Соколов З.Т.,ФИТ,профессор,к.н.
Егоров Д.С.,ФИВТ,,к.н.
Егоров А.А.,ФМиЕН,доцент,д.н.
Лебедева А.А.,ФЭТ,,к.н.
Попов Л.О.,ИТМО,ассистент,д.н.
Иванов Г.Н.,ФПМИ,,
Семенов Л.О.,ФПМИ,,
Петров Л.О.,ФМиМ,ассистент,
Попов Е.П.,ФИВТ,доцент,к.н.
Петров Б.В.,ИТМО,доцент,д.н.
Морозов И.К.,ФРТ,профессор,к.н.
Алексеев Б.В.,ФМиМ,профессор,к.н.
Егоров А.А.,ФИВТ,профессор,д.н.
Кузнецов Д.С.,ФЭТ,доцент,к.н.
Егоров В.И.,ФУПМ,профессор,д.н.
Соколов М.Ю.,ФМиЕН,доцент,к.н.
Волков Г.Н.,ФИВТ,профессор,
Смирнов Б.В.,ФПМИ,профессор,
Иванов И.К.,ФФ,доцент,к.н.
Сидоров Б.В.,ФИТ,ассистент,д.н.
Петров Ж.Р.,ФМиМ,ассистент,к.н.
Сидоров В.И.,ФМиМ,ассистент,д.н.
Морозов К.М.,ФМиЕН,,д.н.
Козлов М.Ю.,ФРТ,,
Морозов В.И.,ИТМО,доцент,к.н.
Новиков З.Т.,ФУПМ,доцент,к.н.
Волков А.А.,ФЭТ,доцент,д.н.
Егоров В.И.,ФМиЕН,доцент,
Алексеев З.Т.,ФУПМ,профессор,д.н.
Смирнов В.И.,ФИВТ,ассистент,к.н.
Попов Д.С.,ФИТ,ассистент,
Попов Ж.Р.,ФПМИ,,
Семенов Б.В.,ФИТ,профессор,
Морозов А.А.,ФРТ,,д.н.
Алексеев Б.В.,ФИВТ,ассистент,
Новиков Ж.Р.,ИТМО,ассистент,д.н.
Лебедев К.М.,ФМиМ,ассистент,д.н.
Соколов И.К.,ФЭТ,ассистент,
Лебедев В.И.,ФЭТ,профессор,д.н.
Иванов М.Ю.,ФМиМ,ассистент,д.н.
Попов Г.Н.,ФРТ,,
Егоров Е.П.,ФФ,,
Иванов З.Т.,ИТМО,,д.н.
Сидоров Ж.Р.,ФИТ,ассистент,
Семенов М.Ю.,ФИТ,,к.н.
Морозов В.И.,ИТМО,профессор,
Алексеев Б.В.,ФЭТ,профессор,д.н.
Волков Д.С.,ФМиМ,профессор,д.н.
Смирнов Б.В.,ФИВТ,ассистент,к.н.
Волков Ж.Р.,ФУПМ,профессор,д.н.
Кузнецов М.Ю.,ФФ,ассистент,д.н.
Семенов Ж.Р.,ФИВТ,профессор,д.н.
Новиков Е.П.,ФЭТ,,к.н.
Морозов Б.В.,ФМиМ,профессор,к.н.
Кузнецов Г.Н.,ФМиЕН,профессор,д.н.
Петров Л.О.,ФПМИ,доцент,к.н.
Лебедев Е.П.,ФМиЕН,профессор,
Сидоров В.И.,ИТМО,доцент,к.н.
Смирнов К.М.,ФПМИ,доцент,
Волков В.И.,ИТМО,профессор,д.н.
Семенов Е.П.,ФУПМ,,
Соколов Г.Н.,ФПМИ,,
Лебедев И.К.,ФУПМ,доцент,д.н.
Лебедев М.Ю.,ФПМИ,профессор,
Сидоров В.И.,ФМиМ,ассистент,д.н.
Морозов Л.О.,ФИВТ,ассистент,к.н.
Козлов А.А.,ФПМИ,,д.н.
Сидоров З.Т.,ФМиЕН,ассистент,
Соколов К.М.,ФУПМ,профессор,к.н.
Алексеев Д.С.,ИТМО,доцент,
Егоров К.М.,ФПМИ,ассистент,к.н.
Кузнецов Г.Н.,ФМиМ,профессор,д.н.
Смирнов М.Ю.,ФИТ,доцент,д.н.
Кузнецов Л.О.,ФЭТ,доцент,
Егоров И.К.,ФФ,профессор,д.н.
Козлов В.И.,ФИТ,профессор,д.н.
Лебедев Ж.Р.,ФИВТ,доцент,д.н.
Новиков Л.О.,ФУПМ,доцент,к.н.
Соколов Л.О.,ФПМИ,,д.н.
Новиков З.Т.,ИТМО,ассистент,
Волков Ж.Р.,ФЭТ,доцент,к.н.
Волков Г.Н.,ФИТ,доцент,к.н.
Иванов Б.В.,ФУПМ,профессор,к.н.
Попов К.М.,ИТМО,доцент,
Лебедев И.К.,ФФ,,
Иванов Л.О.,ФМиМ,ассистент,д.н.
Новиков Г.Н.,ИТМО,,д.н.
Сидоров Е.П.,ИТМО,ассистент,
Смирнов Б.В.,ФПМИ,профессор,д.н.
Морозов Г.Н.,ФМиЕН,доцент,к.н.
Смирнов Ж.Р.,ФФ,доцент,к.н.
Морозов М.Ю.,ФФ,ассистент,д.н.
Соколов А.А.,ИТМО,,
Соколов М.Ю.,ИТМО,ассистент,д.н.
Смирнов Г.Н.,ФРТ,,к.н.
Козлов М.Ю.,ФФ,,д.н.
Лебедева Е.П.,ФИВТ,доцент,к.н.
Семенов Л.О.,ФИТ,доцент,
Волков Л.О.,ИТМО,ассистент,к.н.
Соколов К.М.,ФМиЕН,профессор,
Алексеев Е.П.,ФМиМ,,д.н.
Сидоров Ж.Р.,ФМиМ,ассистент,к.н.
Козлов Л.О.,ФФ,доцент,к.н.
Петров З.Т.,ФЭТ,доцент,д.н.
Морозов Г.Н.,ФПМИ,доцент,д.н.
Иванов В.И.,ФФ,профессор,
Соколов В.И.,ФИТ,ассистент,д.н.
Кузнецов Е.П.,ФМиМ,,к.н.
Смирнов Л.О.,ФИТ,доцент,д.н.
Иванов Б.В.,ФЭТ,,д.н.
Смирнов Д.С.,ФИВТ,профессор,д.н.
Попов Л.О.,ФМиМ,доцент,к.н.
Соколов Ж.Р.,ФПМИ,доцент,к.н.
Морозов Д.С.,ФЭТ,профессор,к.н.
Кузнецов М.Ю.,ФФ,профессор,д.н.
Попов Г.Н.,ФПМИ,ассистент,к.н.
Семенов К.М.,ФЭТ,,к.н.
Лебедева В.И.,ФФ,профессор,к.н.
Лебедев З.Т.,ФПМИ,,
Козлов А.А.,ФМиМ,,к.н.
Смирнов Е.П.,ИТМО,доцент,
Новиков И.К.,ФИТ,,к.н.
Соколов М.Ю.,ФМиМ,ассистент,к.н.
Козлов Е.П.,ФИВТ,профессор,к.н.
Алексеев Б.В.,ФПМИ,профессор,д.н.
Лебедев Л.О.,ФФ,профессор,
Лебедева И.К.,ФФ,ассистент,к.н.
Лебедева Е.П.,ФЭТ,профессор,
Семенов Ж.Р.,ФИТ,профессор,к.н.
Козлов М.Ю.,ФПМИ,,
Попов Л.О.,ФРТ,доцент,д.н.
Кузнецов И.К.,ФПМИ,,к.н.
Козлов З.Т.,ФЭТ,профессор,
Волков Л.О.,ФФ,профессор,
Попов З.Т.,ФМиМ,профессор,к.н.
Лебедев Б.В.,ФФ,профессор,
Алексеев Д.С.,ФУПМ,,
Иванов Д.С.,ФИВТ,профессор,к.н.
Морозов Л.О.,ФМиЕН,ассистент,к.н.
Соколов Г.Н.,ФПМИ,ассистент,к.н.
Алексеев З.Т.,ФФ,профессор,к.н.
Козлов М.Ю.,ФРТ,ассистент,
Лебедева А.А.,ФМиМ,,к.н.
Иванов Ж.Р.,ИТМО,,
Семенов А.А.,ФИТ,профессор,д.н.
Сидоров К.М.,ФИВТ,ассистент,к.н.
Кузнецов Е.П.,ФМиМ,,к.н.
Петров З.Т.,ФИВТ,профессор,
Попов Г.Н.,ФРТ,,
Волков Б.В.,ФЭТ,профессор,
Козлов И.К.,ФПМИ,доцент,
Сидоров А.А.,ФЭТ,,к.н.
Волков Л.О.,ФИТ,ассистент,
Кузнецов К.М.,ФУПМ,,к.н.
Соколов М.Ю.,ФПМИ,доцент,
Егоров И.К.,ФЭТ,доцент,
Смирнов Б.В.,ФМиЕН,профессор,к.н.
Морозов В.И.,ФФ,профессор,
Соколов Д.С.,ФПМИ,ассистент,к.н.
Кузнецов Л.О.,ИТМО,профессор,д.н.
Морозов А.А.,ФПМИ,ассистент,
Новиков З.Т.,ФЭТ,профессор,к.н.
Козлов А.А.,ИТМО,,
Егоров В.И.,ФМиЕН,профессор,
Новиков А.А.,ФРТ,ассистент,д.н.
Семенов Д.С.,ФИТ,ассистент,
Морозов М.Ю.,ФИВТ,ассистент,к.н.
Соколов К.М.,ФРТ,доцент,
Новиков Д.С.,ФМиЕН,доцент,
Лебедева И.К.,ФЭТ,доцент,к.н.
Козлов И.К.,ФМиМ,профессор,к.н.
Смирнов Ж.Р.,ФФ,доцент,к.н.
Соколов Е.П.,ФФ,ассистент,к.н.
Козлов З.Т.,ИТМО,ассистент,
Козлов Г.Н.,ФУПМ,доцент,
Козлов З.Т.,ФИТ,доцент,
Семенов З.Т.,ФФ,,д.н.
Петров В.И.,ФМиЕН,ассистент,
Попов Е.П.,ФИТ,ассистент,
Соколов Б.В.,ФИТ,ассистент,к.н.
Петров Д.С.,ФМиЕН,ассистент,к.н.
Соколов Е.П.,ФПМИ,ассистент,к.н.
Иванов Л.О.,ФИВТ,профессор,д.н.
Козлов И.К.,ФИТ,доцент,к.н.
Попов Г.Н.,ИТМО,профессор,
Морозов И.К.,ФИТ,доцент,
Петров Ж.Р.,ФФ,доцент,д.н.
Алексеев Г.Н.,ФМиМ,ассистент,д.н.
Лебедев А.А.,ФМиЕН,профессор,
Егоров В.И.,ФМиЕН,профессор,
Лебедева И.К.,ФПМИ,доцент,к.н.
Козлов М.Ю.,ФИВТ,профессор,
Попов К.М.,ФПМИ,профессор,д.н.
Иванов А.А.,ФИВТ,,к.н.
Алексеев Д.С.,ФРТ,профессор,д.н.
Семенов Е.П.,ФРТ,,к.н.
Новиков Д.С.,ФЭТ,,к.н.
Кузнецов И.К.,ИТМО,ассистент,д.н.
Петров А.А.,ФПМИ,ассистент,
Алексеев В.И.,ФУПМ,доцент,д.н.
Кузнецов Ж.Р.,ФИВТ,,к.н.
Семенов И.К.,ФЭТ,ассистент,д.н.
Кузнецов Л.О.,ФРТ,доцент,
Соколов И.К.,ИТМО,,
Егоров Д.С.,ФРТ,ассистент,к.н.
Лебедева Ж.Р.,ФИВТ,ассистент,к.н.
Егоров Г.Н.,ФФ,доцент,д.н.
Сидоров З.Т.,ФЭТ,,к.н.
Морозов Л.О.,ФМиЕН,профессор,
Морозов Б.В.,ФФ,,к.н.
Алексеев Б.В.,ФМиМ,ассистент,
Смирнов Ж.Р.,ФРТ,профессор,к.н.
Морозов Л.О.,ФУПМ,ассистент,
Новиков Ж.Р.,ФИВТ,профессор,д.н.
Новиков К.М.,ФИВТ,,к.н.
Лебедева И.К.,ФПМИ,профессор,д.н.
Волков Б.В.,ФПМИ,ассистент,
Смирнов Ж.Р.,ИТМО,ассистент,д.н.
Алексеев Л.О.,ФИВТ,профессор,д.н.
Козлов Ж.Р.,ФИТ,профессор,к.н.
Лебедев А.А.,ФИТ,ассистент,д.н.
Семенов К.М.,ФУПМ,,к.н.
Петров Б.В.,ФИТ,,д.н.
Иванов Е.П.,ФМиЕН,ассистент,д.н.
Смирнов К.М.,ФМиЕН,ассистент,д.н.
Лебедев А.А.,ФМиМ,,к.н.
Волков Ж.Р.,ФИВТ,доцент,
Семенов Л.О.,ИТМО,ассистент,д.н.
Сидоров В.И.,ФИТ,доцент,
Новиков Г.Н.,ФФ,доцент,к.н.
Новиков З.Т.,ФПМИ,профессор,д.н.
Кузнецов В.И.,ФМиЕН,доцент,д.н.
Алексеев Г.Н.,ФМиЕН,ассистент,
Кузнецов Ж.Р.,ФФ,доцент,
Волков Л.О.,ФФ,ассистент,
Лебедев Б.В.,ФМиЕН,,
Иванов Б.В.,ФМиМ,доцент,к.н.
Морозов Д.С.,ФИВТ,доцент,
Алексеев З.Т.,ФПМИ,доцент,д.н.
Лебедева Л.О.,ФИВТ,профессор,к.н.
Новиков В.И.,ФМиЕН,,д.н.
Козлов А.А.,ФУПМ,доцент,д.н.
Морозов В.И.,ФИТ,ассистент,
Иванов Л.О.,ИТМО,ассистент,
Егоров Ж.Р.,ФМиЕН,доцент,к.н.
Попов А.А.,ИТМО,ассистент,д.н.
Егоров И.К.,ФМиМ,профессор,к.н.
Егоров А.А.,ФФ,,д.н.
Сидоров К.М.,ФФ,профессор,
Лебедев З.Т.,ФИТ,доцент,
Семенов Б.В.,ФФ,доцент,
Кузнецов А.А.,ФМиМ,,д.н.
Козлов Е.П.,ФИВТ,профессор,д.н.
Волков Е.П.,ФРТ,профессор,д.н.
Лебедев Л.О.,ФИТ,,к.н.
Попов К.М.,ИТМО,доцент,
Морозов З.Т.,ФЭТ,доцент,д.н.
Лебедев И.К.,ФМиМ,ассистент,к.н.
Соколов З.Т.,ФМиМ,профессор,д.н.
Попов М.Ю.,ФМиМ,,д.н.
Лебедев М.Ю.,ФИВТ,доцент,
Кузнецов И.К.,ФЭТ,профессор,
Козлов В.И.,ФФ,ассистент,
Козлов Б.В.,ФМиМ,,д.н.
Попов И.К.,ФФ,доцент,к.н.
Кузнецов Б.В.,ФИВТ,,д.н.
Семенов К.М.,ФУПМ,доцент,
Сидоров А.А.,ФЭТ,ассистент,к.н.
Егоров З.Т.,ФФ,доцент,д.н.
Волков Д.С.,ФУПМ,,к.н.
Лебедев З.Т.,ФМиМ,,к.н.
Кузнецов А.А.,ФПМИ,,д.н.
Кузнецов Б.В.,ФФ,ассистент,
Козлов А.А.,ФИТ,профессор,к.н.
Новиков Ж.Р.,ФИТ,,д.н.
Козлов В.И.,ФРТ,профессор,д.н.
Кузнецов Л.О.,ФФ,профессор,к.н.
Иванов Ж.Р.,ФУПМ,профессор,к.н.
Попов М.Ю.,ФПМИ,профессор,к.н.
Кузнецов Е.П.,ФРТ,,д.н.
Петров М.Ю.,ФИТ,,д.н.
Петров К.М.,ФПМИ,доцент,д.н.
Сидоров Л.О.,ФПМИ,,к.н.
Алексеев В.И.,ФМиЕН,ассистент,
Лебедева Е.П.,ФФ,,д.н.
Соколов Г.Н.,ФМиМ,доцент,
Егоров А.А.,ФМиЕН,ассистент,
Алексеев И.К.,ФФ,доцент,
Соколов Л.О.,ФПМИ,ассистент,д.н.
Семенов А.А.,ФИТ,,д.н.
Петров Л.О.,ФИВТ,ассистент,
Лебедев К.М.,ФИВТ,доцент,к.н.
Алексеев В.И.,ФМиМ,профессор,
Лебедев Д.С.,ФИТ,,к.н.
Лебедев А.А.,ФФ,ассистент,к.н.
Козлов Ж.Р.,ФМиЕН,доцент,к.н.
Иванов Е.П.,ФИВТ,профессор,к.н.
Соколов З.Т.,ФФ,ассистент,к.н.
Лебедев Л.О.,ФЭТ,,д.н.
Семенов Е.П.,ИТМО,,
Кузнецов Д.С.,ФИТ,ассистент,к.н.
Морозов И.К.,ФУПМ,доцент,
Сидоров Е.П.,ФПМИ,ассистент,д.н.
Соколов Д.С.,ФИВТ,ассистент,д.н.
Морозов М.Ю.,ФИВТ,ассистент,д.н.
Кузнецов В.И.,ФПМИ,,д.н.
Лебедева З.Т.,ИТМО,профессор,д.н.
Кузнецов Л.О.,ФУПМ,,д.н.
Семенов Б.В.,ФИВТ,,д.н.
Семенов В.И.,ФМиМ,,д.н.
Алексеев Г.Н.,ФРТ,,д.н.
Козлов Ж.Р.,ФМиЕН,доцент,к.н.
Егоров К.М.,ФРТ,,д.н.
Новиков В.И.,ФИТ,,д.н.
Семенов В.И.,ФМиМ,профессор,
Алексеев З.Т.,ФУПМ,доцент,к.н.
Смирнов Д.С.,ИТМО,доцент,к.н.
Козлов Л.О.,ФМиМ,профессор,д.н.
Иванов Е.П.,ФМиМ,профессор,к.н.
Лебедев В.И.,ФМиЕН,доцент,д.н.
Сидоров А.А.,ФЭТ,профессор,
Семенов Д.С.,ИТМО,ассистент,д.н.
Козлов Д.С.,ФУПМ,,д.н.
Смирнов Ж.Р.,ФУПМ,доцент,к.н.
Лебедева Д.С.,ФЭТ,доцент,д.н.
Иванов Б.В.,ФПМИ,профессор,д.н.
Попов А.А.,ФЭТ,доцент,
Козлов Б.В.,ФИВТ,доцент,к.н.
Попов З.Т.,ФЭТ,ассистент,д.н.
Лебедева Е.П.,ФФ,доцент,к.н.
Иванов Е.П.,ФМиМ,профессор,
Иванов И.К.,ФФ,профессор,
Козлов В.И.,ФИВТ,ассистент,к.н.
Новиков Л.О.,ФУПМ,профессор,
Сидоров З.Т.,ФМиМ,,д.н.
Волков Ж.Р.,ФУПМ,,д.н.
Семенов Б.В.,ФИТ,доцент,д.н.
Петров Д.С.,ФФ,ассистент,д.н.
Иванов Б.В.,ФИТ,,
Иванов Г.Н.,ФМиЕН,доцент,
Волков А.А.,ФМиМ,профессор,к.н.
Смирнов И.К.,ФПМИ,профессор,д.н.
Петров Д.С.,ИТМО,,к.н.
Сидоров М.Ю.,ФЭТ,ассистент,к.н.
Попов Д.С.,ИТМО,ассистент,д.н.
Иванов Д.С.,ФИВТ,ассистент,к.н.
Сидоров З.Т.,ИТМО,профессор,
Лебедев М.Ю.,ФМиМ,доцент,д.н.
Волков И.К.,ИТМО,,
Петров Ж.Р.,ФУПМ,,к.н.
Волков Е.П.,ИТМО,,
Кузнецов З.Т.,ФМиЕН,ассистент,д.н.
Иванов В.И.,ФУПМ,ассистент,к.н.
Егоров К.М.,ИТМО,,
Морозов В.И.,ФЭТ,профессор,д.н.
Соколов М.Ю.,ФМиЕН,доцент,
Попов М.Ю.,ФЭТ,доцент,
Смирнов Г.Н.,ФЭТ,доцент,д.н.
Лебедев Г.Н.,ФИТ,ассистент,
Козлов Д.С.,ФРТ,ассистент,д.н.
Сидоров З.Т.,ФМиЕН,ассистент,к.н.
Алексеев Ж.Р.,ФИВТ,,д.н.
Егоров В.И.,ФЭТ,доцент,д.н.
Морозов И.К.,ИТМО,доцент,к.н.
Попов Ж.Р.,ФФ,,д.н.
Соколов Г.Н.,ФИВТ,профессор,д.н.
Алексеев Д.С.,ФПМИ,доцент,к.н.
Лебедев Л.О.,ФФ,доцент,д.н.
Егоров И.К.,ФИТ,,д.н.
Иванов Б.В.,ФИТ,ассистент,д.н.
Козлов И.К.,ФМиМ,ассистент,к.н.
Соколов Д.С.,ФПМИ,профессор,к.н.
Морозов З.Т.,ФПМИ,ассистент,
Попов Б.В.,ИТМО,,к.н.
Смирнов Е.П.,ФПМИ,доцент,д.н.
Иванов Л.О.,ФИТ,,
Лебедев Б.В.,ФИВТ,профессор,к.н.
Алексеев З.Т.,ФПМИ,ассистент,к.н.
Соколов Е.П.,ФПМИ,профессор,
Соколов Л.О.,ФИТ,ассистент,д.н.
Алексеев Б.В.,ФУПМ,профессор,
Козлов Ж.Р.,ФРТ,доцент,д.н.
Алексеев Г.Н.,ФУПМ,,д.н.
Петров М.Ю.,ФИТ,ассистент,к.н.
Петров Д.С.,ФУПМ,,
Егоров А.А.,ФИВТ,профессор,к.н.
Попов Г.Н.,ФЭТ,доцент,к.н.
Иванов Е.П.,ФИВТ,,д.н.
Смирнов А.А.,ФИВТ,,д.н.
Попов Е.П.,ФРТ,ассистент,
Сидоров К.М.,ИТМО,доцент,
Кузнецов И.К.,ФУПМ,доцент,к.н.
Петров И.К.,ФПМИ,ассистент,к.н.
Иванов И.К.,ФПМИ,ассистент,
Алексеев Б.В.,ФМиЕН,ассистент,к.н.
Попов А.А.,ФЭТ,ассистент,д.н.
Козлов Д.С.,ФФ,ассистент,к.н.
Попов Ж.Р.,ФУПМ,профессор,
Семенов К.М.,ФИТ,ассистент,к.н.
Егоров М.Ю.,ФФ,доцент,
Петров З.Т.,ФИВТ,,
Новиков Ж.Р.,ФРТ,доцент,
Смирнов И.К.,ФИТ,,
Егоров Л.О.,ФИВТ,профессор,
Смирнов И.К.,ФПМИ,,к.н.
Семенов А.А.,ФФ,доцент,к.н.
Морозов Ж.Р.,ИТМО,ассистент,
Сидоров З.Т.,ФЭТ,профессор,
Морозов М.Ю.,ФПМИ,,к.н.
Петров А.А.,ИТМО,профессор,д.н.
Соколов К.М.,ФУПМ,профессор,
Новиков Б.В.,ФИВТ,ассистент,
Козлов Л.О.,ФПМИ,ассистент,
Сидоров Л.О.,ФУПМ,профессор,д.н.
Иванов И.К.,ФИТ,доцент,
Лебедев Д.С.,ФМиЕН,доцент,д.н.
Попов И.К.,ФЭТ,ассистент,д.н.
Соколов А.А.,ФРТ,профессор,к.н.
Сидоров Г.Н.,ФПМИ,ассистент,к.н.
Алексеев Г.Н.,ФФ,профессор,д.н.
Морозов М.Ю.,ФИВТ,,к.н.
Волков М.Ю.,ФФ,,к.н.
Новиков К.М.,ИТМО,ассистент,к.н.
Новиков М.Ю.,ИТМО,,д.н.
Новиков З.Т.,ФЭТ,доцент,
Новиков Д.С.,ФЭТ,ассистент,д.н.
Семенов З.Т.,ФМиМ,,д.н.
Соколов М.Ю.,ФИВТ,,
Лебедева Д.С.,ФПМИ,профессор,д.н.
Егоров Б.В.,ФИТ,,д.н.
Новиков Б.В.,ФПМИ,,к.н.
Козлов Б.В.,ФУПМ,доцент,к.н.
Егоров И.К.,ФРТ,ассистент,к.н.
Волков Л.О.,ФМиМ,ассистент,д.н.
Козлов К.М.,ФМиЕН,доцент,
Новиков А.А.,ФРТ,ассистент,к.н.
Сидоров В.И.,ФИВТ,ассистент,к.н.
Соколов К.М.,ФИВТ,ассистент,к.н.
Козлов И.К.,ФУПМ,профессор,
Семенов З.Т.,ФРТ,доцент,
Лебедев Е.П.,ФУПМ,,д.н.
Козлов З.Т.,ФЭТ,ассистент,д.н.
Соколов Г.Н.,ФУПМ,профессор,
Волков З.Т.,ФЭТ,,к.н.
Лебедева К.М.,ФУПМ,,к.н.
Соколов М.Ю.,ФЭТ,,
Кузнецов Д.С.,ФИТ,,к.н.
Иванов Л.О.,ФИТ,доцент,
Егоров М.Ю.,ФПМИ,ассистент,
Волков А.А.,ФЭТ,,к.н.
Егоров Л.О.,ФРТ,доцент,
Сидоров А.А.,ФМиМ,,д.н.
Петров К.М.,ФИТ,ассистент,д.н.
Смирнов Д.С.,ФМиМ,ассистент,к.н.
Семенов З.Т.,ФПМИ,,
Новиков Е.П.,ФМиЕН,доцент,
Козлов З.Т.,ФПМИ,ассистент,
Морозов Б.В.,ФМиЕН,доцент,д.н.
Попов Б.В.,ФМиМ,доцент,
Лебедев М.Ю.,ИТМО,ассистент,д.н.
Петров Д.С.,ФПМИ,,
Сидоров Б.В.,ФИВТ,,к.н.
Волков Е.П.,ФУПМ,доцент,д.н.
Лебедев А.А.,ФУПМ,доцент,д.н.
Лебедев Б.В.,ФИВТ,,к.н.
Смирнов К.М.,ФУПМ,ассистент,д.н.
Кузнецов И.К.,ФРТ,,д.н.
Петров М.Ю.,ФЭТ,доцент,к.н.
Лебедев М.Ю.,ФИТ,,к.н.
Иванов Г.Н.,ФМиМ,,к.н.
Семенов Б.В.,ФИВТ,профессор,д.н.
Иванов К.М.,ФИТ,профессор,
Петров Г.Н.,ФИТ,ассистент,
Козлов Л.О.,ФФ,профессор,д.н.
Петров А.А.,ФУПМ,профессор,д.н.
Смирнов Л.О.,ФРТ,ассистент,д.н.
Лебедева Б.В.,ФМиМ,профессор,д.н.
Новиков М.Ю.,ФПМИ,доцент,к.н.
Алексеев А.А.,ФМиМ,,
Семенов Е.П.,ФИТ,доцент,
Лебедева З.Т.,ФИТ,,к.н.
Егоров Л.О.,ФПМИ,ассистент,
Смирнов В.И.,ФЭТ,доцент,к.н.
Смирнов К.М.,ФИВТ,ассистент,к.н.
Кузнецов Д.С.,ФИВТ,,
Петров И.К.,ФУПМ,,д.н.
Козлов Г.Н.,ФФ,доцент,
Иванов Д.С.,ФУПМ,,
Иванов Г.Н.,ФЭТ,ассистент,к.н.
Смирнов К.М.,ФУПМ,доцент,к.н.
Сидоров И.К.,ФИВТ,доцент,к.н.
Лебедева К.М.,ФИВТ,профессор,к.н.
Егоров Ж.Р.,ФМиМ,доцент,к.н.
Смирнов Г.Н.,ФРТ,доцент,д.н.
Лебедев К.М.,ИТМО,ассистент,д.н.
Петров Л.О.,ФИТ,,д.н.
Семенов Г.Н.,ФФ,ассистент,
Морозов Ж.Р.,ФЭТ,ассистент,
Козлов Г.Н.,ИТМО,профессор,
Сидоров Д.С.,ИТМО,ассистент,
Козлов З.Т.,ФИВТ,,д.н.
Иванов В.И.,ФФ,доцент,к.н.
Семенов Д.С.,ФИВТ,профессор,к.н.
Лебедева М.Ю.,ФЭТ,профессор,к.н.
Соколов В.И.,ФУПМ,ассистент,к.н.
Семенов И.К.,ФИТ,ассистент,к.н.
Егоров В.И.,ФЭТ,профессор,д.н.
Петров Ж.Р.,ИТМО,ассистент,к.н.
Козлов Б.В.,ФПМИ,ассистент,
Новиков А.А.,ФЭТ,ассистент,д.н.
Волков Е.П.,ФФ,ассистент,д.н.
Морозов И.К.,ФФ,ассистент,д.н.
Егоров Б.В.,ФИВТ,профессор,д.н.
Лебедев Л.О.,ФУПМ,ассистент,к.н.
Егоров Б.В.,ФУПМ,доцент,д.н.
Иванов Л.О.,ФУПМ,ассистент,д.н.
Егоров Г.Н.,ФЭТ,доцент,д.н.
Алексеев И.К.,ФМиМ,доцент,д.н.
Сидоров И.К.,ФУПМ,ассистент,
Новиков А.А.,ФПМИ,доцент,к.н.
Козлов И.К.,ФИВТ,профессор,
Алексеев Е.П.,ФИВТ,,к.н.
Семенов З.Т.,ФФ,профессор,д.н.
Лебедева Б.В.,ФИВТ,,д.н.
Семенов Д.С.,ФМиЕН,профессор,к.н.
Семенов И.К.,ИТМО,,
Попов З.Т.,ФРТ,ассистент,к.н.
Соколов Л.О.,ФЭТ,,д.н.
Лебедев З.Т.,ФПМИ,,к.н.
Новиков Г.Н.,ИТМО,доцент,к.н.
Лебедев Е.П.,ФИВТ,ассистент,
Кузнецов Е.П.,ФЭТ,профессор,к.н.
Иванов Г.Н.,ФЭТ,профессор,д.н.
Лебедев Г.Н.,ФМиМ,профессор,д.н.
Козлов Б.В.,ФУПМ,доцент,д.н.
Петров З.Т.,ФМиМ,ассистент,к.н.
Лебедев Г.Н.,ФИВТ,доцент,
Егоров А.А.,ФМиЕН,,
Сидоров И.К.,ФИВТ,профессор,д.н.
Попов Д.С.,ФРТ,ассистент,
Смирнов Л.О.,ФМиЕН,доцент,к.н.
Лебедев Б.В.,ФИВТ,ассистент,к.н.
Лебедева В.И.,ФУПМ,,к.н.
Сидоров Б.В.,ФИТ,доцент,
Новиков З.Т.,ФУПМ,доцент,к.н.
Соколов Б.В.,ФРТ,профессор,к.н.
Соколов В.И.,ФПМИ,профессор,к.н.
Сидоров Д.С.,ФМиЕН,ассистент,к.н.
Сидоров З.Т.,ФМиМ,,д.н.
Морозов Л.О.,ФПМИ,доцент,
Иванов И.К.,ФРТ,,
Морозов Ж.Р.,ФПМИ,ассистент,д.н.
Кузнецов А.А.,ФИВТ,,д.н.
Смирнов Г.Н.,ФУПМ,ассистент,к.н.
Новиков В.И.,ИТМО,доцент,д.н.
Алексеев А.А.,ФИТ,доцент,д.н.
Алексеев М.Ю.,ФРТ,,д.н.
Морозов Б.В.,ФЭТ,доцент,д.н.
Лебедев З.Т.,ФПМИ,,к.н.
Морозов Л.О.,ИТМО,,к.н.
Иванов М.Ю.,ФУПМ,профессор,к.н.
Сидоров Б.В.,ФФ,доцент,
Егоров М.Ю.,ФМиМ,профессор,к.н.
Алексеев Л.О.,ФПМИ,доцент,к.н.
Лебедева Г.Н.,ИТМО,доцент,д.н.
Морозов К.М.,ИТМО,,к.н.
Петров Е.П.,ФМиЕН,,
Егоров З.Т.,ФФ,ассистент,д.н.
Соколов А.А.,ФПМИ,профессор,
Лебедев К.М.,ФМиЕН,ассистент,
Сидоров Б.В.,ФУПМ,,д.н.
Новиков В.И.,ФИВТ,доцент,
Алексеев Д.С.,ФМиМ,профессор,
Волков М.Ю.,ФМиМ,,
Сидоров Б.В.,ФПМИ,профессор,к.н.
Семенов И.К.,ФУПМ,профессор,д.н.
Новиков З.Т.,ФМиЕН,профессор,
Новиков З.Т.,ФЭТ,ассистент,д.н.
Лебедев Д.С.,ФФ,профессор,к.н.
Семенов Л.О.,ФМиМ,доцент,д.н.
Волков И.К.,ФФ,доцент,
Петров К.М.,ФПМИ,доцент,к.н.
Кузнецов Л.О.,ФПМИ,,д.н.
Новиков А.А.,ФУПМ,доцент,
Морозов К.М.,ФИТ,доцент,д.н.
Попов Г.Н.,ФМиЕН,ассистент,к.н.
Смирнов А.А.,ФЭТ,профессор,к.н.
Сидоров Б.В.,ФИВТ,,к.н.
Лебедева К.М.,ФУПМ,ассистент,к.н.
Соколов А.А.,ФЭТ,профессор,к.н.
Лебедева К.М.,ФУПМ,доцент,
Петров Б.В.,ИТМО,ассистент,
Егоров М.Ю.,ФИТ,ассистент,
Соколов Г.Н.,ФУПМ,доцент,к.н.
Соколов Л.О.,ФИВТ,доцент,д.н.
Волков З.Т.,ФПМИ,,
Соколов З.Т.,ФИВТ,,
Иванов З.Т.,ФЭТ,ассистент,к.н.
Волков Б.В.,ФМиМ,,
Семенов З.Т.,ФЭТ,профессор,к.н.
Семенов Ж.Р.,ФРТ,ассистент,д.н.
Сидоров Г.Н.,ФИВТ,доцент,д.н.
Лебедев Ж.Р.,ФИВТ,ассистент,д.н.
Морозов К.М.,ФУПМ,ассистент,д.н.
Лебедев Ж.Р.,ФМиЕН,,
Попов Ж.Р.,ФУПМ,ассистент,к.н.
Смирнов З.Т.,ФИТ,доцент,к.н.
Семенов Ж.Р.,ФИВТ,доцент,к.н.
Козлов Б.В.,ФМиЕН,,
Соколов И.К.,ФУПМ,доцент,д.н.
Смирнов И.К.,ФУПМ,,к.н.
Сидоров Ж.Р.,ИТМО,,д.н.
Иванов Г.Н.,ФРТ,профессор,к.н.
Алексеев Д.С.,ФМиЕН,ассистент,д.н.
Волков З.Т.,ФУПМ,ассистент,к.н.
Лебедева Б.В.,ФМиМ,,к.н.
Новиков Б.В.,ФЭТ,профессор,
Соколов З.Т.,ФМиМ,ассистент,д.н.
Семенов Г.Н.,ФМиМ,ассистент,д.н.
Попов Л.О.,ФЭТ,профессор,к.н.
Петров А.А.,ФИВТ,,к.н.
Соколов М.Ю.,ФУПМ,доцент,д.н.
Смирнов З.Т.,ИТМО,профессор,д.н.
Козлов Ж.Р.,ФФ,ассистент,д.н.
Лебедева Ж.Р.,ФМиЕН,,к.н.
Лебедева Ж.Р.,ФУПМ,профессор,к.н.
Егоров Л.О.,ФФ,профессор,
Морозов Б.В.,ФЭТ,,
Сидоров И.К.,ФРТ,ассистент,д.н.
Смирнов Б.В.,ФРТ,доцент,
Попов В.И.,ФФ,профессор,д.н.
Волков К.М.,ФРТ,ассистент,к.н.
Козлов З.Т.,ФМиЕН,профессор,к.н.
Петров Г.Н.,ФРТ,доцент,
Алексеев З.Т.,ФМиЕН,доцент,
Лебедев Б.В.,ФУПМ,профессор,д.н.
Соколов Д.С.,ФМиМ,профессор,
Иванов Б.В.,ФМиЕН,доцент,к.н.
Сидоров Ж.Р.,ФРТ,доцент,к.н.
Кузнецов М.Ю.,ФПМИ,профессор,к.н.
Козлов В.И.,ФПМИ,ассистент,к.н.
Попов И.К.,ФУПМ,,
Соколов Е.П.,ФЭТ,профессор,
Козлов А.А.,ФУПМ,,к.н.
Алексеев М.Ю.,ФМиЕН,,д.н.
Петров Ж.Р.,ФРТ,доцент,
Новиков Г.Н.,ФПМИ,доцент,д.н.
Волков В.И.,ФПМИ,доцент,д.н.
Соколов Л.О.,ФЭТ,доцент,
Иванов И.К.,ФЭТ,профессор,к.н.
Волков М.Ю.,ФЭТ,доцент,к.н.
Семенов А.А.,ФФ,доцент,д.н.
Попов Д.С.,ФИВТ,,д.н.
Петров А.А.,ФПМИ,ассистент,д.н.
Лебедев Л.О.,ФРТ,,д.н.
Сидоров Б.В.,ФМиМ,,
Иванов К.М.,ИТМО,профессор,
Алексеев Д.С.,ФИТ,ассистент,к.н.
Алексеев Л.О.,ФФ,,к.н.
Сидоров З.Т.,ФЭТ,,
Егоров В.И.,ФЭТ,профессор,к.н.
Лебедева А.А.,ФМиЕН,,д.н.
Смирнов З.Т.,ФИТ,ассистент,к.н.
Семенов Г.Н.,ФЭТ,доцент,
Егоров К.М.,ФУПМ,профессор,
Лебедева А.А.,ФПМИ,ассистент,к.н.
Козлов З.Т.,ФМиЕН,доцент,д.н.
Лебедев К.М.,ФУПМ,ассистент,к.н.
Сидоров Б.В.,ФМиМ,профессор,к.н.
Сидоров А.А.,ФФ,доцент,
Иванов В.И.,ФРТ,доцент,к.н.
Лебедев М.Ю.,ФУПМ,доцент,
Егоров Е.П.,ФУПМ,доцент,к.н.
Козлов К.М.,ФРТ,профессор,к.н.
Иванов Б.В.,ИТМО,доцент,
Лебедев М.Ю.,ФРТ,ассистент,к.н.
Новиков Д.С.,ФРТ,доцент,к.н.
Семенов Б.В.,ФУПМ,ассистент,к.н.
Семенов В.И.,ФИВТ,профессор,
Кузнецов К.М.,ФМиМ,ассистент,д.н.
Егоров Ж.Р.,ФРТ,,
Егоров И.К.,ФМиМ,,
Соколов Е.П.,ФМиЕН,ассистент,д.н.
Алексеев И.К.,ФРТ,,д.н.
Сидоров З.Т.,ФИВТ,ассистент,
Петров Д.С.,ИТМО,доцент,д.н.
Алексеев И.К.,ФМиМ,,
Волков Е.П.,ФФ,профессор,
Смирнов М.Ю.,ФМиМ,ассистент,д.н.
Семенов М.Ю.,ФПМИ,профессор,д.н.
Алексеев Ж.Р.,ФЭТ,профессор,к.н.
Морозов М.Ю.,ФРТ,,
Кузнецов М.Ю.,ФЭТ,ассистент,к.н.
Козлов Б.В.,ФФ,,д.н.
Лебедева Ж.Р.,ФЭТ,профессор,к.н.
Сидоров М.Ю.,ФИВТ,профессор,
Козлов З.Т.,ФМиМ,доцент,
Кузнецов М.Ю.,ФПМИ,доцент,
Волков Л.О.,ФИТ,,к.н.
Попов И.К.,ФУПМ,ассистент,
Смирнов В.И.,ФМиМ,профессор,
Лебедев Б.В.,ФИТ,доцент,д.н.
Волков Л.О.,ФРТ,доцент,к.н.
Попов Д.С.,ФИТ,ассистент,
Алексеев Е.П.,ФУПМ,доцент,д.н.
Семенов Ж.Р.,ФМиМ,профессор,
Козлов Ж.Р.,ФУПМ,,к.н.
Соколов Е.П.,ФИВТ,,к.н.
Егоров И.К.,ФПМИ,профессор,д.н.
Сидоров З.Т.,ФФ,,д.н.
Алексеев Ж.Р.,ФМиМ,доцент,
Семенов И.К.,ФПМИ,,к.н.
Лебедева З.Т.,ФФ,,к.н.
Иванов Б.В.,ИТМО,профессор,д.н.
Лебедева Д.С.,ФУПМ,доцент,д.н.
Новиков Ж.Р.,ФРТ,профессор,д.н.
Иванов К.М.,ФМиЕН,профессор,
Петров Л.О.,ФИВТ,профессор,д.н.
Петров Е.П.,ФИТ,доцент,
Иванов И.К.,ФЭТ,,к.н.
Лебедева Л.О.,ФРТ,профессор,к.н.
Сидоров К.М.,ФУПМ,ассистент,
Смирнов З.Т.,ИТМО,ассистент,
Лебедева З.Т.,ФЭТ,доцент,к.н.
Алексеев М.Ю.,ФРТ,,д.н.
Кузнецов Ж.Р.,ФПМИ,доцент,
Попов Д.С.,ФИТ,доцент,д.н.
Алексеев Г.Н.,ФМиЕН,доцент,
Попов Е.П.,ФРТ,профессор,к.н.
Кузнецов З.Т.,ФИВТ,профессор,к.н.
Егоров А.А.,ФМиЕН,доцент,
Кузнецов Г.Н.,ФЭТ,доцент,д.н.
Морозов К.М.,ФЭТ,ассистент,д.н.
Кузнецов А.А.,ФМиМ,ассистент,к.н.
Смирнов А.А.,ИТМО,,к.н.
Лебедев М.Ю.,ФФ,доцент,к.н.
Новиков А.А.,ИТМО,ассистент,
Козлов В.И.,ФПМИ,профессор,к.н.
Кузнецов М.Ю.,ФМиМ,ассистент,д.н.
Волков И.К.,ФФ,доцент,д.н.
Алексеев З.Т.,ФУПМ,,
Козлов Ж.Р.,ФМиМ,профессор,к.н.
Иванов И.К.,ФИТ,профессор,к.н.
Морозов И.К.,ФУПМ,профессор,
Козлов А.А.,ИТМО,профессор,
Лебедева А.А.,ФРТ,ассистент,к.н.
Козлов Д.С.,ФУПМ,,д.н.
Сидоров Б.В.,ФМиМ,профессор,д.н.
Попов В.И.,ФИВТ,,к.н.
Попов Е.П.,ФМиМ,ассистент,
Смирнов Г.Н.,ФМиЕН,доцент,
Егоров К.М.,ФЭТ,профессор,
Сидоров Г.Н.,ФПМИ,ассистент,д.н.
Смирнов Б.В.,ФИТ,доцент,к.н.
Сидоров А.А.,ФИТ,ассистент,
Семенов Б.В.,ИТМО,ассистент,д.н.
Лебедева Л.О.,ФИВТ,,д.н.
Новиков В.И.,ФМиМ,доцент,к.н.
Алексеев В.И.,ИТМО,,к.н.
Иванов К.М.,ФРТ,ассистент,к.н.
Семенов Д.С.,ФУПМ,,
Петров М.Ю.,ФМиЕН,доцент,д.н.
Иванов З.Т.,ФФ,ассистент,д.н.
Морозов К.М.,ИТМО,ассистент,д.н.
Волков К.М.,ФУПМ,доцент,д.н.
Иванов К.М.,ФРТ,доцент,
Лебедева Ж.Р.,ФИВТ,доцент,д.н.
Алексеев И.К.,ФИТ,доцент,д.н.
Кузнецов В.И.,ФЭТ,профессор,к.н.
Лебедев Г.Н.,ИТМО,,к.н.
Лебедев М.Ю.,ФИВТ,ассистент,к.н.
Сидоров В.И.,ФИВТ,,д.н.
Иванов К.М.,ФУПМ,,д.н.
Петров Л.О.,ФПМИ,профессор,к.н.
Попов И.К.,ФИВТ,профессор,к.н.
Смирнов Ж.Р.,ФУПМ,,д.н.
Лебедева В.И.,ФМиМ,ассистент,к.н.
Новиков Д.С.,ФМиЕН,доцент,к.н.
Волков М.Ю.,ФЭТ,,
Семенов Б.В.,ФРТ,профессор,
Козлов Б.В.,ФПМИ,доцент,д.н.
Попов З.Т.,ФФ,доцент,д.н.
Волков З.Т.,ФМиМ,профессор,к.н.
Новиков А.А.,ФИВТ,доцент,
Новиков Б.В.,ФУПМ,профессор,к.н.
Соколов Г.Н.,ФФ,,к.н.
Лебедев Е.П.,ФУПМ,,д.н.
Лебедев З.Т.,ФМиЕН,,
Петров М.Ю.,ИТМО,,к.н.
Новиков М.Ю.,ФРТ,ассистент,д.н.
Лебедева Д.С.,ФЭТ,профессор,д.н.
Алексеев М.Ю.,ФЭТ,,д.н.
Козлов М.Ю.,ФРТ,доцент,
Волков З.Т.,ФИТ,ассистент,
Сидоров М.Ю.,ИТМО,,к.н.
Волков З.Т.,ФИВТ,,к.н.
Лебедева В.И.,ФМиЕН,,к.н.
Кузнецов И.К.,ФУПМ,ассистент,к.н.
Петров Б.В.,ФПМИ,ассистент,
Семенов Д.С.,ФЭТ,,
Новиков В.И.,ФМиМ,доцент,д.н.
Егоров И.К.,ФМиМ,,
Егоров Д.С.,ФРТ,ассистент,
Козлов Ж.Р.,ФМиЕН,ассистент,к.н.
Соколов В.И.,ФФ,ассистент,к.н.
Сидоров В.И.,ФИТ,доцент,д.н.
Семенов А.А.,ФФ,,
Попов М.Ю.,ФПМИ,профессор,
Иванов А.А.,ФЭТ,,к.н.
Иванов Д.С.,ФФ,профессор,д.н.
Егоров К.М.,ФРТ,ассистент,
Волков А.А.,ФФ,ассистент,
Лебедева Ж.Р.,ИТМО,доцент,д.н.
Иванов Г.Н.,ФФ,доцент,
Иванов А.А.,ФМиЕН,доцент,д.н.
Морозов М.Ю.,ФМиЕН,ассистент,д.н.
Алексеев Е.П.,ИТМО,доцент,к.н.
Сидоров Ж.Р.,ФУПМ,доцент,д.н.
Кузнецов Ж.Р.,ФМиЕН,профессор,к.н.
Иванов З.Т.,ФМиЕН,профессор,д.н.
Козлов Б.В.,ИТМО,профессор,д.н.
Семенов И.К.,ФРТ,профессор,
Попов Г.Н.,ФРТ,профессор,д.н.
Сидоров Б.В.,ФИВТ,,д.н.
Кузнецов И.К.,ФМиЕН,,
Козлов М.Ю.,ИТМО,профессор,
Сидоров Г.Н.,ФПМИ,доцент,
Морозов З.Т.,ФПМИ,ассистент,к.н.
Петров Л.О.,ФМиЕН,доцент,к.н.
Егоров В.И.,ФРТ,профессор,
Кузнецов Д.С.,ФРТ,,к.н.
Морозов Л.О.,ФПМИ,профессор,
Козлов Д.С.,ФИВТ,доцент,к.н.
Семенов Б.В.,ФИТ,доцент,д.н.
Сидоров А.А.,ФИВТ,профессор,д.н.
Морозов К.М.,ФФ,,
Новиков Е.П.,ФПМИ,,д.н.
Иванов Д.С.,ФПМИ,ассистент,к.н.
Иванов Е.П.,ФЭТ,профессор,к.н.
Кузнецов И.К.,ФИВТ,ассистент,д.н.
Кузнецов В.И.,ИТМО,доцент,к.н.
Алексеев З.Т.,ФЭТ,доцент,д.н.
Попов И.К.,ФМиМ,,д.н.
Волков К.М.,ФИВТ,профессор,д.н.
Волков Ж.Р.,ФПМИ,профессор,к.н.
Лебедева Л.О.,ФРТ,ассистент,д.н.
Алексеев К.М.,ФИВТ,доцент,к.н.
Егоров В.И.,ФИТ,,к.н.
Иванов Л.О.,ФИВТ,ассистент,д.н.
Лебедев М.Ю.,ФИВТ,,к.н.
Соколов И.К.,ФИВТ,доцент,
Кузнецов Ж.Р.,ФУПМ,ассистент,
Новиков А.А.,ФПМИ,,к.н.
Соколов Б.В.,ФФ,ассистент,
Егоров Г.Н.,ФМиМ,,
Козлов И.К.,ИТМО,профессор,к.н.
Смирнов Е.П.,ФМиМ,,д.н.
Волков Г.Н.,ФИТ,ассистент,
Егоров М.Ю.,ФИТ,,д.н.
Кузнецов Ж.Р.,ФИТ,профессор,
Морозов М.Ю.,ФРТ,доцент,к.н.
Лебедева З.Т.,ФЭТ,профессор,
Попов Л.О.,ФМиМ,профессор,д.н.
Алексеев В.И.,ФИТ,ассистент,к.н.
Кузнецов В.И.,ФМиЕН,ассистент,
Волков Ж.Р.,ФИТ,,
Семенов К.М.,ФИТ,профессор,
Козлов Г.Н.,ФЭТ,,к.н.
Кузнецов Л.О.,ФФ,профессор,д.н.
Лебедева Е.П.,ФИВТ,профессор,
Морозов Ж.Р.,ФЭТ,профессор,
Лебедев Б.В.,ФИТ,,к.н.
Егоров Б.В.,ФИТ,,к.н.
Козлов Б.В.,ФФ,доцент,к.н.
Соколов И.К.,ФФ,ассистент,к.н.
Соколов В.И.,ФУПМ,,к.н.
Семенов Ж.Р.,ФИТ,ассистент,д.н.
Морозов К.М.,ФИТ,доцент,к.н.
Попов А.А.,ФИТ,профессор,
Лебедева Д.С.,ФУПМ,ассистент,к.н.
Козлов А.А.,ФИВТ,профессор,к.н.
Иванов А.А.,ФРТ,ассистент,д.н.
Попов Д.С.,ФМиЕН,профессор,д.н.
Семенов И.К.,ИТМО,,к.н.
Морозов З.Т.,ИТМО,ассистент,
Козлов Д.С.,ФИТ,профессор,
Морозов М.Ю.,ФИТ,,к.н.
Сидоров Е.П.,ФИТ,,
Лебедев М.Ю.,ФИВТ,,к.н.
Сидоров Г.Н.,ФЭТ,,
Лебедев К.М.,ФУПМ,,к.н.
Козлов Ж.Р.,ФМиЕН,доцент,д.н.
Алексеев К.М.,ИТМО,,к.н.
Лебедева Л.О.,ФРТ,профессор,д.н.
Семенов Б.В.,ФМиЕН,ассистент,
Волков З.Т.,ФЭТ,профессор,д.н.
Попов И.К.,ФМиЕН,,д.н.
Лебедева И.К.,ФМиЕН,ассистент,
Смирнов Д.С.,ФФ,ассистент,к.н.
Лебедев А.А.,ФУПМ,доцент,к.н.
Попов Л.О.,ФИВТ,доцент,
Козлов Б.В.,ФУПМ,доцент,к.н.
Попов Е.П.,ФМиЕН,ассистент,к.н.
Морозов Б.В.,ФПМИ,доцент,д.н.
Кузнецов Е.П.,ФФ,,к.н.
Кузнецов А.А.,ФРТ,профессор,д.н.
Морозов Б.В.,ФПМИ,ассистент,к.н.
Новиков И.К.,ФМиЕН,ассистент,к.н.
Иванов Л.О.,ИТМО,,к.н.
Волков Ж.Р.,ФИВТ,ассистент,д.н.
Смирнов Л.О.,ИТМО,,д.н.
Соколов Е.П.,ФФ,профессор,к.н.
Попов К.М.,ФИТ,профессор,к.н.
Морозов М.Ю.,ФУПМ,ассистент,
Смирнов М.Ю.,ФМиЕН,ассистент,к.н.
Егоров Л.О.,ФИВТ,профессор,к.н.
Козлов Г.Н.,ФФ,доцент,д.н.
Лебедев Г.Н.,ФУПМ,доцент,
Лебедева Б.В.,ФУПМ,профессор,д.н.
Попов Е.П.,ФУПМ,доцент,
Лебедев И.К.,ИТМО,доцент,
Волков Ж.Р.,ФУПМ,ассистент,д.н.
Смирнов И.К.,ФПМИ,ассистент,
Семенов Л.О.,ФИТ,доцент,к.н.
Петров Ж.Р.,ФПМИ,,к.н.
Алексеев Л.О.,ФМиМ,ассистент,
Козлов Г.Н.,ИТМО,,
Новиков А.А.,ФФ,профессор,д.н.
Лебедева М.Ю.,ФРТ,доцент,д.н.
Алексеев К.М.,ФФ,ассистент,д.н.
Соколов И.К.,ФФ,ассистент,к.н.
Иванов Л.О.,ФМиЕН,доцент,к.н.
Семенов А.А.,ФУПМ,доцент,д.н.
Морозов В.И.,ФИВТ,профессор,д.н.
Смирнов И.К.,ФМиМ,доцент,д.н.
Кузнецов М.Ю.,ФИТ,профессор,
Иванов И.К.,ФЭТ,доцент,
Соколов М.Ю.,ФПМИ,профессор,к.н.
Волков Г.Н.,ФФ,ассистент,д.н.
Новиков А.А.,ФПМИ,ассистент,к.н.
Лебедева А.А.,ИТМО,,к.н.
Лебедева Л.О.,ФЭТ,ассистент,к.н.
Кузнецов Д.С.,ФМиЕН,ассистент,к.н.
Иванов В.И.,ИТМО,доцент,д.н.
Алексеев Е.П.,ФФ,,
Иванов Ж.Р.,ФИТ,профессор,
Новиков З.Т.,ФМиМ,профессор,д.н.
Кузнецов Г.Н.,ФИТ,профессор,
Новиков Ж.Р.,ФФ,,
Соколов Ж.Р.,ФИТ,профессор,
Петров М.Ю.,ФИВТ,,
Семенов К.М.,ФЭТ,ассистент,к.н.
Лебедев З.Т.,ФФ,ассистент,к.н.
Попов Л.О.,ФУПМ,профессор,к.н.
Попов К.М.,ФЭТ,доцент,
Лебедева А.А.,ФМиМ,профессор,д.н.
Морозов В.И.,ФИВТ,доцент,д.н.
Семенов Д.С.,ФПМИ,доцент,к.н.
Смирнов И.К.,ФМиМ,,
Петров Е.П.,ИТМО,доцент,
Волков А.А.,ФФ,доцент,к.н.
Семенов Б.В.,ФРТ,профессор,к.н.
Иванов Б.В.,ФУПМ,,
Петров Л.О.,ФРТ,,к.н.
Козлов Д.С.,ФРТ,профессор,к.н.
Новиков Ж.Р.,ФИТ,ассистент,
Кузнецов И.К.,ФИВТ,ассистент,к.н.
Иванов З.Т.,ФРТ,доцент,д.н.
Сидоров А.А.,ФПМИ,профессор,к.н.
Лебедева И.К.,ФРТ,доцент,
Морозов З.Т.,ФПМИ,,
Новиков К.М.,ФРТ,,к.н.
Алексеев А.А.,ИТМО,доцент,к.н.
Новиков Ж.Р.,ФРТ,ассистент,к.н.
Иванов Г.Н.,ФПМИ,ассистент,
Козлов Д.С.,ФЭТ,,к.н.
Козлов Г.Н.,ФЭТ,,к.н.
Волков З.Т.,ФИВТ,профессор,
Алексеев Ж.Р.,ФПМИ,доцент,д.н.
Волков К.М.,ФФ,ассистент,
Соколов В.И.,ФУПМ,доцент,д.н.
Лебедев Д.С.,ФФ,доцент,
Алексеев А.А.,ФРТ,профессор,к.н.
Лебедева Ж.Р.,ФРТ,,
Смирнов Л.О.,ФПМИ,доцент,к.н.
Иванов Е.П.,ИТМО,ассистент,
Смирнов Е.П.,ФМиЕН,ассистент,
Соколов А.А.,ИТМО,ассистент,д.н.
Сидоров Е.П.,ФМиМ,ассистент,к.н.
Волков В.И.,ФИТ,,д.н.
Алексеев В.И.,ФУПМ,профессор,д.н.
Лебедева В.И.,ФРТ,,к.н.
Петров Д.С.,ФРТ,,
Кузнецов И.К.,ФМиМ,,к.н.
Попов М.Ю.,ФИТ,профессор,
Иванов К.М.,ФИТ,доцент,к.н.
Лебедева Л.О.,ФМиЕН,,к.н.
Сидоров Ж.Р.,ФФ,профессор,к.н.
Козлов Ж.Р.,ФУПМ,,д.н.
Козлов Д.С.,ФФ,,д.н.
Сидоров Г.Н.,ФМиЕН,,
Алексеев З.Т.,ФМиМ,профессор,
Смирнов Д.С.,ФМиМ,,
Иванов Ж.Р.,ФИТ,профессор,д.н.
Козлов К.М.,ФРТ,профессор,
Козлов Д.С.,ФЭТ,доцент,к.н.
Лебедева И.К.,ФЭТ,,д.н.
Козлов И.К.,ФИТ,доцент,д.н.
Кузнецов Г.Н.,ФФ,ассистент,к.н.
Морозов Ж.Р.,ИТМО,ассистент,к.н.
Смирнов И.К.,ФИВТ,доцент,д.н.
Иванов Г.Н.,ФМиМ,,д.н.
Егоров А.А.,ФЭТ,доцент,к.н.
Попов Б.В.,ФМиЕН,доцент,
Лебедева З.Т.,ФМиЕН,,
Попов Д.С.,ФИВТ,доцент,к.н.
Сидоров Ж.Р.,ФФ,профессор,д.н.
Соколов Е.П.,ФРТ,доцент,к.н.
Попов З.Т.,ФМиМ,доцент,к.н.
Волков Е.П.,ФПМИ,,к.н.
Сидоров И.К.,ФПМИ,профессор,
Попов К.М.,ФРТ,ассистент,к.н.
Соколов В.И.,ФЭТ,ассистент,д.н.
Новиков Л.О.,ФИТ,ассистент,к.н.
Соколов Ж.Р.,ФРТ,доцент,д.н.
Морозов И.К.,ФУПМ,ассистент,д.н.
Кузнецов Е.П.,ФМиЕН,,к.н.
Кузнецов Е.П.,ФМиЕН,,к.н.
Лебедев Л.О.,ФМиЕН,ассистент,
Лебедев Е.П.,ФМиЕН,доцент,к.н.
Лебедев К.М.,ФИТ,доцент,к.н.
Соколов З.Т.,ФМиЕН,профессор,
Смирнов Е.П.,ФМиМ,ассистент,
Морозов И.К.,ИТМО,доцент,
Лебедева И.К.,ИТМО,профессор,д.н.
Морозов Е.П.,ФИВТ,ассистент,к.н.
Соколов Д.С.,ФПМИ,профессор,
Смирнов Е.П.,ФИВТ,профессор,д.н.
Алексеев Л.О.,ФМиМ,профессор,к.н.
Волков Д.С.,ФИВТ,,д.н.
Кузнецов А.А.,ФЭТ,,
Семенов И.К.,ФМиЕН,профессор,д.н.
Иванов Л.О.,ФМиЕН,профессор,
Петров М.Ю.,ФУПМ,,
Иванов К.М.,ИТМО,ассистент,д.н.
Смирнов Е.П.,ФИВТ,,д.н.
Иванов М.Ю.,ФМиМ,профессор,к.н.
Морозов Б.В.,ФРТ,,к.н.
Попов В.И.,ИТМО,,
Лебедева Б.В.,ФФ,ассистент,
Волков В.И.,ФИТ,ассистент,к.н.
Сидоров Ж.Р.,ИТМО,,д.н.
Семенов К.М.,ФИВТ,ассистент,
Козлов В.И.,ФУПМ,профессор,к.н.
Лебедева Д.С.,ФИВТ,доцент,д.н.
Попов Ж.Р.,ФИТ,профессор,д.н.
Петров И.К.,ФИТ,,
Сидоров Л.О.,ФЭТ,ассистент,
Семенов Ж.Р.,ФРТ,профессор,
Сидоров Л.О.,ФПМИ,,д.н.
Волков З.Т.,ФИТ,,
Козлов Г.Н.,ФМиМ,,
Новиков Г.Н.,ФФ,доцент,д.н.
Кузнецов А.А.,ФМиЕН,профессор,д.н.
Сидоров К.М.,ФУПМ,профессор,к.н.
Лебедева Е.П.,ФМиМ,доцент,д.н.
Попов М.Ю.,ФМиМ,ассистент,д.н.
Алексеев Г.Н.,ФЭТ,доцент,д.н.
Волков К.М.,ИТМО,ассистент,д.н.
Козлов В.И.,ФИВТ,доцент,д.н.
Новиков Г.Н.,ФМиЕН,ассистент,
Сидоров В.И.,ФИТ,ассистент,д.н.
Волков Е.П.,ФРТ,ассистент,к.н.
Сидоров И.К.,ФИТ,доцент,к.н.
Семенов Г.Н.,ФЭТ,ассистент,
Волков З.Т.,ФИТ,профессор,д.н.
Морозов Д.С.,ФРТ,доцент,к.н.
Волков К.М.,ФПМИ,доцент,
Лебедева Л.О.,ФФ,,д.н.
Егоров Г.Н.,ФФ,доцент,к.н.
Кузнецов М.Ю.,ФРТ,,
Козлов А.А.,ФИВТ,ассистент,д.н.
Иванов Ж.Р.,ИТМО,ассистент,д.н.
Лебедев Д.С.,ФФ,,д.н.
Морозов К.М.,ФФ,,д.н.
Лебедева М.Ю.,ФУПМ,,
Козлов Г.Н.,ФЭТ,ассистент,
Соколов И.К.,ФИВТ,,д.н.
Смирнов Г.Н.,ФИТ,ассистент,к.н.
Козлов М.Ю.,ФМиЕН,профессор,к.н.
Смирнов В.И.,ФИТ,ассистент,
Иванов М.Ю.,ФФ,,д.н.
Смирнов В.И.,ФФ,профессор,к.н.
Кузнецов З.Т.,ФМиЕН,профессор,
Волков Е.П.,ФРТ,ассистент,
Алексеев З.Т.,ФФ,,д.н.
Соколов Г.Н.,ФРТ,ассистент,к.н.
Егоров Г.Н.,ФМиЕН,,к.н.
Лебедева И.К.,ФЭТ,доцент,д.н.
Лебедева Ж.Р.,ФМиЕН,профессор,
Сидоров Л.О.,ФИВТ,ассистент,д.н.
Морозов Л.О.,ФРТ,,
Лебедева З.Т.,ФИТ,,к.н.
Морозов Д.С.,ИТМО,ассистент,д.н.
Лебедев М.Ю.,ФМиЕН,,к.н.
Петров Л.О.,ФРТ,доцент,
Волков Л.О.,ФИТ,ассистент,д.н.
Соколов Ж.Р.,ФМиМ,ассистент,д.н.
Алексеев Б.В.,ФПМИ,профессор,к.н.
Петров Г.Н.,ФПМИ,,к.н.
Иванов И.К.,ФФ,доцент,к.н.
Лебедев М.Ю.,ФФ,,
Козлов В.И.,ФЭТ,,к.н.
Сидоров Л.О.,ФРТ,доцент,д.н.
Попов Е.П.,ФПМИ,,
Петров Д.С.,ФМиЕН,,к.н.
Кузнецов Д.С.,ФУПМ,профессор,к.н.
Козлов Г.Н.,ФРТ,доцент,
Алексеев Е.П.,ФИТ,,д.н.
Лебедева Д.С.,ФМиМ,ассистент,
Козлов Ж.Р.,ФМиЕН,доцент,
Смирнов Ж.Р.,ФРТ,доцент,д.н.
Морозов Ж.Р.,ФИТ,,
Смирнов И.К.,ФИВТ,,к.н.
Семенов И.К.,ФИВТ,доцент,д.н.
Кузнецов М.Ю.,ФИТ,доцент,д.н.
Козлов Д.С.,ФФ,профессор,
Сидоров Д.С.,ФРТ,доцент,
Лебедева К.М.,ИТМО,ассистент,д.н.
Смирнов Л.О.,ФРТ,ассистент,к.н.
Петров Г.Н.,ФМиМ,,д.н.
Лебедев Б.В.,ФРТ,доцент,
Алексеев В.И.,ФИТ,профессор,к.н.
Алексеев Г.Н.,ФИТ,,
Иванов Л.О.,ФМиЕН,доцент,д.н.
Соколов И.К.,ФМиЕН,профессор,к.н.
Лебедев З.Т.,ФИТ,профессор,д.н.
Алексеев Е.П.,ФИВТ,,д.н.
Петров Е.П.,ФМиМ,ассистент,
Лебедева Б.В.,ФУПМ,профессор,
Морозов А.А.,ФМиЕН,,
Козлов Л.О.,ИТМО,доцент,
Петров З.Т.,ФЭТ,доцент,
Кузнецов И.К.,ФФ,ассистент,к.н.
Козлов М.Ю.,ИТМО,доцент,д.н.
Попов Б.В.,ФПМИ,ассистент,к.н.
Сидоров Е.П.,ФПМИ,доцент,
Лебедева Е.П.,ФЭТ,профессор,д.н.
Лебедев И.К.,ФРТ,,д.н.
Попов И.К.,ФУПМ,,к.н.
Попов А.А.,ИТМО,доцент,к.н.
Смирнов И.К.,ИТМО,,к.н.
Козлов М.Ю.,ИТМО,ассистент,к.н.
Алексеев З.Т.,ИТМО,профессор,д.н.
Смирнов Г.Н.,ФФ,,к.н.
Петров Ж.Р.,ФМиМ,доцент,
Новиков Е.П.,ФИВТ,доцент,к.н.
Сидоров Г.Н.,ФУПМ,доцент,
Волков М.Ю.,ФИТ,профессор,
Лебедев М.Ю.,ФПМИ,доцент,д.н.
Попов Л.О.,ФЭТ,ассистент,к.н.
Петров А.А.,ФПМИ,доцент,д.н.
Сидоров Д.С.,ФИВТ,,д.н.
Семенов Д.С.,ИТМО,,
Сидоров Е.П.,ФПМИ,профессор,
Семенов Л.О.,ФПМИ,ассистент,д.н.
Морозов И.К.,ФМиЕН,ассистент,
Кузнецов В.И.,ИТМО,,д.н.
Егоров Е.П.,ФМиЕН,профессор,к.н.
Петров З.Т.,ФИТ,профессор,
Лебедева З.Т.,ФФ,доцент,к.н.
Кузнецов К.М.,ФПМИ,,
Егоров Б.В.,ФМиЕН,,к.н.
Смирнов Л.О.,ИТМО,,д.н.
Лебедев Ж.Р.,ФИТ,доцент,
Семенов М.Ю.,ФРТ,доцент,
Лебедев З.Т.,ФИВТ,,к.н.
Петров Ж.Р.,ФУПМ,доцент,к.н.
Попов А.А.,ФПМИ,профессор,
Новиков К.М.,ФИТ,,
Алексеев Д.С.,ИТМО,,
Морозов Л.О.,ФФ,доцент,
Новиков И.К.,ФРТ,доцент,к.н.
Лебедев Ж.Р.,ФМиЕН,доцент,к.н.
Петров Г.Н.,ФРТ,профессор,к.н.
Алексеев Б.В.,ФИВТ,профессор,д.н.
Егоров З.Т.,ФМиМ,доцент,д.н.
Кузнецов К.М.,ФМиЕН,,
Алексеев Г.Н.,ФМиМ,доцент,д.н.
Соколов Д.С.,ФФ,,
Иванов З.Т.,ФЭТ,профессор,
Козлов И.К.,ФЭТ,профессор,к.н.
Лебедева Г.Н.,ФПМИ,доцент,д.н.
Семенов Л.О.,ФМиМ,,
Козлов Л.О.,ИТМО,доцент,
Сидоров З.Т.,ФИВТ,ассистент,к.н.
Новиков Л.О.,ФУПМ,,к.н.
Егоров Л.О.,ФУПМ,ассистент,
Лебедева Г.Н.,ФИТ,ассистент,к.н.
Новиков А.А.,ФИТ,,
Кузнецов Г.Н.,ФФ,профессор,
Соколов Б.В.,ФМиМ,профессор,д.н.
Лебедев Л.О.,ФМиМ,ассистент,д.н.
Лебедев Ж.Р.,ФМиЕН,ассистент,
Лебедева К.М.,ФФ,доцент,д.н.
Попов Л.О.,ИТМО,доцент,д.н.
Морозов Л.О.,ФМиМ,доцент,
Алексеев Е.П.,ИТМО,профессор,
Иванов К.М.,ФФ,,
Иванов Г.Н.,ИТМО,доцент,д.н.
Кузнецов Ж.Р.,ФПМИ,профессор,
Соколов Б.В.,ФЭТ,доцент,д.н.
Соколов З.Т.,ФЭТ,профессор,к.н.
Морозов М.Ю.,ФИВТ,доцент,
Козлов З.Т.,ФМиМ,,д.н.
Лебедева З.Т.,ИТМО,ассистент,к.н.
Морозов З.Т.,ФРТ,ассистент,д.н.
Морозов М.Ю.,ФМиМ,профессор,к.н.
Новиков К.М.,ФМиМ,ассистент,к.н.
Новиков З.Т.,ФМиМ,доцент,д.н.
Смирнов И.К.,ФФ,,
Алексеев Г.Н.,ФФ,ассистент,к.н.
Смирнов И.К.,ФМиМ,,д.н.
Волков Е.П.,ФИТ,,д.н.
Лебедева И.К.,ФПМИ,ассистент,д.н.
Соколов Г.Н.,ФМиМ,доцент,д.н.
Семенов И.К.,ФФ,профессор,
Новиков М.Ю.,ФПМИ,ассистент,к.н.
Лебедева А.А.,ФУПМ,доцент,к.н.
Смирнов Д.С.,ФПМИ,доцент,д.н.
Петров М.Ю.,ФМиЕН,доцент,д.н.
Егоров Г.Н.,ФЭТ,ассистент,д.н.
Козлов Д.С.,ФРТ,доцент,
Кузнецов К.М.,ФФ,доцент,
Волков И.К.,ФПМИ,доцент,д.н.
Попов Б.В.,ФПМИ,ассистент,к.н.
Петров К.М.,ФФ,ассистент,
Иванов И.К.,ФЭТ,профессор,д.н.
Волков Ж.Р.,ФМиМ,доцент,к.н.
Алексеев А.А.,ФПМИ,доцент,
Кузнецов И.К.,ФМиЕН,профессор,к.н.
Алексеев К.М.,ФПМИ,доцент,
Волков Л.О.,ФЭТ,ассистент,д.н.
Соколов Б.В.,ФИТ,доцент,д.н.
Егоров Б.В.,ФЭТ,,
Козлов Г.Н.,ФИВТ,,д.н.
Новиков Д.С.,ФМиМ,профессор,к.н.
Алексеев Л.О.,ФИТ,ассистент,к.н.
Попов Б.В.,ФИТ,,д.н.
Сидоров К.М.,ФРТ,ассистент,
Новиков Г.Н.,ФФ,,
Кузнецов И.К.,ФМиМ,,
Козлов Л.О.,ФФ,ассистент,к.н.
Петров З.Т.,ФЭТ,,д.н.
Новиков К.М.,ФИВТ,,
Петров И.К.,ФРТ,ассистент,к.н.
Волков З.Т.,ФУПМ,,к.н.
Сидоров А.А.,ФПМИ,ассистент,д.н.
Смирнов В.И.,ФЭТ,профессор,к.н.
Петров Л.О.,ФИВТ,профессор,
Петров Г.Н.,ФЭТ,,
Петров Л.О.,ФИТ,профессор,к.н.
Козлов Е.П.,ФЭТ,доцент,д.н.
Семенов К.М.,ФФ,профессор,
Попов З.Т.,ФЭТ,ассистент,
Алексеев И.К.,ФЭТ,профессор,
Козлов Г.Н.,ФЭТ,профессор,
Сидоров А.А.,ФФ,,д.н.
Волков Е.П.,ФМиМ,доцент,к.н.
Волков А.А.,ФМиЕН,доцент,
Егоров Е.П.,ФУПМ,профессор,д.н.
Кузнецов М.Ю.,ФЭТ,ассистент,д.н.
Лебедева Г.Н.,ФМиЕН,ассистент,
Иванов Г.Н.,ИТМО,,к.н.
Иванов З.Т.,ИТМО,профессор,к.н.
Иванов М.Ю.,ФМиМ,профессор,к.н.
Алексеев З.Т.,ФИТ,,
Иванов Л.О.,ФФ,профессор,д.н.
Кузнецов Е.П.,ИТМО,профессор,д.н.
Семенов Д.С.,ФЭТ,,д.н.
Попов Б.В.,ФИВТ,профессор,к.н.
Смирнов Г.Н.,ФПМИ,профессор,
Кузнецов Л.О.,ФМиЕН,доцент,
Алексеев И.К.,ФПМИ,ассистент,к.н.
Новиков Е.П.,ФЭТ,ассистент,д.н.
Кузнецов К.М.,ФИТ,доцент,д.н.
Козлов А.А.,ФЭТ,,к.н.
Сидоров М.Ю.,ФРТ,профессор,
Смирнов К.М.,ФПМИ,ассистент,д.н.
Попов М.Ю.,ИТМО,доцент,к.н.
Иванов Г.Н.,ФМиМ,профессор,д.н.
Новиков Д.С.,ФУПМ,профессор,к.н.
Смирнов З.Т.,ИТМО,,д.н.
Кузнецов А.А.,ФУПМ,ассистент,к.н.
Смирнов И.К.,ФПМИ,профессор,д.н.
Алексеев З.Т.,ФИТ,профессор,к.н.
Соколов Е.П.,ИТМО,,к.н.
Лебедев Е.П.,ФИВТ,доцент,д.н.
Соколов Б.В.,ФИВТ,доцент,к.н.
Алексеев И.К.,ФМиЕН,доцент,д.н.
Новиков З.Т.,ФИВТ,,
Кузнецов В.И.,ФРТ,профессор,
Кузнецов К.М.,ФИТ,доцент,д.н.
Иванов А.А.,ФФ,доцент,
Лебедева А.А.,ИТМО,профессор,д.н.
Козлов З.Т.,ФИТ,доцент,д.н.
Козлов Д.С.,ФИТ,,д.н.
Соколов М.Ю.,ФРТ,ассистент,
Егоров К.М.,ФМиЕН,,к.н.
Егоров М.Ю.,ФМиЕН,профессор,
Попов З.Т.,ФИВТ,ассистент,
Иванов З.Т.,ФПМИ,профессор,
Морозов Д.С.,ФИВТ,,
Морозов В.И.,ФПМИ,,к.н.
Новиков Ж.Р.,ФИВТ,,д.н.
Козлов Ж.Р.,ФРТ,профессор,к.н.
Сидоров Д.С.,ФЭТ,доцент,д.н.
Иванов Д.С.,ФИТ,профессор,д.н.
Петров К.М.,ФФ,ассистент,
Новиков В.И.,ФМиМ,профессор,к.н.
Волков Ж.Р.,ФИВТ,,
Сидоров М.Ю.,ФИТ,доцент,д.н.
Соколов А.А.,ИТМО,,к.н.
Смирнов Ж.Р.,ФЭТ,ассистент,д.н.
Смирнов К.М.,ФЭТ,профессор,к.н.
Лебедев З.Т.,ФМиМ,профессор,д.н.
Морозов Ж.Р.,ФФ,,к.н.
Волков М.Ю.,ФПМИ,,д.н.
Сидоров Д.С.,ИТМО,,к.н.
Морозов М.Ю.,ФЭТ,доцент,
Кузнецов В.И.,ФМиЕН,,
Смирнов М.Ю.,ФЭТ,профессор,д.н.
Иванов З.Т.,ФЭТ,профессор,д.н.
Лебедев К.М.,ИТМО,профессор,д.н.
Козлов Г.Н.,ИТМО,профессор,к.н.
Семенов Г.Н.,ФУПМ,ассистент,к.н.
Семенов М.Ю.,ФИТ,доцент,к.н.
Иванов Л.О.,ФФ,доцент,д.н.
Алексеев Б.В.,ФИТ,ассистент,к.н.
Сидоров З.Т.,ФРТ,доцент,
Волков Д.С.,ФМиМ,,
Смирнов З.Т.,ФФ,ассистент,
Лебедев Е.П.,ФМиМ,доцент,
Попов Б.В.,ФПМИ,профессор,д.н.
Морозов В.И.,ФРТ,профессор,д.н.
Кузнецов К.М.,ФРТ,ассистент,д.н.
Смирнов Ж.Р.,ФПМИ,профессор,к.н.
Кузнецов М.Ю.,ИТМО,ассистент,д.н.
Новиков К.М.,ФУПМ,доцент,д.н.
Егоров И.К.,ФМиМ,профессор,д.н.
Иванов Ж.Р.,ФМиЕН,профессор,к.н.
Кузнецов З.Т.,ФМиМ,,д.н.
Соколов В.И.,ФМиМ,профессор,
Волков Б.В.,ФФ,,
Волков Ж.Р.,ФИВТ,,
Лебедев В.И.,ФИТ,доцент,к.н.
Козлов Ж.Р.,ФПМИ,,к.н.
Смирнов Е.П.,ФИТ,профессор,к.н.
Козлов Л.О.,ФМиЕН,ассистент,
Смирнов Д.С.,ФИВТ,профессор,к.н.
Петров К.М.,ФПМИ,,
Сидоров Е.П.,ФМиМ,доцент,к.н.
Попов Ж.Р.,ФЭТ,доцент,к.н.
Новиков А.А.,ФМиЕН,доцент,к.н.
Семенов Ж.Р.,ФРТ,профессор,д.н.
Семенов К.М.,ФИТ,ассистент,д.н.
Лебедева Л.О.,ФФ,профессор,д.н.
Волков М.Ю.,ФФ,,к.н.
Морозов Д.С.,ФМиЕН,доцент,д.н.
Петров А.А.,ФУПМ,профессор,
Егоров Е.П.,ФИТ,доцент,д.н.
Иванов К.М.,ФРТ,доцент,
Алексеев В.И.,ФУПМ,доцент,
Петров Е.П.,ФМиЕН,профессор,д.н.
Козлов Ж.Р.,ФФ,,д.н.
Петров Ж.Р.,ФЭТ,профессор,
Смирнов Г.Н.,ФУПМ,,д.н.
Козлов В.И.,ИТМО,профессор,к.н.
Смирнов В.И.,ФРТ,доцент,д.н.
Петров Г.Н.,ИТМО,доцент,к.н.
Петров Ж.Р.,ФФ,доцент,к.н.
Козлов Г.Н.,ФРТ,доцент,д.н.
Попов К.М.,ФЭТ,доцент,д.н.
Петров Л.О.,ФРТ,ассистент,д.н.
Попов З.Т.,ФМиМ,профессор,
Соколов Е.П.,ФИВТ,ассистент,
Кузнецов И.К.,ФЭТ,профессор,
Егоров З.Т.,ФРТ,профессор,к.н.
Морозов Л.О.,ФЭТ,,к.н.
Семенов Ж.Р.,ФМиМ,профессор,к.н.
Семенов М.Ю.,ФМиЕН,профессор,д.н.
Смирнов А.А.,ИТМО,ассистент,д.н.
Козлов Д.С.,ФЭТ,профессор,к.н.
Морозов З.Т.,ФМиЕН,ассистент,д.н.
Кузнецов В.И.,ФРТ,доцент,к.н.
Морозов Г.Н.,ФМиЕН,,
Егоров К.М.,ФУПМ,профессор,д.н.
Лебедев М.Ю.,ФМиЕН,ассистент,
Новиков И.К.,ФУПМ,ассистент,
Семенов К.М.,ФПМИ,,д.н.
Морозов А.А.,ФУПМ,,к.н.
Алексеев М.Ю.,ФМиМ,ассистент,к.н.
Кузнецов Б.В.,ИТМО,ассистент,к.н.
Соколов З.Т.,ФИВТ,доцент,
Новиков Л.О.,ФРТ,ассистент,к.н.
Соколов Л.О.,ИТМО,профессор,
Лебедева Б.В.,ФПМИ,доцент,к.н.
Новиков Ж.Р.,ФМиМ,,д.н.
Кузнецов Г.Н.,ФФ,,д.н.
Лебедев В.И.,ФИТ,доцент,к.н.
Смирнов В.И.,ФРТ,,к.н.
Кузнецов А.А.,ФИТ,доцент,д.н.
Волков Г.Н.,ФПМИ,ассистент,
Волков Б.В.,ФПМИ,,к.н.
Волков М.Ю.,ФПМИ,ассистент,
Семенов Л.О.,ИТМО,доцент,к.н.
Алексеев И.К.,ФМиМ,ассистент,
Новиков К.М.,ФЭТ,,к.н.
Алексеев Д.С.,ФФ,доцент,
Морозов К.М.,ФПМИ,профессор,
Соколов Г.Н.,ФМиЕН,доцент,к.н.
Лебедев Ж.Р.,ФИТ,ассистент,
Лебедева А.А.,ФИТ,доцент,
Новиков М.Ю.,ФЭТ,профессор,
Лебедева А.А.,ФФ,доцент,
Попов А.А.,ИТМО,профессор,к.н.
Морозов И.К.,ФУПМ,,к.н.
Иванов Л.О.,ФМиЕН,доцент,
Новиков К.М.,ФПМИ,ассистент,д.н.
Лебедева Д.С.,ФМиМ,доцент,д.н.
Петров К.М.,ФПМИ,,к.н.
Смирнов Л.О.,ФПМИ,,д.н.
Новиков А.А.,ФЭТ,доцент,
Сидоров Е.П.,ФИВТ,ассистент,к.н.
Иванов Е.П.,ФРТ,доцент,д.н.
Петров З.Т.,ФПМИ,доцент,
Егоров В.И.,ФИТ,доцент,д.н.
Волков Л.О.,ФИТ,ассистент,д.н.
Семенов Е.П.,ФМиМ,,
Козлов В.И.,ИТМО,доцент,
Соколов Г.Н.,ФМиЕН,,д.н.
Алексеев А.А.,ФМиЕН,доцент,к.н.
Семенов Г.Н.,ФИТ,ассистент,к.н.
Волков З.Т.,ФРТ,ассистент,к.н.
Новиков Е.П.,ИТМО,профессор,д.н.
Семенов Д.С.,ФФ,ассистент,к.н.
Иванов Г.Н.,ИТМО,ассистент,д.н.
Новиков К.М.,ФМиМ,доцент,д.н.
Новиков Е.П.,ФИВТ,доцент,д.н.
Лебедев Л.О.,ФИТ,профессор,к.н.
Иванов К.М.,ФМиМ,ассистент,д.н.
Иванов Б.В.,ФИВТ,,
Морозов Д.С.,ФИВТ,профессор,д.н.
Лебедев И.К.,ФЭТ,ассистент,
Новиков Е.П.,ФУПМ,ассистент,к.н.
Егоров Г.Н.,ФФ,ассистент,к.н.
Кузнецов Б.В.,ФРТ,профессор,
Морозов В.И.,ФЭТ,ассистент,д.н.
Новиков Л.О.,ИТМО,ассистент,д.н.
Семенов З.Т.,ФИТ,ассистент,к.н.
Волков Б.В.,ФФ,ассистент,к.н.
Соколов В.И.,ФМиЕН,доцент,к.н.
Алексеев Б.В.,ФРТ,доцент,д.н.
Морозов Е.П.,ФПМИ,ассистент,д.н.
Иванов Г.Н.,ФИВТ,ассистент,
Волков З.Т.,ФПМИ,ассистент,д.н.
Попов Е.П.,ФРТ,ассистент,д.н.
Семенов Г.Н.,ФУПМ,ассистент,
Волков З.Т.,ИТМО,доцент,
Соколов И.К.,ИТМО,ассистент,к.н.
Козлов Л.О.,ФМиМ,профессор,д.н.
Кузнецов В.И.,ФМиМ,ассистент,д.н.
Алексеев В.И.,ФИВТ,доцент,
Петров З.Т.,ИТМО,,д.н.
Лебедева М.Ю.,ФИТ,профессор,д.н.
Петров З.Т.,ФУПМ,доцент,к.н.
Морозов Ж.Р.,ФФ,,
Иванов В.И.,ФИВТ,ассистент,д.н.
Семенов Ж.Р.,ФПМИ,ассистент,д.н.
Лебедева Ж.Р.,ФУПМ,ассистент,
Попов И.К.,ФУПМ,профессор,к.н.
Новиков К.М.,ФМиМ,профессор,к.н.
Сидоров З.Т.,ФИВТ,доцент,к.н.
Волков Г.Н.,ФМиМ,профессор,к.н.
Морозов Г.Н.,ФРТ,,к.н.
Новиков Л.О.,ИТМО,доцент,
Егоров А.А.,ФМиМ,ассистент,к.н.
Волков А.А.,ФЭТ,ассистент,д.н.
Сидоров Л.О.,ИТМО,ассистент,к.н.
Кузнецов В.И.,ИТМО,профессор,
Соколов А.А.,ФРТ,доцент,
Попов Д.С.,ФИТ,,
Иванов Д.С.,ФРТ,профессор,д.н.
Соколов Б.В.,ФИВТ,профессор,к.н.
Новиков Д.С.,ФРТ,ассистент,
Алексеев Л.О.,ФУПМ,ассистент,
Алексеев В.И.,ФМиМ,,д.н.
Лебедева Е.П.,ИТМО,ассистент,д.н.
Иванов Л.О.,ФМиМ,доцент,к.н.
Петров И.К.,ФРТ,профессор,
Егоров З.Т.,ФУПМ,ассистент,к.н.
Лебедева Г.Н.,ФРТ,профессор,
Семенов В.И.,ФУПМ,ассистент,
Соколов Ж.Р.,ФЭТ,доцент,
Соколов З.Т.,ФФ,ассистент,
Сидоров Ж.Р.,ФИТ,ассистент,д.н.
Лебедева Б.В.,ФИВТ,профессор,
Соколов Г.Н.,ФМиЕН,,д.н.
Лебедев Д.С.,ФИВТ,ассистент,д.н.
Алексеев Л.О.,ИТМО,доцент,д.н.
Семенов Д.С.,ФУПМ,профессор,к.н.
Попов Д.С.,ИТМО,доцент,д.н.
Сидоров Б.В.,ФИВТ,профессор,к.н.
Егоров З.Т.,ФМиМ,доцент,к.н.
Морозов Е.П.,ФРТ,,к.н.
Кузнецов Ж.Р.,ФПМИ,,д.н.
Смирнов К.М.,ФМиЕН,ассистент,
Егоров Ж.Р.,ФИВТ,ассистент,к.н.
Лебедева З.Т.,ФМиЕН,,к.н.
Попов З.Т.,ФРТ,доцент,д.н.
Кузнецов Б.В.,ФПМИ,профессор,д.н.
Лебедева Б.В.,ФУПМ,,
Новиков Д.С.,ФЭТ,профессор,
Сидоров В.И.,ФРТ,профессор,д.н.
Сидоров Д.С.,ФМиМ,,
Иванов Ж.Р.,ФИТ,,к.н.
Семенов Л.О.,ФМиМ,ассистент,д.н.
Сидоров К.М.,ФМиМ,,к.н.
Кузнецов К.М.,ФМиЕН,ассистент,к.н.
Козлов Л.О.,ФМиМ,,
Морозов К.М.,ФМиЕН,доцент,д.н.
Морозов Ж.Р.,ФМиМ,ассистент,д.н.
Сидоров Д.С.,ФПМИ,профессор,д.н.
Попов В.И.,ИТМО,профессор,д.н.
Кузнецов И.К.,ФПМИ,профессор,д.н.
Кузнецов З.Т.,ИТМО,,к.н.
Новиков Л.О.,ФИТ,профессор,д.н.
Лебедев Л.О.,ФИТ,доцент,
Лебедева Б.В.,ИТМО,профессор,
Смирнов Ж.Р.,ФМиЕН,ассистент,к.н.
Алексеев К.М.,ИТМО,,д.н.
Соколов Д.С.,ФИВТ,ассистент,
Лебедева Г.Н.,ФМиМ,ассистент,д.н.
Попов А.А.,ИТМО,доцент,д.н.
Лебедев Д.С.,ФИТ,,к.н.
Морозов Ж.Р.,ФЭТ,,д.н.
Егоров Е.П.,ФИТ,ассистент,к.н.
Новиков Ж.Р.,ФЭТ,ассистент,к.н.
Семенов Л.О.,ФМиМ,ассистент,к.н.
Семенов М.Ю.,ФМиМ,,
Кузнецов З.Т.,ФРТ,профессор,д.н.
Новиков К.М.,ФУПМ,профессор,д.н.
Козлов А.А.,ФПМИ,,к.н.
Новиков З.Т.,ФИВТ,,
Новиков А.А.,ФУПМ,ассистент,д.н.
Козлов Г.Н.,ФУПМ,ассистент,д.н.
Волков Г.Н.,ФЭТ,,
Егоров Г.Н.,ФИВТ,профессор,к.н.
Попов З.Т.,ФУПМ,,
Соколов Е.П.,ФИТ,ассистент,
Волков Е.П.,ФИВТ,профессор,
Морозов И.К.,ФЭТ,ассистент,к.н.
Лебедева Б.В.,ФИТ,профессор,к.н.
Козлов Б.В.,ФМиЕН,,
Сидоров К.М.,ФУПМ,ассистент,д.н.
Егоров Ж.Р.,ФЭТ,ассистент,д.н.
Козлов Л.О.,ФМиМ,доцент,
Козлов М.Ю.,ФРТ,,
Козлов Л.О.,ФИТ,доцент,
Морозов Д.С.,ФМиМ,ассистент,
Петров В.И.,ФУПМ,профессор,д.н.
Морозов И.К.,ФПМИ,доцент,д.н.
Иванов Л.О.,ИТМО,,д.н.
Лебедев Г.Н.,ФПМИ,профессор,д.н.
Лебедев И.К.,ФИВТ,ассистент,к.н.
Морозов Л.О.,ФМиМ,доцент,д.н.
Новиков З.Т.,ИТМО,профессор,к.н.
Попов В.И.,ФУПМ,,д.н.
Сидоров Д.С.,ФУПМ,,к.н.
Кузнецов И.К.,ФМиМ,доцент,
Семенов Б.В.,ФМиЕН,профессор,
Смирнов Д.С.,ФРТ,,д.н.
Козлов Г.Н.,ФИВТ,,д.н.
Петров М.Ю.,ФМиЕН,профессор,д.н.
Семенов И.К.,ФУПМ,ассистент,
Петров Л.О.,ФМиЕН,доцент,
Семенов И.К.,ИТМО,,д.н.
Петров Б.В.,ФМиЕН,профессор,
Кузнецов А.А.,ФИВТ,профессор,д.н.
Лебедев К.М.,ФУПМ,профессор,
Козлов Е.П.,ФПМИ,,
Алексеев Л.О.,ФМиЕН,ассистент,к.н.
Лебедев М.Ю.,ФЭТ,доцент,
Иванов Л.О.,ФМиМ,,
Смирнов З.Т.,ФМиМ,ассистент,
Егоров Л.О.,ИТМО,профессор,д.н.
Алексеев Г.Н.,ФУПМ,профессор,
Сидоров З.Т.,ФМиЕН,ассистент,
Кузнецов Д.С.,ФПМИ,доцент,д.н.
Смирнов Е.П.,ФУПМ,ассистент,к.н.
Новиков К.М.,ФИВТ,профессор,д.н.
Козлов В.И.,ФПМИ,,к.н.
Кузнецов З.Т.,ФФ,ассистент,д.н.
Смирнов Ж.Р.,ИТМО,,
Морозов Г.Н.,ФРТ,доцент,к.н.
Попов Ж.Р.,ИТМО,профессор,
Егоров Е.П.,ФЭТ,профессор,
Сидоров В.И.,ФМиЕН,ассистент,д.н.
Попов Д.С.,ФИТ,ассистент,к.н.
Попов Г.Н.,ФМиМ,ассистент,к.н.
Смирнов Г.Н.,ФМиМ,,к.н.
Лебедева В.И.,ФМиЕН,ассистент,д.н.
Иванов Ж.Р.,ИТМО,доцент,д.н.
Попов К.М.,ФМиЕН,,к.н.
Новиков Д.С.,ФРТ,,д.н.
Новиков А.А.,ФУПМ,ассистент,
Морозов Б.В.,ФУПМ,доцент,к.н.
Новиков Е.П.,ИТМО,доцент,д.н.
Смирнов Б.В.,ФИТ,ассистент,д.н.
Петров Л.О.,ФЭТ,,д.н.
Кузнецов А.А.,ФРТ,,д.н.
Новиков Б.В.,ФПМИ,доцент,к.н.
Новиков Б.В.,ФУПМ,ассистент,к.н.
Козлов М.Ю.,ФИТ,доцент,
Новиков Б.В.,ФИТ,профессор,
Алексеев К.М.,ФИТ,ассистент,д.н.
Семенов Б.В.,ФМиЕН,профессор,
Сидоров К.М.,ФЭТ,доцент,к.н.
Соколов Л.О.,ФМиМ,профессор,к.н.
Лебедев В.И.,ФМиЕН,доцент,д.н.
Попов А.А.,ФРТ,профессор,д.н.
Смирнов Д.С.,ФПМИ,доцент,д.н.
Соколов Г.Н.,ФИТ,ассистент,д.н.
Лебедева Д.С.,ФИТ,профессор,к.н.
Алексеев Л.О.,ФЭТ,профессор,
Лебедева А.А.,ФУПМ,ассистент,
Козлов Л.О.,ФМиЕН,,к.н.
Сидоров И.К.,ФПМИ,,
Лебедева К.М.,ФПМИ,,
Соколов Ж.Р.,ФЭТ,ассистент,к.н.
Лебедев Д.С.,ФИВТ,,к.н.
Сидоров Л.О.,ИТМО,ассистент,д.н.
Новиков К.М.,ФЭТ,,
Лебедева Л.О.,ФМиМ,профессор,д.н.
Смирнов Е.П.,ФМиМ,ассистент,
Алексеев Ж.Р.,ФМиЕН,ассистент,
Сидоров В.И.,ФУПМ,ассистент,к.н.
Егоров М.Ю.,ФПМИ,доцент,
Лебедева А.А.,ФЭТ,доцент,
Волков Б.В.,ФИТ,профессор,к.н.
Петров Д.С.,ФМиМ,профессор,д.н.
Петров Ж.Р.,ФРТ,профессор,д.н.
Иванов И.К.,ФУПМ,доцент,
Сидоров Б.В.,ФИВТ,профессор,д.н.
Смирнов А.А.,ФУПМ,доцент,д.н.
Смирнов Л.О.,ФПМИ,доцент,к.н.
Сидоров Д.С.,ФМиМ,ассистент,
Алексеев З.Т.,ФМиЕН,,
Лебедева Г.Н.,ФИВТ,профессор,д.н.
Козлов К.М.,ФМиЕН,профессор,к.н.
Сидоров А.А.,ФМиЕН,,
Попов Ж.Р.,ФРТ,доцент,к.н.
Волков З.Т.,ФФ,ассистент,
Егоров Д.С.,ФЭТ,доцент,к.н.
Иванов Д.С.,ФЭТ,доцент,
Морозов А.А.,ФМиМ,доцент,д.н.
Морозов Б.В.,ФМиЕН,доцент,
Иванов И.К.,ФПМИ,ассистент,д.н.
Петров Ж.Р.,ФИТ,доцент,д.н.
Лебедева И.К.,ФИВТ,доцент,к.н.
Новиков З.Т.,ФЭТ,доцент,
Козлов Д.С.,ФИТ,ассистент,
Егоров Е.П.,ФЭТ,профессор,к.н.
Лебедев Г.Н.,ФМиЕН,ассистент,к.н.
Семенов К.М.,ФУПМ,,к.н.
Морозов Л.О.,ФИТ,ассистент,к.н.
Попов М.Ю.,ФМиЕН,доцент,д.н.
Волков Л.О.,ФЭТ,ассистент,д.н.
Сидоров К.М.,ФИТ,ассистент,
Иванов З.Т.,ФФ,профессор,
Лебедева М.Ю.,ФМиЕН,доцент,к.н.
Егоров К.М.,ФРТ,доцент,к.н.
Петров Е.П.,ФЭТ,доцент,к.н.
Кузнецов В.И.,ФМиМ,ассистент,
Смирнов Е.П.,ФИТ,ассистент,д.н.
Морозов Д.С.,ФЭТ,,
Петров Ж.Р.,ФФ,профессор,к.н.
Новиков В.И.,ФИВТ,,к.н.
Соколов Б.В.,ФИВТ,ассистент,д.н.
Смирнов Ж.Р.,ФИВТ,,
Лебедев В.И.,ФФ,,
Попов Д.С.,ФМиМ,ассистент,
Соколов З.Т.,ФИТ,профессор,д.н.
Сидоров Ж.Р.,ФИВТ,доцент,д.н.
Козлов Л.О.,ФЭТ,ассистент,
Морозов Е.П.,ФПМИ,профессор,д.н.
Алексеев И.К.,ФПМИ,профессор,к.н.
Сидоров Е.П.,ФЭТ,ассистент,
Новиков Ж.Р.,ФМиМ,ассистент,
Иванов Д.С.,ФМиМ,,д.н.
Лебедева И.К.,ФМиМ,профессор,к.н.
Лебедев Л.О.,ФИВТ,ассистент,
Сидоров М.Ю.,ФИВТ,ассистент,
Лебедева М.Ю.,ФФ,профессор,к.н.
Морозов Е.П.,ФМиЕН,ассистент,к.н.
Новиков К.М.,ФИВТ,ассистент,д.н.
Козлов Б.В.,ИТМО,ассистент,д.н.
Иванов В.И.,ФЭТ,профессор,к.н.
Соколов В.И.,ФМиЕН,доцент,д.н.
Алексеев К.М.,ФФ,ассистент,д.н.
Соколов Е.П.,ФМиЕН,доцент,
Алексеев Ж.Р.,ФЭТ,профессор,к.н.
Козлов Г.Н.,ФМиМ,ассистент,д.н.
Сидоров К.М.,ФПМИ,профессор,
Попов Г.Н.,ФУПМ,ассистент,
Алексеев А.А.,ФРТ,профессор,
Попов К.М.,ФИТ,ассистент,к.н.
Сидоров Б.В.,ФФ,доцент,к.н.
Новиков Л.О.,ФЭТ,,д.н.
Сидоров И.К.,ФЭТ,профессор,
Смирнов М.Ю.,ФРТ,ассистент,к.н.
Козлов К.М.,ФМиЕН,доцент,к.н.
Иванов Г.Н.,ФМиМ,ассистент,
Морозов Е.П.,ФЭТ,профессор,
Иванов Д.С.,ФМиЕН,,
Новиков К.М.,ИТМО,,д.н.
Соколов К.М.,ФИВТ,ассистент,д.н.
Кузнецов Г.Н.,ФФ,профессор,к.н.
Соколов К.М.,ФМиЕН,профессор,к.н.
Смирнов Б.В.,ФИТ,доцент,к.н.
Кузнецов Л.О.,ИТМО,ассистент,к.н.
Лебедев Б.В.,ФУПМ,доцент,к.н.
Морозов К.М.,ФФ,доцент,д.н.
Соколов И.К.,ФМиМ,,к.н.
Иванов Ж.Р.,ФИТ,ассистент,д.н.
Волков Ж.Р.,ИТМО,профессор,к.н.
Сидоров К.М.,ФФ,профессор,
Семенов Г.Н.,ФИТ,доцент,д.н.
Алексеев Е.П.,ФИВТ,профессор,к.н.
Лебедев М.Ю.,ФУПМ,ассистент,
Смирнов И.К.,ФМиЕН,ассистент,д.н.
Лебедев И.К.,ФИВТ,ассистент,к.н.
Иванов З.Т.,ФПМИ,профессор,
Козлов Л.О.,ИТМО,,
Новиков А.А.,ФМиЕН,профессор,к.н.
Иванов В.И.,ФЭТ,,
Козлов Б.В.,ФФ,,д.н.
Семенов Ж.Р.,ФИТ,профессор,д.н.
Соколов А.А.,ФФ,доцент,к.н.
Лебедева А.А.,ФПМИ,ассистент,д.н.
Попов Л.О.,ФУПМ,,к.н.
Лебедев А.А.,ФФ,доцент,д.н.
Волков В.И.,ФЭТ,,к.н.
Лебедева З.Т.,ФРТ,,к.н.
Семенов Г.Н.,ИТМО,доцент,к.н.
Лебедев Б.В.,ФРТ,,
Морозов Е.П.,ФФ,ассистент,
Семенов Ж.Р.,ФРТ,ассистент,
Лебедев Г.Н.,ФРТ,доцент,д.н.
Волков А.А.,ФМиЕН,,к.н.
Семенов И.К.,ФМиЕН,профессор,
Семенов Ж.Р.,ФРТ,ассистент,
Семенов И.К.,ИТМО,доцент,
Новиков А.А.,ФМиМ,профессор,к.н.
Петров З.Т.,ФУПМ,,к.н.
Козлов Е.П.,ИТМО,ассистент,к.н.
Соколов М.Ю.,ФФ,профессор,к.н.
Волков М.Ю.,ФМиЕН,доцент,
Волков В.И.,ФИТ,доцент,
Кузнецов В.И.,ФПМИ,доцент,д.н.
Козлов А.А.,ФМиМ,ассистент,д.н.
Сидоров М.Ю.,ФМиМ,ассистент,к.н.
Волков Г.Н.,ФИТ,доцент,д.н.
Новиков Л.О.,ФИТ,доцент,д.н.
Кузнецов Д.С.,ИТМО,доцент,д.н.
Кузнецов З.Т.,ФИТ,,д.н.
Егоров Л.О.,ФУПМ,доцент,к.н.
Новиков К.М.,ФФ,профессор,
Кузнецов И.К.,ФПМИ,ассистент,к.н.
Лебедев А.А.,ФЭТ,ассистент,
Волков И.К.,ФИТ,,
Соколов Б.В.,ФФ,профессор,к.н.
Морозов З.Т.,ФРТ,ассистент,к.н.
Кузнецов Д.С.,ФМиЕН,ассистент,
Лебедев Е.П.,ФФ,ассистент,
Сидоров К.М.,ФИВТ,доцент,д.н.
Сидоров И.К.,ФРТ,доцент,
Семенов Л.О.,ФРТ,,
Соколов А.А.,ФФ,профессор,к.н.
Соколов Е.П.,ФФ,профессор,к.н.
Алексеев Е.П.,ФФ,профессор,
Алексеев Ж.Р.,ФИВТ,,д.н.
Сидоров Б.В.,ФФ,,д.н.
Козлов В.И.,ФФ,доцент,
Волков Ж.Р.,ФРТ,,к.н.
Сидоров З.Т.,ФИВТ,доцент,д.н.
Лебедева К.М.,ФИТ,доцент,
Волков И.К.,ФЭТ,доцент,д.н.
Козлов Е.П.,ФРТ,доцент,д.н.
Новиков Е.П.,ФРТ,профессор,
Егоров Г.Н.,ФИТ,ассистент,
Попов Д.С.,ФМиМ,доцент,к.н.
Попов Л.О.,ФИВТ,,д.н.
Попов М.Ю.,ФУПМ,,к.н.
Петров Ж.Р.,ФМиЕН,доцент,д.н.
Козлов Д.С.,ФИВТ,ассистент,
Алексеев Б.В.,ФИВТ,профессор,к.н.
Семенов И.К.,ФФ,профессор,к.н.
Лебедев Г.Н.,ФФ,ассистент,к.н.
Попов Е.П.,ФРТ,доцент,к.н.
Иванов Л.О.,ФФ,,
Петров Б.В.,ФЭТ,ассистент,
Лебедева В.И.,ФМиЕН,профессор,
Козлов Г.Н.,ФПМИ,доцент,к.н.
Петров В.И.,ФИВТ,ассистент,к.н.
Иванов Д.С.,ФИТ,,
Лебедев Е.П.,ФРТ,профессор,к.н.
Морозов В.И.,ФПМИ,,
Смирнов Ж.Р.,ФРТ,профессор,
Иванов И.К.,ФМиЕН,ассистент,д.н.
Лебедев Г.Н.,ФИВТ,,
Семенов Д.С.,ФМиМ,ассистент,д.н.
Лебедев Е.П.,ФМиЕН,ассистент,
Морозов Ж.Р.,ФИВТ,ассистент,
Морозов В.И.,ФФ,,к.н.
Соколов К.М.,ФПМИ,,к.н.
Сидоров В.И.,ФМиЕН,доцент,
Смирнов Е.П.,ФМиЕН,профессор,к.н.
Попов Г.Н.,ФФ,,д.н.
Соколов Л.О.,ФРТ,ассистент,
Попов И.К.,ФМиМ,ассистент,к.н.
Кузнецов К.М.,ФПМИ,,д.н.
Сидоров К.М.,ФФ,ассистент,
Петров Е.П.,ФМиМ,,к.н.
Волков А.А.,ФИТ,профессор,к.н.
Новиков Ж.Р.,ФУПМ,профессор,к.н.
Петров Г.Н.,ФИТ,доцент,д.н.
Волков А.А.,ФФ,доцент,д.н.
Новиков Б.В.,ФМиЕН,профессор,
Соколов Д.С.,ФФ,,д.н.
Морозов Б.В.,ФПМИ,,
Петров Л.О.,ФФ,профессор,д.н.
Соколов А.А.,ФПМИ,профессор,д.н.
Новиков Г.Н.,ФРТ,профессор,
Морозов Ж.Р.,ФУПМ,доцент,д.н.
Кузнецов Ж.Р.,ФУПМ,доцент,к.н.
Попов Д.С.,ФРТ,доцент,
Алексеев Е.П.,ФУПМ,ассистент,д.н.
Сидоров З.Т.,ФИВТ,доцент,к.н.
Лебедев К.М.,ФМиЕН,ассистент,
Семенов Г.Н.,ФЭТ,профессор,
Кузнецов В.И.,ФИТ,ассистент,д.н.
Новиков М.Ю.,ФРТ,доцент,к.н.
Сидоров Е.П.,ФИВТ,ассистент,к.н.
Кузнецов А.А.,ИТМО,,д.н.
Морозов Ж.Р.,ФЭТ,,к.н.
Соколов А.А.,ФЭТ,доцент,к.н.
Смирнов Е.П.,ФУПМ,профессор,к.н.
Волков Ж.Р.,ИТМО,,д.н.
Козлов А.А.,ФИВТ,ассистент,к.н.
Соколов Ж.Р.,ФМиМ,профессор,к.н.
Морозов Ж.Р.,ФИТ,доцент,
Кузнецов Л.О.,ФМиЕН,,д.н.
Кузнецов З.Т.,ФФ,ассистент,
Егоров Ж.Р.,ИТМО,ассистент,д.н.
Егоров М.Ю.,ФИТ,,к.н.
Лебедева Л.О.,ФУПМ,,д.н.
Попов Е.П.,ФРТ,ассистент,
Лебедев Л.О.,ФМиЕН,профессор,д.н.
Семенов З.Т.,ФЭТ,профессор,к.н.
Алексеев Л.О.,ФФ,доцент,д.н.
Лебедев К.М.,ИТМО,профессор,
Волков В.И.,ФУПМ,профессор,
Волков В.И.,ФРТ,профессор,д.н.
Егоров З.Т.,ФПМИ,,к.н.
Соколов В.И.,ФФ,,д.н.
Иванов Л.О.,ФПМИ,доцент,д.н.
Морозов Ж.Р.,ФПМИ,ассистент,
Волков Г.Н.,ФМиМ,,д.н.
Новиков В.И.,ФИТ,ассистент,к.н.
Попов К.М.,ФУПМ,,
Козлов Е.П.,ФУПМ,,к.н.
Егоров Д.С.,ФМиМ,профессор,к.н.
Алексеев М.Ю.,ФМиЕН,доцент,к.н.
Смирнов А.А.,ФУПМ,ассистент,к.н.
Козлов К.М.,ФПМИ,профессор,д.н.
Новиков Г.Н.,ФИВТ,ассистент,д.н.
Егоров И.К.,ИТМО,доцент,
Козлов М.Ю.,ФПМИ,профессор,
Соколов З.Т.,ФМиЕН,профессор,д.н.
Лебедев Д.С.,ФМиЕН,профессор,к.н.
Лебедев З.Т.,ФРТ,ассистент,
Соколов Г.Н.,ФУПМ,ассистент,д.н.
Иванов Б.В.,ФПМИ,ассистент,д.н.
Новиков Д.С.,ФМиМ,ассистент,
Сидоров Е.П.,ФУПМ,профессор,
Егоров Д.С.,ФПМИ,профессор,д.н.
Сидоров В.И.,ФФ,,к.н.
Егоров И.К.,ФПМИ,ассистент,
Сидоров Г.Н.,ФЭТ,,
Сидоров К.М.,ИТМО,доцент,
Новиков З.Т.,ФИВТ,доцент,д.н.
Иванов Л.О.,ФФ,,
Смирнов Л.О.,ФПМИ,,д.н.
Алексеев Г.Н.,ФФ,доцент,
Сидоров Ж.Р.,ФЭТ,ассистент,к.н.
Петров Г.Н.,ИТМО,ассистент,к.н.
Семенов М.Ю.,ФФ,доцент,к.н.
Морозов З.Т.,ФРТ,профессор,
Морозов М.Ю.,ФРТ,ассистент,д.н.
Егоров К.М.,ФУПМ,,к.н.
Соколов В.И.,ФМиЕН,профессор,к.н.
Алексеев Л.О.,ФЭТ,доцент,
Смирнов Л.О.,ФФ,профессор,д.н.
Иванов Ж.Р.,ФМиМ,,
Иванов В.И.,ФУПМ,ассистент,
Попов К.М.,ФЭТ,доцент,
Петров Л.О.,ФМиЕН,,к.н.
Соколов Ж.Р.,ФИВТ,ассистент,д.н.
Иванов Л.О.,ИТМО,профессор,к.н.
Кузнецов К.М.,ФМиМ,доцент,к.н.
Соколов Ж.Р.,ФФ,профессор,д.н.
Иванов Д.С.,ФФ,доцент,
Сидоров Б.В.,ФМиМ,доцент,
Иванов А.А.,ФРТ,,к.н.
Лебедева Б.В.,ФФ,ассистент,
Лебедева А.А.,ФИТ,профессор,д.н.
Иванов А.А.,ФМиМ,ассистент,
Лебедева И.К.,ФИВТ,профессор,
Козлов К.М.,ФИТ,,д.н.
Козлов В.И.,ФМиЕН,профессор,к.н.
Иванов И.К.,ФУПМ,,
Морозов Б.В.,ФРТ,ассистент,
Сидоров И.К.,ФЭТ,доцент,д.н.
Алексеев А.А.,ФРТ,ассистент,к.н.
Сидоров К.М.,ФРТ,,
Попов Л.О.,ФИТ,,к.н.
Алексеев З.Т.,ФПМИ,ассистент,к.н.
Лебедев З.Т.,ИТМО,,д.н.
Волков Л.О.,ФИВТ,ассистент,к.н.
Морозов Е.П.,ФМиЕН,профессор,
Сидоров А.А.,ФИВТ,доцент,
Лебедева Г.Н.,ФПМИ,ассистент,к.н.
Морозов Л.О.,ФФ,доцент,
Иванов З.Т.,ФЭТ,профессор,
Семенов Б.В.,ФИВТ,доцент,
Сидоров И.К.,ФПМИ,ассистент,к.н.
Лебедев Д.С.,ФМиМ,,
Сидоров М.Ю.,ФИВТ,доцент,д.н.
Попов Б.В.,ФУПМ,профессор,к.н.
Алексеев Е.П.,ФУПМ,профессор,
Новиков И.К.,ФМиЕН,профессор,
Соколов В.И.,ФМиЕН,профессор,д.н.
Иванов Б.В.,ФРТ,ассистент,д.н.
Попов В.И.,ИТМО,профессор,
Сидоров И.К.,ФИТ,ассистент,д.н.
Морозов Ж.Р.,ФФ,доцент,к.н.
Соколов В.И.,ФИТ,,к.н.
Петров З.Т.,ФМиЕН,,
Новиков А.А.,ФПМИ,ассистент,к.н.
Лебедев А.А.,ФРТ,ассистент,
Козлов Г.Н.,ФМиЕН,,д.н.
Морозов Г.Н.,ФИТ,ассистент,д.н.
Семенов К.М.,ФПМИ,,д.н.
Смирнов Ж.Р.,ФЭТ,профессор,
Соколов А.А.,ИТМО,профессор,д.н.
Семенов Е.П.,ФМиМ,,к.н.
Попов Г.Н.,ФПМИ,,
Кузнецов З.Т.,ИТМО,,
Петров З.Т.,ФПМИ,ассистент,к.н.
Егоров З.Т.,ФПМИ,,
Петров М.Ю.,ФИТ,доцент,к.н.
Лебедев Б.В.,ФУПМ,профессор,д.н.
Смирнов К.М.,ФЭТ,ассистент,к.н.
Козлов Е.П.,ФИВТ,,к.н.
Семенов Е.П.,ФМиЕН,,д.н.
Волков Л.О.,ФМиМ,профессор,д.н.
Кузнецов В.И.,ФМиЕН,,
Лебедева Л.О.,ИТМО,профессор,
Сидоров Ж.Р.,ФФ,ассистент,
Семенов К.М.,ФЭТ,,д.н.
Новиков Л.О.,ФИТ,ассистент,
Петров З.Т.,ФРТ,профессор,к.н.
Лебедева З.Т.,ФУПМ,ассистент,к.н.
Егоров И.К.,ФМиЕН,доцент,
Лебедев Ж.Р.,ФФ,профессор,к.н.
Попов З.Т.,ФПМИ,профессор,к.н.
Семенов Б.В.,ФИВТ,,
Лебедев З.Т.,ФФ,доцент,д.н.
Семенов И.К.,ФУПМ,профессор,
Козлов Б.В.,ИТМО,,
Семенов В.И.,ФРТ,ассистент,к.н.
Алексеев Е.П.,ФМиЕН,,
Петров В.И.,ФМиЕН,,д.н.
Волков Д.С.,ФФ,ассистент,к.н.
Петров Б.В.,ФПМИ,профессор,д.н.
Сидоров И.К.,ФРТ,профессор,к.н.
Козлов В.И.,ФМиЕН,,
Козлов К.М.,ФУПМ,доцент,д.н.
Кузнецов Ж.Р.,ФИТ,,
Иванов Д.С.,ФЭТ,профессор,д.н.
Козлов Л.О.,ФИТ,профессор,к.н.
Смирнов Г.Н.,ФУПМ,,к.н.
Кузнецов Г.Н.,ФУПМ,,к.н.
Петров М.Ю.,ФРТ,,
Козлов И.К.,ФИВТ,,к.н.
Смирнов З.Т.,ИТМО,профессор,д.н.
Попов Д.С.,ФИТ,доцент,д.н.
Морозов М.Ю.,ФМиЕН,ассистент,д.н.
Смирнов К.М.,ФМиЕН,ассистент,к.н.
Смирнов М.Ю.,ФЭТ,доцент,д.н.
Иванов Е.П.,ИТМО,ассистент,д.н.
Волков Л.О.,ФМиМ,,д.н.
Кузнецов И.К.,ФУПМ,профессор,к.н.
Семенов Л.О.,ФРТ,,д.н.
Иванов З.Т.,ФИВТ,доцент,
Лебедева А.А.,ФМиМ,доцент,д.н.
Егоров Б.В.,ФРТ,,к.н.
Новиков А.А.,ФФ,ассистент,
Смирнов К.М.,ФМиМ,,
Попов В.И.,ФУПМ,ассистент,
Алексеев Б.В.,ФМиЕН,ассистент,к.н.
Волков Б.В.,ФПМИ,ассистент,к.н.
Иванов В.И.,ФИТ,ассистент,к.н.
Иванов Л.О.,ФУПМ,профессор,к.н.
Волков Д.С.,ФИВТ,,к.н.
Иванов К.М.,ФМиМ,,д.н.
Волков Л.О.,ФПМИ,,
Семенов М.Ю.,ФИВТ,профессор,д.н.
Семенов К.М.,ФМиМ,,к.н.
Кузнецов З.Т.,ФМиЕН,,д.н.
Иванов К.М.,ФИТ,доцент,
Новиков Е.П.,ФФ,профессор,
Кузнецов В.И.,ФПМИ,профессор,д.н.
Волков Ж.Р.,ИТМО,,к.н.
Алексеев И.К.,ФРТ,профессор,
Морозов М.Ю.,ФУПМ,,
Егоров Е.П.,ФИВТ,,к.н.
Козлов К.М.,ФЭТ,доцент,
Егоров Ж.Р.,ФРТ,профессор,
Алексеев Л.О.,ФИТ,ассистент,
Алексеев Л.О.,ФРТ,,к.н.
Козлов З.Т.,ФЭТ,ассистент,д.н.
Семенов Ж.Р.,ФЭТ,ассистент,
Новиков Ж.Р.,ИТМО,профессор,
Лебедева Л.О.,ФУПМ,профессор,к.н.
Соколов Г.Н.,ФФ,профессор,
Кузнецов З.Т.,ФМиМ,профессор,к.н.
Семенов Л.О.,ИТМО,профессор,
Семенов М.Ю.,ИТМО,доцент,
Иванов Д.С.,ФИТ,профессор,к.н.
Морозов З.Т.,ФУПМ,доцент,д.н.
Семенов Д.С.,ФМиМ,ассистент,д.н.
Соколов А.А.,ИТМО,,д.н.
Лебедева Л.О.,ФРТ,профессор,к.н.
Соколов М.Ю.,ИТМО,,
Морозов З.Т.,ФЭТ,доцент,к.н.
Соколов Г.Н.,ФФ,,
Кузнецов В.И.,ФМиЕН,ассистент,к.н.
Морозов К.М.,ФИТ,ассистент,
Егоров З.Т.,ФУПМ,доцент,
Соколов Д.С.,ФИТ,ассистент,к.н.
Иванов З.Т.,ИТМО,доцент,д.н.
Волков З.Т.,ФИВТ,,д.н.
Волков М.Ю.,ФИВТ,доцент,
Егоров Г.Н.,ФМиМ,ассистент,д.н.
Кузнецов И.К.,ФЭТ,ассистент,к.н.
Алексеев В.И.,ФРТ,доцент,
Соколов И.К.,ФМиМ,профессор,
Попов В.И.,ФИВТ,профессор,д.н.
Морозов Д.С.,ФУПМ,ассистент,
Смирнов Б.В.,ФПМИ,доцент,д.н.
Волков А.А.,ФПМИ,,д.н.
Семенов Г.Н.,ФМиМ,,к.н.
Лебедева И.К.,ФФ,,
Морозов К.М.,ФПМИ,доцент,д.н.
Волков Е.П.,ФПМИ,ассистент,к.н.
Смирнов К.М.,ФУПМ,профессор,д.н.
Алексеев М.Ю.,ФИВТ,профессор,к.н.
Петров Б.В.,ФУПМ,профессор,
Лебедев Е.П.,ФРТ,профессор,д.н.
Соколов Ж.Р.,ФИВТ,профессор,д.н.
Егоров Е.П.,ФФ,доцент,д.н.
Новиков З.Т.,ФИВТ,доцент,
Новиков Ж.Р.,ФИВТ,доцент,д.н.
Сидоров В.И.,ФУПМ,ассистент,
Смирнов Д.С.,ФЭТ,доцент,к.н.
Алексеев К.М.,ФУПМ,доцент,
Волков И.К.,ФПМИ,ассистент,д.н.
Попов Л.О.,ФПМИ,профессор,д.н.
Лебедева Б.В.,ФПМИ,,к.н.
Егоров М.Ю.,ФЭТ,,к.н.
Волков Л.О.,ФЭТ,профессор,
Волков Г.Н.,ИТМО,доцент,
Кузнецов Е.П.,ФЭТ,ассистент,к.н.
Козлов А.А.,ФУПМ,профессор,д.н.
Смирнов И.К.,ФРТ,доцент,д.н.
Соколов З.Т.,ФИТ,доцент,к.н.
Козлов Б.В.,ФФ,,д.н.
Попов Ж.Р.,ФПМИ,ассистент,д.н.
Сидоров В.И.,ФИВТ,доцент,к.н.
Иванов В.И.,ФМиМ,профессор,д.н.
Соколов А.А.,ФПМИ,доцент,д.н.
Сидоров Д.С.,ФПМИ,ассистент,к.н.
Сидоров М.Ю.,ФИВТ,ассистент,к.н.
Сидоров Ж.Р.,ФИТ,ассистент,д.н.
Соколов Л.О.,ФМиЕН,ассистент,
Попов З.Т.,ФУПМ,ассистент,к.н.
Козлов В.И.,ФФ,,д.н.
Козлов К.М.,ФИТ,доцент,к.н.
Лебедева Д.С.,ФМиЕН,,
Козлов Д.С.,ФИТ,ассистент,к.н.
Лебедева Б.В.,ФМиМ,ассистент,д.н.
Новиков Е.П.,ФИВТ,ассистент,
Морозов Л.О.,ФФ,,к.н.
Алексеев Г.Н.,ФУПМ,,
Алексеев Д.С.,ФМиМ,доцент,к.н.
Соколов Д.С.,ФПМИ,,
Козлов Г.Н.,ФФ,ассистент,
Соколов К.М.,ФПМИ,ассистент,д.н.
Попов В.И.,ФИТ,,к.н.
Семенов К.М.,ФФ,доцент,
Семенов Ж.Р.,ФИВТ,,
Лебедев Б.В.,ФФ,,
Новиков Л.О.,ФМиЕН,,д.н.
Сидоров А.А.,ФУПМ,профессор,
Алексеев М.Ю.,ИТМО,доцент,
Кузнецов З.Т.,ФЭТ,доцент,к.н.
Иванов М.Ю.,ФУПМ,доцент,д.н.
Егоров Г.Н.,ФМиМ,,к.н.
Новиков Л.О.,ФПМИ,доцент,д.н.
Лебедева Б.В.,ФФ,,к.н.
Козлов З.Т.,ФРТ,,к.н.
Лебедев Л.О.,ФРТ,доцент,д.н.
Иванов Г.Н.,ФИТ,доцент,
Лебедева З.Т.,ФМиЕН,профессор,д.н.
Лебедев В.И.,ФФ,ассистент,д.н.
Смирнов И.К.,ИТМО,доцент,д.н.
Лебедев В.И.,ФУПМ,доцент,д.н.
Новиков Ж.Р.,ФРТ,,
Попов Ж.Р.,ИТМО,ассистент,к.н.
Соколов И.К.,ФФ,доцент,к.н.
Петров Ж.Р.,ФРТ,ассистент,к.н.
Семенов А.А.,ФИВТ,ассистент,
Иванов Г.Н.,ФПМИ,доцент,к.н.
Лебедева М.Ю.,ФФ,ассистент,д.н.
Лебедева Д.С.,ФУПМ,профессор,
Волков В.И.,ФФ,ассистент,
Смирнов А.А.,ФРТ,ассистент,д.н.
Алексеев В.И.,ФИТ,,
Новиков А.А.,ФЭТ,,к.н.
Семенов А.А.,ФМиЕН,ассистент,
Иванов Д.С.,ФИВТ,,к.н.
Новиков Б.В.,ФРТ,доцент,
Кузнецов Г.Н.,ФИВТ,профессор,д.н.
Волков В.И.,ИТМО,ассистент,к.н.
Волков Г.Н.,ФУПМ,ассистент,д.н.
Лебедев З.Т.,ФМиМ,ассистент,
Волков Ж.Р.,ФРТ,доцент,к.н.
Лебедев З.Т.,ФМиМ,доцент,д.н.
Новиков А.А.,ФИТ,доцент,к.н.
Попов К.М.,ИТМО,ассистент,д.н.
Егоров Г.Н.,ФФ,,д.н.
Попов Г.Н.,ФИТ,ассистент,
Лебедева И.К.,ФМиЕН,доцент,к.н.
Смирнов Б.В.,ФПМИ,профессор,д.н.
Семенов Д.С.,ФРТ,ассистент,к.н.
Сидоров И.К.,ИТМО,,к.н.
Новиков Д.С.,ФИВТ,доцент,
Кузнецов В.И.,ФИТ,доцент,к.н.
Сидоров К.М.,ФИТ,профессор,к.н.
Семенов Г.Н.,ФМиЕН,доцент,д.н.
Новиков М.Ю.,ФРТ,ассистент,
Сидоров З.Т.,ФФ,,д.н.
Лебедева Ж.Р.,ФМиЕН,ассистент,д.н.
Новиков К.М.,ФФ,,д.н.
Иванов Л.О.,ФРТ,доцент,
Иванов Е.П.,ФУПМ,профессор,
Лебедева Е.П.,ИТМО,доцент,
Иванов Л.О.,ФУПМ,доцент,д.н.
Соколов К.М.,ФМиМ,доцент,к.н.
Новиков Д.С.,ФРТ,доцент,к.н.
Лебедев Д.С.,ИТМО,,к.н.
Попов В.И.,ФУПМ,доцент,д.н.
Лебедев Б.В.,ФУПМ,,д.н.
Алексеев З.Т.,ФФ,доцент,к.н.
Соколов Г.Н.,ИТМО,доцент,
Сидоров З.Т.,ФФ,доцент,
Сидоров К.М.,ФМиМ,профессор,к.н.
Егоров Б.В.,ФЭТ,доцент,
Лебедев В.И.,ФФ,доцент,д.н.
Смирнов А.А.,ФПМИ,ассистент,к.н.
Новиков Г.Н.,ФИТ,ассистент,д.н.
Попов М.Ю.,ФУПМ,,
Козлов Л.О.,ФИВТ,профессор,к.н.
Лебедев Ж.Р.,ФЭТ,ассистент,
Иванов Г.Н.,ФРТ,,к.н.
Новиков М.Ю.,ФРТ,профессор,к.н.
Иванов И.К.,ФМиЕН,,к.н.
Лебедева З.Т.,ИТМО,доцент,д.н.
Иванов И.К.,ИТМО,доцент,
Лебедева З.Т.,ФПМИ,,
Кузнецов И.К.,ФРТ,ассистент,к.н.
Иванов Л.О.,ФИВТ,,к.н.
Лебедев А.А.,ФРТ,профессор,д.н.
Новиков З.Т.,ФМиМ,доцент,д.н.
Алексеев А.А.,ФМиЕН,,д.н.
Смирнов З.Т.,ФПМИ,профессор,к.н.
Лебедев И.К.,ФЭТ,доцент,к.н.
Семенов Ж.Р.,ИТМО,доцент,к.н.
Лебедева И.К.,ФПМИ,доцент,д.н.
Волков И.К.,ФЭТ,профессор,д.н.
Морозов Г.Н.,ФУПМ,профессор,
Соколов Л.О.,ФЭТ,ассистент,к.н.
Семенов Д.С.,ИТМО,доцент,
Попов Б.В.,ФУПМ,профессор,к.н.
Смирнов Д.С.,ФМиМ,доцент,д.н.
Егоров З.Т.,ФЭТ,,
Сидоров Д.С.,ИТМО,доцент,д.н.
Лебедева В.И.,ИТМО,,к.н.
Семенов К.М.,ФФ,,
Попов К.М.,ФЭТ,ассистент,к.н.
Петров К.М.,ФМиМ,ассистент,д.н.
Морозов М.Ю.,ФФ,,д.н.
Лебедева Ж.Р.,ФПМИ,доцент,к.н.
Соколов Ж.Р.,ФУПМ,профессор,к.н.
Смирнов Ж.Р.,ФМиМ,доцент,
Семенов И.К.,ФИВТ,профессор,
Соколов А.А.,ФПМИ,профессор,к.н.
Смирнов В.И.,ИТМО,,
Петров К.М.,ИТМО,,д.н.
Лебедева Ж.Р.,ФМиЕН,профессор,д.н.
Морозов А.А.,ФЭТ,,
Козлов М.Ю.,ФПМИ,ассистент,
Козлов Ж.Р.,ИТМО,,д.н.
Егоров К.М.,ФИВТ,ассистент,д.н.
Егоров Д.С.,ФПМИ,ассистент,
Новиков Б.В.,ФЭТ,,
Сидоров А.А.,ФФ,,к.н.
Соколов К.М.,ФФ,ассистент,к.н.
Алексеев З.Т.,ФМиЕН,доцент,
Егоров Д.С.,ФИТ,профессор,д.н.
Новиков Г.Н.,ФИВТ,профессор,
Кузнецов К.М.,ФЭТ,профессор,д.н.
Попов Е.П.,ФУПМ,ассистент,д.н.
Волков И.К.,ФПМИ,доцент,д.н.
Алексеев Е.П.,ФМиМ,ассистент,к.н.
Смирнов З.Т.,ИТМО,,
Петров З.Т.,ФМиМ,ассистент,к.н.
Лебедева Б.В.,ФФ,доцент,
Кузнецов З.Т.,ФИВТ,ассистент,
Лебедева И.К.,ФФ,доцент,
Алексеев Ж.Р.,ИТМО,доцент,
Лебедев И.К.,ИТМО,,к.н.
Козлов Д.С.,ФУПМ,профессор,д.н.
Семенов Л.О.,ФУПМ,ассистент,д.н.
Петров Ж.Р.,ФМиЕН,профессор,к.н.
Попов И.К.,ФМиЕН,доцент,д.н.
Смирнов Ж.Р.,ФПМИ,ассистент,д.н.
Сидоров Д.С.,ФИТ,профессор,
Семенов И.К.,ФИТ,доцент,к.н.
Смирнов Д.С.,ФЭТ,доцент,
Семенов Е.П.,ФПМИ,доцент,к.н.
Волков Г.Н.,ФЭТ,профессор,
Семенов Е.П.,ФУПМ,,к.н.
Смирнов В.И.,ФИТ,профессор,
Морозов Д.С.,ФИВТ,доцент,д.н.
Кузнецов З.Т.,ИТМО,,к.н.
Лебедева И.К.,ФЭТ,доцент,д.н.
Кузнецов Ж.Р.,ФИТ,ассистент,
Лебедева В.И.,ФПМИ,профессор,к.н.
Кузнецов Д.С.,ФУПМ,,
Попов В.И.,ФИВТ,,д.н.
Соколов Б.В.,ФРТ,профессор,
Семенов Д.С.,ФЭТ,ассистент,
Егоров З.Т.,ФМиМ,ассистент,д.н.
Петров Д.С.,ФУПМ,доцент,к.н.
Смирнов Б.В.,ФИВТ,доцент,к.н.
Смирнов Л.О.,ФФ,,
Егоров К.М.,ФМиМ,ассистент,к.н.
Сидоров Д.С.,ФРТ,ассистент,к.н.
Лебедев Е.П.,ФМиЕН,ассистент,к.н.
Козлов И.К.,ФПМИ,профессор,
Кузнецов А.А.,ФЭТ,ассистент,д.н.
Новиков К.М.,ИТМО,ассистент,к.н.
Иванов М.Ю.,ФМиЕН,доцент,
Иванов К.М.,ФФ,доцент,д.н.
Иванов Д.С.,ФПМИ,доцент,д.н.
Кузнецов Д.С.,ФМиМ,профессор,д.н.
Козлов М.Ю.,ФИТ,ассистент,к.н.
Семенов Ж.Р.,ФИТ,,
Сидоров И.К.,ИТМО,,к.н.
Волков И.К.,ФИВТ,профессор,
Новиков И.К.,ФФ,,д.н.
Морозов Б.В.,ФМиМ,доцент,д.н.
Кузнецов Л.О.,ФИВТ,доцент,
Попов К.М.,ФРТ,,д.н.
Смирнов А.А.,ФУПМ,профессор,д.н.
Егоров В.И.,ФИТ,профессор,
Кузнецов З.Т.,ФПМИ,доцент,д.н.
Смирнов Г.Н.,ФФ,ассистент,к.н.
Лебедев З.Т.,ФМиЕН,доцент,д.н.
Иванов З.Т.,ФФ,ассистент,к.н.
Петров В.И.,ФЭТ,,д.н.
Егоров Е.П.,ФМиМ,,
Петров А.А.,ФПМИ,доцент,д.н.
Волков К.М.,ФМиМ,профессор,д.н.
Петров Ж.Р.,ФМиМ,ассистент,
Новиков В.И.,ФРТ,,
Петров Л.О.,ФУПМ,,д.н.
Морозов Г.Н.,ФРТ,доцент,к.н.
Егоров З.Т.,ФЭТ,ассистент,к.н.
Смирнов И.К.,ФФ,,д.н.
Попов Д.С.,ФИТ,профессор,
Семенов Л.О.,ИТМО,ассистент,д.н.
Смирнов Е.П.,ФМиЕН,ассистент,к.н.
Новиков Ж.Р.,ФМиМ,профессор,
Козлов А.А.,ФМиМ,профессор,д.н.
Козлов З.Т.,ФМиМ,профессор,
Попов К.М.,ФФ,доцент,к.н.
Козлов Г.Н.,ФИТ,,
Семенов К.М.,ФЭТ,ассистент,
Соколов Б.В.,ФРТ,ассистент,
Сидоров З.Т.,ФРТ,ассистент,д.н.
Семенов К.М.,ФИТ,профессор,
Петров И.К.,ИТМО,ассистент,д.н.
Лебедева К.М.,ФИТ,ассистент,к.н.
Алексеев Ж.Р.,ФРТ,,д.н.
Смирнов Б.В.,ФЭТ,доцент,д.н.
Лебедева Ж.Р.,ФИТ,доцент,к.н.
Сидоров В.И.,ИТМО,профессор,
Попов Д.С.,ФРТ,,
Морозов К.М.,ФФ,доцент,к.н.
Попов Е.П.,ФРТ,,к.н.
Лебедев Е.П.,ФИТ,ассистент,к.н.
Попов А.А.,ФИТ,профессор,к.н.
Лебедев К.М.,ФИТ,доцент,
Морозов К.М.,ФФ,доцент,
Семенов Б.В.,ФИТ,ассистент,д.н.
Петров К.М.,ФЭТ,,д.н.
Сидоров А.А.,ФФ,ассистент,к.н.
Новиков З.Т.,ФЭТ,ассистент,д.н.
Сидоров Е.П.,ФМиЕН,,
Новиков Е.П.,ФИТ,доцент,к.н.
Семенов Г.Н.,ФЭТ,профессор,к.н.
Новиков Д.С.,ФУПМ,ассистент,к.н.
Иванов В.И.,ФМиЕН,доцент,
Сидоров А.А.,ФПМИ,,
Лебедева К.М.,ФИТ,,
Егоров В.И.,ФФ,профессор,д.н.
Лебедев М.Ю.,ФИТ,профессор,
Морозов З.Т.,ФПМИ,ассистент,
Петров Д.С.,ФМиЕН,профессор,д.н.
Сидоров Д.С.,ФИТ,доцент,к.н.
Соколов Е.П.,ФУПМ,профессор,
Семенов Ж.Р.,ФРТ,,д.н.
Петров К.М.,ФПМИ,доцент,к.н.
Волков З.Т.,ФИВТ,ассистент,д.н.
Егоров З.Т.,ФИТ,профессор,
Алексеев Г.Н.,ФРТ,ассистент,д.н.
Алексеев А.А.,ФЭТ,ассистент,к.н.
Кузнецов В.И.,ФИВТ,профессор,к.н.
Смирнов В.И.,ФМиЕН,доцент,к.н.
Петров Е.П.,ФЭТ,,
Семенов Д.С.,ФИТ,,
Сидоров И.К.,ФИВТ,ассистент,к.н.
Кузнецов Л.О.,ИТМО,ассистент,
Смирнов Г.Н.,ФРТ,профессор,д.н.
Козлов Д.С.,ФИВТ,доцент,к.н.
Новиков К.М.,ФИВТ,доцент,д.н.
Волков З.Т.,ФМиЕН,ассистент,д.н.
Алексеев М.Ю.,ФПМИ,ассистент,
Сидоров Д.С.,ФМиМ,доцент,д.н.
Попов Г.Н.,ИТМО,,к.н.
Новиков Г.Н.,ФПМИ,,к.н.
Петров М.Ю.,ФМиЕН,доцент,
Алексеев З.Т.,ФФ,ассистент,
Попов М.Ю.,ИТМО,профессор,д.н.
Козлов З.Т.,ИТМО,профессор,д.н.
Сидоров Г.Н.,ИТМО,профессор,
Сидоров Б.В.,ФЭТ,,к.н.
Кузнецов К.М.,ФИВТ,доцент,д.н.
Алексеев К.М.,ФИВТ,доцент,д.н.
Егоров Г.Н.,ФПМИ,доцент,к.н.
Кузнецов З.Т.,ФЭТ,,д.н.
Козлов Б.В.,ФРТ,,к.н.
Семенов И.К.,ИТМО,доцент,
Лебедева Д.С.,ФУПМ,доцент,
Козлов В.И.,ФРТ,,к.н.
Кузнецов Ж.Р.,ФРТ,доцент,д.н.
Морозов М.Ю.,ФРТ,ассистент,к.н.
Кузнецов М.Ю.,ФУПМ,профессор,д.н.
Новиков Б.В.,ФИТ,ассистент,д.н.
Попов Г.Н.,ФУПМ,ассистент,д.н.
Лебедева И.К.,ФУПМ,профессор,д.н.
Козлов З.Т.,ФМиЕН,профессор,д.н.
Петров Д.С.,ФУПМ,ассистент,
Соколов Ж.Р.,ИТМО,,
Петров З.Т.,ФРТ,ассистент,
Лебедев Е.П.,ИТМО,профессор,
Кузнецов В.И.,ФУПМ,доцент,д.н.
Алексеев Е.П.,ФИТ,,
Лебедева Д.С.,ФИТ,профессор,д.н.
Морозов Л.О.,ФИВТ,профессор,к.н.
Семенов Д.С.,ИТМО,,
Кузнецов М.Ю.,ФИВТ,ассистент,д.н.
Волков К.М.,ФМиЕН,,д.н.
Лебедева Д.С.,ФУПМ,ассистент,д.н.
Петров Л.О.,ФФ,профессор,д.н.
Алексеев Л.О.,ФЭТ,профессор,д.н.
Петров Д.С.,ФИТ,доцент,к.н.
Иванов М.Ю.,ФРТ,,
Смирнов З.Т.,ФМиЕН,профессор,д.н.
Семенов Ж.Р.,ФИВТ,,
Алексеев Д.С.,ФУПМ,профессор,
Волков Д.С.,ФМиМ,доцент,к.н.
Кузнецов Е.П.,ФМиМ,профессор,к.н.
Новиков В.И.,ИТМО,,к.н.
Сидоров И.К.,ФИВТ,ассистент,д.н.
Алексеев Ж.Р.,ИТМО,ассистент,к.н.
Алексеев К.М.,ФФ,профессор,
Морозов Ж.Р.,ФУПМ,доцент,
Морозов В.И.,ФРТ,,д.н.
Лебедев М.Ю.,ФИТ,доцент,д.н.
Соколов Д.С.,ИТМО,,д.н.
Смирнов З.Т.,ФУПМ,профессор,д.н.
Морозов К.М.,ФПМИ,ассистент,д.н.
Козлов Г.Н.,ФПМИ,,
Сидоров Л.О.,ФИТ,,д.н.
Новиков Е.П.,ФМиЕН,ассистент,д.н.
Алексеев А.А.,ФИВТ,профессор,д.н.
Алексеев Б.В.,ФИВТ,профессор,д.н.
Петров Д.С.,ФМиЕН,ассистент,д.н.
Иванов З.Т.,ФПМИ,профессор,
Козлов Д.С.,ФПМИ,доцент,
Лебедева Г.Н.,ФПМИ,доцент,
Алексеев Е.П.,ФУПМ,ассистент,
Морозов К.М.,ФПМИ,ассистент,к.н.
Лебедев Л.О.,ИТМО,,д.н.
Петров И.К.,ФМиМ,,
Козлов В.И.,ФИТ,доцент,к.н.
Иванов И.К.,ФРТ,профессор,к.н.
Смирнов Е.П.,ФУПМ,,
Кузнецов Д.С.,ФЭТ,ассистент,д.н.
Иванов Б.В.,ФПМИ,,д.н.
Волков Б.В.,ФФ,доцент,к.н.
Алексеев М.Ю.,ФУПМ,ассистент,к.н.
Кузнецов М.Ю.,ФМиЕН,ассистент,
Лебедева М.Ю.,ФМиЕН,,д.н.
Морозов М.Ю.,ИТМО,профессор,д.н.
Лебедева Е.П.,ФФ,профессор,
Иванов Ж.Р.,ФРТ,ассистент,к.н.
Лебедев Д.С.,ФМиЕН,доцент,
Петров Г.Н.,ФФ,ассистент,д.н.
Лебедева А.А.,ФИТ,профессор,
Морозов К.М.,ФМиЕН,доцент,к.н.
Морозов Г.Н.,ФПМИ,,д.н.
Петров Б.В.,ФФ,ассистент,
Лебедев Б.В.,ФЭТ,доцент,д.н.
Алексеев Е.П.,ФИТ,профессор,д.н.
Соколов А.А.,ФИВТ,,д.н.
Лебедева И.К.,ФРТ,ассистент,к.н.
Морозов Б.В.,ФМиЕН,доцент,д.н.
Морозов Е.П.,ФРТ,ассистент,д.н.
Лебедева М.Ю.,ФМиМ,ассистент,к.н.
Соколов З.Т.,ФМиМ,ассистент,д.н.
Егоров Г.Н.,ФФ,профессор,к.н.
Алексеев К.М.,ФИВТ,профессор,
Новиков З.Т.,ФФ,ассистент,к.н.
Новиков З.Т.,ИТМО,,к.н.
Новиков Д.С.,ФФ,доцент,д.н.
Алексеев Л.О.,ФФ,профессор,к.н.
Козлов Е.П.,ФЭТ,ассистент,к.н.
Лебедев М.Ю.,ФУПМ,ассистент,д.н.
Волков А.А.,ИТМО,,к.н.
Сидоров Д.С.,ИТМО,доцент,
Сидоров Д.С.,ФЭТ,ассистент,
Сидоров А.А.,ФМиМ,ассистент,к.н.
Егоров Д.С.,ФУПМ,,к.н.
Сидоров Ж.Р.,ФИТ,доцент,
Сидоров А.А.,ИТМО,ассистент,
Лебедев Б.В.,ФЭТ,доцент,д.н.
Новиков Б.В.,ФМиМ,профессор,д.н.
Козлов И.К.,ФЭТ,доцент,д.н.
Алексеев Д.С.,ФИВТ,доцент,д.н.
Семенов В.И.,ФМиМ,доцент,д.н.
Семенов З.Т.,ФРТ,профессор,
Сидоров Г.Н.,ФФ,,д.н.
Волков В.И.,ФФ,доцент,д.н.
Морозов А.А.,ФПМИ,доцент,д.н.
Семенов М.Ю.,ИТМО,ассистент,
Морозов Д.С.,ФЭТ,доцент,к.н.
Лебедева З.Т.,ФЭТ,профессор,
Соколов Е.П.,ФЭТ,,
Петров М.Ю.,ФЭТ,доцент,
Попов И.К.,ИТМО,,
Козлов Л.О.,ФМиЕН,,к.н.
Соколов З.Т.,ИТМО,доцент,д.н.
Алексеев И.К.,ФИТ,,
Новиков Л.О.,ФФ,доцент,к.н.
Семенов А.А.,ФМиЕН,профессор,
Соколов М.Ю.,ФИТ,доцент,
Смирнов М.Ю.,ФЭТ,ассистент,д.н.
Козлов И.К.,ФФ,,к.н.
Кузнецов Д.С.,ФЭТ,ассистент,к.н.
Егоров В.И.,ФЭТ,ассистент,д.н.
Лебедев Ж.Р.,ФФ,доцент,
Лебедев Л.О.,ФУПМ,,к.н.
Морозов Б.В.,ФФ,профессор,к.н.
Петров Б.В.,ФИВТ,ассистент,к.н.
Сидоров Л.О.,ФИВТ,доцент,к.н.
Смирнов М.Ю.,ФМиЕН,доцент,к.н.
Морозов Б.В.,ФПМИ,профессор,к.н.
Лебедев В.И.,ФИТ,доцент,
Петров Е.П.,ФУПМ,,
Иванов Е.П.,ФФ,доцент,к.н.
Новиков Г.Н.,ФМиМ,доцент,д.н.
Кузнецов И.К.,ИТМО,ассистент,д.н.
Соколов Б.В.,ФЭТ,,д.н.
Новиков М.Ю.,ИТМО,ассистент,д.н.
Лебедева З.Т.,ФРТ,профессор,
Семенов А.А.,ФПМИ,ассистент,д.н.
Кузнецов Л.О.,ИТМО,ассистент,д.н.
Алексеев М.Ю.,ФЭТ,доцент,к.н.
Попов В.И.,ФМиЕН,,
Смирнов З.Т.,ФМиЕН,,
Соколов Б.В.,ИТМО,ассистент,д.н.
Соколов Е.П.,ФФ,доцент,к.н.
Семенов Е.П.,ФФ,ассистент,
Иванов Л.О.,ФРТ,ассистент,к.н.
Иванов Ж.Р.,ФФ,,
Иванов М.Ю.,ФРТ,доцент,
Кузнецов Д.С.,ФИТ,доцент,к.н.
Алексеев Л.О.,ФУПМ,профессор,к.н.
Егоров М.Ю.,ФИВТ,доцент,к.н.
Петров Л.О.,ФПМИ,профессор,
Петров Б.В.,ФМиЕН,,д.н.
Лебедева Л.О.,ФИТ,доцент,
Лебедев Ж.Р.,ФИВТ,,к.н.
Иванов З.Т.,ФМиЕН,профессор,д.н.
Алексеев Д.С.,ФМиМ,профессор,д.н.
Морозов З.Т.,ИТМО,ассистент,д.н.
Иванов К.М.,ФПМИ,профессор,д.н.
Кузнецов М.Ю.,ФИТ,доцент,
Попов И.К.,ФМиМ,доцент,к.н.
Кузнецов И.К.,ФРТ,доцент,
Новиков Е.П.,ФМиЕН,профессор,
Смирнов Д.С.,ФМиЕН,,д.н.
Алексеев Л.О.,ФФ,,
Егоров Д.С.,ФРТ,профессор,к.н.
Новиков З.Т.,ФПМИ,профессор,к.н.
Сидоров М.Ю.,ФФ,доцент,д.н.
Егоров М.Ю.,ФРТ,доцент,к.н.
Новиков И.К.,ФИВТ,,д.н.
Алексеев Л.О.,ИТМО,профессор,д.н.
Алексеев К.М.,ФИВТ,профессор,к.н.
Козлов В.И.,ФУПМ,,
Семенов Г.Н.,ФМиЕН,ассистент,
Новиков И.К.,ФУПМ,доцент,
Козлов З.Т.,ФЭТ,,
Сидоров К.М.,ФУПМ,доцент,
Егоров Б.В.,ИТМО,ассистент,к.н.
Новиков Л.О.,ФФ,профессор,
Соколов А.А.,ФИВТ,доцент,к.н.
Новиков И.К.,ФМиЕН,,д.н.
Сидоров Ж.Р.,ФЭТ,профессор,
Соколов Е.П.,ФПМИ,профессор,к.н.
Алексеев А.А.,ФПМИ,ассистент,
Лебедева Б.В.,ФМиЕН,,к.н.
Козлов Б.В.,ФУПМ,ассистент,
Кузнецов А.А.,ФИВТ,ассистент,к.н.
Волков А.А.,ФУПМ,профессор,к.н.
Смирнов А.А.,ФМиЕН,доцент,д.н.
Попов Г.Н.,ФМиЕН,доцент,
Лебедев Б.В.,ФУПМ,профессор,
Соколов Г.Н.,ФЭТ,профессор,к.н.
Попов Г.Н.,ФЭТ,доцент,
Сидоров В.И.,ФФ,доцент,к.н.
Козлов Д.С.,ФЭТ,доцент,д.н.
Алексеев Г.Н.,ФИВТ,профессор,д.н.
Соколов А.А.,ИТМО,профессор,д.н.
Смирнов Ж.Р.,ИТМО,ассистент,д.н.
Алексеев М.Ю.,ФЭТ,доцент,
Смирнов Б.В.,ФЭТ,профессор,к.н.
Попов Б.В.,ФРТ,профессор,к.н.
Лебедева К.М.,ФЭТ,ассистент,д.н.
Попов Е.П.,ФФ,профессор,
Новиков Г.Н.,ИТМО,,
Козлов В.И.,ФИТ,доцент,к.н.
Новиков Е.П.,ФИТ,профессор,д.н.
Лебедев М.Ю.,ФИТ,,д.н.
Петров З.Т.,ФМиЕН,,к.н.
Кузнецов З.Т.,ФПМИ,ассистент,к.н.
Морозов Д.С.,ФЭТ,ассистент,
Петров Г.Н.,ФРТ,доцент,к.н.
Егоров З.Т.,ФМиЕН,доцент,
Егоров И.К.,ФИТ,профессор,к.н.
Егоров К.М.,ФРТ,профессор,
Соколов Л.О.,ФРТ,ассистент,к.н.
Петров Г.Н.,ФИВТ,ассистент,д.н.
Алексеев Б.В.,ФИТ,,д.н.
Сидоров Д.С.,ФУПМ,,к.н.
Петров Г.Н.,ИТМО,,
Кузнецов Л.О.,ФЭТ,доцент,
Новиков Е.П.,ФПМИ,профессор,
Морозов Л.О.,ФМиЕН,профессор,д.н.
Кузнецов Г.Н.,ФЭТ,профессор,к.н.
Соколов И.К.,ФУПМ,ассистент,д.н.
Козлов Д.С.,ФМиМ,доцент,к.н.
Иванов В.И.,ФЭТ,,д.н.
Смирнов Л.О.,ФМиМ,ассистент,д.н.
Морозов Ж.Р.,ФПМИ,профессор,д.н.
Лебедева А.А.,ФИТ,,
Семенов К.М.,ФИТ,ассистент,к.н.
Козлов И.К.,ФУПМ,профессор,к.н.
Семенов Г.Н.,ФМиМ,ассистент,к.н.
Попов Б.В.,ФЭТ,,к.н.
Кузнецов Г.Н.,ФИВТ,ассистент,
Смирнов Е.П.,ФМиМ,,к.н.
Егоров Ж.Р.,ФПМИ,профессор,
Сидоров И.К.,ФФ,,к.н.
Соколов В.И.,ФПМИ,доцент,
Лебедева Г.Н.,ФМиЕН,ассистент,к.н.
Кузнецов Ж.Р.,ФМиМ,профессор,д.н.
Семенов И.К.,ФПМИ,,к.н.
Попов Е.П.,ИТМО,доцент,к.н.
Лебедева Л.О.,ФФ,ассистент,
Иванов К.М.,ФРТ,доцент,д.н.
Смирнов Л.О.,ФУПМ,ассистент,к.н.
Егоров И.К.,ФРТ,доцент,
Волков Г.Н.,ФИВТ,,к.н.
Семенов Г.Н.,ФМиМ,,
Лебедев З.Т.,ФПМИ,ассистент,к.н.
Лебедева А.А.,ИТМО,ассистент,
Алексеев Б.В.,ФФ,профессор,д.н.
Иванов М.Ю.,ФМиЕН,доцент,
Семенов Б.В.,ФИТ,профессор,
Новиков А.А.,ФМиЕН,профессор,к.н.
Морозов Ж.Р.,ИТМО,профессор,
Морозов Е.П.,ФМиЕН,,д.н.
Новиков З.Т.,ФИТ,ассистент,
Лебедева Е.П.,ФПМИ,,д.н.
Егоров Б.В.,ФРТ,доцент,д.н.
Смирнов Е.П.,ФРТ,,д.н.
Морозов К.М.,ФЭТ,ассистент,к.н.
Новиков В.И.,ФИТ,профессор,
Егоров Г.Н.,ФИВТ,доцент,
Лебедев Г.Н.,ФУПМ,профессор,
Морозов Ж.Р.,ФМиЕН,ассистент,к.н.
Соколов Г.Н.,ФИВТ,профессор,
Кузнецов И.К.,ИТМО,ассистент,д.н.
Кузнецов Г.Н.,ФЭТ,ассистент,д.н.
Новиков В.И.,ФПМИ,профессор,д.н.
Попов А.А.,ФРТ,ассистент,к.н.
Новиков Л.О.,ФУПМ,ассистент,к.н.
Смирнов Ж.Р.,ФЭТ,профессор,к.н.
Семенов Л.О.,ФМиЕН,профессор,к.н.
Волков Ж.Р.,ФУПМ,,
Кузнецов З.Т.,ФРТ,ассистент,к.н.
Кузнецов Ж.Р.,ФИТ,доцент,д.н.
Кузнецов Л.О.,ФПМИ,доцент,д.н.
Кузнецов Ж.Р.,ФМиЕН,,к.н.
Смирнов И.К.,ФРТ,доцент,к.н.
Лебедев Е.П.,ФЭТ,ассистент,к.н.
Волков Е.П.,ФЭТ,профессор,к.н.
Попов Л.О.,ФИТ,профессор,
Лебедева Д.С.,ФПМИ,ассистент,
Попов В.И.,ФИТ,,
Волков И.К.,ФИВТ,доцент,д.н.
Сидоров И.К.,ФИВТ,профессор,д.н.
Лебедева Д.С.,ФПМИ,ассистент,д.н.
Смирнов Б.В.,ФПМИ,,
Смирнов Ж.Р.,ФИТ,,к.н.
Попов Е.П.,ФИВТ,ассистент,д.н.
Попов З.Т.,ФРТ,,
Волков Б.В.,ФРТ,доцент,д.н.
Лебедев В.И.,ФФ,ассистент,
Семенов А.А.,ФЭТ,профессор,к.н.
Морозов К.М.,ФУПМ,,
Кузнецов Е.П.,ФМиМ,ассистент,к.н.
Егоров Г.Н.,ФРТ,профессор,
Кузнецов Б.В.,ФФ,профессор,д.н.
Егоров Б.В.,ФИВТ,ассистент,д.н.
Морозов М.Ю.,ФУПМ,доцент,к.н.
Соколов Б.В.,ФИВТ,ассистент,
Козлов З.Т.,ФМиЕН,,к.н.
Соколов Д.С.,ФПМИ,доцент,д.н.
Новиков Ж.Р.,ФМиЕН,доцент,
Козлов Л.О.,ФУПМ,профессор,
Сидоров З.Т.,ФИТ,,
Иванов З.Т.,ФЭТ,профессор,к.н.
Новиков В.И.,ФИВТ,,д.н.
Лебедева Е.П.,ФРТ,ассистент,к.н.
Лебедева М.Ю.,ФЭТ,профессор,к.н.
Кузнецов З.Т.,ФМиЕН,профессор,
Лебедева Д.С.,ФМиЕН,,
Кузнецов А.А.,ФМиЕН,доцент,д.н.
Егоров Г.Н.,ФМиМ,профессор,
Новиков Г.Н.,ФИТ,доцент,
Морозов Г.Н.,ИТМО,доцент,д.н.
Лебедев Б.В.,ФМиМ,,к.н.
Алексеев М.Ю.,ФФ,ассистент,к.н.
Соколов Б.В.,ФРТ,профессор,к.н.
Смирнов М.Ю.,ФПМИ,профессор,
Волков М.Ю.,ФФ,профессор,к.н.
Иванов Б.В.,ФИТ,профессор,
Попов З.Т.,ФМиЕН,профессор,д.н.
Волков К.М.,ФЭТ,ассистент,д.н.
Егоров Ж.Р.,ИТМО,профессор,к.н.
Лебедев Ж.Р.,ФИВТ,доцент,к.н.
Петров Е.П.,ИТМО,ассистент,д.н.
Новиков В.И.,ФЭТ,профессор,
Лебедева З.Т.,ФФ,профессор,
Новиков Е.П.,ФИТ,,к.н.
Егоров Д.С.,ФУПМ,ассистент,д.н.
Попов М.Ю.,ФИТ,профессор,д.н.
Новиков З.Т.,ФФ,доцент,д.н.
Соколов Г.Н.,ФМиЕН,ассистент,д.н.
Семенов К.М.,ИТМО,профессор,к.н.
Семенов А.А.,ФПМИ,профессор,д.н.
Попов Г.Н.,ФФ,,д.н.
Лебедева А.А.,ФИВТ,,
Семенов Б.В.,ФФ,профессор,к.н.
Лебедев В.И.,ФМиМ,ассистент,д.н.
Соколов Д.С.,ФЭТ,,д.н.
Петров А.А.,ФРТ,доцент,д.н.
Соколов И.К.,ФИВТ,,
Смирнов К.М.,ФРТ,профессор,д.н.
Лебедев Е.П.,ФИВТ,профессор,д.н.
Лебедев Б.В.,ФЭТ,профессор,д.н.
Морозов Е.П.,ФИТ,профессор,д.н.
Морозов К.М.,ФМиЕН,доцент,к.н.
Смирнов Д.С.,ФПМИ,,к.н.
Иванов Б.В.,ИТМО,ассистент,д.н.
Смирнов Ж.Р.,ФИТ,,д.н.
Кузнецов Е.П.,ИТМО,доцент,
Лебедева Д.С.,ФМиЕН,ассистент,к.н.
Морозов Л.О.,ФПМИ,,
Морозов Л.О.,ФМиМ,,к.н.
Сидоров Л.О.,ФРТ,,д.н.
Волков Л.О.,ФФ,доцент,
Лебедева М.Ю.,ФФ,ассистент,
Петров Л.О.,ФФ,профессор,д.н.
Козлов В.И.,ФФ,профессор,д.н.
Семенов Ж.Р.,ФМиМ,,к.н.
Лебедева Ж.Р.,ФУПМ,профессор,д.н.
Петров Г.Н.,ФФ,,д.н.
Петров Л.О.,ФУПМ,,к.н.
Семенов Е.П.,ФЭТ,ассистент,
Кузнецов В.И.,ФИВТ,профессор,
Кузнецов И.К.,ФПМИ,доцент,д.н.
Семенов В.И.,ФИТ,доцент,
Лебедев М.Ю.,ФУПМ,профессор,к.н.
Козлов М.Ю.,ФМиМ,доцент,к.н.
Сидоров З.Т.,ФПМИ,,
Лебедева И.К.,ФУПМ,,
Попов М.Ю.,ИТМО,профессор,к.н.
Лебедева М.Ю.,ФФ,ассистент,д.н.
Волков З.Т.,ФФ,доцент,
Морозов Б.В.,ФФ,профессор,д.н.
Козлов Б.В.,ФМиМ,доцент,д.н.
Козлов Е.П.,ФПМИ,профессор,к.н.
Петров Е.П.,ФИВТ,ассистент,к.н.
Семенов И.К.,ФФ,профессор,
Сидоров В.И.,ФМиЕН,,к.н.
Егоров Г.Н.,ИТМО,профессор,
Лебедев Г.Н.,ФПМИ,профессор,к.н.
Кузнецов Ж.Р.,ФПМИ,,д.н.
Новиков Е.П.,ФИВТ,ассистент,
Лебедев Б.В.,ФПМИ,профессор,
Козлов Г.Н.,ФПМИ,профессор,к.н.
Егоров З.Т.,ФИВТ,доцент,к.н.
Иванов Ж.Р.,ФМиЕН,,
Попов В.И.,ФИВТ,ассистент,к.н.
Сидоров З.Т.,ФМиЕН,доцент,
Лебедева Е.П.,ФМиЕН,профессор,
Волков Л.О.,ФЭТ,профессор,д.н.
Соколов Д.С.,ИТМО,профессор,
Новиков И.К.,ФЭТ,ассистент,д.н.
Смирнов М.Ю.,ФРТ,,
Сидоров Г.Н.,ФЭТ,доцент,к.н.
Алексеев Е.П.,ФУПМ,,д.н.
Соколов З.Т.,ФМиМ,доцент,
Алексеев Л.О.,ФЭТ,,к.н.
Егоров Д.С.,ФМиМ,,д.н.
Семенов М.Ю.,ИТМО,доцент,к.н.
Лебедева З.Т.,ИТМО,профессор,д.н.
Лебедева Г.Н.,ФУПМ,,д.н.
Алексеев М.Ю.,ИТМО,,
Егоров Г.Н.,ФИТ,доцент,к.н.
Лебедева К.М.,ФИВТ,ассистент,
Лебедев З.Т.,ФПМИ,доцент,к.н.
Соколов К.М.,ФИВТ,доцент,
Иванов Г.Н.,ФМиЕН,,к.н.
Алексеев А.А.,ИТМО,,д.н.
Морозов Г.Н.,ФМиМ,ассистент,
Волков Е.П.,ФМиЕН,,
Смирнов М.Ю.,ФМиЕН,,
Соколов М.Ю.,ФУПМ,ассистент,к.н.
Лебедев З.Т.,ФИВТ,профессор,д.н.
Кузнецов Е.П.,ФИВТ,профессор,д.н.
Смирнов З.Т.,ФИВТ,профессор,д.н.
Морозов Г.Н.,ФИТ,,д.н.
Алексеев К.М.,ФИТ,,д.н.
Петров З.Т.,ФМиМ,доцент,к.н.
Сидоров Л.О.,ФИВТ,доцент,д.н.
Сидоров Г.Н.,ФИТ,доцент,
Алексеев Е.П.,ФИТ,доцент,к.н.
Смирнов А.А.,ФПМИ,доцент,д.н.
Новиков В.И.,ФУПМ,ассистент,д.н.
Соколов К.М.,ФМиЕН,,к.н.
Лебедев А.А.,ФМиЕН,,
Козлов З.Т.,ФИТ,ассистент,д.н.
Егоров Б.В.,ИТМО,ассистент,д.н.
Алексеев Г.Н.,ФМиЕН,,
Иванов И.К.,ФПМИ,доцент,
Попов М.Ю.,ФРТ,ассистент,д.н.
Соколов Д.С.,ФУПМ,ассистент,к.н.
Иванов Л.О.,ФИВТ,ассистент,д.н.
Алексеев М.Ю.,ИТМО,ассистент,д.н.
Лебедев Г.Н.,ФИТ,,д.н.
Морозов К.М.,ФМиЕН,,д.н.
Новиков К.М.,ФРТ,ассистент,
Петров А.А.,ФИВТ,профессор,к.н.
Лебедев Е.П.,ФИТ,профессор,к.н.
Козлов В.И.,ФРТ,ассистент,д.н.
Морозов Д.С.,ФИТ,доцент,д.н.
Семенов Е.П.,ФМиЕН,,к.н.
Морозов З.Т.,ФЭТ,профессор,
Морозов А.А.,ФПМИ,доцент,
Семенов В.И.,ФИТ,ассистент,к.н.
Волков Л.О.,ФРТ,профессор,
Новиков Г.Н.,ИТМО,доцент,
Попов Л.О.,ИТМО,ассистент,д.н.
Сидоров В.И.,ФУПМ,,
Попов Е.П.,ФИВТ,ассистент,
Сидоров Л.О.,ФМиМ,профессор,д.н.
Лебедева Д.С.,ИТМО,,
Морозов В.И.,ФИВТ,профессор,к.н.
Лебедева Б.В.,ФИТ,,к.н.
Лебедев З.Т.,ФМиМ,профессор,
Попов В.И.,ФЭТ,доцент,
Семенов Л.О.,ФЭТ,ассистент,д.н.
Новиков Д.С.,ФРТ,ассистент,
Новиков З.Т.,ФИВТ,,к.н.
Кузнецов Е.П.,ФИТ,профессор,д.н.
Волков К.М.,ФУПМ,доцент,к.н.
Кузнецов А.А.,ФПМИ,доцент,к.н.
Семенов И.К.,ФИТ,ассистент,к.н.
Егоров Г.Н.,ФУПМ,,
Егоров К.М.,ФМиМ,доцент,д.н.
Петров Б.В.,ФЭТ,ассистент,к.н.
Лебедев З.Т.,ИТМО,,д.н.
Иванов Ж.Р.,ФМиМ,ассистент,к.н.
Смирнов Д.С.,ФИТ,доцент,
Соколов М.Ю.,ИТМО,доцент,
Новиков Д.С.,ФМиМ,,
Петров В.И.,ФИВТ,ассистент,
Козлов К.М.,ФУПМ,,д.н.
Новиков Б.В.,ФРТ,,д.н.
Алексеев З.Т.,ФИВТ,профессор,д.н.
Алексеев М.Ю.,ИТМО,доцент,д.н.
Лебедева И.К.,ФИВТ,,
Новиков К.М.,ФИТ,профессор,
Морозов Г.Н.,ФУПМ,,
Морозов А.А.,ФМиЕН,доцент,к.н.
Иванов З.Т.,ФЭТ,,
Козлов Б.В.,ФИВТ,доцент,
Смирнов К.М.,ИТМО,профессор,
Семенов Л.О.,ФПМИ,,к.н.
Лебедев М.Ю.,ФПМИ,ассистент,
Кузнецов К.М.,ФУПМ,ассистент,д.н.
Егоров А.А.,ФИВТ,доцент,
Козлов Е.П.,ФМиЕН,,
Новиков М.Ю.,ФИВТ,,к.н.
Новиков В.И.,ФРТ,профессор,д.н.
Егоров Л.О.,ФФ,,
Иванов И.К.,ФМиМ,ассистент,
Егоров Ж.Р.,ИТМО,профессор,к.н.
Морозов Б.В.,ФФ,ассистент,к.н.
Егоров К.М.,ФМиЕН,доцент,д.н.
Лебедева Д.С.,ИТМО,доцент,д.н.
Смирнов Л.О.,ФУПМ,ассистент,д.н.
Лебедева А.А.,ИТМО,ассистент,к.н.
Сидоров Г.Н.,ФУПМ,ассистент,д.н.
Егоров Е.П.,ФМиМ,профессор,д.н.
Иванов Л.О.,ФМиМ,профессор,д.н.
Смирнов Ж.Р.,ФМиЕН,,
Волков Г.Н.,ФРТ,профессор,к.н.
Соколов З.Т.,ФЭТ,,к.н.
Козлов Е.П.,ФМиЕН,профессор,к.н.
Кузнецов И.К.,ИТМО,доцент,
Морозов М.Ю.,ФЭТ,профессор,д.н.
Козлов Г.Н.,ФИВТ,доцент,
Иванов М.Ю.,ФМиМ,,к.н.
Волков К.М.,ФИВТ,доцент,д.н.
Лебедев В.И.,ФРТ,профессор,
Кузнецов В.И.,ФИВТ,доцент,к.н.
Петров Е.П.,ИТМО,доцент,к.н.
Лебедев Д.С.,ФИВТ,ассистент,
Петров А.А.,ФЭТ,,д.н.
Кузнецов К.М.,ИТМО,,к.н.
Иванов Д.С.,ФЭТ,доцент,
Волков К.М.,ИТМО,доцент,
Попов Б.В.,ФУПМ,,
Семенов М.Ю.,ФЭТ,доцент,д.н.
Морозов Д.С.,ИТМО,ассистент,
Лебедев Г.Н.,ФЭТ,ассистент,
Лебедева Г.Н.,ФЭТ,,
Лебедев Б.В.,ФРТ,,д.н.
Волков Е.П.,ФИТ,доцент,к.н.
Кузнецов М.Ю.,ФМиМ,доцент,к.н.
Кузнецов М.Ю.,ФФ,доцент,к.н.
Кузнецов Б.В.,ФУПМ,доцент,к.н.
Новиков Г.Н.,ФИТ,,д.н.
Семенов Д.С.,ФФ,профессор,д.н.
Козлов Ж.Р.,ФИТ,доцент,д.н.
Алексеев Б.В.,ФМиЕН,доцент,д.н.
Егоров Л.О.,ФРТ,ассистент,к.н.
Новиков И.К.,ФМиМ,профессор,
Сидоров И.К.,ФУПМ,ассистент,к.н.
Семенов И.К.,ФПМИ,,
Петров Д.С.,ФИВТ,профессор,к.н.
Морозов Л.О.,ФПМИ,ассистент,
Смирнов Б.В.,ФИВТ,доцент,к.н.
Соколов З.Т.,ИТМО,профессор,д.н.
Егоров Д.С.,ФРТ,ассистент,к.н.
Лебедева Б.В.,ФИТ,доцент,д.н.
Семенов Л.О.,ФРТ,,к.н.
Соколов М.Ю.,ФПМИ,ассистент,д.н.
Соколов Ж.Р.,ФРТ,,
Петров Д.С.,ИТМО,доцент,к.н.
Семенов З.Т.,ФФ,ассистент,
Лебедева А.А.,ФФ,ассистент,к.н.
Новиков К.М.,ФРТ,,д.н.
Волков В.И.,ФМиМ,,д.н.
Соколов А.А.,ФПМИ,ассистент,
Волков Е.П.,ФУПМ,,
Кузнецов З.Т.,ФМиЕН,ассистент,
Кузнецов К.М.,ФМиМ,ассистент,
Иванов И.К.,ФМиЕН,,
Новиков Б.В.,ФМиЕН,доцент,к.н.
Козлов Ж.Р.,ФФ,,д.н.
Волков М.Ю.,ИТМО,профессор,к.н.
Волков Г.Н.,ФИВТ,ассистент,
Егоров И.К.,ФФ,ассистент,к.н.
Смирнов И.К.,ФФ,ассистент,
Егоров Г.Н.,ФРТ,,к.н.
Козлов Г.Н.,ФИВТ,профессор,д.н.
Смирнов А.А.,ФФ,,д.н.
Лебедева З.Т.,ФИТ,ассистент,д.н.
Егоров М.Ю.,ФМиЕН,ассистент,д.н.
Семенов И.К.,ФЭТ,доцент,д.н.
Егоров Г.Н.,ФРТ,профессор,
Алексеев Д.С.,ФИВТ,доцент,д.н.
Алексеев Л.О.,ФПМИ,профессор,д.н.
Морозов Л.О.,ФИВТ,профессор,д.н.
Новиков К.М.,ФИВТ,,д.н.
Волков К.М.,ИТМО,ассистент,
Петров Г.Н.,ФМиМ,ассистент,д.н.
Алексеев З.Т.,ФФ,доцент,к.н.
Иванов Д.С.,ФМиЕН,ассистент,д.н.
Соколов Д.С.,ИТМО,ассистент,
Волков З.Т.,ФПМИ,профессор,к.н.
Волков Е.П.,ФМиЕН,,д.н.
Семенов К.М.,ФРТ,профессор,
Морозов А.А.,ФПМИ,ассистент,
Лебедева Б.В.,ФИВТ,ассистент,д.н.
Смирнов Е.П.,ФФ,,
Егоров К.М.,ФМиЕН,ассистент,
Сидоров Ж.Р.,ФИВТ,доцент,д.н.
Новиков Г.Н.,ФФ,ассистент,д.н.
Сидоров В.И.,ФФ,доцент,к.н.
Новиков А.А.,ИТМО,профессор,
Алексеев Е.П.,ФМиМ,,к.н.
Соколов В.И.,ФУПМ,профессор,
Морозов К.М.,ФУПМ,,
Егоров Е.П.,ФИТ,ассистент,д.н.
Семенов Л.О.,ФМиМ,доцент,д.н.
Семенов Ж.Р.,ФРТ,,
Иванов Ж.Р.,ФРТ,доцент,д.н.
Егоров Г.Н.,ИТМО,ассистент,д.н.
Лебедев Е.П.,ФПМИ,профессор,
Попов Д.С.,ФПМИ,профессор,
Егоров Б.В.,ФИТ,ассистент,д.н.
Иванов М.Ю.,ФИТ,ассистент,
Сидоров А.А.,ФПМИ,ассистент,
Кузнецов Б.В.,ФПМИ,профессор,д.н.
Смирнов И.К.,ИТМО,доцент,к.н.
Смирнов Л.О.,ИТМО,ассистент,
Соколов В.И.,ФФ,профессор,к.н.
Иванов К.М.,ФУПМ,профессор,к.н.
Соколов Г.Н.,ФФ,доцент,д.н.
Волков Б.В.,ФПМИ,профессор,к.н.
Алексеев Г.Н.,ФМиМ,ассистент,
Козлов Б.В.,ФМиМ,доцент,к.н.
Петров И.К.,ФМиМ,доцент,
Новиков И.К.,ФИТ,ассистент,д.н.
Семенов А.А.,ФРТ,доцент,к.н.
Егоров З.Т.,ФМиЕН,профессор,д.н.
Егоров Г.Н.,ФИТ,профессор,к.н.
Лебедева И.К.,ФПМИ,профессор,
Семенов Б.В.,ФПМИ,профессор,д.н.
Иванов Л.О.,ФРТ,ассистент,
Волков А.А.,ФЭТ,доцент,к.н.
Лебедев Ж.Р.,ИТМО,доцент,д.н.
Лебедева Д.С.,ФМиЕН,доцент,д.н.
Лебедева З.Т.,ФЭТ,доцент,д.н.
Иванов А.А.,ИТМО,доцент,
Попов Г.Н.,ФЭТ,,
Морозов Б.В.,ФПМИ,доцент,
Попов Ж.Р.,ФУПМ,доцент,д.н.
Волков Ж.Р.,ФИВТ,доцент,к.н.
Егоров И.К.,ФМиМ,доцент,д.н.
Алексеев Б.В.,ИТМО,профессор,к.н.
Кузнецов Б.В.,ФМиМ,доцент,к.н.
Козлов Л.О.,ИТМО,профессор,
Семенов З.Т.,ФМиМ,ассистент,д.н.
Егоров З.Т.,ФУПМ,ассистент,к.н.
Морозов Ж.Р.,ФИТ,ассистент,д.н.
Лебедева К.М.,ФРТ,ассистент,к.н.
Егоров В.И.,ФИВТ,,
Попов Ж.Р.,ФПМИ,,
Иванов М.Ю.,ФМиЕН,профессор,
Сидоров Ж.Р.,ФИВТ,ассистент,к.н.
Смирнов Б.В.,ИТМО,доцент,д.н.
Егоров И.К.,ФУПМ,ассистент,д.н.
Сидоров З.Т.,ФПМИ,доцент,д.н.
Семенов А.А.,ФЭТ,доцент,к.н.
Морозов Е.П.,ФМиМ,доцент,д.н.
Кузнецов Е.П.,ФИВТ,доцент,д.н.
Егоров Л.О.,ИТМО,профессор,к.н.
Сидоров А.А.,ФПМИ,,д.н.
Лебедева З.Т.,ФИТ,,
Егоров Е.П.,ФМиЕН,ассистент,
Новиков Г.Н.,ФМиЕН,,
Козлов З.Т.,ФИТ,,к.н.
Петров Г.Н.,ФМиЕН,доцент,к.н.
Петров И.К.,ФПМИ,ассистент,
Семенов Е.П.,ФИТ,,к.н.
Кузнецов З.Т.,ФМиЕН,ассистент,
Иванов Ж.Р.,ФПМИ,,д.н.
Волков Е.П.,ИТМО,профессор,к.н.
Семенов Ж.Р.,ФМиЕН,ассистент,к.н.
Морозов Д.С.,ФПМИ,ассистент,
Козлов З.Т.,ФИВТ,профессор,
Волков М.Ю.,ФИВТ,ассистент,к.н.
Лебедева А.А.,ФИВТ,ассистент,д.н.
Семенов И.К.,ФРТ,профессор,д.н.
Попов К.М.,ФМиМ,доцент,к.н.
Лебедев И.К.,ФФ,ассистент,
Алексеев М.Ю.,ФМиМ,профессор,
Смирнов Ж.Р.,ФИТ,доцент,д.н.
Семенов И.К.,ФРТ,профессор,д.н.
Соколов Л.О.,ФФ,,к.н.
Егоров Е.П.,ФФ,доцент,д.н.
Кузнецов Е.П.,ИТМО,доцент,
Соколов Е.П.,ФРТ,,
Соколов Е.П.,ФУПМ,,к.н.
Иванов А.А.,ФРТ,профессор,
Новиков К.М.,ФМиЕН,профессор,
Петров В.И.,ФИТ,ассистент,
Лебедева Б.В.,ФИВТ,ассистент,к.н.
Волков Ж.Р.,ФПМИ,профессор,д.н.
Смирнов М.Ю.,ФРТ,ассистент,д.н.
Кузнецов З.Т.,ИТМО,доцент,к.н.
Попов А.А.,ФМиМ,ассистент,
Волков З.Т.,ФФ,ассистент,
Морозов Л.О.,ФЭТ,,к.н.
Лебедев В.И.,ФПМИ,профессор,
Смирнов З.Т.,ФПМИ,доцент,д.н.
Лебедев М.Ю.,ФФ,профессор,
Сидоров Л.О.,ФИВТ,ассистент,к.н.
Егоров З.Т.,ФРТ,доцент,к.н.
Морозов Е.П.,ФИТ,ассистент,
Волков К.М.,ФИТ,ассистент,д.н.
Сидоров А.А.,ФМиЕН,ассистент,д.н.
Семенов А.А.,ФУПМ,профессор,
Козлов М.Ю.,ИТМО,доцент,д.н.
Морозов Ж.Р.,ФПМИ,,к.н.
Алексеев К.М.,ФМиЕН,ассистент,к.н.
Морозов К.М.,ФМиМ,ассистент,к.н.
Козлов Г.Н.,ФИВТ,профессор,к.н.
Лебедева З.Т.,ФЭТ,,к.н.
Смирнов Е.П.,ФМиЕН,доцент,д.н.
Семенов В.И.,ФИВТ,,д.н.
Волков В.И.,ФИТ,доцент,к.н.
Семенов М.Ю.,ФРТ,профессор,
Новиков И.К.,ФИВТ,ассистент,к.н.
Соколов И.К.,ФРТ,доцент,к.н.
Смирнов Д.С.,ФРТ,ассистент,
Иванов Л.О.,ФМиЕН,ассистент,д.н.
Сидоров И.К.,ФФ,доцент,
Соколов М.Ю.,ФИТ,профессор,д.н.
Попов К.М.,ФРТ,,
Иванов Ж.Р.,ФИВТ,,д.н.
Иванов Л.О.,ИТМО,,к.н.
Морозов К.М.,ФУПМ,доцент,д.н.
Лебедев К.М.,ФЭТ,доцент,д.н.
Новиков З.Т.,ФМиЕН,профессор,
Петров И.К.,ФМиЕН,профессор,д.н.
Соколов Е.П.,ФМиЕН,ассистент,д.н.
Смирнов Л.О.,ФФ,доцент,к.н.
Петров Д.С.,ФИВТ,доцент,к.н.
Семенов Е.П.,ФЭТ,,
Иванов В.И.,ФИВТ,ассистент,к.н.
Кузнецов К.М.,ФМиМ,,д.н.
Кузнецов М.Ю.,ФМиМ,,к.н.
Соколов Б.В.,ФИТ,ассистент,
Попов Б.В.,ФЭТ,ассистент,к.н.
Лебедева И.К.,ФИТ,доцент,д.н.
Лебедева Д.С.,ФИТ,профессор,
Новиков А.А.,ИТМО,доцент,д.н.
Попов Л.О.,ФЭТ,доцент,к.н.
Козлов В.И.,ФРТ,профессор,
Кузнецов М.Ю.,ФИВТ,профессор,д.н.
Соколов Д.С.,ИТМО,ассистент,к.н.
Лебедева Д.С.,ФФ,ассистент,д.н.
Новиков Д.С.,ФЭТ,доцент,к.н.
Кузнецов И.К.,ФМиЕН,,д.н.
Смирнов А.А.,ФПМИ,,к.н.
Петров З.Т.,ФИВТ,доцент,д.н.
Алексеев З.Т.,ФМиМ,,д.н.
Новиков Ж.Р.,ФМиЕН,профессор,к.н.
Морозов Д.С.,ФИТ,доцент,
Попов В.И.,ФУПМ,доцент,д.н.
Семенов И.К.,ФЭТ,доцент,к.н.
Егоров Ж.Р.,ФИТ,доцент,
Иванов И.К.,ФУПМ,ассистент,д.н.
Новиков Б.В.,ФПМИ,,д.н.
Попов Б.В.,ФИВТ,доцент,к.н.
Соколов В.И.,ФУПМ,профессор,д.н.
Сидоров З.Т.,ФПМИ,,
Новиков И.К.,ФИВТ,доцент,д.н.
Новиков К.М.,ИТМО,доцент,
Смирнов З.Т.,ФМиМ,,
Смирнов В.И.,ИТМО,,к.н.
Морозов В.И.,ФРТ,ассистент,к.н.
Попов Л.О.,ФУПМ,доцент,к.н.
Лебедева В.И.,ИТМО,профессор,
Петров Б.В.,ФИВТ,профессор,к.н.
Смирнов З.Т.,ФПМИ,профессор,д.н.
Морозов Г.Н.,ФФ,профессор,
Лебедева Д.С.,ФМиМ,ассистент,к.н.
Смирнов Г.Н.,ФИТ,,д.н.
Попов В.И.,ИТМО,,к.н.
Морозов В.И.,ФЭТ,доцент,д.н.
Алексеев Б.В.,ИТМО,доцент,
Кузнецов А.А.,ИТМО,ассистент,к.н.
Волков Д.С.,ФЭТ,профессор,д.н.
Попов З.Т.,ФМиЕН,ассистент,к.н.
Лебедев Ж.Р.,ФФ,,д.н.
Петров З.Т.,ФМиЕН,ассистент,д.н.
Сидоров В.И.,ИТМО,,д.н.
Иванов М.Ю.,ФРТ,доцент,д.н.
Егоров З.Т.,ФИВТ,профессор,д.н.
Алексеев З.Т.,ФМиМ,доцент,
Алексеев Д.С.,ФУПМ,доцент,
Лебедев А.А.,ФЭТ,ассистент,
Козлов М.Ю.,ФПМИ,доцент,д.н.
Смирнов М.Ю.,ФМиМ,доцент,д.н.
Егоров А.А.,ФУПМ,ассистент,
Алексеев Г.Н.,ФРТ,доцент,к.н.
Егоров М.Ю.,ФФ,профессор,
Лебедев Е.П.,ФМиМ,,д.н.
Новиков Л.О.,ФМиЕН,ассистент,д.н.
Егоров М.Ю.,ФФ,профессор,
Лебедева Г.Н.,ФУПМ,доцент,
Волков А.А.,ИТМО,доцент,
Козлов И.К.,ФУПМ,ассистент,к.н.
Попов Б.В.,ФИВТ,,
Новиков З.Т.,ФИВТ,,
Попов А.А.,ФФ,ассистент,к.н.
Попов Ж.Р.,ФМиМ,,к.н.
Иванов А.А.,ИТМО,доцент,к.н.
Волков В.И.,ИТМО,доцент,к.н.
Морозов Е.П.,ФИВТ,профессор,
Морозов Б.В.,ФПМИ,,
Кузнецов Г.Н.,ФУПМ,доцент,д.н.
Морозов З.Т.,ФЭТ,,
Морозов Л.О.,ФФ,доцент,д.н.
Сидоров Ж.Р.,ФУПМ,профессор,
Морозов Д.С.,ФФ,доцент,д.н.
Козлов Г.Н.,ФМиМ,профессор,к.н.
Волков Е.П.,ФМиМ,профессор,
Сидоров М.Ю.,ФЭТ,профессор,к.н.
Семенов Е.П.,ФИТ,профессор,
Волков Е.П.,ФУПМ,,д.н.
Новиков Д.С.,ФРТ,профессор,к.н.
Волков Л.О.,ФФ,профессор,
Лебедев М.Ю.,ФУПМ,ассистент,д.н.
Петров К.М.,ФИТ,,д.н.
Смирнов И.К.,ФПМИ,доцент,д.н.
Сидоров Д.С.,ФПМИ,,к.н.
Лебедев Л.О.,ФИТ,ассистент,д.н.
Алексеев Е.П.,ФИТ,доцент,
Семенов И.К.,ФИВТ,ассистент,
Новиков Д.С.,ФИТ,ассистент,к.н.
Лебедева Г.Н.,ФПМИ,,
Алексеев Ж.Р.,ФФ,ассистент,д.н.
Сидоров А.А.,ФИВТ,ассистент,д.н.
Козлов Д.С.,ФЭТ,,к.н.
Попов Л.О.,ФИТ,,к.н.
Попов Г.Н.,ФМиМ,,д.н.
Иванов Г.Н.,ФИТ,ассистент,д.н.
Иванов В.И.,ФМиМ,ассистент,д.н.
Козлов Е.П.,ФМиЕН,доцент,к.н.
Сидоров А.А.,ФРТ,,д.н.
Новиков З.Т.,ФМиЕН,ассистент,к.н.
Егоров Г.Н.,ФЭТ,доцент,к.н.
Семенов А.А.,ФМиЕН,,к.н.
Морозов А.А.,ФПМИ,доцент,
Сидоров А.А.,ФУПМ,,д.н.
Соколов Ж.Р.,ФФ,доцент,к.н.
Смирнов М.Ю.,ФРТ,,к.н.
Кузнецов К.М.,ФМиМ,ассистент,д.н.
Егоров Ж.Р.,ИТМО,ассистент,к.н.
Лебедева Д.С.,ФМиЕН,,д.н.
Кузнецов М.Ю.,ФРТ,доцент,
Смирнов И.К.,ФРТ,профессор,
Иванов М.Ю.,ФРТ,профессор,д.н.
Смирнов Д.С.,ФИВТ,ассистент,к.н.
Семенов Ж.Р.,ФИВТ,доцент,
Иванов Ж.Р.,ФИТ,доцент,к.н.
Новиков Е.П.,ФПМИ,доцент,д.н.
Кузнецов И.К.,ФИТ,доцент,к.н.
Козлов Г.Н.,ФФ,доцент,
Козлов Л.О.,ФМиМ,доцент,д.н.
Лебедева И.К.,ФРТ,ассистент,
Морозов М.Ю.,ФМиМ,профессор,к.н.
Попов М.Ю.,ФИВТ,,к.н.
Петров К.М.,ФМиМ,,
Сидоров В.И.,ФМиЕН,профессор,к.н.
Алексеев В.И.,ФМиМ,ассистент,к.н.
Морозов З.Т.,ФЭТ,ассистент,к.н.
Волков И.К.,ФИТ,профессор,
Петров А.А.,ФМиМ,профессор,д.н.
Волков З.Т.,ФИВТ,,д.н.
Соколов Д.С.,ФИТ,,к.н.
Лебедев Ж.Р.,ФУПМ,профессор,д.н.
Новиков Л.О.,ФМиМ,ассистент,
Алексеев Е.П.,ФПМИ,доцент,д.н.
Соколов Л.О.,ФИТ,,
Волков М.Ю.,ИТМО,,
Лебедева М.Ю.,ФРТ,,д.н.
Попов Д.С.,ФМиМ,профессор,д.н.
Козлов К.М.,ФФ,,
Егоров М.Ю.,ИТМО,,к.н.
Козлов Л.О.,ФФ,профессор,д.н.
Сидоров Б.В.,ФМиМ,,к.н.
Козлов Д.С.,ФУПМ,доцент,
Кузнецов И.К.,ФМиЕН,ассистент,
Козлов Ж.Р.,ФИВТ,,к.н.
Кузнецов И.К.,ФМиЕН,доцент,д.н.
Козлов Ж.Р.,ФРТ,,
Новиков Е.П.,ФРТ,,
Петров З.Т.,ФПМИ,профессор,д.н.
Иванов К.М.,ФРТ,доцент,к.н.
Волков З.Т.,ФМиЕН,ассистент,д.н.
Петров Л.О.,ФУПМ,профессор,д.н.
Соколов Ж.Р.,ФФ,доцент,
Кузнецов З.Т.,ФФ,,д.н.
Егоров И.К.,ФМиМ,профессор,д.н.
Кузнецов И.К.,ФУПМ,профессор,д.н.
Кузнецов В.И.,ФМиЕН,,к.н.
Алексеев К.М.,ФИВТ,,
Волков Ж.Р.,ФИТ,ассистент,
Петров Л.О.,ИТМО,доцент,к.н.
Алексеев А.А.,ФПМИ,доцент,
Иванов З.Т.,ФМиЕН,доцент,к.н.
Петров Е.П.,ФМиМ,ассистент,
Лебедева Г.Н.,ФЭТ,,д.н.
Егоров Г.Н.,ИТМО,профессор,д.н.
Егоров Ж.Р.,ИТМО,,д.н.
Попов Б.В.,ФРТ,профессор,к.н.
Новиков Л.О.,ИТМО,ассистент,д.н.
Волков А.А.,ФМиМ,,д.н.
Смирнов Ж.Р.,ФМиМ,ассистент,д.н.
Соколов М.Ю.,ФУПМ,доцент,к.н.
Иванов М.Ю.,ФИВТ,ассистент,
Волков З.Т.,ФИВТ,ассистент,к.н.
Новиков Ж.Р.,ФПМИ,доцент,
Петров Г.Н.,ФПМИ,профессор,к.н.
Козлов Л.О.,ФМиЕН,,
Кузнецов И.К.,ФЭТ,профессор,к.н.
Смирнов В.И.,ФМиМ,профессор,
Попов И.К.,ФМиЕН,профессор,д.н.
Новиков Л.О.,ФУПМ,,д.н.
Попов З.Т.,ФФ,ассистент,к.н.
Егоров Ж.Р.,ИТМО,доцент,
Алексеев В.И.,ФЭТ,ассистент,
Алексеев В.И.,ФМиЕН,профессор,д.н.
Смирнов Ж.Р.,ФУПМ,ассистент,д.н.
Морозов М.Ю.,ФРТ,профессор,к.н.
Семенов Ж.Р.,ФПМИ,профессор,
Козлов М.Ю.,ФРТ,профессор,к.н.
Смирнов Л.О.,ФПМИ,профессор,д.н.
Егоров Е.П.,ФФ,ассистент,д.н.
Смирнов И.К.,ФИТ,ассистент,к.н.
Сидоров К.М.,ФИВТ,,к.н.
Кузнецов Г.Н.,ФРТ,профессор,д.н.
Волков К.М.,ФПМИ,профессор,к.н.
Лебедева Г.Н.,ФМиМ,профессор,д.н.
Козлов Г.Н.,ИТМО,,д.н.
Соколов А.А.,ФРТ,ассистент,
Кузнецов И.К.,ФПМИ,ассистент,к.н.
Сидоров И.К.,ФМиЕН,ассистент,д.н.
Кузнецов К.М.,ФИТ,доцент,к.н.
Петров В.И.,ФФ,профессор,к.н.
Петров Б.В.,ФИТ,доцент,к.н.
Морозов Е.П.,ФИВТ,,к.н.
Смирнов В.И.,ФУПМ,ассистент,
Попов Д.С.,ФИВТ,профессор,к.н.
Иванов А.А.,ИТМО,,к.н.
Лебедев Ж.Р.,ФУПМ,профессор,к.н.
Алексеев Е.П.,ИТМО,,д.н.
Сидоров Г.Н.,ФИТ,ассистент,д.н.
Соколов А.А.,ИТМО,,
Смирнов З.Т.,ФИТ,доцент,д.н.
Волков Б.В.,ФЭТ,доцент,
Соколов Б.В.,ФУПМ,ассистент,д.н.
Волков А.А.,ФЭТ,доцент,к.н.
Морозов З.Т.,ФИВТ,ассистент,д.н.
Новиков Б.В.,ФИТ,профессор,к.н.
Егоров А.А.,ИТМО,ассистент,д.н.
Иванов Л.О.,ФИВТ,доцент,д.н.
Соколов Л.О.,ИТМО,профессор,к.н.
Лебедева З.Т.,ФЭТ,,к.н.
Семенов Д.С.,ФИВТ,доцент,д.н.
Егоров А.А.,ФУПМ,профессор,
Козлов З.Т.,ФФ,,д.н.
Волков К.М.,ФИТ,доцент,д.н.
Новиков Л.О.,ФЭТ,,д.н.
Морозов Д.С.,ФУПМ,,д.н.
Петров В.И.,ФРТ,,к.н.
Попов М.Ю.,ФУПМ,ассистент,
Соколов З.Т.,ФИВТ,профессор,к.н.
Алексеев Ж.Р.,ФФ,профессор,к.н.
Семенов К.М.,ФМиЕН,,д.н.
Сидоров Д.С.,ФИТ,ассистент,д.н.
Новиков Ж.Р.,ФЭТ,доцент,
Семенов Г.Н.,ФУПМ,доцент,д.н.
Соколов М.Ю.,ФМиМ,ассистент,к.н.
Лебедев А.А.,ФИВТ,ассистент,
Сидоров Л.О.,ФМиЕН,ассистент,
Попов Г.Н.,ФЭТ,доцент,д.н.
Соколов К.М.,ФУПМ,профессор,д.н.
Сидоров Ж.Р.,ИТМО,профессор,д.н.
Новиков Д.С.,ФЭТ,доцент,д.н.
Сидоров Б.В.,ФПМИ,профессор,к.н.
Волков К.М.,ФИВТ,ассистент,д.н.
Семенов Е.П.,ФРТ,,к.н.
Смирнов З.Т.,ФФ,доцент,
Волков В.И.,ФПМИ,ассистент,к.н.
Алексеев А.А.,ФПМИ,доцент,
Смирнов Ж.Р.,ФРТ,,
Новиков И.К.,ФРТ,профессор,к.н.
Попов Е.П.,ФУПМ,ассистент,д.н.
Егоров Б.В.,ФПМИ,профессор,д.н.
Иванов В.И.,ФУПМ,доцент,д.н.
Козлов М.Ю.,ФУПМ,,д.н.
Сидоров Б.В.,ФМиЕН,ассистент,к.н.
Морозов И.К.,ФМиЕН,ассистент,
Иванов Е.П.,ФРТ,,д.н.
Алексеев К.М.,ФФ,ассистент,д.н.
Волков З.Т.,ФИТ,ассистент,к.н.
Козлов Д.С.,ФЭТ,,
Соколов И.К.,ФРТ,доцент,
Семенов И.К.,ФЭТ,,
Смирнов Л.О.,ФМиЕН,доцент,
Петров З.Т.,ФМиМ,,к.н.
Новиков Б.В.,ФУПМ,доцент,д.н.
Новиков З.Т.,ФМиМ,,
Морозов Г.Н.,ФФ,доцент,
Смирнов И.К.,ФРТ,доцент,
Егоров И.К.,ФПМИ,ассистент,к.н.
Сидоров Л.О.,ФУПМ,доцент,
Соколов В.И.,ФУПМ,профессор,к.н.
Семенов А.А.,ИТМО,доцент,
Соколов Б.В.,ФМиМ,ассистент,д.н.
Семенов К.М.,ФФ,ассистент,
Семенов Д.С.,ФЭТ,ассистент,к.н.
Новиков В.И.,ФМиМ,профессор,
Новиков К.М.,ФИВТ,ассистент,
Иванов И.К.,ФИВТ,профессор,д.н.
Лебедева Б.В.,ФПМИ,,д.н.
Лебедев В.И.,ФМиЕН,профессор,
Соколов Е.П.,ИТМО,ассистент,к.н.
Новиков М.Ю.,ИТМО,ассистент,
Новиков Е.П.,ФИВТ,доцент,д.н.
Соколов З.Т.,ФФ,ассистент,
Новиков Д.С.,ФФ,доцент,
Морозов Б.В.,ФРТ,ассистент,к.н.
Козлов К.М.,ФИВТ,доцент,к.н.
Алексеев З.Т.,ФФ,ассистент,к.н.
Морозов М.Ю.,ФУПМ,,д.н.
Попов З.Т.,ФМиМ,,
Кузнецов Е.П.,ФМиМ,доцент,
Алексеев Г.Н.,ФФ,профессор,
Иванов В.И.,ФРТ,ассистент,д.н.
Новиков Б.В.,ФИТ,профессор,к.н.
Сидоров Д.С.,ФМиЕН,,к.н.
Сидоров М.Ю.,ФМиЕН,профессор,
Петров В.И.,ФЭТ,доцент,к.н.
Петров В.И.,ФРТ,,д.н.
Лебедев М.Ю.,ИТМО,профессор,д.н.
Морозов А.А.,ФМиЕН,профессор,к.н.
Семенов Е.П.,ИТМО,доцент,к.н.
Семенов А.А.,ФУПМ,доцент,д.н.
Смирнов В.И.,ФИТ,,
Кузнецов Л.О.,ФМиЕН,ассистент,д.н.
Сидоров З.Т.,ФЭТ,,
Соколов И.К.,ФПМИ,доцент,
Семенов Д.С.,ФИВТ,профессор,
Сидоров И.К.,ФИВТ,профессор,
Алексеев К.М.,ФМиМ,,д.н.
Семенов Г.Н.,ФЭТ,,к.н.
Петров И.К.,ФЭТ,профессор,к.н.
Волков И.К.,ФЭТ,,
Козлов М.Ю.,ФУПМ,доцент,к.н.
Козлов В.И.,ФИТ,доцент,
Петров З.Т.,ФПМИ,доцент,д.н.
Смирнов Ж.Р.,ФФ,,д.н.
Иванов И.К.,ФФ,профессор,к.н.
Лебедев З.Т.,ИТМО,доцент,д.н.
Петров З.Т.,ФУПМ,ассистент,д.н.
Соколов З.Т.,ФИТ,профессор,
Егоров К.М.,ФИТ,ассистент,к.н.
Лебедев Л.О.,ФПМИ,,д.н.
Петров А.А.,ФМиЕН,ассистент,д.н.
Лебедев Ж.Р.,ФЭТ,ассистент,
Смирнов Б.В.,ИТМО,доцент,к.н.
Алексеев Г.Н.,ИТМО,ассистент,д.н.
Алексеев Е.П.,ФФ,доцент,к.н.
Новиков Г.Н.,ФМиМ,доцент,
Сидоров З.Т.,ИТМО,профессор,д.н.
Кузнецов Ж.Р.,ФУПМ,доцент,д.н.
Алексеев Г.Н.,ФЭТ,ассистент,
Иванов Ж.Р.,ФЭТ,доцент,к.н.
Кузнецов Л.О.,ФМиМ,,к.н.
Морозов Б.В.,ФПМИ,профессор,д.н.
Кузнецов М.Ю.,ФУПМ,доцент,к.н.
Семенов И.К.,ФМиМ,,к.н.
Семенов И.К.,ФРТ,,
Иванов Б.В.,ИТМО,профессор,
Волков Е.П.,ФМиЕН,,
Морозов З.Т.,ФИТ,доцент,д.н.
Алексеев З.Т.,ФМиЕН,ассистент,к.н.
Волков Д.С.,ФМиМ,доцент,
Попов К.М.,ФМиМ,профессор,
Алексеев Л.О.,ФРТ,доцент,д.н.
Лебедев Б.В.,ФЭТ,,д.н.
Иванов Г.Н.,ФФ,доцент,к.н.
Сидоров К.М.,ФИВТ,доцент,
Новиков Б.В.,ФИВТ,профессор,к.н.
Попов И.К.,ФИТ,,к.н.
Смирнов Е.П.,ИТМО,ассистент,д.н.
Лебедева Г.Н.,ФПМИ,доцент,
Новиков З.Т.,ФПМИ,профессор,к.н.
Козлов Л.О.,ФУПМ,профессор,к.н.
Иванов З.Т.,ФИТ,доцент,к.н.
Лебедева В.И.,ФПМИ,профессор,д.н.
Петров М.Ю.,ИТМО,профессор,
Петров Б.В.,ФИТ,доцент,к.н.
Козлов К.М.,ФФ,доцент,д.н.
Иванов Д.С.,ФПМИ,ассистент,д.н.
Попов Г.Н.,ФИТ,,д.н.
Лебедева З.Т.,ФРТ,ассистент,д.н.
Иванов В.И.,ФУПМ,профессор,д.н.
Попов Б.В.,ИТМО,ассистент,
Соколов Г.Н.,ФМиМ,профессор,
Козлов В.И.,ФРТ,,
Кузнецов В.И.,ФУПМ,доцент,к.н.
Лебедев Д.С.,ФИТ,профессор,
Попов З.Т.,ФУПМ,профессор,
Козлов З.Т.,ФРТ,,
Иванов Г.Н.,ФРТ,,к.н.
Петров Е.П.,ФМиЕН,ассистент,к.н.
Семенов Ж.Р.,ФПМИ,профессор,к.н.
Новиков М.Ю.,ИТМО,ассистент,
Козлов К.М.,ФМиМ,,к.н.
Соколов Г.Н.,ФРТ,профессор,д.н.
Семенов В.И.,ФИТ,,д.н.
Семенов Д.С.,ФИВТ,ассистент,к.н.
Петров Е.П.,ФИВТ,ассистент,к.н.
Козлов А.А.,ФФ,,
Соколов Г.Н.,ФРТ,,к.н.
Попов Д.С.,ФПМИ,ассистент,к.н.
Иванов К.М.,ФЭТ,ассистент,д.н.
Попов К.М.,ФФ,профессор,к.н.
Волков З.Т.,ФИВТ,профессор,к.н.
Алексеев В.И.,ФМиЕН,профессор,к.н.
Лебедева М.Ю.,ФИТ,профессор,к.н.
Новиков И.К.,ФРТ,профессор,к.н.
Морозов А.А.,ФИВТ,доцент,к.н.
Сидоров З.Т.,ИТМО,,к.н.
Егоров А.А.,ФУПМ,ассистент,
Петров Ж.Р.,ФУПМ,ассистент,д.н.
Егоров Д.С.,ФИВТ,,к.н.
Морозов Ж.Р.,ФИВТ,,д.н.
Волков К.М.,ФПМИ,доцент,к.н.
Козлов Д.С.,ФПМИ,профессор,д.н.
Морозов Е.П.,ФИВТ,доцент,
Кузнецов К.М.,ФИТ,ассистент,д.н.
Смирнов З.Т.,ФМиЕН,,
Козлов Е.П.,ФЭТ,,д.н.
Кузнецов З.Т.,ФИВТ,,
Кузнецов Е.П.,ФМиМ,профессор,д.н.
Алексеев А.А.,ФИВТ,доцент,к.н.
Морозов Д.С.,ФИВТ,ассистент,
Морозов Г.Н.,ФМиЕН,ассистент,к.н.
Попов К.М.,ФУПМ,доцент,
Сидоров Г.Н.,ФМиМ,ассистент,д.н.
Петров К.М.,ФРТ,,к.н.
Волков А.А.,ФУПМ,доцент,д.н.
Соколов Д.С.,ФФ,доцент,
Козлов Ж.Р.,ФПМИ,,д.н.
Иванов В.И.,ФИВТ,,к.н.
Петров К.М.,ФПМИ,ассистент,к.н.
Волков И.К.,ИТМО,доцент,к.н.
Лебедев Г.Н.,ФИВТ,профессор,д.н.
Петров Б.В.,ФРТ,доцент,к.н.
Лебедева Г.Н.,ФПМИ,профессор,к.н.
Лебедева З.Т.,ФУПМ,ассистент,д.н.
Алексеев Ж.Р.,ФУПМ,профессор,д.н.
Иванов Б.В.,ФФ,,д.н.
Соколов Б.В.,ФМиЕН,ассистент,к.н.
Соколов Д.С.,ФУПМ,доцент,
Сидоров К.М.,ФЭТ,,к.н.
Козлов З.Т.,ИТМО,профессор,д.н.
Соколов В.И.,ФПМИ,профессор,к.н.
Попов Ж.Р.,ФИТ,профессор,д.н.
Лебедева М.Ю.,ИТМО,доцент,д.н.
Лебедев А.А.,ФФ,ассистент,к.н.
Семенов Ж.Р.,ФИВТ,,д.н.
Попов В.И.,ФМиЕН,ассистент,к.н.
Попов Л.О.,ФМиМ,,
Иванов Г.Н.,ФФ,,к.н.
Лебедева И.К.,ФФ,,к.н.
Петров Ж.Р.,ФПМИ,ассистент,д.н.
Лебедев И.К.,ФИВТ,доцент,д.н.
Соколов З.Т.,ИТМО,,д.н.
Волков Л.О.,ФУПМ,доцент,
Егоров Г.Н.,ФРТ,доцент,
Сидоров Д.С.,ФИВТ,ассистент,к.н.
Егоров Е.П.,ФМиЕН,ассистент,
Козлов З.Т.,ФИВТ,ассистент,
Козлов Г.Н.,ФЭТ,ассистент,к.н.
Смирнов М.Ю.,ФЭТ,ассистент,д.н.
Лебедева К.М.,ФПМИ,доцент,к.н.
Семенов К.М.,ФИВТ,профессор,д.н.
Егоров А.А.,ФРТ,ассистент,
Козлов Ж.Р.,ФФ,доцент,
Кузнецов Г.Н.,ФУПМ,ассистент,
Иванов Б.В.,ФУПМ,ассистент,д.н.
Петров З.Т.,ФРТ,профессор,д.н.
Смирнов К.М.,ИТМО,доцент,д.н.
Кузнецов И.К.,ФМиМ,,к.н.
Егоров И.К.,ИТМО,,
Егоров А.А.,ФМиЕН,,
Семенов Л.О.,ИТМО,доцент,д.н.
Волков Г.Н.,ФИВТ,доцент,к.н.
Соколов А.А.,ФМиЕН,ассистент,к.н.
Иванов Е.П.,ФМиМ,,д.н.
Петров Ж.Р.,ФФ,,д.н.
Алексеев З.Т.,ФМиМ,,к.н.
Козлов М.Ю.,ФМиЕН,ассистент,д.н.
Сидоров Д.С.,ФУПМ,ассистент,к.н.
Соколов Б.В.,ФМиМ,,к.н.
Лебедев И.К.,ФФ,доцент,
Морозов Е.П.,ФИВТ,ассистент,
Смирнов М.Ю.,ФУПМ,,к.н.
Волков А.А.,ФФ,ассистент,
Сидоров Ж.Р.,ФИТ,профессор,к.н.
Егоров Б.В.,ИТМО,доцент,к.н.
Алексеев И.К.,ИТМО,ассистент,
Соколов М.Ю.,ФРТ,доцент,к.н.
Петров М.Ю.,ФУПМ,доцент,д.н.
Смирнов З.Т.,ФУПМ,доцент,к.н.
Семенов З.Т.,ФМиЕН,ассистент,д.н.
Семенов Л.О.,ФМиМ,доцент,
Попов Л.О.,ФПМИ,,к.н.
Лебедева Б.В.,ФПМИ,ассистент,
Морозов К.М.,ФФ,,
Морозов Е.П.,ФМиМ,доцент,
Егоров К.М.,ФРТ,доцент,к.н.
Иванов Г.Н.,ФМиЕН,доцент,
Попов Б.В.,ФРТ,профессор,к.н.
Попов Г.Н.,ФПМИ,профессор,д.н.
Соколов Л.О.,ФФ,,к.н.
Соколов К.М.,ФИВТ,доцент,к.н.
Сидоров И.К.,ФФ,профессор,к.н.
Кузнецов А.А.,ФРТ,ассистент,д.н.
Соколов Д.С.,ФФ,профессор,
Петров Г.Н.,ФФ,,
Кузнецов Г.Н.,ФМиЕН,ассистент,д.н.
Петров Д.С.,ФФ,доцент,
Козлов З.Т.,ФПМИ,,
Иванов М.Ю.,ФЭТ,,к.н.
Попов Г.Н.,ФЭТ,ассистент,
Козлов М.Ю.,ФПМИ,,
Лебедева В.И.,ФФ,,
Егоров Г.Н.,ФРТ,доцент,
Лебедев Ж.Р.,ФПМИ,ассистент,к.н.
Семенов З.Т.,ФИВТ,ассистент,
Смирнов Б.В.,ФЭТ,ассистент,д.н.
Лебедева Л.О.,ФМиЕН,профессор,
Кузнецов А.А.,ФРТ,,к.н.
Смирнов Л.О.,ФРТ,ассистент,
Кузнецов Ж.Р.,ФУПМ,доцент,к.н.
Егоров А.А.,ФЭТ,ассистент,к.н.
Морозов М.Ю.,ФРТ,ассистент,
Морозов Е.П.,ФПМИ,доцент,д.н.
Новиков Ж.Р.,ФМиЕН,,д.н.
Петров Б.В.,ФРТ,,
Смирнов З.Т.,ФПМИ,,
Егоров Б.В.,ФИВТ,профессор,
Кузнецов А.А.,ФИВТ,профессор,д.н.
Лебедев А.А.,ФИВТ,профессор,
Алексеев В.И.,ФФ,доцент,к.н.
Иванов Д.С.,ФПМИ,профессор,д.н.
Морозов Г.Н.,ФИВТ,,к.н.
Семенов В.И.,ФИВТ,ассистент,
Кузнецов М.Ю.,ФЭТ,доцент,
Сидоров М.Ю.,ФУПМ,профессор,
Иванов Б.В.,ФИТ,ассистент,
Алексеев К.М.,ФИВТ,профессор,д.н.
Морозов Д.С.,ФФ,доцент,
Алексеев Г.Н.,ФЭТ,доцент,к.н.
Семенов З.Т.,ИТМО,,
Алексеев И.К.,ФЭТ,доцент,к.н.
Козлов Б.В.,ФУПМ,доцент,
Кузнецов Г.Н.,ФПМИ,доцент,к.н.
Волков Д.С.,ФФ,,д.н.
Соколов М.Ю.,ФРТ,профессор,д.н.
Соколов Б.В.,ФМиМ,ассистент,к.н.
Сидоров И.К.,ФФ,,д.н.
Кузнецов И.К.,ФРТ,профессор,к.н.
Сидоров Б.В.,ФМиМ,,д.н.
Новиков Г.Н.,ФПМИ,доцент,д.н.
Иванов Б.В.,ФЭТ,доцент,д.н.
Алексеев Г.Н.,ФПМИ,,
Алексеев Д.С.,ФПМИ,ассистент,к.н.
Соколов В.И.,ИТМО,,
Лебедев З.Т.,ФЭТ,ассистент,д.н.
Попов А.А.,ФЭТ,ассистент,
Алексеев З.Т.,ИТМО,доцент,к.н.
Козлов М.Ю.,ИТМО,доцент,к.н.
Семенов Г.Н.,ФИТ,ассистент,
Смирнов Д.С.,ФМиМ,доцент,к.н.
Лебедев А.А.,ФИВТ,профессор,д.н.
Петров М.Ю.,ФИВТ,ассистент,д.н.
Егоров М.Ю.,ИТМО,доцент,д.н.
Козлов Б.В.,ФРТ,ассистент,
Соколов Л.О.,ФПМИ,доцент,
Сидоров В.И.,ФФ,ассистент,к.н.
Морозов Ж.Р.,ФМиМ,ассистент,
Кузнецов Ж.Р.,ФФ,доцент,д.н.
Петров Б.В.,ИТМО,ассистент,
Иванов Д.С.,ФМиЕН,профессор,
Лебедева А.А.,ФФ,,д.н.
Морозов Б.В.,ФМиМ,профессор,
Сидоров В.И.,ФИВТ,доцент,
Сидоров И.К.,ФУПМ,,к.н.
Соколов А.А.,ИТМО,,д.н.
Смирнов Л.О.,ФМиЕН,ассистент,к.н.
Соколов М.Ю.,ФЭТ,профессор,д.н.
Сидоров Л.О.,ФИВТ,профессор,
Лебедева Л.О.,ФУПМ,доцент,
Алексеев Е.П.,ФИВТ,ассистент,к.н.
Лебедева Д.С.,ФМиМ,,
Петров В.И.,ФМиМ,доцент,к.н.
Лебедев З.Т.,ФИВТ,профессор,д.н.
Егоров Ж.Р.,ФПМИ,профессор,к.н.
Смирнов Б.В.,ФПМИ,профессор,д.н.
Смирнов З.Т.,ФУПМ,ассистент,к.н.
Кузнецов З.Т.,ФЭТ,ассистент,д.н.
Петров З.Т.,ФЭТ,профессор,
Сидоров Ж.Р.,ФФ,,
Алексеев В.И.,ФМиЕН,ассистент,
Кузнецов Д.С.,ФУПМ,,к.н.
Морозов А.А.,ФПМИ,доцент,
Попов М.Ю.,ФИВТ,,к.н.
Соколов В.И.,ИТМО,ассистент,
Новиков М.Ю.,ФИВТ,ассистент,
Соколов М.Ю.,ФМиЕН,профессор,
Петров Е.П.,ФУПМ,,д.н.
Лебедев Д.С.,ФПМИ,ассистент,к.н.
Семенов А.А.,ФИТ,,
Семенов Л.О.,ФЭТ,доцент,к.н.
Соколов Г.Н.,ФЭТ,доцент,к.н.
Егоров А.А.,ФУПМ,профессор,к.н.
Смирнов М.Ю.,ФФ,профессор,к.н.
Сидоров Ж.Р.,ФИВТ,,к.н.
Сидоров Е.П.,ФЭТ,,
Волков М.Ю.,ФЭТ,ассистент,к.н.
Козлов Б.В.,ИТМО,ассистент,к.н.
Петров Б.В.,ФФ,,д.н.
Попов З.Т.,ФИВТ,доцент,д.н.
Сидоров Е.П.,ФМиЕН,,к.н.
Иванов Г.Н.,ФФ,профессор,
Лебедева Е.П.,ФИВТ,ассистент,к.н.
Соколов Ж.Р.,ФФ,доцент,к.н.
Иванов Ж.Р.,ФМиМ,,
Морозов А.А.,ИТМО,профессор,д.н.
Смирнов З.Т.,ФМиМ,профессор,
Лебедева Б.В.,ФФ,,д.н.
Семенов Е.П.,ФМиМ,ассистент,д.н.
Козлов Д.С.,ФМиЕН,,д.н.
Сидоров З.Т.,ФФ,,к.н.
Смирнов М.Ю.,ФИВТ,доцент,д.н.
Попов Б.В.,ИТМО,доцент,
Соколов Д.С.,ФРТ,ассистент,к.н.
Соколов Д.С.,ФЭТ,доцент,к.н.
Петров А.А.,ФМиМ,профессор,д.н.
Смирнов Л.О.,ФИВТ,,
Козлов Е.П.,ФЭТ,,д.н.
Попов Д.С.,ФПМИ,доцент,
Кузнецов Е.П.,ФИВТ,доцент,
Лебедев Л.О.,ФУПМ,профессор,к.н.
Лебедева Ж.Р.,ФМиЕН,доцент,
Сидоров З.Т.,ФИВТ,профессор,
Кузнецов З.Т.,ФМиМ,,д.н.
Кузнецов М.Ю.,ФИВТ,,
Козлов А.А.,ФИТ,доцент,д.н.
Лебедева В.И.,ФЭТ,доцент,к.н.
Волков Б.В.,ФМиЕН,ассистент,д.н.
Козлов Ж.Р.,ИТМО,,д.н.
Волков А.А.,ФРТ,профессор,д.н.
Лебедев Л.О.,ФМиМ,профессор,
Кузнецов М.Ю.,ФМиМ,ассистент,
Лебедев Л.О.,ФПМИ,профессор,д.н.
Лебедев Д.С.,ФМиЕН,профессор,
Лебедев Л.О.,ФРТ,,д.н.
Семенов Д.С.,ФУПМ,,
Новиков Г.Н.,ФРТ,,
Морозов В.И.,ФПМИ,ассистент,д.н.
Попов Д.С.,ИТМО,ассистент,д.н.
Морозов В.И.,ФИТ,,д.н.
Алексеев Е.П.,ФРТ,ассистент,
Семенов Д.С.,ФФ,ассистент,к.н.
Попов Г.Н.,ФИВТ,доцент,д.н.
Козлов А.А.,ФРТ,,к.н.
Волков И.К.,ФПМИ,,д.н.
Козлов М.Ю.,ФИТ,ассистент,
Соколов Д.С.,ФИВТ,,
Соколов Д.С.,ФПМИ,доцент,
Семенов Б.В.,ФПМИ,,
Соколов И.К.,ФМиМ,профессор,
Морозов Д.С.,ФМиЕН,ассистент,
Волков Д.С.,ФЭТ,доцент,д.н.
Егоров З.Т.,ФМиЕН,доцент,
Морозов М.Ю.,ФЭТ,доцент,к.н.
Попов Г.Н.,ФЭТ,,к.н.
Егоров Д.С.,ФПМИ,доцент,
Морозов Е.П.,ФИТ,доцент,д.н.
Козлов З.Т.,ФПМИ,,д.н.
Алексеев Б.В.,ФФ,,к.н.
Морозов Б.В.,ИТМО,ассистент,к.н.
Лебедева А.А.,ФФ,доцент,
Петров З.Т.,ФИТ,профессор,
Сидоров М.Ю.,ИТМО,ассистент,
Соколов К.М.,ФИТ,доцент,
Новиков Г.Н.,ИТМО,ассистент,д.н.
Лебедева К.М.,ФМиЕН,доцент,к.н.
Соколов З.Т.,ИТМО,профессор,д.н.
Козлов Е.П.,ФМиЕН,,к.н.
Волков Д.С.,ФЭТ,,к.н.
Морозов Ж.Р.,ИТМО,профессор,
Егоров Е.П.,ФИТ,доцент,д.н.
Петров Г.Н.,ФРТ,профессор,д.н.
Волков Г.Н.,ФМиЕН,профессор,к.н.
Лебедева Ж.Р.,ФРТ,ассистент,к.н.
Новиков Д.С.,ФИТ,ассистент,д.н.
Волков В.И.,ФПМИ,,д.н.
Новиков К.М.,ФИТ,профессор,к.н.
Лебедев Л.О.,ФМиЕН,,
Соколов Ж.Р.,ФМиМ,доцент,д.н.
Новиков Г.Н.,ФМиМ,доцент,д.н.
Волков Б.В.,ФУПМ,профессор,
Иванов Б.В.,ФЭТ,,д.н.
Соколов З.Т.,ФИТ,доцент,к.н.
Сидоров Д.С.,ФЭТ,профессор,д.н.
Алексеев В.И.,ФМиМ,профессор,к.н.
Новиков В.И.,ФЭТ,доцент,
Петров А.А.,ФЭТ,,д.н.
Егоров М.Ю.,ФЭТ,доцент,
Сидоров Г.Н.,ФФ,профессор,к.н.
Лебедева Г.Н.,ФМиМ,профессор,д.н.
Егоров Л.О.,ФИВТ,,к.н.
Волков К.М.,ФПМИ,профессор,к.н.
Попов Б.В.,ФФ,доцент,к.н.
Егоров Ж.Р.,ИТМО,доцент,
Новиков А.А.,ФФ,ассистент,
Новиков Б.В.,ФПМИ,ассистент,
Морозов Д.С.,ФФ,ассистент,д.н.
Морозов З.Т.,ФПМИ,профессор,
Иванов Ж.Р.,ФПМИ,доцент,к.н.
Егоров Ж.Р.,ФМиМ,,
Петров Л.О.,ФМиЕН,доцент,д.н.
Лебедев М.Ю.,ФРТ,доцент,к.н.
Сидоров Д.С.,ФУПМ,доцент,
Морозов Е.П.,ФРТ,ассистент,к.н.
Лебедева Ж.Р.,ФИТ,доцент,
Иванов Л.О.,ФРТ,,к.н.
Морозов Б.В.,ФМиМ,,к.н.
Новиков Л.О.,ФМиМ,,д.н.
Соколов И.К.,ФИВТ,ассистент,к.н.
Алексеев Е.П.,ФИТ,доцент,к.н.
Попов К.М.,ФУПМ,доцент,
Лебедев Ж.Р.,ФРТ,,к.н.
Егоров Ж.Р.,ФИТ,профессор,к.н.
Лебедева Ж.Р.,ФМиЕН,доцент,д.н.
Волков М.Ю.,ФМиЕН,доцент,к.н.
Иванов Г.Н.,ФФ,ассистент,к.н.
Егоров М.Ю.,ФМиЕН,доцент,
Козлов Б.В.,ФФ,,к.н.
Петров В.И.,ФИТ,профессор,д.н.
Егоров И.К.,ФПМИ,,к.н.
Волков Д.С.,ФФ,профессор,
Петров В.И.,ФПМИ,,
Семенов Ж.Р.,ФЭТ,ассистент,
Петров Е.П.,ФУПМ,профессор,
Егоров В.И.,ИТМО,профессор,д.н.
Лебедев И.К.,ФПМИ,ассистент,к.н.
Попов В.И.,ФЭТ,профессор,д.н.
Новиков Л.О.,ФМиМ,ассистент,д.н.
Волков Е.П.,ФИТ,доцент,
Иванов З.Т.,ФМиЕН,профессор,д.н.
Лебедев Ж.Р.,ФЭТ,профессор,
Лебедева В.И.,ФРТ,ассистент,д.н.
Алексеев Б.В.,ФИТ,доцент,
Смирнов И.К.,ФМиМ,,к.н.
Новиков Ж.Р.,ФЭТ,профессор,к.н.
Алексеев М.Ю.,ФИТ,,
Козлов К.М.,ФМиЕН,,д.н.
Козлов Г.Н.,ФМиМ,профессор,д.н.
Морозов К.М.,ФПМИ,,д.н.
Смирнов Л.О.,ФУПМ,,
Егоров Ж.Р.,ФРТ,профессор,к.н.
Алексеев Е.П.,ФПМИ,ассистент,к.н.
Новиков И.К.,ФУПМ,доцент,к.н.
Егоров Г.Н.,ФФ,,к.н.
Петров В.И.,ФМиМ,доцент,д.н.
Лебедева Ж.Р.,ИТМО,профессор,
Иванов Е.П.,ФЭТ,,к.н.
Лебедев Г.Н.,ФМиМ,,к.н.
Алексеев А.А.,ФФ,профессор,д.н.
Новиков Ж.Р.,ФЭТ,ассистент,к.н.
Иванов К.М.,ФМиЕН,доцент,д.н.
Попов М.Ю.,ФИТ,профессор,к.н.
Петров Ж.Р.,ФЭТ,,
Козлов А.А.,ФУПМ,,к.н.
Волков Ж.Р.,ФЭТ,профессор,
Иванов Ж.Р.,ФФ,,к.н.
Сидоров Б.В.,ФФ,,к.н.
Попов И.К.,ФМиЕН,доцент,
Морозов А.А.,ФИТ,доцент,к.н.
Волков В.И.,ФИВТ,,д.н.
Козлов Ж.Р.,ФМиЕН,,д.н.
Соколов Л.О.,ФМиЕН,доцент,д.н.
Морозов Д.С.,ФИВТ,ассистент,д.н.
Сидоров Б.В.,ФИВТ,доцент,
Сидоров В.И.,ФЭТ,ассистент,д.н.
Семенов В.И.,ФПМИ,ассистент,
Соколов Е.П.,ФУПМ,доцент,д.н.
Волков В.И.,ФМиМ,ассистент,д.н.
Морозов И.К.,ФРТ,доцент,
Попов М.Ю.,ИТМО,,
Попов М.Ю.,ФУПМ,профессор,д.н.
Смирнов М.Ю.,ФПМИ,,д.н.
Соколов Д.С.,ФИВТ,доцент,к.н.
Соколов В.И.,ФИВТ,профессор,к.н.
Новиков Е.П.,ФИВТ,профессор,к.н.
Алексеев А.А.,ФМиЕН,,
Сидоров В.И.,ФПМИ,доцент,
Лебедева М.Ю.,ФЭТ,ассистент,к.н.
Алексеев В.И.,ФИВТ,доцент,
Морозов Е.П.,ФРТ,,
Сидоров Л.О.,ФЭТ,ассистент,
Попов З.Т.,ФМиМ,доцент,
Волков А.А.,ФРТ,профессор,
Алексеев Д.С.,ИТМО,,
Семенов И.К.,ФМиМ,профессор,д.н.
Соколов Л.О.,ФИВТ,профессор,д.н.
Сидоров Б.В.,ФФ,доцент,д.н.
Сидоров Б.В.,ИТМО,доцент,
Попов Л.О.,ФИТ,доцент,к.н.
Кузнецов Г.Н.,ФРТ,ассистент,д.н.
Иванов М.Ю.,ФУПМ,ассистент,
Морозов К.М.,ФМиЕН,,д.н.
Морозов Е.П.,ФЭТ,доцент,
Алексеев Л.О.,ФИТ,доцент,
Лебедев Ж.Р.,ФРТ,ассистент,
Морозов В.И.,ФЭТ,доцент,
Лебедев А.А.,ФМиМ,профессор,д.н.
Сидоров И.К.,ФМиМ,профессор,
Смирнов И.К.,ФУПМ,профессор,
Семенов Е.П.,ФИТ,ассистент,
Иванов Л.О.,ФФ,профессор,д.н.
Иванов М.Ю.,ФПМИ,профессор,к.н.
Сидоров Л.О.,ИТМО,доцент,д.н.
Волков А.А.,ФЭТ,профессор,
Козлов М.Ю.,ФИТ,ассистент,к.н.
Кузнецов Л.О.,ФИВТ,ассистент,д.н.
Лебедева К.М.,ФЭТ,,к.н.
Семенов З.Т.,ИТМО,профессор,
Лебедева К.М.,ИТМО,доцент,д.н.
Егоров З.Т.,ФПМИ,,д.н.
Кузнецов М.Ю.,ФПМИ,,д.н.
Иванов Д.С.,ФИТ,доцент,д.н.
Новиков И.К.,ФРТ,доцент,
Лебедева Г.Н.,ФИТ,доцент,
Козлов К.М.,ФМиМ,профессор,к.н.
Лебедев Л.О.,ФРТ,профессор,к.н.
Лебедева И.К.,ФПМИ,доцент,д.н.
Новиков И.К.,ФИТ,профессор,д.н.
Смирнов Б.В.,ФИВТ,ассистент,
Лебедев Б.В.,ФУПМ,,д.н.
Иванов К.М.,ФМиМ,,
Иванов М.Ю.,ФФ,профессор,к.н.
Сидоров А.А.,ИТМО,доцент,
Лебедев Е.П.,ФИТ,,к.н.
Лебедева Б.В.,ФУПМ,,
Кузнецов Л.О.,ФРТ,профессор,
Новиков К.М.,ФИТ,,к.н.
Лебедева Л.О.,ФИТ,,д.н.
Попов А.А.,ФМиЕН,профессор,к.н.
Попов Л.О.,ФМиЕН,ассистент,к.н.
Соколов М.Ю.,ФУПМ,ассистент,к.н.
Кузнецов М.Ю.,ИТМО,,к.н.
Алексеев Д.С.,ФЭТ,ассистент,
Иванов Ж.Р.,ИТМО,профессор,д.н.
Новиков В.И.,ФИВТ,,к.н.
Алексеев К.М.,ФФ,профессор,д.н.
Волков И.К.,ФМиМ,доцент,д.н.
Лебедев В.И.,ИТМО,,к.н.
Лебедева И.К.,ИТМО,доцент,д.н.
Иванов Ж.Р.,ФИВТ,ассистент,д.н.
Петров Е.П.,ФИВТ,профессор,
Иванов М.Ю.,ФРТ,ассистент,
Новиков Л.О.,ФПМИ,профессор,
Кузнецов Ж.Р.,ФЭТ,доцент,к.н.
Попов И.К.,ФМиЕН,ассистент,к.н.
Егоров М.Ю.,ФФ,,д.н.
Кузнецов Е.П.,ФИТ,доцент,д.н.
Лебедев А.А.,ФПМИ,профессор,
Лебедева Г.Н.,ФМиМ,ассистент,д.н.
Смирнов Б.В.,ФПМИ,доцент,
Семенов М.Ю.,ФУПМ,доцент,
Сидоров Б.В.,ФИТ,доцент,к.н.
Егоров З.Т.,ФИТ,доцент,
Лебедева Д.С.,ФФ,,
Соколов В.И.,ФИВТ,,
Сидоров Е.П.,ФМиЕН,доцент,к.н.
Петров Д.С.,ФИТ,доцент,
Волков И.К.,ФЭТ,доцент,к.н.
Морозов Л.О.,ФУПМ,ассистент,д.н.
Егоров И.К.,ФИВТ,доцент,к.н.
Лебедев Л.О.,ФЭТ,доцент,к.н.
Алексеев Г.Н.,ФРТ,,
Егоров Ж.Р.,ИТМО,доцент,
Егоров Ж.Р.,ФФ,,д.н.
Семенов Г.Н.,ФУПМ,,
Сидоров Д.С.,ФРТ,профессор,к.н.
Петров Б.В.,ИТМО,ассистент,
Иванов Ж.Р.,ФУПМ,профессор,д.н.
Сидоров Ж.Р.,ФФ,доцент,д.н.
Семенов Ж.Р.,ИТМО,ассистент,к.н.
Попов К.М.,ФПМИ,ассистент,к.н.
Морозов Г.Н.,ФЭТ,профессор,
Кузнецов Г.Н.,ФИТ,доцент,
Лебедева К.М.,ИТМО,доцент,к.н.
Новиков З.Т.,ФУПМ,профессор,д.н.
Кузнецов Д.С.,ФМиМ,профессор,к.н.
Петров Е.П.,ФИТ,доцент,к.н.
Кузнецов Ж.Р.,ФУПМ,доцент,
Егоров В.И.,ФМиЕН,профессор,
Петров Г.Н.,ФМиЕН,,к.н.
Кузнецов Е.П.,ФИТ,ассистент,к.н.
Новиков И.К.,ФУПМ,доцент,д.н.
Морозов З.Т.,ФУПМ,доцент,к.н.
Егоров Е.П.,ИТМО,профессор,к.н.
Иванов Б.В.,ФМиЕН,доцент,
Попов Л.О.,ФИВТ,доцент,д.н.
Семенов К.М.,ФИТ,профессор,
Новиков Г.Н.,ФЭТ,ассистент,д.н.
Попов И.К.,ФРТ,,к.н.
Егоров Б.В.,ФИТ,,к.н.
Семенов И.К.,ФМиЕН,,к.н.
Алексеев Е.П.,ФИВТ,доцент,д.н.
Егоров Л.О.,ФМиМ,профессор,к.н.
Морозов М.Ю.,ФФ,доцент,к.н.
Соколов Б.В.,ФЭТ,профессор,
Смирнов З.Т.,ИТМО,ассистент,к.н.
Лебедева М.Ю.,ФИВТ,ассистент,к.н.
Волков К.М.,ФФ,профессор,к.н.
Лебедев З.Т.,ФМиМ,профессор,к.н.
Семенов М.Ю.,ФМиМ,ассистент,к.н.
Егоров И.К.,ИТМО,ассистент,
Иванов К.М.,ИТМО,профессор,
Иванов В.И.,ФИТ,доцент,д.н.
Иванов Е.П.,ФМиЕН,доцент,к.н.
Кузнецов К.М.,ФРТ,доцент,д.н.
Волков З.Т.,ФМиЕН,,
Смирнов Ж.Р.,ФПМИ,профессор,
Соколов М.Ю.,ИТМО,ассистент,д.н.
Соколов К.М.,ИТМО,ассистент,д.н.
Сидоров А.А.,ФФ,профессор,
Кузнецов З.Т.,ФМиМ,,к.н.
Сидоров И.К.,ФФ,доцент,
Лебедева В.И.,ИТМО,профессор,к.н.
Иванов З.Т.,ФФ,доцент,
Волков В.И.,ФМиМ,доцент,
Егоров К.М.,ФРТ,ассистент,д.н.
Семенов З.Т.,ФМиЕН,,д.н.
Лебедев З.Т.,ФУПМ,доцент,
Егоров Г.Н.,ФИВТ,профессор,к.н.
Лебедева И.К.,ФФ,,д.н.
Семенов З.Т.,ФМиЕН,ассистент,д.н.
Семенов Г.Н.,ИТМО,,д.н.
Иванов В.И.,ФРТ,ассистент,
Кузнецов И.К.,ФЭТ,,к.н.
Лебедев И.К.,ФЭТ,профессор,к.н.
Петров А.А.,ФЭТ,,д.н.
Лебедев К.М.,ФФ,доцент,д.н.
Петров Ж.Р.,ФПМИ,,к.н.
Смирнов А.А.,ФИВТ,,
Сидоров Г.Н.,ФИВТ,профессор,к.н.
Алексеев З.Т.,ФРТ,профессор,к.н.
Семенов Д.С.,ФФ,,
Алексеев Б.В.,ФИТ,профессор,
Морозов Л.О.,ФУПМ,,к.н.
Лебедева Д.С.,ФИТ,ассистент,
Попов Д.С.,ФФ,ассистент,д.н.
Лебедев М.Ю.,ФРТ,,д.н.
Кузнецов И.К.,ФРТ,профессор,
Кузнецов В.И.,ФИВТ,профессор,
Волков К.М.,ФПМИ,доцент,
Алексеев А.А.,ФПМИ,профессор,к.н.
Егоров К.М.,ФМиМ,ассистент,д.н.
Смирнов А.А.,ФЭТ,доцент,к.н.
Лебедев Б.В.,ФФ,,д.н.
Алексеев Ж.Р.,ФИВТ,доцент,
Новиков В.И.,ФЭТ,доцент,к.н.
Иванов З.Т.,ФРТ,ассистент,
Смирнов В.И.,ИТМО,ассистент,к.н.
Смирнов Д.С.,ФИВТ,профессор,
Попов А.А.,ФРТ,доцент,д.н.
Волков В.И.,ИТМО,доцент,
Волков М.Ю.,ФРТ,доцент,д.н.
Волков И.К.,ФУПМ,доцент,к.н.
Лебедев Ж.Р.,ФФ,ассистент,
Егоров К.М.,ФФ,профессор,к.н.
Козлов Б.В.,ИТМО,,д.н.
Лебедев М.Ю.,ФМиМ,профессор,д.н.
Попов М.Ю.,ФРТ,,
Волков В.И.,ИТМО,доцент,к.н.
Морозов К.М.,ФУПМ,доцент,д.н.
Кузнецов В.И.,ФУПМ,доцент,д.н.
Петров Б.В.,ФЭТ,профессор,д.н.
Кузнецов К.М.,ФРТ,доцент,д.н.
Лебедев Д.С.,ФРТ,ассистент,
Сидоров Ж.Р.,ФЭТ,доцент,к.н.
Иванов М.Ю.,ФРТ,,
Попов Е.П.,ФИТ,доцент,д.н.
Лебедева Б.В.,ФФ,профессор,к.н.
Новиков Д.С.,ИТМО,профессор,
Семенов А.А.,ИТМО,,
Новиков В.И.,ФМиЕН,ассистент,д.н.
Лебедев Д.С.,ФРТ,,
Лебедев М.Ю.,ФФ,ассистент,д.н.
Волков А.А.,ФМиМ,профессор,
Егоров И.К.,ФМиЕН,доцент,
Новиков В.И.,ФИТ,доцент,д.н.
Морозов Г.Н.,ФЭТ,ассистент,к.н.
Соколов Б.В.,ФИТ,доцент,к.н.
Лебедев К.М.,ФПМИ,доцент,
Сидоров М.Ю.,ФРТ,ассистент,
Семенов Г.Н.,ФЭТ,профессор,
Волков И.К.,ФМиЕН,,д.н.
Лебедев К.М.,ФЭТ,,к.н.
Егоров М.Ю.,ФЭТ,профессор,к.н.
Морозов А.А.,ФФ,,д.н.
Волков З.Т.,ФПМИ,доцент,д.н.
Семенов З.Т.,ФУПМ,,
Новиков Ж.Р.,ФПМИ,,
Егоров Д.С.,ФМиЕН,,
Козлов Л.О.,ФПМИ,,д.н.
Иванов И.К.,ФМиМ,ассистент,к.н.
Сидоров З.Т.,ФМиЕН,профессор,к.н.
Семенов К.М.,ФЭТ,ассистент,д.н.
Сидоров Е.П.,ФИТ,ассистент,д.н.
Лебедев В.И.,ФМиМ,профессор,
Лебедев К.М.,ФПМИ,ассистент,
Семенов А.А.,ФРТ,профессор,д.н.
Соколов А.А.,ФЭТ,профессор,д.н.
Семенов Ж.Р.,ФПМИ,доцент,к.н.
Козлов Л.О.,ФРТ,,
Алексеев Ж.Р.,ФУПМ,,к.н.
Смирнов Ж.Р.,ФРТ,,
Лебедева М.Ю.,ФУПМ,профессор,
Егоров К.М.,ФФ,ассистент,д.н.
Волков Б.В.,ИТМО,,к.н.
Волков Г.Н.,ФЭТ,доцент,
Семенов З.Т.,ФРТ,ассистент,к.н.
Сидоров Д.С.,ФИВТ,профессор,д.н.
Лебедев И.К.,ФРТ,доцент,к.н.
Козлов Ж.Р.,ФУПМ,ассистент,к.н.
Алексеев З.Т.,ФФ,,
Петров В.И.,ФИТ,ассистент,д.н.
Соколов В.И.,ФИТ,профессор,
Семенов Д.С.,ФФ,ассистент,д.н.
Лебедев Ж.Р.,ФМиЕН,доцент,д.н.
Кузнецов А.А.,ФЭТ,профессор,
Егоров А.А.,ФМиЕН,доцент,к.н.
Новиков А.А.,ФМиЕН,профессор,к.н.
Алексеев М.Ю.,ФУПМ,профессор,д.н.
Морозов З.Т.,ФРТ,ассистент,
Новиков Ж.Р.,ФМиЕН,профессор,д.н.
Семенов И.К.,ФИВТ,профессор,к.н.
Волков А.А.,ФИВТ,,д.н.
Семенов М.Ю.,ФМиЕН,доцент,д.н.
Новиков Г.Н.,ФУПМ,,д.н.
Сидоров Б.В.,ФИТ,профессор,д.н.
Смирнов Л.О.,ФПМИ,ассистент,к.н.
Алексеев И.К.,ФУПМ,доцент,
Кузнецов Г.Н.,ФРТ,ассистент,
Морозов Ж.Р.,ФИВТ,,д.н.
Лебедева Ж.Р.,ФУПМ,доцент,д.н.
Волков М.Ю.,ФИТ,ассистент,
Козлов Г.Н.,ФМиЕН,профессор,к.н.
Алексеев Л.О.,ФЭТ,профессор,д.н.
Козлов Г.Н.,ФМиМ,профессор,к.н.
Алексеев М.Ю.,ФМиМ,профессор,
Козлов Д.С.,ФИВТ,доцент,д.н.
Лебедева М.Ю.,ФУПМ,ассистент,
Соколов Б.В.,ФИВТ,,д.н.
Сидоров Е.П.,ФРТ,профессор,д.н.
Новиков Г.Н.,ФЭТ,доцент,
Новиков И.К.,ФУПМ,,д.н.
Алексеев Г.Н.,ФПМИ,доцент,д.н.
Петров Ж.Р.,ФЭТ,ассистент,
Лебедев Ж.Р.,ФРТ,доцент,д.н.
Егоров М.Ю.,ФПМИ,ассистент,к.н.
Морозов М.Ю.,ФРТ,ассистент,к.н.
Попов К.М.,ФПМИ,профессор,к.н.
Сидоров Ж.Р.,ФФ,ассистент,
Лебедев В.И.,ФИТ,профессор,д.н.
Козлов Ж.Р.,ФЭТ,доцент,
Лебедева Е.П.,ФУПМ,ассистент,
Иванов М.Ю.,ФРТ,профессор,д.н.
Алексеев З.Т.,ФПМИ,доцент,д.н.
Кузнецов Б.В.,ФИТ,профессор,к.н.
Волков А.А.,ФИВТ,профессор,к.н.
Новиков Б.В.,ИТМО,профессор,
Попов В.И.,ФИВТ,доцент,к.н.
Иванов К.М.,ИТМО,профессор,
Смирнов З.Т.,ФУПМ,доцент,
Волков Е.П.,ФМиЕН,,
Алексеев Б.В.,ИТМО,доцент,д.н.
Смирнов В.И.,ФУПМ,ассистент,к.н.
Новиков Д.С.,ФПМИ,,
Сидоров Е.П.,ФМиЕН,доцент,д.н.
Соколов З.Т.,ФРТ,,д.н.
Иванов Д.С.,ФРТ,ассистент,
Соколов Е.П.,ФРТ,ассистент,д.н.
Лебедев К.М.,ФРТ,ассистент,
Волков Д.С.,ФПМИ,,к.н.
Петров В.И.,ФИВТ,профессор,
Иванов И.К.,ФУПМ,профессор,д.н.
Сидоров З.Т.,ФИВТ,,к.н.
Алексеев И.К.,ФМиЕН,ассистент,
Иванов Ж.Р.,ФМиЕН,доцент,
Сидоров Ж.Р.,ФЭТ,профессор,к.н.
Семенов Г.Н.,ФФ,ассистент,
Соколов Г.Н.,ФМиЕН,профессор,
Соколов К.М.,ФФ,ассистент,
Попов З.Т.,ФИВТ,ассистент,
Иванов Е.П.,ФПМИ,,д.н.
Сидоров К.М.,ФФ,профессор,к.н.
Волков А.А.,ФПМИ,ассистент,к.н.
Морозов И.К.,ФЭТ,ассистент,д.н.
Лебедева Б.В.,ФФ,ассистент,д.н.
Семенов М.Ю.,ФФ,,д.н.
Соколов Е.П.,ФМиЕН,доцент,д.н.
Лебедева А.А.,ФУПМ,,к.н.
Новиков Ж.Р.,ФИТ,доцент,к.н.
Сидоров М.Ю.,ФУПМ,доцент,д.н.
Смирнов Д.С.,ФИТ,профессор,к.н.
Кузнецов К.М.,ФЭТ,ассистент,д.н.
Волков З.Т.,ФЭТ,ассистент,к.н.
Смирнов М.Ю.,ФЭТ,профессор,
Новиков И.К.,ИТМО,профессор,
Смирнов И.К.,ФМиМ,ассистент,
Лебедева И.К.,ФМиМ,профессор,д.н.
Егоров К.М.,ИТМО,доцент,
Лебедева Л.О.,ФПМИ,ассистент,к.н.
Новиков А.А.,ФИВТ,ассистент,д.н.
Волков И.К.,ФЭТ,профессор,к.н.
Козлов Д.С.,ФИВТ,доцент,к.н.
Петров И.К.,ФИТ,доцент,д.н.
Попов Ж.Р.,ФИВТ,ассистент,к.н.
Лебедев И.К.,ФРТ,профессор,д.н.
Волков З.Т.,ФЭТ,ассистент,к.н.
Сидоров К.М.,ФУПМ,,д.н.
Егоров Б.В.,ФПМИ,ассистент,
Егоров Е.П.,ФФ,доцент,д.н.
Смирнов Д.С.,ФФ,доцент,
Егоров З.Т.,ФРТ,профессор,к.н.
Сидоров И.К.,ИТМО,,д.н.
Новиков В.И.,ФПМИ,ассистент,
Волков К.М.,ФМиМ,доцент,д.н.
Алексеев Б.В.,ФУПМ,профессор,д.н.
Егоров М.Ю.,ФРТ,ассистент,к.н.
Новиков Г.Н.,ФРТ,,к.н.
Иванов З.Т.,ФЭТ,доцент,д.н.
Сидоров Г.Н.,ФУПМ,ассистент,к.н.
Кузнецов З.Т.,ИТМО,доцент,
Новиков Л.О.,ИТМО,доцент,
Лебедев К.М.,ФПМИ,профессор,к.н.
Волков З.Т.,ФИВТ,профессор,д.н.
Морозов В.И.,ФЭТ,ассистент,к.н.
Сидоров Б.В.,ФМиЕН,профессор,д.н.
Попов Д.С.,ФМиЕН,профессор,к.н.
Волков З.Т.,ФЭТ,,к.н.
Иванов Л.О.,ФИТ,профессор,
Смирнов Е.П.,ФЭТ,доцент,
Козлов Е.П.,ФРТ,,к.н.
Козлов Б.В.,ФИВТ,профессор,к.н.
Морозов А.А.,ИТМО,доцент,к.н.
Новиков К.М.,ФЭТ,профессор,д.н.
Новиков А.А.,ИТМО,ассистент,
Соколов А.А.,ФИВТ,доцент,д.н.
Егоров Г.Н.,ФЭТ,доцент,к.н.
Егоров Л.О.,ФЭТ,ассистент,д.н.
Алексеев З.Т.,ФРТ,,к.н.
Морозов З.Т.,ФПМИ,,
Семенов И.К.,ФУПМ,доцент,
Лебедев З.Т.,ФЭТ,,к.н.
Иванов Г.Н.,ФЭТ,,к.н.
Лебедев Б.В.,ИТМО,доцент,
Соколов А.А.,ФУПМ,,к.н.
Соколов Г.Н.,ИТМО,ассистент,к.н.
Лебедева Г.Н.,ФРТ,,
Семенов Б.В.,ФИТ,,
Морозов И.К.,ФИВТ,ассистент,к.н.
Лебедев В.И.,ФМиЕН,доцент,
Петров А.А.,ФИВТ,ассистент,д.н.
Лебедева В.И.,ФУПМ,ассистент,к.н.
Новиков Г.Н.,ИТМО,профессор,д.н.
Смирнов М.Ю.,ИТМО,,
Лебедев Ж.Р.,ФРТ,ассистент,д.н.
Кузнецов М.Ю.,ФРТ,,
Иванов М.Ю.,ФФ,доцент,
Алексеев А.А.,ИТМО,ассистент,к.н.
Новиков М.Ю.,ФРТ,ассистент,
Кузнецов И.К.,ФУПМ,,
Новиков И.К.,ФМиМ,профессор,
Козлов Л.О.,ФМиМ,ассистент,
Семенов Ж.Р.,ФМиЕН,ассистент,д.н.
Волков И.К.,ФМиЕН,ассистент,к.н.
Алексеев Б.В.,ФМиМ,ассистент,
Попов В.И.,ФУПМ,ассистент,к.н.
Соколов М.Ю.,ФУПМ,профессор,д.н.
Попов А.А.,ФИТ,доцент,д.н.
Петров В.И.,ФМиМ,,
Алексеев Л.О.,ФРТ,,д.н.
Семенов К.М.,ФФ,,
Морозов Л.О.,ФРТ,профессор,д.н.
Соколов Л.О.,ФПМИ,ассистент,
Волков И.К.,ФМиЕН,профессор,д.н.
Морозов И.К.,ИТМО,ассистент,к.н.
Кузнецов Ж.Р.,ФИВТ,профессор,д.н.
Попов Г.Н.,ИТМО,ассистент,
Петров Ж.Р.,ФФ,профессор,к.н.
Иванов И.К.,ФУПМ,профессор,
Семенов Б.В.,ФУПМ,доцент,
Сидоров Ж.Р.,ФИВТ,доцент,
Сидоров З.Т.,ФФ,доцент,к.н.
Соколов Б.В.,ФУПМ,ассистент,
Козлов Д.С.,ФМиЕН,профессор,к.н.
Егоров А.А.,ФПМИ,ассистент,к.н.
Петров Г.Н.,ФЭТ,доцент,
Лебедев Ж.Р.,ИТМО,профессор,
Сидоров Г.Н.,ФПМИ,доцент,д.н.
Волков Ж.Р.,ФМиМ,профессор,к.н.
Алексеев Б.В.,ФРТ,профессор,д.н.
Новиков Л.О.,ИТМО,доцент,д.н.
Морозов К.М.,ФИТ,,
Сидоров З.Т.,ФИВТ,профессор,
Лебедева Д.С.,ФМиЕН,ассистент,д.н.
Семенов А.А.,ФФ,,д.н.
Лебедева Ж.Р.,ФПМИ,ассистент,к.н.
Лебедев В.И.,ФМиМ,профессор,д.н.
Кузнецов Д.С.,ФИВТ,ассистент,д.н.
Попов Г.Н.,ФФ,профессор,д.н.
Семенов З.Т.,ФЭТ,доцент,д.н.
Алексеев Г.Н.,ФЭТ,доцент,к.н.
Попов Д.С.,ФИТ,профессор,к.н.
Лебедев К.М.,ФФ,доцент,
Новиков И.К.,ФФ,ассистент,к.н.
Семенов М.Ю.,ФФ,профессор,
Кузнецов Б.В.,ИТМО,доцент,к.н.
Иванов А.А.,ФИВТ,доцент,
Петров В.И.,ФИТ,доцент,д.н.
Егоров К.М.,ФРТ,ассистент,
Петров Л.О.,ИТМО,профессор,д.н.
Семенов Г.Н.,ФМиМ,доцент,д.н.
Новиков В.И.,ФПМИ,доцент,
Смирнов Ж.Р.,ФМиМ,профессор,к.н.
Попов А.А.,ФПМИ,ассистент,к.н.
Лебедев Д.С.,ФЭТ,ассистент,д.н.
Смирнов В.И.,ФУПМ,ассистент,д.н.
Лебедев Г.Н.,ФИВТ,доцент,к.н.
Кузнецов К.М.,ФРТ,,к.н.
Новиков А.А.,ФПМИ,ассистент,к.н.
Новиков В.И.,ФМиЕН,,
Попов Ж.Р.,ФМиЕН,ассистент,д.н.
Егоров Ж.Р.,ФИТ,профессор,
Алексеев Ж.Р.,ФУПМ,профессор,д.н.
Лебедев Г.Н.,ФМиЕН,профессор,д.н.
Попов Е.П.,ФМиМ,доцент,д.н.
Новиков Л.О.,ФМиЕН,профессор,д.н.
Волков Ж.Р.,ФИТ,ассистент,к.н.
Семенов З.Т.,ФЭТ,профессор,д.н.
Сидоров И.К.,ФЭТ,доцент,
Лебедева Е.П.,ФИТ,ассистент,
Смирнов Д.С.,ФФ,ассистент,д.н.
Сидоров Е.П.,ФЭТ,ассистент,д.н.
Соколов Б.В.,ФМиМ,,
Смирнов Л.О.,ФИВТ,,
Соколов Ж.Р.,ФРТ,,к.н.
Сидоров Е.П.,ФФ,профессор,
Лебедев Б.В.,ФУПМ,ассистент,
Петров И.К.,ФМиЕН,ассистент,
Иванов М.Ю.,ФМиЕН,доцент,д.н.
Смирнов Л.О.,ФМиМ,доцент,
Петров И.К.,ФУПМ,доцент,к.н.
Иванов Е.П.,ФРТ,доцент,к.н.
Кузнецов Б.В.,ФФ,профессор,к.н.
Козлов З.Т.,ФМиМ,,
Смирнов Л.О.,ФПМИ,профессор,
Морозов И.К.,ФМиМ,профессор,
Лебедева И.К.,ФПМИ,доцент,к.н.
Попов К.М.,ФМиМ,профессор,
Соколов Д.С.,ИТМО,доцент,д.н.
Кузнецов В.И.,ФУПМ,,к.н.
Волков Ж.Р.,ФИТ,доцент,
Кузнецов Л.О.,ФМиЕН,ассистент,д.н.
Лебедев Г.Н.,ФФ,профессор,д.н.
Козлов З.Т.,ФЭТ,,д.н.
Лебедева В.И.,ФЭТ,,
Смирнов Б.В.,ФРТ,профессор,
Лебедева Ж.Р.,ИТМО,доцент,
Кузнецов Б.В.,ФМиЕН,,
Петров В.И.,ИТМО,доцент,д.н.
Соколов Л.О.,ФЭТ,профессор,д.н.
Новиков А.А.,ФУПМ,ассистент,
Семенов З.Т.,ФФ,профессор,д.н.
Иванов Б.В.,ФИТ,профессор,к.н.
Лебедев З.Т.,ФИТ,профессор,д.н.
Егоров Л.О.,ФИТ,доцент,д.н.
Петров Ж.Р.,ФИВТ,,д.н.
Сидоров Б.В.,ФФ,профессор,
Егоров И.К.,ФИТ,доцент,д.н.
Петров Л.О.,ФИТ,ассистент,к.н.
Сидоров В.И.,ФМиМ,доцент,д.н.
Иванов А.А.,ФИТ,ассистент,к.н.
Семенов Л.О.,ФИТ,ассистент,к.н.
Петров В.И.,ФУПМ,доцент,д.н.
Семенов Б.В.,ИТМО,ассистент,
Лебедев В.И.,ФИТ,ассистент,к.н.
Попов И.К.,ФИТ,доцент,
Кузнецов В.И.,ФРТ,ассистент,д.н.
Лебедева Д.С.,ФПМИ,,к.н.
Смирнов З.Т.,ФРТ,доцент,
Кузнецов Г.Н.,ФЭТ,доцент,к.н.
Лебедева К.М.,ФМиМ,профессор,д.н.
Морозов В.И.,ИТМО,доцент,
Соколов Е.П.,ФИВТ,доцент,
Петров Б.В.,ФМиМ,профессор,к.н.
Новиков Л.О.,ФПМИ,,
Попов А.А.,ФПМИ,доцент,д.н.
Волков К.М.,ФПМИ,профессор,к.н.
Лебедева Б.В.,ФПМИ,профессор,к.н.
Новиков В.И.,ФМиЕН,ассистент,д.н.
Смирнов З.Т.,ФФ,доцент,к.н.
Егоров Д.С.,ФФ,ассистент,д.н.
Морозов З.Т.,ФИВТ,доцент,к.н.
Иванов Ж.Р.,ФМиМ,доцент,
Семенов Б.В.,ФИВТ,ассистент,к.н.
Козлов Д.С.,ФМиМ,доцент,к.н.
Алексеев В.И.,ФПМИ,ассистент,д.н.
Петров Д.С.,ФМиЕН,профессор,к.н.
Егоров Б.В.,ФМиМ,ассистент,к.н.
Соколов Б.В.,ФФ,ассистент,
Сидоров Ж.Р.,ФПМИ,профессор,д.н.
Смирнов А.А.,ФМиЕН,профессор,
Козлов К.М.,ФПМИ,профессор,
Семенов Б.В.,ФМиЕН,профессор,д.н.
Попов Ж.Р.,ФФ,,к.н.
Лебедев М.Ю.,ФМиЕН,ассистент,д.н.
Семенов Л.О.,ФИВТ,ассистент,к.н.
Кузнецов И.К.,ФФ,ассистент,
Лебедев М.Ю.,ФРТ,профессор,д.н.
Волков Б.В.,ФПМИ,,к.н.
Егоров З.Т.,ФФ,,
Лебедева М.Ю.,ФМиЕН,профессор,д.н.
Попов Ж.Р.,ФМиМ,ассистент,
Попов Б.В.,ФУПМ,ассистент,д.н.
Алексеев Ж.Р.,ФФ,профессор,
Алексеев И.К.,ФМиЕН,профессор,к.н.
Попов Ж.Р.,ФМиМ,ассистент,
Алексеев И.К.,ИТМО,,
Попов Л.О.,ФИТ,профессор,д.н.
Петров М.Ю.,ФФ,доцент,к.н.
Смирнов М.Ю.,ФПМИ,доцент,
Волков Д.С.,ИТМО,ассистент,к.н.
Смирнов И.К.,ФМиЕН,ассистент,
Петров Л.О.,ФМиМ,профессор,к.н.
Иванов М.Ю.,ФФ,доцент,к.н.
Соколов М.Ю.,ФИВТ,профессор,
Егоров Б.В.,ФИВТ,профессор,к.н.
Алексеев Ж.Р.,ФПМИ,профессор,
Лебедева Е.П.,ФЭТ,,
Петров Е.П.,ФИВТ,,д.н.
Морозов Г.Н.,ФИТ,профессор,
Петров Б.В.,ФРТ,профессор,
Алексеев Л.О.,ФУПМ,ассистент,
Соколов З.Т.,ФУПМ,профессор,к.н.
Попов Г.Н.,ФИВТ,,д.н.
Кузнецов Ж.Р.,ФПМИ,,к.н.
Лебедева К.М.,ФПМИ,доцент,
Смирнов В.И.,ФМиМ,,д.н.
Егоров К.М.,ФУПМ,доцент,д.н.
Егоров З.Т.,ФПМИ,ассистент,
Семенов Ж.Р.,ФМиЕН,доцент,к.н.
Сидоров А.А.,ФРТ,профессор,
Алексеев А.А.,ФФ,ассистент,д.н.
Лебедев Д.С.,ФМиМ,,к.н.
Семенов З.Т.,ИТМО,доцент,
Кузнецов К.М.,ФМиЕН,доцент,
Морозов Е.П.,ФИВТ,ассистент,к.н.
Смирнов В.И.,ФФ,доцент,к.н.
Козлов Д.С.,ФРТ,ассистент,
Петров Л.О.,ФИВТ,,
Соколов Ж.Р.,ФФ,доцент,
Семенов А.А.,ФРТ,профессор,
Попов И.К.,ФМиМ,доцент,
Лебедев А.А.,ФМиМ,доцент,к.н.
Смирнов А.А.,ФРТ,доцент,
Петров К.М.,ФУПМ,ассистент,к.н.
Попов К.М.,ФМиЕН,ассистент,
Лебедев Е.П.,ИТМО,доцент,
Лебедева К.М.,ФПМИ,,
Кузнецов К.М.,ФМиМ,профессор,д.н.
Морозов Д.С.,ФЭТ,профессор,д.н.
Козлов Е.П.,ФМиМ,доцент,
Козлов М.Ю.,ФРТ,,д.н.
Семенов Е.П.,ФПМИ,,к.н.
Иванов Б.В.,ФМиМ,профессор,
Козлов К.М.,ФИВТ,ассистент,
Попов В.И.,ФУПМ,профессор,к.н.
Лебедев В.И.,ФМиМ,ассистент,
Егоров А.А.,ФЭТ,,
Волков Д.С.,ФФ,ассистент,к.н.
Сидоров В.И.,ФМиМ,ассистент,д.н.
Козлов З.Т.,ФРТ,,к.н.
Иванов И.К.,ФМиМ,ассистент,к.н.
Морозов М.Ю.,ФИВТ,,к.н.
Смирнов Л.О.,ФРТ,профессор,д.н.
Иванов В.И.,ФМиЕН,профессор,
Смирнов Е.П.,ФИТ,ассистент,к.н.
Сидоров Л.О.,ФИТ,профессор,
Иванов М.Ю.,ФМиМ,доцент,к.н.
Сидоров В.И.,ФМиМ,доцент,
Лебедева Б.В.,ФПМИ,доцент,
Смирнов Ж.Р.,ФМиЕН,доцент,к.н.
Попов К.М.,ФИВТ,ассистент,
Кузнецов З.Т.,ФМиЕН,доцент,к.н.
Новиков И.К.,ФИТ,,д.н.
Соколов Д.С.,ИТМО,ассистент,д.н.
Попов К.М.,ФРТ,ассистент,
Соколов Л.О.,ФУПМ,,к.н.
Козлов З.Т.,ИТМО,профессор,
Лебедева Г.Н.,ИТМО,профессор,к.н.
Алексеев Б.В.,ФИВТ,профессор,к.н.
Смирнов Ж.Р.,ФЭТ,,д.н.
Волков Е.П.,ФПМИ,профессор,д.н.
Смирнов В.И.,ФМиЕН,,
Козлов Л.О.,ФУПМ,профессор,к.н.
Лебедев И.К.,ФРТ,ассистент,к.н.
Сидоров М.Ю.,ФМиЕН,ассистент,д.н.
Петров В.И.,ФМиЕН,доцент,к.н.
Кузнецов И.К.,ФПМИ,ассистент,д.н.
Лебедев Л.О.,ФФ,ассистент,к.н.
Иванов Б.В.,ФРТ,ассистент,
Новиков Ж.Р.,ФМиЕН,профессор,
Соколов М.Ю.,ФРТ,доцент,
Иванов Б.В.,ИТМО,,д.н.
Егоров В.И.,ФФ,доцент,к.н.
Морозов Л.О.,ФМиМ,профессор,
Попов И.К.,ФРТ,ассистент,д.н.
Сидоров Ж.Р.,ИТМО,,к.н.
Лебедев К.М.,ФИТ,ассистент,д.н.
Петров З.Т.,ФПМИ,доцент,д.н.
Сидоров М.Ю.,ФПМИ,доцент,к.н.
Лебедева Ж.Р.,ФИТ,ассистент,к.н.
Козлов Ж.Р.,ФПМИ,доцент,д.н.
Козлов А.А.,ФПМИ,профессор,
Попов И.К.,ФУПМ,ассистент,
Егоров К.М.,ФРТ,доцент,к.н.
Козлов З.Т.,ФМиЕН,,к.н.
Соколов В.И.,ФПМИ,доцент,к.н.
Лебедева И.К.,ФЭТ,ассистент,
Козлов И.К.,ФМиМ,,к.н.
Смирнов Л.О.,ФРТ,ассистент,д.н.
Лебедев Д.С.,ФМиМ,,к.н.
Егоров З.Т.,ФЭТ,ассистент,д.н.
Сидоров И.К.,ФМиЕН,ассистент,к.н.
Попов Г.Н.,ФМиЕН,доцент,к.н.
Лебедев Г.Н.,ИТМО,доцент,д.н.
Семенов Ж.Р.,ФМиЕН,,к.н.
Морозов И.К.,ИТМО,,
Козлов Б.В.,ФМиЕН,профессор,
Козлов И.К.,ФМиМ,доцент,
Попов Д.С.,ФРТ,доцент,
Волков К.М.,ИТМО,доцент,
Петров И.К.,ФМиМ,профессор,
Попов З.Т.,ФМиМ,,
Морозов К.М.,ФИТ,профессор,
Лебедева К.М.,ФМиМ,профессор,
Сидоров Л.О.,ФРТ,,к.н.
Иванов Г.Н.,ФМиМ,профессор,к.н.
Соколов И.К.,ФМиМ,доцент,к.н.
Егоров И.К.,ФПМИ,профессор,д.н.
Егоров Е.П.,ФЭТ,ассистент,к.н.
Егоров И.К.,ФУПМ,доцент,
Сидоров В.И.,ФФ,доцент,к.н.
Смирнов Е.П.,ФРТ,профессор,д.н.
Кузнецов А.А.,ФИТ,ассистент,к.н.
Петров Д.С.,ФМиЕН,ассистент,д.н.
Попов Д.С.,ФРТ,ассистент,д.н.
Лебедев Л.О.,ФИТ,доцент,к.н.
Иванов Г.Н.,ФМиЕН,профессор,к.н.
Петров В.И.,ФМиМ,доцент,
Козлов В.И.,ФФ,ассистент,д.н.
Кузнецов Ж.Р.,ФФ,профессор,д.н.
Иванов М.Ю.,ФИВТ,ассистент,к.н.
Кузнецов З.Т.,ИТМО,доцент,д.н.
Петров А.А.,ФЭТ,,к.н.
Петров А.А.,ФРТ,ассистент,к.н.
Егоров В.И.,ФИВТ,ассистент,к.н.
Новиков Г.Н.,ФМиЕН,доцент,д.н.
Морозов Ж.Р.,ФМиЕН,,д.н.
Кузнецов Л.О.,ФМиЕН,доцент,к.н.
Петров К.М.,ФМиЕН,доцент,к.н.
Смирнов В.И.,ФФ,ассистент,
Лебедев И.К.,ФИВТ,доцент,к.н.
Новиков А.А.,ФИТ,,д.н.
Лебедева И.К.,ФУПМ,ассистент,к.н.
Козлов А.А.,ФФ,доцент,к.н.
Егоров З.Т.,ФПМИ,профессор,к.н.
Козлов З.Т.,ФМиМ,,д.н.
Попов Д.С.,ИТМО,,д.н.
Кузнецов Б.В.,ФРТ,профессор,д.н.
Морозов Б.В.,ФМиЕН,ассистент,
Иванов А.А.,ФПМИ,ассистент,д.н.
Семенов А.А.,ФЭТ,доцент,к.н.
Петров Г.Н.,ФЭТ,профессор,к.н.
Петров К.М.,ФФ,профессор,д.н.
Иванов К.М.,ФМиМ,,
Попов Ж.Р.,ФРТ,ассистент,д.н.
Новиков Е.П.,ФПМИ,профессор,
Козлов Е.П.,ИТМО,профессор,д.н.
Иванов В.И.,ФПМИ,ассистент,д.н.
Егоров Д.С.,ФПМИ,профессор,
Сидоров А.А.,ФРТ,доцент,к.н.
Новиков М.Ю.,ФПМИ,,к.н.
Егоров Б.В.,ФУПМ,доцент,к.н.
Семенов Б.В.,ФУПМ,доцент,к.н.
Козлов Б.В.,ФПМИ,,д.н.
Лебедева К.М.,ФИТ,ассистент,
Сидоров Ж.Р.,ФМиМ,доцент,
Егоров К.М.,ФПМИ,,
Лебедева И.К.,ФЭТ,,к.н.
Иванов К.М.,ФЭТ,доцент,д.н.
Лебедев Е.П.,ФИТ,ассистент,к.н.
Сидоров Г.Н.,ФРТ,,д.н.
Иванов В.И.,ФИВТ,ассистент,к.н.
Лебедев В.И.,ФРТ,,к.н.
Морозов Ж.Р.,ИТМО,,
Морозов В.И.,ФУПМ,профессор,
Лебедева К.М.,ФМиМ,профессор,к.н.
Иванов Б.В.,ФЭТ,,
Морозов В.И.,ФИТ,профессор,
Козлов М.Ю.,ФМиЕН,,
Лебедев К.М.,ФИТ,доцент,д.н.
Попов В.И.,ФФ,,
Лебедева Л.О.,ИТМО,доцент,д.н.
Морозов Ж.Р.,ФФ,ассистент,к.н.
Егоров Г.Н.,ИТМО,ассистент,
Новиков К.М.,ФИТ,ассистент,д.н.
Сидоров З.Т.,ФИВТ,,д.н.
Сидоров А.А.,ФФ,профессор,к.н.
Попов В.И.,ФРТ,доцент,д.н.
Егоров Е.П.,ФПМИ,,к.н.
Новиков Д.С.,ФЭТ,ассистент,к.н.
Лебедева К.М.,ФМиЕН,доцент,
Семенов Д.С.,ФПМИ,ассистент,к.н.
Петров Ж.Р.,ФПМИ,ассистент,к.н.
Волков Л.О.,ФМиМ,профессор,д.н.
Егоров М.Ю.,ФФ,ассистент,к.н.
Петров В.И.,ФФ,ассистент,
Сидоров Л.О.,ФИВТ,,к.н.
Лебедева Е.П.,ФФ,ассистент,д.н.
Лебедева В.И.,ФУПМ,,к.н.
Соколов В.И.,ФУПМ,профессор,д.н.
Петров И.К.,ФМиЕН,доцент,
Лебедева Г.Н.,ФУПМ,ассистент,
Лебедев И.К.,ФФ,профессор,д.н.
Сидоров К.М.,ИТМО,доцент,
Соколов Е.П.,ФЭТ,доцент,к.н.
Волков Ж.Р.,ФИТ,,
Петров Л.О.,ФМиМ,доцент,д.н.
Алексеев Л.О.,ФПМИ,,к.н.
Петров М.Ю.,ФЭТ,профессор,к.н.
Егоров В.И.,ФМиМ,ассистент,к.н.
Смирнов А.А.,ФМиМ,ассистент,
Новиков К.М.,ФРТ,ассистент,к.н.
Попов Е.П.,ФМиЕН,доцент,к.н.
Смирнов И.К.,ИТМО,,
Смирнов Л.О.,ФПМИ,доцент,к.н.
Алексеев В.И.,ФИВТ,доцент,к.н.
Попов А.А.,ФФ,ассистент,к.н.
Петров Д.С.,ФУПМ,доцент,д.н.
Иванов К.М.,ФМиМ,доцент,д.н.
Волков В.И.,ФМиЕН,ассистент,
Алексеев Ж.Р.,ФУПМ,профессор,к.н.
Попов Г.Н.,ФИВТ,доцент,к.н.
Новиков Д.С.,ФМиМ,профессор,
Лебедева З.Т.,ФМиЕН,,к.н.
Лебедева Е.П.,ФРТ,ассистент,д.н.
Алексеев Б.В.,ФФ,ассистент,д.н.
Петров Ж.Р.,ФРТ,,
Соколов З.Т.,ФФ,доцент,к.н.
Егоров В.И.,ФУПМ,ассистент,к.н.
Егоров Ж.Р.,ФИТ,профессор,д.н.
Алексеев М.Ю.,ФФ,ассистент,к.н.
Иванов Е.П.,ФЭТ,доцент,д.н.
Иванов Ж.Р.,ФМиМ,,д.н.
Алексеев Г.Н.,ФУПМ,профессор,к.н.
Новиков Е.П.,ФМиМ,,д.н.
Волков Ж.Р.,ФФ,,д.н.
Попов Е.П.,ФУПМ,доцент,д.н.
Лебедев Ж.Р.,ФИВТ,профессор,к.н.
Сидоров Л.О.,ФЭТ,,к.н.
Иванов Г.Н.,ФМиМ,ассистент,к.н.
Лебедева Е.П.,ФИВТ,,д.н.
Кузнецов З.Т.,ФУПМ,,
Волков А.А.,ФЭТ,ассистент,
Козлов З.Т.,ФИВТ,ассистент,
Алексеев Е.П.,ФИТ,ассистент,к.н.
Лебедева И.К.,ФПМИ,профессор,к.н.
Алексеев Г.Н.,ФЭТ,доцент,к.н.
Лебедева Г.Н.,ФЭТ,,к.н.
Смирнов Б.В.,ИТМО,,д.н.
Новиков И.К.,ФИТ,профессор,
Смирнов Л.О.,ФМиМ,доцент,
Егоров Е.П.,ФИТ,ассистент,к.н.
Алексеев Л.О.,ФФ,ассистент,к.н.
Смирнов Е.П.,ФИТ,ассистент,д.н.
Новиков И.К.,ФИТ,профессор,к.н.
Семенов Ж.Р.,ИТМО,ассистент,
Петров Л.О.,ИТМО,профессор,к.н.
Морозов А.А.,ФЭТ,доцент,к.н.
Лебедева А.А.,ФИВТ,,
Кузнецов М.Ю.,ФПМИ,доцент,
Иванов К.М.,ФМиЕН,ассистент,д.н.
Морозов Г.Н.,ФМиМ,ассистент,к.н.
Петров И.К.,ФУПМ,профессор,к.н.
Попов Ж.Р.,ФИТ,,к.н.
Кузнецов Ж.Р.,ИТМО,доцент,д.н.
Смирнов И.К.,ФУПМ,доцент,д.н.
Лебедева В.И.,ФИВТ,профессор,д.н.
Соколов В.И.,ФИВТ,,д.н.
Кузнецов З.Т.,ФФ,профессор,
Козлов Е.П.,ФИТ,ассистент,д.н.
Кузнецов К.М.,ФИТ,ассистент,к.н.
Попов Г.Н.,ФПМИ,ассистент,
Егоров Г.Н.,ФУПМ,профессор,
Попов Б.В.,ФМиЕН,ассистент,д.н.
Семенов Д.С.,ФМиЕН,профессор,д.н.
Иванов М.Ю.,ФПМИ,,
Иванов З.Т.,ФПМИ,ассистент,
Волков Ж.Р.,ФМиМ,ассистент,
Иванов Л.О.,ФМиМ,профессор,к.н.
Морозов З.Т.,ФИВТ,доцент,
Морозов Ж.Р.,ФМиЕН,ассистент,к.н.
Смирнов А.А.,ФМиМ,доцент,
Петров И.К.,ФМиМ,профессор,к.н.
Козлов А.А.,ФМиМ,ассистент,к.н.
Новиков Г.Н.,ФПМИ,ассистент,д.н.
Козлов З.Т.,ФМиЕН,ассистент,
Морозов Б.В.,ФФ,,д.н.
Соколов Д.С.,ФРТ,ассистент,д.н.
Соколов В.И.,ФИВТ,,к.н.
Лебедев Ж.Р.,ФЭТ,ассистент,д.н.
Кузнецов Ж.Р.,ФИТ,доцент,к.н.
Кузнецов Г.Н.,ФМиЕН,профессор,
Попов М.Ю.,ИТМО,доцент,д.н.
Кузнецов Л.О.,ФПМИ,,
Иванов З.Т.,ФИТ,,
Новиков Г.Н.,ФЭТ,профессор,
Новиков В.И.,ФМиЕН,,д.н.
Алексеев А.А.,ФУПМ,,
Новиков И.К.,ФФ,доцент,к.н.
Кузнецов А.А.,ФИВТ,,к.н.
Алексеев Е.П.,ФЭТ,,к.н.
Алексеев Г.Н.,ФЭТ,ассистент,к.н.
Попов В.И.,ФФ,доцент,д.н.
Козлов Е.П.,ФФ,профессор,д.н.
Волков Ж.Р.,ФПМИ,профессор,д.н.
Соколов В.И.,ФМиЕН,профессор,к.н.
Иванов И.К.,ФМиМ,доцент,к.н.
Соколов В.И.,ИТМО,,д.н.
Семенов Д.С.,ФРТ,,к.н.
Сидоров Ж.Р.,ИТМО,ассистент,д.н.
Петров З.Т.,ФУПМ,доцент,к.н.
Попов Л.О.,ФУПМ,,
Иванов К.М.,ФПМИ,доцент,к.н.
Алексеев Ж.Р.,ФМиЕН,ассистент,к.н.
Козлов К.М.,ФПМИ,ассистент,
Смирнов Д.С.,ФФ,доцент,
Кузнецов Л.О.,ФИВТ,ассистент,
Кузнецов К.М.,ФИВТ,доцент,к.н.
Семенов Б.В.,ФФ,ассистент,к.н.
Лебедева Б.В.,ФРТ,ассистент,к.н.
Козлов Г.Н.,ФЭТ,профессор,д.н.
Сидоров Е.П.,ФМиМ,,к.н.
Алексеев М.Ю.,ФУПМ,,д.н.
Смирнов А.А.,ФИВТ,,к.н.
Лебедев Е.П.,ФЭТ,доцент,
Морозов И.К.,ФИВТ,,д.н.
Алексеев В.И.,ФПМИ,,к.н.
Сидоров З.Т.,ФУПМ,,к.н.
Соколов З.Т.,ФФ,доцент,
Козлов З.Т.,ФИВТ,,к.н.
Волков Ж.Р.,ФПМИ,доцент,д.н.
Лебедева Л.О.,ФРТ,профессор,к.н.
Морозов Г.Н.,ФМиМ,ассистент,
Иванов З.Т.,ФИВТ,профессор,
Соколов Л.О.,ФПМИ,,к.н.
Попов З.Т.,ФФ,доцент,
Попов А.А.,ФУПМ,,д.н.
Лебедева В.И.,ФУПМ,доцент,д.н.
Егоров Е.П.,ФФ,доцент,к.н.
Сидоров Б.В.,ФПМИ,ассистент,к.н.
Петров А.А.,ФИВТ,профессор,к.н.
Семенов Л.О.,ФИВТ,доцент,д.н.
Козлов Г.Н.,ФИВТ,профессор,к.н.
Кузнецов К.М.,ФМиМ,доцент,
Алексеев А.А.,ИТМО,профессор,
Смирнов Л.О.,ФРТ,профессор,
Егоров Б.В.,ФРТ,профессор,
Иванов В.И.,ФИВТ,профессор,д.н.
Кузнецов Ж.Р.,ФМиЕН,ассистент,к.н.
Петров Д.С.,ФМиМ,,
Петров В.И.,ФМиМ,,
Козлов К.М.,ФИВТ,,д.н.
Смирнов Б.В.,ИТМО,,к.н.
Смирнов А.А.,ИТМО,ассистент,
Семенов А.А.,ФУПМ,,
Морозов А.А.,ФРТ,профессор,к.н.
Попов А.А.,ФФ,доцент,к.н.
Волков Ж.Р.,ФЭТ,,
Иванов Д.С.,ФПМИ,ассистент,
Лебедева К.М.,ИТМО,доцент,
Алексеев И.К.,ФИТ,,к.н.
Волков К.М.,ФИТ,ассистент,
Козлов Д.С.,ФРТ,,д.н.
Егоров В.И.,ФМиМ,профессор,к.н.
Иванов А.А.,ФЭТ,,к.н.
Смирнов В.И.,ФИТ,,д.н.
Кузнецов Г.Н.,ФМиМ,доцент,д.н.
Новиков З.Т.,ФМиЕН,ассистент,
Сидоров К.М.,ФЭТ,,к.н.
Козлов Б.В.,ФИВТ,доцент,д.н.
Попов Г.Н.,ФУПМ,доцент,
Лебедева М.Ю.,ФМиМ,ассистент,к.н.
Алексеев Г.Н.,ИТМО,доцент,д.н.
Попов Д.С.,ФИВТ,ассистент,
Козлов Л.О.,ФФ,ассистент,д.н.
Сидоров Л.О.,ФИВТ,профессор,к.н.
Козлов З.Т.,ФИВТ,ассистент,
Егоров М.Ю.,ФРТ,профессор,к.н.
Егоров З.Т.,ФИТ,,к.н.
Волков А.А.,ФИТ,доцент,
Лебедев В.И.,ФИВТ,,д.н.
Попов Г.Н.,ФФ,ассистент,д.н.
Иванов Ж.Р.,ФМиЕН,,
Морозов М.Ю.,ФМиМ,доцент,
Морозов Б.В.,ФРТ,доцент,
Сидоров А.А.,ИТМО,ассистент,
Лебедев Д.С.,ФРТ,,
Сидоров Б.В.,ИТМО,профессор,
Лебедев Е.П.,ФИВТ,профессор,к.н.
Новиков Ж.Р.,ФМиЕН,доцент,к.н.
Козлов К.М.,ФМиМ,профессор,к.н.
Новиков З.Т.,ФПМИ,ассистент,д.н.
Лебедев А.А.,ФРТ,ассистент,
Лебедев В.И.,ФИТ,ассистент,
Лебедев Г.Н.,ФМиЕН,,д.н.
Петров И.К.,ФИВТ,ассистент,к.н.
Волков Ж.Р.,ФФ,доцент,
Иванов З.Т.,ФЭТ,доцент,д.н.
Лебедев И.К.,ФМиЕН,ассистент,д.н.
Семенов Е.П.,ФФ,ассистент,
Козлов З.Т.,ИТМО,профессор,
Попов М.Ю.,ФИВТ,,к.н.
Соколов Г.Н.,ИТМО,доцент,д.н.
Петров А.А.,ФЭТ,ассистент,к.н.
Семенов В.И.,ФУПМ,ассистент,
Егоров Б.В.,ИТМО,доцент,к.н.
Волков В.И.,ФМиЕН,,д.н.
Попов Б.В.,ИТМО,доцент,к.н.
Лебедев Б.В.,ФМиМ,профессор,д.н.
Петров Л.О.,ФМиМ,ассистент,
Семенов Б.В.,ФФ,ассистент,д.н.
Морозов М.Ю.,ФПМИ,ассистент,
Морозов З.Т.,ИТМО,,к.н.
Новиков Ж.Р.,ФФ,профессор,д.н.
Иванов К.М.,ФМиМ,,
Соколов М.Ю.,ФЭТ,ассистент,к.н.
Морозов Д.С.,ФИВТ,ассистент,
Морозов Г.Н.,ФПМИ,доцент,к.н.
Лебедева Д.С.,ФМиЕН,ассистент,
Новиков Е.П.,ФФ,профессор,к.н.
Новиков Б.В.,ФПМИ,ассистент,
Соколов А.А.,ФРТ,ассистент,к.н.
Попов И.К.,ФФ,доцент,к.н.
Новиков Л.О.,ФМиМ,ассистент,
Егоров Ж.Р.,ФФ,доцент,д.н.
Попов М.Ю.,ФФ,,к.н.
Семенов В.И.,ФМиЕН,,к.н.
Петров З.Т.,ФЭТ,доцент,к.н.
Лебедев Ж.Р.,ФРТ,доцент,
Козлов А.А.,ФУПМ,доцент,к.н.
Семенов З.Т.,ФУПМ,ассистент,
Морозов А.А.,ФМиЕН,профессор,
Волков В.И.,ФУПМ,профессор,к.н.
Морозов Ж.Р.,ФИТ,доцент,д.н.
Волков Г.Н.,ФУПМ,доцент,к.н.
Козлов М.Ю.,ФИВТ,профессор,д.н.
Новиков Д.С.,ФУПМ,ассистент,
Кузнецов З.Т.,ИТМО,доцент,д.н.
Сидоров Л.О.,ФМиМ,,
Сидоров И.К.,ФИВТ,доцент,к.н.
Соколов К.М.,ФФ,профессор,д.н.
Волков А.А.,ФМиМ,профессор,
Сидоров М.Ю.,ФФ,доцент,д.н.
Лебедев Г.Н.,ФМиМ,профессор,д.н.
Семенов Ж.Р.,ФФ,доцент,
Попов Л.О.,ФПМИ,,к.н.
Козлов Е.П.,ФПМИ,,
Кузнецов М.Ю.,ФФ,,д.н.
Семенов М.Ю.,ИТМО,доцент,
Алексеев Е.П.,ФФ,профессор,к.н.
Смирнов Л.О.,ФЭТ,ассистент,к.н.
Кузнецов Ж.Р.,ФРТ,,к.н.
Петров И.К.,ФИВТ,ассистент,к.н.
Смирнов А.А.,ФЭТ,,к.н.
Петров Е.П.,ФЭТ,профессор,к.н.
Лебедев Д.С.,ФИВТ,ассистент,
Кузнецов Б.В.,ФИВТ,,к.н.
Лебедева И.К.,ФМиЕН,доцент,
Попов Б.В.,ФУПМ,,к.н.
Соколов Л.О.,ФРТ,,д.н.
Петров М.Ю.,ФРТ,профессор,к.н.
Лебедев З.Т.,ФРТ,профессор,
Лебедева З.Т.,ФЭТ,доцент,к.н.
Егоров Л.О.,ФМиМ,ассистент,к.н.
Лебедев Л.О.,ФМиЕН,ассистент,д.н.
Иванов Л.О.,ФЭТ,доцент,
Алексеев Г.Н.,ФМиЕН,доцент,к.н.
Лебедева М.Ю.,ФУПМ,ассистент,
Лебедев И.К.,ФИВТ,ассистент,к.н.
Смирнов Д.С.,ФУПМ,профессор,д.н.
Лебедев М.Ю.,ФЭТ,профессор,к.н.
Петров К.М.,ФИТ,,
Лебедева А.А.,ФЭТ,,д.н.
Алексеев И.К.,ФИТ,доцент,д.н.
Алексеев А.А.,ФРТ,доцент,д.н.
Соколов Е.П.,ФИВТ,ассистент,д.н.
Волков Г.Н.,ФМиЕН,доцент,д.н.
Сидоров А.А.,ФРТ,ассистент,
Сидоров К.М.,ФПМИ,профессор,
Лебедев В.И.,ФИВТ,,к.н.
Алексеев А.А.,ФЭТ,ассистент,
Лебедев В.И.,ФФ,профессор,
Семенов Д.С.,ИТМО,,д.н.
Соколов М.Ю.,ФПМИ,доцент,
Лебедева Б.В.,ИТМО,ассистент,
Соколов И.К.,ФРТ,,
Сидоров В.И.,ФМиЕН,,д.н.
Соколов Е.П.,ФЭТ,,
Сидоров К.М.,ФИТ,доцент,
Алексеев З.Т.,ФФ,профессор,
Лебедев К.М.,ФРТ,,
Лебедев И.К.,ФМиЕН,ассистент,к.н.
Семенов Л.О.,ФИТ,,
Морозов Г.Н.,ФФ,доцент,д.н.
Морозов Е.П.,ФЭТ,профессор,к.н.
Кузнецов Е.П.,ФПМИ,доцент,д.н.
Козлов В.И.,ФФ,доцент,
Новиков Б.В.,ФМиЕН,ассистент,к.н.
Егоров К.М.,ФИТ,профессор,к.н.
Волков М.Ю.,ФПМИ,профессор,д.н.
Смирнов Д.С.,ФПМИ,ассистент,
Лебедев Б.В.,ФИВТ,доцент,к.н.
Сидоров А.А.,ФИВТ,профессор,д.н.
Новиков В.И.,ФЭТ,,
Егоров Д.С.,ФИВТ,,д.н.
Попов В.И.,ФИТ,профессор,
Соколов Е.П.,ФРТ,,д.н.
Козлов Д.С.,ФФ,доцент,к.н.
Кузнецов Ж.Р.,ФИВТ,доцент,д.н.
Семенов М.Ю.,ФМиЕН,профессор,д.н.
Соколов Е.П.,ФУПМ,профессор,д.н.
Кузнецов В.И.,ФФ,ассистент,д.н.
Сидоров Е.П.,ФУПМ,ассистент,
Семенов Г.Н.,ФУПМ,,к.н.
Морозов Л.О.,ФИВТ,ассистент,
Новиков Г.Н.,ФИТ,профессор,
Иванов В.И.,ФЭТ,ассистент,к.н.
Петров Ж.Р.,ФИВТ,профессор,
Петров Д.С.,ФИТ,профессор,д.н.
Лебедева Б.В.,ФМиЕН,доцент,д.н.
Петров Ж.Р.,ФМиЕН,профессор,д.н.
Смирнов З.Т.,ФИВТ,доцент,
Семенов М.Ю.,ФФ,доцент,
Иванов М.Ю.,ФИВТ,профессор,д.н.
Козлов Ж.Р.,ФРТ,профессор,д.н.
Волков М.Ю.,ФФ,профессор,к.н.
Козлов Л.О.,ФУПМ,доцент,д.н.
Смирнов Л.О.,ИТМО,,к.н.
Козлов И.К.,ФМиЕН,,к.н.
Петров И.К.,ФЭТ,,
Морозов Г.Н.,ФИВТ,,д.н.
Козлов М.Ю.,ИТМО,ассистент,
Смирнов А.А.,ФЭТ,,
Лебедева В.И.,ФИТ,,к.н.
Лебедева И.К.,ФМиЕН,доцент,д.н.
Соколов Ж.Р.,ФМиМ,профессор,д.н.
Алексеев И.К.,ФПМИ,ассистент,д.н.
Иванов В.И.,ФИТ,профессор,д.н.
Семенов Д.С.,ФМиМ,,к.н.
Смирнов А.А.,ФИВТ,доцент,д.н.
Смирнов Б.В.,ФМиМ,профессор,д.н.
Новиков Д.С.,ФМиЕН,ассистент,к.н.
Петров И.К.,ФУПМ,профессор,к.н.
Новиков Д.С.,ФПМИ,доцент,к.н.
Лебедев Е.П.,ФУПМ,профессор,
Сидоров Е.П.,ФИТ,доцент,к.н.
Волков И.К.,ИТМО,профессор,
Сидоров М.Ю.,ФФ,профессор,к.н.
Волков И.К.,ФФ,доцент,к.н.
Алексеев Г.Н.,ФЭТ,профессор,
Новиков В.И.,ФИТ,,
Соколов И.К.,ФИВТ,профессор,к.н.
Петров Б.В.,ФИВТ,,к.н.
Лебедева А.А.,ФМиМ,,д.н.
Соколов К.М.,ФИТ,доцент,д.н.
Соколов Д.С.,ФЭТ,,
Морозов Ж.Р.,ФИТ,,к.н.
Алексеев В.И.,ФМиЕН,ассистент,к.н.
Егоров Г.Н.,ФИВТ,доцент,
Смирнов М.Ю.,ФУПМ,,д.н.
Козлов Г.Н.,ФФ,доцент,
Петров Б.В.,ФФ,профессор,д.н.
Попов Л.О.,ФЭТ,доцент,д.н.
Лебедев Л.О.,ИТМО,ассистент,д.н.
Козлов В.И.,ФЭТ,профессор,
Алексеев Ж.Р.,ФМиМ,ассистент,
Кузнецов Б.В.,ФУПМ,доцент,
Егоров В.И.,ФИТ,ассистент,
Смирнов З.Т.,ФИТ,,к.н.
Лебедев В.И.,ФИВТ,профессор,
Морозов В.И.,ФИВТ,доцент,к.н.
Смирнов Л.О.,ФМиЕН,профессор,к.н.
Сидоров Б.В.,ФФ,,
Семенов Б.В.,ФИТ,профессор,к.н.
Кузнецов Е.П.,ФМиЕН,профессор,д.н.
Семенов К.М.,ФРТ,ассистент,д.н.
Петров Б.В.,ФИТ,,к.н.
Соколов М.Ю.,ФМиЕН,профессор,
Егоров К.М.,ФРТ,ассистент,д.н.
Петров А.А.,ФМиЕН,,д.н.
Смирнов Е.П.,ФМиЕН,профессор,к.н.
Лебедев Ж.Р.,ИТМО,,д.н.
Новиков К.М.,ФИВТ,ассистент,д.н.
Алексеев Л.О.,ФФ,ассистент,к.н.
Алексеев И.К.,ФПМИ,,д.н.
Петров М.Ю.,ФМиЕН,доцент,д.н.
Морозов К.М.,ИТМО,,к.н.
Смирнов И.К.,ФМиМ,ассистент,д.н.
Новиков А.А.,ФРТ,доцент,д.н.
Лебедев З.Т.,ФФ,профессор,
Егоров З.Т.,ФФ,,
Попов М.Ю.,ИТМО,доцент,
Лебедева Е.П.,ФФ,доцент,к.н.
Иванов И.К.,ФЭТ,профессор,
Лебедев В.И.,ФМиМ,профессор,к.н.
Иванов З.Т.,ФИВТ,,
Новиков А.А.,ФМиМ,,д.н.
Попов А.А.,ФМиМ,,д.н.
Егоров В.И.,ФМиМ,ассистент,д.н.
Лебедев К.М.,ФМиМ,,
Лебедев Д.С.,ИТМО,ассистент,к.н.
Кузнецов К.М.,ФРТ,профессор,
Иванов Е.П.,ФПМИ,ассистент,д.н.
Козлов Д.С.,ФЭТ,,д.н.
Семенов Г.Н.,ФЭТ,профессор,д.н.
Морозов А.А.,ФУПМ,ассистент,к.н.
Петров Ж.Р.,ФРТ,доцент,д.н.
Лебедев Б.В.,ФМиМ,,
Сидоров Г.Н.,ФЭТ,,
Алексеев З.Т.,ФИВТ,ассистент,д.н.
Семенов М.Ю.,ФМиЕН,профессор,
Алексеев К.М.,ФМиМ,доцент,к.н.
Козлов З.Т.,ФПМИ,доцент,д.н.
Иванов В.И.,ФПМИ,ассистент,к.н.
Соколов В.И.,ФФ,профессор,
Лебедев Е.П.,ФМиЕН,ассистент,к.н.
Попов Е.П.,ФИВТ,,к.н.
Лебедева Г.Н.,ФЭТ,профессор,к.н.
Козлов Ж.Р.,ФЭТ,,к.н.
Кузнецов З.Т.,ФПМИ,,
Соколов Л.О.,ФФ,ассистент,к.н.
Лебедева А.А.,ИТМО,ассистент,к.н.
Сидоров М.Ю.,ФРТ,профессор,к.н.
Новиков М.Ю.,ФИТ,ассистент,д.н.
Соколов Ж.Р.,ФФ,доцент,
Лебедева М.Ю.,ФМиЕН,ассистент,
Морозов Л.О.,ФУПМ,,
Смирнов Е.П.,ФМиМ,ассистент,д.н.
Петров К.М.,ФФ,доцент,д.н.
Козлов Ж.Р.,ФРТ,,д.н.
Семенов З.Т.,ФМиЕН,доцент,д.н.
Смирнов М.Ю.,ФИВТ,доцент,к.н.
Егоров З.Т.,ИТМО,профессор,д.н.
Егоров Ж.Р.,ФЭТ,,д.н.
Семенов Ж.Р.,ИТМО,доцент,к.н.
Новиков Л.О.,ФМиМ,профессор,
Семенов Е.П.,ИТМО,профессор,к.н.
Соколов Л.О.,ФИТ,,
Сидоров К.М.,ФИВТ,,к.н.
Егоров Д.С.,ИТМО,,к.н.
Новиков М.Ю.,ФПМИ,,д.н.
Смирнов К.М.,ФИТ,,к.н.
Волков Г.Н.,ФПМИ,доцент,д.н.
Кузнецов З.Т.,ФИВТ,профессор,к.н.
Морозов В.И.,ФФ,профессор,д.н.
Попов Б.В.,ФЭТ,,к.н.
Волков И.К.,ФМиМ,профессор,
Лебедева Г.Н.,ИТМО,,
Волков И.К.,ФИТ,доцент,
Семенов Д.С.,ФУПМ,ассистент,д.н.
Морозов М.Ю.,ФПМИ,доцент,к.н.
Семенов Е.П.,ФПМИ,,к.н.
Лебедев М.Ю.,ИТМО,,к.н.
Алексеев Г.Н.,ФПМИ,ассистент,к.н.
Лебедева В.И.,ФФ,ассистент,к.н.
Новиков А.А.,ФФ,,
Соколов К.М.,ФМиМ,профессор,д.н.
Петров Г.Н.,ФУПМ,,
Егоров К.М.,ФФ,ассистент,
Новиков В.И.,ФЭТ,ассистент,
Иванов Д.С.,ФРТ,профессор,д.н.
Новиков З.Т.,ФИВТ,профессор,
Сидоров Ж.Р.,ФИВТ,,
Лебедев И.К.,ФЭТ,ассистент,д.н.
Лебедева В.И.,ФУПМ,,д.н.
Егоров Д.С.,ФУПМ,ассистент,
Семенов Е.П.,ФПМИ,доцент,к.н.
Новиков Б.В.,ИТМО,профессор,д.н.
Волков Е.П.,ФИВТ,профессор,
Егоров Д.С.,ИТМО,ассистент,к.н.
Егоров З.Т.,ФПМИ,профессор,к.н.
Попов В.И.,ФМиМ,профессор,
Лебедева К.М.,ФМиМ,профессор,д.н.
Алексеев К.М.,ФПМИ,,
Волков К.М.,ФУПМ,профессор,
Волков М.Ю.,ФИВТ,профессор,
Соколов А.А.,ФРТ,ассистент,к.н.
Морозов К.М.,ФИТ,ассистент,д.н.
Лебедев З.Т.,ФМиМ,,
Иванов В.И.,ИТМО,профессор,д.н.
Новиков Е.П.,ФИТ,ассистент,к.н.
Козлов И.К.,ФИТ,ассистент,д.н.
Сидоров К.М.,ФПМИ,ассистент,к.н.
Лебедев Б.В.,ИТМО,,к.н.
Петров В.И.,ИТМО,профессор,д.н.
Лебедев Д.С.,ФМиЕН,доцент,
Попов М.Ю.,ФМиЕН,,к.н.
Иванов З.Т.,ФИТ,доцент,к.н.
Попов Л.О.,ФФ,,к.н.
Иванов М.Ю.,ФРТ,ассистент,д.н.
Смирнов Д.С.,ФФ,ассистент,к.н.
Иванов Б.В.,ФУПМ,,к.н.
Морозов Л.О.,ФПМИ,,
Петров Л.О.,ФУПМ,,
Сидоров Ж.Р.,ФИВТ,,к.н.
Козлов Г.Н.,ФМиЕН,,
Егоров Е.П.,ФМиЕН,профессор,к.н.
Новиков Ж.Р.,ФФ,профессор,
Сидоров И.К.,ФУПМ,ассистент,д.н.
Козлов И.К.,ФИВТ,профессор,д.н.
Козлов З.Т.,ФИТ,доцент,
Смирнов Г.Н.,ИТМО,,
Морозов В.И.,ФУПМ,,
Лебедева В.И.,ФЭТ,профессор,д.н.
Попов Г.Н.,ФРТ,ассистент,
Соколов Л.О.,ФРТ,профессор,к.н.
Сидоров К.М.,ФЭТ,профессор,д.н.
Егоров А.А.,ФИВТ,ассистент,к.н.
Попов Е.П.,ИТМО,ассистент,к.н.
Смирнов А.А.,ФПМИ,доцент,д.н.
Смирнов Е.П.,ФЭТ,,
Соколов З.Т.,ФПМИ,,
Егоров К.М.,ФМиМ,ассистент,к.н.
Соколов Л.О.,ФМиЕН,,к.н.
Смирнов К.М.,ФИВТ,доцент,
Кузнецов Л.О.,ФРТ,доцент,к.н.
Иванов Г.Н.,ФРТ,ассистент,
Волков Ж.Р.,ФМиЕН,ассистент,
Лебедев И.К.,ФФ,доцент,д.н.
Кузнецов В.И.,ФРТ,профессор,
Морозов Ж.Р.,ФПМИ,доцент,
Кузнецов В.И.,ФУПМ,доцент,к.н.
Попов Б.В.,ФФ,,к.н.
Егоров Д.С.,ФИТ,доцент,
Петров Е.П.,ФМиМ,ассистент,д.н.
Козлов Б.В.,ФМиМ,ассистент,
Попов А.А.,ФМиМ,доцент,к.н.
Егоров А.А.,ФЭТ,ассистент,к.н.
Иванов Г.Н.,ФФ,профессор,к.н.
Семенов В.И.,ФИВТ,ассистент,д.н.
Козлов Б.В.,ИТМО,ассистент,
Соколов З.Т.,ИТМО,профессор,
Кузнецов М.Ю.,ФЭТ,ассистент,
Попов К.М.,ФЭТ,ассистент,к.н.
Морозов К.М.,ФМиЕН,профессор,д.н.
Иванов В.И.,ФУПМ,профессор,д.н.
Егоров Б.В.,ФИВТ,ассистент,д.н.
Козлов Б.В.,ФУПМ,профессор,
Морозов Г.Н.,ФИВТ,,к.н.
Петров М.Ю.,ФФ,ассистент,к.н.
Козлов Г.Н.,ФИТ,,
Семенов К.М.,ФУПМ,доцент,д.н.
Новиков Г.Н.,ФИТ,ассистент,
Козлов А.А.,ФПМИ,ассистент,к.н.
Соколов К.М.,ФИВТ,доцент,
Кузнецов Е.П.,ФМиЕН,профессор,
Волков Ж.Р.,ФФ,профессор,
Козлов Б.В.,ФУПМ,ассистент,д.н.
Сидоров К.М.,ФИТ,ассистент,к.н.
Петров И.К.,ФУПМ,,
Волков Л.О.,ИТМО,,д.н.
Лебедева Е.П.,ФРТ,доцент,к.н.
Волков Ж.Р.,ФПМИ,ассистент,к.н.
Иванов Л.О.,ФИТ,доцент,к.н.
Лебедев А.А.,ФПМИ,,д.н.
Попов А.А.,ИТМО,ассистент,
Смирнов А.А.,ИТМО,доцент,к.н.
Козлов Л.О.,ИТМО,ассистент,к.н.
Лебедев Б.В.,ФУПМ,ассистент,
Лебедев А.А.,ФИТ,ассистент,к.н.
Семенов А.А.,ФФ,доцент,
Козлов И.К.,ФМиМ,ассистент,к.н.
Волков И.К.,ФФ,профессор,
Морозов И.К.,ИТМО,профессор,д.н.
Морозов З.Т.,ФФ,ассистент,
Волков И.К.,ФЭТ,,д.н.
Петров К.М.,ИТМО,доцент,к.н.
Соколов А.А.,ФМиМ,профессор,д.н.
Егоров М.Ю.,ФИВТ,доцент,
Смирнов Е.П.,ФМиМ,профессор,д.н.
Сидоров К.М.,ИТМО,,
Егоров Г.Н.,ФИТ,доцент,д.н.
Соколов М.Ю.,ФМиМ,ассистент,
Петров З.Т.,ФИВТ,доцент,к.н.
Петров З.Т.,ФПМИ,,к.н.
Смирнов М.Ю.,ФМиЕН,,
Волков Е.П.,ФФ,ассистент,
Иванов В.И.,ФПМИ,профессор,
Соколов В.И.,ФРТ,профессор,д.н.
Сидоров К.М.,ФРТ,доцент,к.н.
Лебедев Ж.Р.,ФЭТ,,к.н.
Егоров Б.В.,ФУПМ,ассистент,к.н.
Соколов В.И.,ФФ,профессор,
Иванов М.Ю.,ФЭТ,доцент,
Петров Д.С.,ФПМИ,,д.н.
Лебедева И.К.,ФФ,профессор,к.н.
Соколов Г.Н.,ФЭТ,,
Кузнецов Ж.Р.,ФУПМ,ассистент,д.н.
Морозов М.Ю.,ФРТ,профессор,д.н.
Сидоров Б.В.,ФМиЕН,доцент,
Волков Ж.Р.,ФЭТ,ассистент,
Смирнов Г.Н.,ФПМИ,,
Новиков И.К.,ФПМИ,доцент,
Смирнов З.Т.,ФЭТ,,
Семенов А.А.,ФИТ,доцент,к.н.
Семенов И.К.,ИТМО,ассистент,д.н.
Попов А.А.,ФМиЕН,,д.н.
Сидоров Е.П.,ФРТ,,
Егоров Л.О.,ФИТ,профессор,
Соколов В.И.,ФИТ,ассистент,к.н.
Петров М.Ю.,ФПМИ,,д.н.
Петров М.Ю.,ФФ,ассистент,
Лебедева В.И.,ФПМИ,профессор,
Сидоров Е.П.,ФРТ,доцент,к.н.
Семенов Д.С.,ФФ,,д.н.
Лебедева З.Т.,ФУПМ,профессор,д.н.
Смирнов Г.Н.,ФМиМ,ассистент,д.н.
Смирнов А.А.,ФМиМ,,д.н.
Лебедева А.А.,ФРТ,доцент,к.н.
Алексеев А.А.,ФИТ,ассистент,д.н.
Смирнов Б.В.,ИТМО,,к.н.
Смирнов Л.О.,ФМиЕН,,д.н.
Попов В.И.,ФМиЕН,доцент,д.н.
Егоров А.А.,ФПМИ,профессор,к.н.
Петров Л.О.,ФЭТ,,
Лебедева Д.С.,ФРТ,доцент,к.н.
Лебедева Д.С.,ФРТ,,
Алексеев З.Т.,ИТМО,доцент,
Козлов К.М.,ФЭТ,ассистент,д.н.
Егоров З.Т.,ФРТ,ассистент,
Козлов З.Т.,ФЭТ,,к.н.
Егоров Б.В.,ФФ,,
Соколов Б.В.,ФРТ,ассистент,
Егоров Л.О.,ФПМИ,доцент,
Лебедев А.А.,ФПМИ,ассистент,к.н.
Волков М.Ю.,ФИТ,профессор,
Новиков Б.В.,ФМиЕН,профессор,д.н.
Волков Ж.Р.,ФИВТ,профессор,д.н.
Петров Б.В.,ФПМИ,ассистент,д.н.
Семенов А.А.,ФФ,,
Смирнов К.М.,ФИВТ,доцент,
Соколов Ж.Р.,ФЭТ,доцент,к.н.
Семенов З.Т.,ФФ,,к.н.
Попов Е.П.,ФЭТ,,
Козлов З.Т.,ФПМИ,профессор,д.н.
Лебедева Д.С.,ФФ,,к.н.
Новиков В.И.,ФМиЕН,ассистент,д.н.
Лебедева М.Ю.,ФИТ,доцент,
Смирнов Г.Н.,ФМиМ,ассистент,д.н.
Семенов Г.Н.,ФИТ,ассистент,к.н.
Волков И.К.,ФРТ,профессор,
Смирнов М.Ю.,ИТМО,ассистент,
Соколов Б.В.,ФРТ,ассистент,д.н.
Иванов М.Ю.,ФИВТ,,к.н.
Семенов И.К.,ФРТ,доцент,д.н.
Новиков А.А.,ФРТ,профессор,к.н.
Петров Л.О.,ФРТ,,
Лебедев Л.О.,ФФ,ассистент,
Морозов Е.П.,ФМиМ,профессор,д.н.
Лебедева З.Т.,ФФ,ассистент,
Попов В.И.,ФМиЕН,ассистент,д.н.
Волков М.Ю.,ФФ,профессор,к.н.
Лебедева Л.О.,ФРТ,доцент,
Соколов В.И.,ФЭТ,,
Козлов Е.П.,ФМиЕН,,к.н.
Сидоров Д.С.,ФМиЕН,,
Козлов Б.В.,ФУПМ,доцент,к.н.
Лебедева Л.О.,ФМиЕН,ассистент,д.н.
Волков З.Т.,ФРТ,ассистент,д.н.
Смирнов И.К.,ФРТ,профессор,к.н.
Петров Б.В.,ФМиЕН,,
Семенов Ж.Р.,ИТМО,,д.н.
Сидоров А.А.,ФМиЕН,доцент,д.н.
Егоров М.Ю.,ФЭТ,профессор,д.н.
Алексеев Б.В.,ФМиМ,ассистент,
Егоров А.А.,ФУПМ,профессор,
Сидоров В.И.,ФМиЕН,,д.н.
Соколов М.Ю.,ФЭТ,ассистент,к.н.
Козлов В.И.,ФФ,профессор,
Смирнов Е.П.,ФПМИ,доцент,к.н.
Алексеев М.Ю.,ФРТ,доцент,
Алексеев Г.Н.,ФМиМ,ассистент,
Семенов В.И.,ФФ,профессор,д.н.
Козлов К.М.,ИТМО,ассистент,
Сидоров Г.Н.,ФРТ,ассистент,д.н.
Новиков Б.В.,ФУПМ,ассистент,к.н.
Кузнецов И.К.,ФИВТ,,к.н.
Козлов Е.П.,ФРТ,профессор,
Лебедева К.М.,ИТМО,,д.н.
Лебедев И.К.,ФИТ,доцент,к.н.
Волков Л.О.,ФПМИ,,д.н.
Козлов Л.О.,ФРТ,профессор,д.н.
Лебедева З.Т.,ФПМИ,доцент,к.н.
Соколов Л.О.,ФМиМ,профессор,
Кузнецов З.Т.,ФМиЕН,профессор,д.н.
Волков Д.С.,ФИВТ,доцент,
Семенов Ж.Р.,ИТМО,,
Лебедева В.И.,ИТМО,,к.н.
Козлов Е.П.,ФМиМ,,д.н.
Морозов В.И.,ИТМО,ассистент,к.н.
Попов Е.П.,ФУПМ,,
Иванов К.М.,ИТМО,профессор,д.н.
Петров Г.Н.,ФЭТ,ассистент,к.н.
Соколов Г.Н.,ФПМИ,профессор,д.н.
Петров И.К.,ФИТ,доцент,д.н.
Попов А.А.,ФМиЕН,,д.н.
Волков Л.О.,ФИВТ,ассистент,к.н.
Егоров Д.С.,ФЭТ,,
Лебедев Д.С.,ФУПМ,,к.н.
Алексеев Ж.Р.,ФУПМ,ассистент,к.н.
Морозов Е.П.,ФМиМ,профессор,
Морозов Ж.Р.,ИТМО,ассистент,д.н.
Кузнецов Ж.Р.,ИТМО,ассистент,д.н.
Смирнов Б.В.,ФФ,профессор,к.н.
Семенов Г.Н.,ФМиМ,,к.н.
Иванов И.К.,ФУПМ,доцент,
Смирнов Д.С.,ФИТ,ассистент,к.н.
Новиков И.К.,ФМиМ,профессор,к.н.
Новиков Д.С.,ФПМИ,ассистент,д.н.
Иванов З.Т.,ИТМО,доцент,д.н.
Иванов А.А.,ФМиЕН,,
Петров К.М.,ФУПМ,ассистент,к.н.
Смирнов Б.В.,ФПМИ,доцент,д.н.
Семенов Г.Н.,ИТМО,профессор,к.н.
Алексеев В.И.,ИТМО,,к.н.
Новиков З.Т.,ФМиЕН,профессор,к.н.
Алексеев Г.Н.,ФУПМ,доцент,к.н.
Семенов И.К.,ФМиЕН,профессор,
Волков Л.О.,ФПМИ,доцент,к.н.
Петров М.Ю.,ИТМО,доцент,д.н.
Иванов И.К.,ФПМИ,доцент,
Егоров Ж.Р.,ФИВТ,,д.н.
Козлов А.А.,ФПМИ,ассистент,к.н.
Волков И.К.,ФМиМ,,к.н.
Кузнецов З.Т.,ФРТ,доцент,д.н.
Кузнецов Д.С.,ФУПМ,профессор,
Егоров Д.С.,ИТМО,профессор,
Кузнецов К.М.,ФРТ,доцент,
Волков З.Т.,ФЭТ,профессор,д.н.
Соколов Б.В.,ФФ,доцент,д.н.
Иванов И.К.,ФЭТ,ассистент,д.н.
Лебедева К.М.,ФРТ,ассистент,
Алексеев А.А.,ФУПМ,доцент,д.н.
Волков Б.В.,ФМиЕН,доцент,д.н.
Кузнецов А.А.,ФПМИ,профессор,к.н.
Кузнецов Л.О.,ФИВТ,профессор,
Алексеев К.М.,ФИТ,профессор,д.н.
Новиков Б.В.,ФИВТ,доцент,
Кузнецов Ж.Р.,ФМиМ,профессор,
Лебедева Д.С.,ФРТ,,д.н.
Семенов М.Ю.,ФПМИ,,к.н.
Морозов Д.С.,ФУПМ,ассистент,
Кузнецов Д.С.,ФРТ,доцент,
Иванов И.К.,ФУПМ,профессор,д.н.
Петров Б.В.,ИТМО,доцент,д.н.
Сидоров Д.С.,ФИТ,ассистент,к.н.
Попов З.Т.,ФИВТ,профессор,к.н.
Новиков Д.С.,ФПМИ,профессор,
Волков Ж.Р.,ФФ,профессор,
Смирнов И.К.,ФЭТ,доцент,
Соколов Е.П.,ФИВТ,доцент,к.н.
Соколов Д.С.,ФФ,ассистент,
Петров Л.О.,ФЭТ,,к.н.
Козлов В.И.,ФИВТ,доцент,д.н.
Волков И.К.,ФИВТ,профессор,д.н.
Козлов Г.Н.,ФИВТ,доцент,д.н.
Семенов Г.Н.,ИТМО,ассистент,
Алексеев Б.В.,ФФ,профессор,
Кузнецов Б.В.,ФРТ,ассистент,к.н.
Кузнецов А.А.,ФМиЕН,ассистент,д.н.
Семенов А.А.,ИТМО,,
Алексеев И.К.,ФЭТ,,д.н.
Сидоров Д.С.,ФПМИ,профессор,
Кузнецов З.Т.,ФИВТ,доцент,д.н.
Егоров Е.П.,ФРТ,,к.н.
Смирнов Е.П.,ФЭТ,,
Волков З.Т.,ИТМО,профессор,
Семенов К.М.,ФИВТ,,
Новиков З.Т.,ФИВТ,доцент,к.н.
Морозов Л.О.,ФФ,,д.н.
Козлов Д.С.,ФИВТ,доцент,
Соколов Г.Н.,ФЭТ,доцент,д.н.
Егоров М.Ю.,ФИВТ,профессор,д.н.
Семенов К.М.,ФМиЕН,доцент,к.н.
Смирнов Г.Н.,ФУПМ,ассистент,к.н.
Семенов К.М.,ФФ,,д.н.
Морозов В.И.,ФМиМ,ассистент,к.н.
Петров Г.Н.,ФРТ,профессор,
Козлов В.И.,ФИТ,доцент,к.н.
Соколов М.Ю.,ФУПМ,доцент,
Новиков Г.Н.,ФМиЕН,профессор,к.н.
Семенов А.А.,ФМиЕН,доцент,
Лебедева Г.Н.,ФЭТ,профессор,
Лебедева Л.О.,ФФ,,д.н.
Новиков З.Т.,ФПМИ,профессор,к.н.
Иванов К.М.,ФИТ,доцент,
Кузнецов Д.С.,ФМиЕН,доцент,к.н.
Морозов К.М.,ФУПМ,профессор,
Новиков З.Т.,ФМиЕН,ассистент,д.н.
Семенов Е.П.,ФМиМ,профессор,д.н.
Кузнецов Д.С.,ФУПМ,доцент,к.н.
Попов Г.Н.,ФФ,профессор,д.н.
Новиков В.И.,ФФ,профессор,к.н.
Лебедева И.К.,ФУПМ,доцент,
Семенов К.М.,ФМиМ,ассистент,к.н.
Лебедев Л.О.,ФИТ,профессор,к.н.
Морозов Б.В.,ФМиЕН,профессор,д.н.
Кузнецов Д.С.,ФИВТ,,
Лебедева З.Т.,ФИТ,доцент,к.н.
Новиков В.И.,ФЭТ,ассистент,к.н.
Волков Е.П.,ФЭТ,доцент,
Иванов Е.П.,ИТМО,доцент,д.н.
Соколов А.А.,ФУПМ,,
Лебедев Е.П.,ФМиМ,профессор,к.н.
Попов М.Ю.,ФФ,доцент,
Смирнов И.К.,ФРТ,профессор,д.н.
Соколов М.Ю.,ИТМО,ассистент,к.н.
Соколов А.А.,ФИТ,доцент,к.н.
Егоров Д.С.,ФЭТ,профессор,
Егоров Д.С.,ФМиМ,,
Алексеев Ж.Р.,ИТМО,,к.н.
Петров И.К.,ФМиЕН,,
Лебедева З.Т.,ФФ,,
Смирнов А.А.,ИТМО,доцент,к.н.
Морозов Л.О.,ИТМО,,
Лебедева М.Ю.,ФМиЕН,ассистент,к.н.
Лебедев Б.В.,ФРТ,профессор,
Лебедев Б.В.,ФМиЕН,,
Лебедев М.Ю.,ФПМИ,профессор,д.н.
Сидоров Д.С.,ФИТ,ассистент,д.н.
Петров К.М.,ФМиЕН,ассистент,д.н.
Лебедев Л.О.,ФИТ,доцент,д.н.
Морозов Д.С.,ФУПМ,,д.н.
Сидоров А.А.,ФИТ,доцент,к.н.
Алексеев Е.П.,ФЭТ,,д.н.
Морозов М.Ю.,ФМиМ,доцент,
Семенов Б.В.,ФПМИ,,
Алексеев Ж.Р.,ФУПМ,,к.н.
Алексеев А.А.,ФМиЕН,доцент,д.н.
Соколов Д.С.,ФУПМ,профессор,
Иванов И.К.,ФМиЕН,,к.н.
Соколов А.А.,ФМиМ,ассистент,
Алексеев А.А.,ФИТ,профессор,
Смирнов Л.О.,ФФ,,
Новиков Л.О.,ФПМИ,ассистент,д.н.
Козлов К.М.,ФФ,профессор,д.н.
Лебедева Ж.Р.,ФМиЕН,,д.н.
Лебедев Е.П.,ФМиЕН,доцент,
Волков Е.П.,ФФ,доцент,д.н.
Иванов З.Т.,ФПМИ,ассистент,д.н.
Козлов Д.С.,ФУПМ,ассистент,
Лебедева А.А.,ФИВТ,ассистент,
Семенов М.Ю.,ФИТ,профессор,к.н.
Соколов Ж.Р.,ФФ,доцент,к.н.
Лебедева Б.В.,ФМиЕН,,
Попов В.И.,ФИВТ,профессор,к.н.
Волков Д.С.,ФИТ,ассистент,
Иванов А.А.,ФИВТ,ассистент,д.н.
Иванов А.А.,ИТМО,профессор,д.н.
Алексеев Д.С.,ФМиЕН,ассистент,к.н.
Волков Б.В.,ФЭТ,,д.н.
Сидоров Ж.Р.,ФМиМ,ассистент,к.н.
Иванов Л.О.,ФЭТ,профессор,д.н.
Смирнов В.И.,ФМиЕН,,д.н.
Петров К.М.,ФЭТ,доцент,к.н.
Петров М.Ю.,ИТМО,профессор,к.н.
Лебедева З.Т.,ФУПМ,профессор,
Козлов Ж.Р.,ИТМО,,д.н.
Егоров А.А.,ФФ,,к.н.
Новиков И.К.,ФИТ,доцент,д.н.
Соколов К.М.,ИТМО,ассистент,
Соколов В.И.,ФИТ,ассистент,д.н.
Смирнов В.И.,ФПМИ,,к.н.
Смирнов М.Ю.,ФПМИ,доцент,
Алексеев Ж.Р.,ФПМИ,профессор,д.н.
Попов З.Т.,ФЭТ,профессор,д.н.
Алексеев К.М.,ФЭТ,,к.н.
Смирнов Е.П.,ФИТ,ассистент,к.н.
Сидоров Л.О.,ФМиЕН,,к.н.
Семенов К.М.,ФФ,,д.н.
Новиков З.Т.,ИТМО,профессор,
Морозов Д.С.,ФМиЕН,,
Семенов Л.О.,ФРТ,,к.н.
Иванов М.Ю.,ФМиЕН,доцент,к.н.
Кузнецов В.И.,ФПМИ,,
Петров И.К.,ФФ,профессор,к.н.
Иванов Г.Н.,ИТМО,ассистент,к.н.
Сидоров Б.В.,ФФ,профессор,
Смирнов В.И.,ФИВТ,ассистент,д.н.
Алексеев М.Ю.,ФРТ,,
Лебедев Е.П.,ИТМО,,к.н.
Попов З.Т.,ФПМИ,ассистент,к.н.
Алексеев Ж.Р.,ФФ,доцент,к.н.
Лебедева В.И.,ФЭТ,,к.н.
Попов Д.С.,ФИВТ,,к.н.
Морозов З.Т.,ФФ,ассистент,д.н.
Сидоров Л.О.,ФМиЕН,ассистент,д.н.
Новиков Г.Н.,ФРТ,доцент,к.н.
Соколов Л.О.,ИТМО,профессор,д.н.
Петров Ж.Р.,ФФ,доцент,
Морозов З.Т.,ФУПМ,профессор,к.н.
Попов Б.В.,ИТМО,профессор,
Семенов А.А.,ФЭТ,доцент,
Новиков И.К.,ФУПМ,,
Лебедев Б.В.,ИТМО,доцент,
Семенов Б.В.,ИТМО,ассистент,к.н.
Попов Ж.Р.,ФИВТ,ассистент,
Иванов З.Т.,ФМиЕН,профессор,к.н.
Иванов Б.В.,ФМиМ,доцент,к.н.
Новиков К.М.,ФМиМ,,
Кузнецов Д.С.,ФЭТ,доцент,д.н.
Лебедева Ж.Р.,ФРТ,профессор,к.н.
Морозов К.М.,ФФ,профессор,
Семенов В.И.,ФМиМ,доцент,к.н.
Волков З.Т.,ФПМИ,доцент,
Волков Е.П.,ФУПМ,профессор,
Алексеев Б.В.,ИТМО,ассистент,д.н.
Соколов Ж.Р.,ФПМИ,доцент,к.н.
Семенов Л.О.,ФЭТ,ассистент,д.н.
Сидоров И.К.,ФИТ,доцент,к.н.
Попов Ж.Р.,ФИТ,ассистент,к.н.
Сидоров Д.С.,ФРТ,ассистент,
Козлов В.И.,ФЭТ,ассистент,
Лебедев В.И.,ФЭТ,доцент,к.н.
Петров К.М.,ФПМИ,,к.н.
Новиков М.Ю.,ИТМО,доцент,к.н.
Козлов Г.Н.,ФРТ,доцент,
Иванов Ж.Р.,ФИТ,ассистент,д.н.
Лебедева В.И.,ФЭТ,ассистент,к.н.
Новиков В.И.,ФИТ,доцент,д.н.
Лебедев Д.С.,ФУПМ,ассистент,д.н.
Иванов Д.С.,ИТМО,профессор,д.н.
Иванов Л.О.,ИТМО,,д.н.
Иванов К.М.,ФРТ,,к.н.
Смирнов Г.Н.,ФМиМ,профессор,к.н.
Алексеев И.К.,ФПМИ,,к.н.
Волков Ж.Р.,ФРТ,,д.н.
Соколов М.Ю.,ФМиЕН,профессор,к.н.
Смирнов И.К.,ФПМИ,,д.н.
Алексеев Е.П.,ФИТ,,
Лебедев Б.В.,ФИТ,профессор,д.н.
Соколов И.К.,ФМиМ,,к.н.
Кузнецов В.И.,ФМиМ,ассистент,д.н.
Новиков В.И.,ФЭТ,профессор,д.н.
Сидоров Л.О.,ФИВТ,профессор,
Сидоров А.А.,ИТМО,профессор,д.н.
Новиков З.Т.,ФИТ,,д.н.
Семенов Ж.Р.,ИТМО,,
Попов Ж.Р.,ФРТ,,
Егоров Б.В.,ФПМИ,профессор,д.н.
Иванов Е.П.,ФПМИ,,
Лебедев И.К.,ФПМИ,,д.н.
Петров М.Ю.,ИТМО,ассистент,к.н.
Кузнецов Е.П.,ФМиЕН,ассистент,д.н.
Новиков Б.В.,ФЭТ,ассистент,
Попов Л.О.,ФЭТ,ассистент,к.н.
Попов К.М.,ФМиЕН,профессор,к.н.
Лебедева М.Ю.,ФРТ,ассистент,
Волков Д.С.,ФФ,доцент,д.н.
Козлов З.Т.,ИТМО,,к.н.
Лебедева Д.С.,ФИТ,доцент,к.н.
Иванов Г.Н.,ФМиЕН,ассистент,д.н.
Волков К.М.,ФИВТ,,к.н.
Смирнов Г.Н.,ФИВТ,профессор,к.н.
Козлов В.И.,ФЭТ,,д.н.
Алексеев Д.С.,ФРТ,,к.н.
Лебедева И.К.,ФЭТ,доцент,
Волков Г.Н.,ФУПМ,доцент,д.н.
Козлов Е.П.,ФРТ,профессор,
Соколов К.М.,ФМиЕН,профессор,к.н.
Лебедева В.И.,ФПМИ,ассистент,
Кузнецов М.Ю.,ФРТ,профессор,к.н.
Иванов Г.Н.,ФИТ,доцент,д.н.
Иванов Ж.Р.,ФФ,,д.н.
Кузнецов Г.Н.,ИТМО,ассистент,к.н.
Иванов И.К.,ФПМИ,ассистент,д.н.
Волков Д.С.,ФФ,,д.н.
Лебедев Д.С.,ФРТ,,к.н.
Алексеев Д.С.,ФИВТ,доцент,
Сидоров М.Ю.,ФФ,ассистент,к.н.
Попов М.Ю.,ФМиЕН,профессор,д.н.
Кузнецов К.М.,ФФ,,к.н.
Козлов Л.О.,ФПМИ,,
Сидоров А.А.,ФУПМ,ассистент,
Попов К.М.,ФИВТ,ассистент,
Сидоров К.М.,ИТМО,,
Волков Ж.Р.,ФФ,,д.н.
Попов З.Т.,ФМиЕН,,д.н.
Лебедев Л.О.,ФИТ,,к.н.
Морозов Б.В.,ФПМИ,профессор,к.н.
Волков А.А.,ФПМИ,доцент,к.н.
Смирнов К.М.,ИТМО,доцент,к.н.
Козлов И.К.,ФУПМ,,
Алексеев Е.П.,ФУПМ,профессор,к.н.
Смирнов А.А.,ФИТ,ассистент,д.н.
Лебедева Е.П.,ФИТ,доцент,к.н.
Соколов К.М.,ФПМИ,ассистент,д.н.
Соколов Ж.Р.,ФЭТ,доцент,д.н.
Соколов И.К.,ФИТ,ассистент,к.н.
Смирнов Е.П.,ФУПМ,,д.н.
Егоров Ж.Р.,ФПМИ,ассистент,
Козлов Л.О.,ФУПМ,ассистент,д.н.
Волков Ж.Р.,ФУПМ,профессор,д.н.
Соколов М.Ю.,ФМиМ,доцент,
Лебедев Г.Н.,ФЭТ,доцент,к.н.
Попов Ж.Р.,ФМиМ,профессор,
Морозов Б.В.,ФМиЕН,доцент,д.н.
Козлов З.Т.,ФИТ,профессор,д.н.
Лебедев Б.В.,ФИВТ,доцент,д.н.
Волков К.М.,ФИТ,профессор,
Егоров А.А.,ФИВТ,профессор,
Лебедев И.К.,ИТМО,доцент,
Сидоров Г.Н.,ФФ,доцент,к.н.
Егоров Д.С.,ИТМО,,к.н.
Сидоров Г.Н.,ФМиЕН,ассистент,к.н.
Смирнов Л.О.,ФФ,профессор,к.н.
Кузнецов И.К.,ФПМИ,,к.н.
Алексеев К.М.,ФФ,профессор,д.н.
Смирнов М.Ю.,ФИТ,профессор,д.н.
Иванов В.И.,ФПМИ,ассистент,к.н.
Попов Б.В.,ФМиМ,профессор,
Лебедев Л.О.,ФМиЕН,профессор,д.н.
Алексеев Б.В.,ФИВТ,ассистент,к.н.
Смирнов З.Т.,ФПМИ,профессор,д.н.
Семенов З.Т.,ФУПМ,ассистент,к.н.
Волков Е.П.,ФМиЕН,ассистент,д.н.
Петров Л.О.,ФФ,профессор,
Козлов Л.О.,ФЭТ,профессор,д.н.
Петров Б.В.,ФФ,ассистент,к.н.
Петров Ж.Р.,ФПМИ,профессор,
Петров И.К.,ФПМИ,доцент,к.н.
Кузнецов А.А.,ФПМИ,профессор,к.н.
Смирнов И.К.,ФИТ,,к.н.
Иванов Д.С.,ИТМО,доцент,
Новиков А.А.,ФИТ,,к.н.
Семенов М.Ю.,ФМиМ,ассистент,
Смирнов Л.О.,ФЭТ,профессор,к.н.
Егоров В.И.,ФИВТ,профессор,
Лебедев К.М.,ФРТ,,к.н.
Новиков В.И.,ФМиЕН,,
Козлов М.Ю.,ФЭТ,доцент,д.н.
Лебедева В.И.,ФРТ,,к.н.
Иванов И.К.,ФРТ,доцент,д.н.
Морозов И.К.,ФПМИ,доцент,к.н.
Сидоров И.К.,ФИТ,доцент,д.н.
Смирнов И.К.,ФУПМ,профессор,д.н.
Смирнов К.М.,ФУПМ,,
Кузнецов М.Ю.,ФУПМ,доцент,
Смирнов А.А.,ФМиМ,профессор,
Сидоров Е.П.,ИТМО,ассистент,к.н.
Новиков З.Т.,ФМиЕН,,
Новиков З.Т.,ФРТ,,
Соколов К.М.,ФПМИ,,к.н.
Лебедев В.И.,ФМиМ,доцент,к.н.
Морозов З.Т.,ФМиМ,ассистент,к.н.
Иванов Ж.Р.,ФЭТ,,к.н.
Волков Л.О.,ФУПМ,профессор,к.н.
Семенов Е.П.,ФПМИ,профессор,
Смирнов Д.С.,ФЭТ,доцент,д.н.
Морозов М.Ю.,ФМиЕН,доцент,д.н.
Петров Е.П.,ФУПМ,ассистент,
Попов Б.В.,ФМиМ,ассистент,
Петров К.М.,ФИВТ,профессор,к.н.
Кузнецов А.А.,ФМиЕН,профессор,к.н.
Алексеев К.М.,ФИВТ,ассистент,д.н.
Иванов А.А.,ФПМИ,ассистент,
Кузнецов К.М.,ФУПМ,ассистент,д.н.
Козлов Е.П.,ФУПМ,профессор,д.н.
Новиков Д.С.,ИТМО,доцент,
Петров А.А.,ФЭТ,профессор,к.н.
Соколов Г.Н.,ФМиЕН,ассистент,д.н.
Сидоров К.М.,ФЭТ,,
Семенов М.Ю.,ФИТ,,
Егоров И.К.,ФПМИ,профессор,д.н.
Сидоров Е.П.,ФПМИ,доцент,к.н.
Егоров Б.В.,ФМиЕН,,к.н.
Сидоров Б.В.,ФРТ,доцент,
Егоров М.Ю.,ФМиЕН,,
Морозов В.И.,ИТМО,профессор,
Попов А.А.,ФМиЕН,ассистент,
Соколов Г.Н.,ФМиЕН,,к.н.
Морозов А.А.,ФРТ,,
Семенов Г.Н.,ФФ,профессор,к.н.
Лебедева Б.В.,ФЭТ,доцент,
Попов М.Ю.,ФЭТ,,к.н.
Лебедев М.Ю.,ФУПМ,ассистент,д.н.
Козлов М.Ю.,ФИВТ,ассистент,д.н.
Егоров А.А.,ФУПМ,доцент,д.н.
Попов Д.С.,ФИВТ,ассистент,д.н.
Петров Е.П.,ФУПМ,ассистент,
Новиков Л.О.,ФУПМ,профессор,к.н.
Егоров Б.В.,ФУПМ,ассистент,
Попов Л.О.,ФИВТ,ассистент,к.н.
Кузнецов Е.П.,ИТМО,доцент,
Семенов Ж.Р.,ФИВТ,,д.н.
Козлов И.К.,ФИТ,,
Иванов Б.В.,ФФ,доцент,д.н.
Егоров Ж.Р.,ФУПМ,ассистент,к.н.
Соколов А.А.,ФФ,доцент,д.н.
Алексеев А.А.,ФРТ,,
Лебедев Б.В.,ФИВТ,ассистент,д.н.
Семенов Г.Н.,ФМиЕН,доцент,
Петров Е.П.,ФФ,,
Волков З.Т.,ФМиМ,ассистент,
Петров Д.С.,ФИТ,профессор,к.н.
Иванов Е.П.,ФМиЕН,ассистент,к.н.
Иванов Г.Н.,ФИВТ,ассистент,
Волков К.М.,ФРТ,доцент,д.н.
Попов Г.Н.,ФУПМ,ассистент,
Козлов А.А.,ФМиМ,профессор,к.н.
Кузнецов М.Ю.,ФИТ,ассистент,
Смирнов Л.О.,ФМиЕН,профессор,д.н.
Волков З.Т.,ФИТ,,
Козлов З.Т.,ФПМИ,доцент,к.н.
Алексеев М.Ю.,ФМиЕН,,
Семенов Г.Н.,ФФ,,
Попов Г.Н.,ФМиЕН,профессор,д.н.
Иванов К.М.,ФФ,ассистент,
Волков А.А.,ФИТ,ассистент,
Лебедев В.И.,ФМиЕН,,д.н.
Смирнов М.Ю.,ФФ,,д.н.
Соколов Е.П.,ФУПМ,ассистент,д.н.
Волков Е.П.,ИТМО,ассистент,д.н.
Козлов Л.О.,ФИВТ,доцент,к.н.
Соколов Л.О.,ФМиЕН,,
Попов А.А.,ФУПМ,,д.н.
Смирнов К.М.,ФПМИ,доцент,д.н.
Козлов Ж.Р.,ФИВТ,ассистент,
Новиков Е.П.,ФИВТ,ассистент,к.н.
Сидоров И.К.,ФМиЕН,профессор,
Иванов Г.Н.,ФУПМ,доцент,д.н.
Егоров И.К.,ФИВТ,профессор,к.н.
Новиков В.И.,ФУПМ,ассистент,к.н.
Смирнов Е.П.,ФМиМ,,
Новиков И.К.,ИТМО,,д.н.
Иванов М.Ю.,ФЭТ,,д.н.
Кузнецов И.К.,ФРТ,,д.н.
Алексеев Л.О.,ФРТ,доцент,д.н.
Егоров Л.О.,ФМиЕН,доцент,к.н.
Волков Д.С.,ФПМИ,ассистент,д.н.
Смирнов И.К.,ФУПМ,доцент,к.н.
Новиков Б.В.,ФРТ,,
Семенов В.И.,ФРТ,ассистент,
Лебедев М.Ю.,ФМиМ,,д.н.
Лебедев Б.В.,ФУПМ,ассистент,д.н.
Морозов З.Т.,ФЭТ,доцент,
Кузнецов Б.В.,ФЭТ,ассистент,
Лебедева З.Т.,ФРТ,профессор,
Смирнов Б.В.,ФЭТ,ассистент,д.н.
Егоров И.К.,ФПМИ,,
Новиков К.М.,ФФ,,
Петров М.Ю.,ФМиЕН,профессор,
Попов К.М.,ФИВТ,доцент,к.н.
Попов К.М.,ФРТ,профессор,д.н.
Лебедев К.М.,ФУПМ,доцент,
Морозов К.М.,ФИВТ,профессор,
Семенов Г.Н.,ФРТ,доцент,к.н.
Новиков Л.О.,ФЭТ,профессор,д.н.
Лебедев В.И.,ФМиЕН,доцент,д.н.
Смирнов З.Т.,ФИВТ,профессор,к.н.
Морозов В.И.,ФИТ,доцент,к.н.
Волков К.М.,ФПМИ,ассистент,д.н.
Козлов В.И.,ФИВТ,,к.н.
Лебедев Б.В.,ФМиЕН,,к.н.
Кузнецов Б.В.,ФФ,,
Попов А.А.,ФЭТ,профессор,
Морозов Б.В.,ФФ,доцент,
Козлов И.К.,ФУПМ,ассистент,к.н.
Соколов Б.В.,ФМиЕН,профессор,
Лебедева Г.Н.,ФРТ,доцент,д.н.
Петров Г.Н.,ФМиМ,,к.н.
Лебедев Д.С.,ФМиМ,,к.н.
Иванов И.К.,ФИВТ,доцент,
Лебедев А.А.,ИТМО,доцент,к.н.
Алексеев З.Т.,ФИВТ,доцент,д.н.
Лебедева Б.В.,ФИТ,,
Новиков Л.О.,ФУПМ,доцент,к.н.
Лебедева Б.В.,ФФ,профессор,д.н.
Семенов Е.П.,ФИТ,ассистент,к.н.
Козлов М.Ю.,ФМиЕН,доцент,д.н.
Смирнов Л.О.,ФЭТ,доцент,
Петров Г.Н.,ФПМИ,,д.н.
Новиков М.Ю.,ФФ,,к.н.
Егоров А.А.,ФФ,ассистент,
Алексеев Е.П.,ФЭТ,,д.н.
Соколов Д.С.,ФРТ,доцент,
Попов Л.О.,ФЭТ,,д.н.
Семенов Д.С.,ИТМО,ассистент,к.н.
Соколов А.А.,ФФ,,
Алексеев Е.П.,ФИВТ,ассистент,
Волков К.М.,ФИТ,ассистент,д.н.
Алексеев А.А.,ИТМО,доцент,к.н.
Лебедева Б.В.,ФМиМ,ассистент,д.н.
Смирнов Б.В.,ФМиМ,профессор,к.н.
Иванов Л.О.,ФМиЕН,,
Лебедев З.Т.,ФИТ,ассистент,д.н.
Смирнов З.Т.,ФУПМ,ассистент,к.н.
Морозов З.Т.,ФРТ,,к.н.
Семенов Е.П.,ФМиМ,профессор,к.н.
Козлов З.Т.,ИТМО,доцент,д.н.
Смирнов Д.С.,ФРТ,профессор,
Алексеев Г.Н.,ФИТ,доцент,к.н.
Козлов Ж.Р.,ФРТ,,
Лебедева А.А.,ФИТ,,
Попов Г.Н.,ФМиЕН,ассистент,к.н.
Лебедев Б.В.,ФИВТ,,
Попов Е.П.,ФФ,,
Попов Ж.Р.,ФПМИ,ассистент,к.н.
Соколов А.А.,ФУПМ,ассистент,к.н.
Егоров Л.О.,ФМиМ,доцент,д.н.
Волков Г.Н.,ФМиЕН,доцент,
Иванов К.М.,ФИТ,доцент,к.н.
Новиков Л.О.,ФМиМ,ассистент,к.н.
Егоров М.Ю.,ФМиМ,профессор,д.н.
Попов В.И.,ФМиМ,доцент,
Семенов К.М.,ФУПМ,доцент,к.н.
Волков И.К.,ФИТ,ассистент,к.н.
Сидоров А.А.,ФИТ,профессор,д.н.
Попов З.Т.,ИТМО,доцент,д.н.
Семенов М.Ю.,ФУПМ,ассистент,к.н.
Петров Б.В.,ФПМИ,профессор,
Морозов И.К.,ФМиМ,,
Кузнецов М.Ю.,ФИТ,ассистент,к.н.
Кузнецов З.Т.,ФИТ,ассистент,
Смирнов К.М.,ФИТ,ассистент,
Петров З.Т.,ФРТ,профессор,
Лебедев З.Т.,ФЭТ,ассистент,к.н.
Кузнецов З.Т.,ФЭТ,доцент,к.н.
Иванов В.И.,ФЭТ,профессор,
Иванов Ж.Р.,ФИТ,доцент,д.н.
Попов И.К.,ФМиМ,,к.н.
Лебедева В.И.,ФПМИ,ассистент,к.н.
Лебедева Б.В.,ФРТ,профессор,
Лебедева Ж.Р.,ФПМИ,ассистент,
Козлов Г.Н.,ФИВТ,профессор,
Петров Г.Н.,ФМиЕН,ассистент,к.н.
Волков Д.С.,ФРТ,доцент,
Козлов Л.О.,ФПМИ,доцент,к.н.
Новиков И.К.,ФИВТ,профессор,к.н.
Новиков З.Т.,ФПМИ,,д.н.
Козлов Л.О.,ФМиМ,профессор,д.н.
Егоров З.Т.,ФМиЕН,профессор,
Соколов М.Ю.,ФИТ,,д.н.
Егоров Д.С.,ФМиМ,доцент,к.н.
Лебедев М.Ю.,ФИТ,,д.н.
Кузнецов К.М.,ИТМО,ассистент,д.н.
Соколов И.К.,ФИТ,доцент,
Лебедева В.И.,ФУПМ,,к.н.
Морозов И.К.,ИТМО,доцент,
Лебедева М.Ю.,ФМиМ,доцент,д.н.
Козлов Б.В.,ФФ,,к.н.
Иванов М.Ю.,ФМиЕН,профессор,д.н.
Смирнов К.М.,ИТМО,,д.н.
Козлов К.М.,ФПМИ,,к.н.
Волков Е.П.,ФИТ,,к.н.
Волков Е.П.,ФМиМ,доцент,
Смирнов Ж.Р.,ФПМИ,профессор,д.н.
Попов Е.П.,ФМиМ,доцент,д.н.
Попов К.М.,ФИВТ,ассистент,к.н.
Сидоров Б.В.,ФМиМ,доцент,к.н.
Смирнов Л.О.,ФИВТ,ассистент,
Петров А.А.,ФРТ,,к.н.
Петров И.К.,ФФ,,
Сидоров Ж.Р.,ИТМО,,
Лебедева Г.Н.,ФУПМ,ассистент,к.н.
Семенов К.М.,ФМиЕН,ассистент,к.н.
Козлов Б.В.,ИТМО,доцент,д.н.
Козлов Б.В.,ФМиМ,,
Лебедева М.Ю.,ФРТ,профессор,
Волков Б.В.,ФМиЕН,ассистент,
Новиков А.А.,ФУПМ,,к.н.
Новиков Е.П.,ФРТ,профессор,д.н.
Алексеев Л.О.,ФЭТ,доцент,
Новиков М.Ю.,ФУПМ,,к.н.
Лебедева Г.Н.,ФФ,,к.н.
Егоров Г.Н.,ФМиМ,профессор,д.н.
Попов Г.Н.,ФМиМ,,
Кузнецов Е.П.,ФИТ,,к.н.
Смирнов Г.Н.,ФЭТ,профессор,к.н.
Волков К.М.,ФМиМ,доцент,д.н.
Сидоров В.И.,ФМиМ,ассистент,д.н.
Петров К.М.,ФРТ,,
Смирнов А.А.,ФИВТ,ассистент,д.н.
Соколов З.Т.,ИТМО,доцент,
Алексеев Д.С.,ФЭТ,,д.н.
Алексеев Д.С.,ФМиЕН,профессор,
Смирнов В.И.,ФМиМ,доцент,к.н.
Соколов А.А.,ФЭТ,,д.н.
Новиков М.Ю.,ФУПМ,доцент,д.н.
Алексеев Ж.Р.,ФМиМ,,
Волков Г.Н.,ФМиЕН,ассистент,д.н.
Морозов Е.П.,ФПМИ,ассистент,
Петров К.М.,ФИТ,ассистент,к.н.
Соколов А.А.,ФПМИ,ассистент,
Смирнов И.К.,ФИТ,,к.н.
Петров К.М.,ФЭТ,доцент,
Соколов Ж.Р.,ФРТ,ассистент,к.н.
Лебедева К.М.,ФМиМ,ассистент,
Семенов В.И.,ФФ,ассистент,д.н.
Попов З.Т.,ФМиЕН,доцент,д.н.
Алексеев Г.Н.,ФПМИ,профессор,к.н.
Соколов Д.С.,ФМиЕН,,к.н.
Новиков И.К.,ФЭТ,,д.н.
Алексеев В.И.,ФПМИ,ассистент,д.н.
Лебедев И.К.,ФПМИ,профессор,д.н.
Козлов Ж.Р.,ФФ,,
Козлов Л.О.,ИТМО,доцент,к.н.
Иванов В.И.,ФМиЕН,профессор,
Егоров К.М.,ФФ,профессор,
Алексеев Д.С.,ФИВТ,,д.н.
Алексеев Ж.Р.,ФМиМ,доцент,к.н.
Лебедев Ж.Р.,ФМиЕН,доцент,
Козлов М.Ю.,ИТМО,доцент,д.н.
Петров Д.С.,ФИТ,доцент,к.н.
Лебедев Г.Н.,ФИВТ,профессор,
Иванов Д.С.,ФРТ,ассистент,д.н.
Петров М.Ю.,ФУПМ,,
Лебедев К.М.,ФУПМ,доцент,к.н.
Лебедев Е.П.,ФИВТ,ассистент,д.н.
Волков И.К.,ФИВТ,профессор,д.н.
Лебедев Б.В.,ФИВТ,,д.н.
Петров Ж.Р.,ИТМО,доцент,д.н.
Лебедев З.Т.,ФМиЕН,профессор,
Попов З.Т.,ФЭТ,,к.н.
Петров Д.С.,ФИВТ,доцент,д.н.
Морозов К.М.,ФИВТ,ассистент,д.н.
Козлов И.К.,ФУПМ,профессор,к.н.
Алексеев К.М.,ФИТ,доцент,к.н.
Петров А.А.,ФФ,профессор,к.н.
Волков Л.О.,ИТМО,доцент,к.н.
Егоров Г.Н.,ФРТ,,
Семенов К.М.,ИТМО,,
Егоров И.К.,ФУПМ,профессор,д.н.
Лебедева З.Т.,ФПМИ,,
Морозов М.Ю.,ФФ,профессор,
Лебедева Б.В.,ФРТ,профессор,д.н.
Смирнов Е.П.,ФФ,,к.н.
Иванов Л.О.,ФЭТ,доцент,
Алексеев А.А.,ФФ,,к.н.
Попов Г.Н.,ИТМО,доцент,
Волков К.М.,ИТМО,профессор,к.н.
Волков З.Т.,ФИТ,доцент,
Соколов М.Ю.,ФМиМ,профессор,к.н.
Лебедева З.Т.,ФИВТ,ассистент,к.н.
Кузнецов Г.Н.,ФПМИ,профессор,к.н.
Кузнецов М.Ю.,ФМиЕН,,д.н.
Сидоров А.А.,ФРТ,ассистент,
Иванов Д.С.,ИТМО,профессор,д.н.
Соколов К.М.,ФИТ,профессор,
Новиков В.И.,ИТМО,,д.н.
Новиков В.И.,ФЭТ,,
Иванов Л.О.,ФИТ,ассистент,к.н.
Лебедев И.К.,ФЭТ,профессор,д.н.
Петров К.М.,ФУПМ,,д.н.
Морозов З.Т.,ФИВТ,ассистент,к.н.
Кузнецов Б.В.,ФМиЕН,доцент,к.н.
Козлов З.Т.,ФМиЕН,доцент,
Сидоров А.А.,ФРТ,доцент,к.н.
Попов Г.Н.,ФУПМ,ассистент,д.н.
Лебедев Ж.Р.,ФУПМ,,
Сидоров И.К.,ФФ,,к.н.
Морозов В.И.,ФУПМ,ассистент,д.н.
Семенов Л.О.,ФМиМ,,д.н.
Соколов И.К.,ФМиЕН,доцент,
Семенов Б.В.,ИТМО,доцент,д.н.
Егоров Д.С.,ФМиЕН,профессор,
Алексеев В.И.,ФРТ,,
Лебедев В.И.,ФПМИ,профессор,
Семенов Б.В.,ФИВТ,ассистент,
Лебедева З.Т.,ФЭТ,,к.н.
Сидоров А.А.,ФРТ,доцент,д.н.
Алексеев Е.П.,ФПМИ,профессор,
Егоров Д.С.,ИТМО,,
Соколов Л.О.,ФИВТ,ассистент,
Алексеев З.Т.,ФИТ,доцент,
Семенов Л.О.,ФУПМ,доцент,к.н.
Иванов Д.С.,ИТМО,,д.н.
Лебедева И.К.,ФФ,,к.н.
Попов З.Т.,ФИТ,доцент,к.н.
Смирнов Е.П.,ИТМО,профессор,
Волков Г.Н.,ФРТ,профессор,к.н.
Сидоров А.А.,ФФ,ассистент,
Семенов М.Ю.,ФФ,профессор,
Смирнов В.И.,ФУПМ,доцент,
Козлов З.Т.,ФМиЕН,ассистент,к.н.
Кузнецов Е.П.,ФИТ,,
Новиков И.К.,ФИВТ,профессор,к.н.
Новиков И.К.,ФЭТ,профессор,
Козлов Е.П.,ФПМИ,,д.н.
Лебедев Л.О.,ФРТ,доцент,к.н.
Новиков Е.П.,ФЭТ,доцент,к.н.
Иванов Е.П.,ФИТ,профессор,
Лебедев В.И.,ФУПМ,профессор,к.н.
Семенов И.К.,ФИВТ,доцент,
Смирнов Л.О.,ФИВТ,,д.н.
Новиков Л.О.,ФИТ,доцент,
Лебедев Е.П.,ФМиЕН,ассистент,д.н.
Лебедева К.М.,ФРТ,доцент,к.н.
Морозов Л.О.,ФПМИ,профессор,д.н.
Петров Е.П.,ФФ,профессор,
Морозов М.Ю.,ФФ,ассистент,к.н.
Алексеев М.Ю.,ФИТ,,д.н.
Попов Д.С.,ФМиЕН,ассистент,д.н.
Попов Г.Н.,ФРТ,профессор,
Соколов К.М.,ФИВТ,ассистент,к.н.
Лебедева Г.Н.,ФМиМ,профессор,к.н.
Смирнов Д.С.,ФПМИ,,к.н.
Новиков М.Ю.,ФМиМ,доцент,д.н.
Новиков Б.В.,ФИТ,ассистент,д.н.
Кузнецов А.А.,ФУПМ,профессор,
Новиков Г.Н.,ФМиМ,профессор,
Новиков З.Т.,ФМиЕН,профессор,к.н.
Волков З.Т.,ФРТ,доцент,к.н.
Козлов М.Ю.,ФПМИ,доцент,д.н.
Иванов В.И.,ФИВТ,,
Морозов Б.В.,ФУПМ,ассистент,к.н.
Лебедев Л.О.,ФУПМ,профессор,д.н.
Волков Б.В.,ФИТ,доцент,
Морозов А.А.,ФМиЕН,профессор,
Лебедева Д.С.,ФРТ,доцент,к.н.
Попов Е.П.,ИТМО,профессор,
Алексеев В.И.,ИТМО,ассистент,к.н.
Алексеев Е.П.,ФУПМ,ассистент,
Новиков М.Ю.,ФМиЕН,,к.н.
Петров Е.П.,ФИВТ,ассистент,к.н.
Морозов Б.В.,ФМиЕН,ассистент,д.н.
Егоров М.Ю.,ФУПМ,доцент,д.н.
Новиков Ж.Р.,ИТМО,ассистент,д.н.
Морозов Б.В.,ФМиМ,доцент,
Попов К.М.,ФФ,ассистент,
Семенов М.Ю.,ФМиЕН,ассистент,
Соколов Б.В.,ФМиЕН,,к.н.
Лебедева В.И.,ФРТ,профессор,к.н.
Морозов Г.Н.,ФРТ,профессор,д.н.
Егоров Л.О.,ИТМО,ассистент,к.н.
Козлов Е.П.,ФУПМ,,д.н.
Волков В.И.,ИТМО,доцент,к.н.
Лебедева Г.Н.,ФМиЕН,ассистент,к.н.
Сидоров М.Ю.,ФМиЕН,доцент,д.н.
Лебедева Д.С.,ФФ,,
Соколов Г.Н.,ФМиМ,ассистент,д.н.
Иванов И.К.,ФПМИ,профессор,д.н.
Морозов Б.В.,ИТМО,профессор,
Алексеев Ж.Р.,ФИВТ,профессор,д.н.
Козлов В.И.,ФРТ,,
Смирнов Л.О.,ФМиЕН,,к.н.
Смирнов В.И.,ФИТ,ассистент,д.н.
Козлов Е.П.,ФРТ,профессор,к.н.
Козлов В.И.,ФРТ,доцент,д.н.
Морозов Е.П.,ФМиМ,доцент,
Смирнов Д.С.,ФУПМ,,д.н.
Егоров К.М.,ФПМИ,профессор,
Соколов И.К.,ФИВТ,доцент,д.н.
Алексеев Б.В.,ФИТ,,к.н.
Егоров М.Ю.,ФРТ,доцент,
Лебедева Д.С.,ИТМО,,к.н.
Соколов Г.Н.,ФПМИ,,д.н.
Козлов Д.С.,ФУПМ,,д.н.
Егоров Л.О.,ФЭТ,ассистент,к.н.
Петров Д.С.,ФПМИ,доцент,
Сидоров К.М.,ФРТ,профессор,д.н.
Иванов Ж.Р.,ФУПМ,ассистент,
Кузнецов Б.В.,ИТМО,ассистент,д.н.
Петров Д.С.,ФИТ,,к.н.
Семенов Б.В.,ФРТ,доцент,
Соколов Б.В.,ФМиМ,ассистент,к.н.
Лебедева З.Т.,ФУПМ,ассистент,к.н.
Иванов Г.Н.,ФЭТ,,д.н.
Егоров Е.П.,ФРТ,,
Волков Л.О.,ФФ,ассистент,
Иванов Д.С.,ФМиМ,доцент,
Лебедева Б.В.,ФФ,доцент,д.н.
Егоров Б.В.,ФИВТ,,к.н.
Лебедева М.Ю.,ФРТ,,
Петров И.К.,ФРТ,профессор,
Лебедева А.А.,ИТМО,профессор,
Егоров Б.В.,ФФ,профессор,д.н.
Иванов Л.О.,ФЭТ,ассистент,д.н.
Петров Д.С.,ФИВТ,доцент,к.н.
Козлов И.К.,ФИТ,доцент,к.н.
Кузнецов Г.Н.,ИТМО,ассистент,д.н.
Сидоров Ж.Р.,ФПМИ,ассистент,д.н.
Сидоров М.Ю.,ФМиЕН,профессор,к.н.
Морозов Е.П.,ФРТ,профессор,
Соколов А.А.,ФУПМ,доцент,д.н.
Петров М.Ю.,ИТМО,,
Иванов В.И.,ФИТ,профессор,д.н.
Волков З.Т.,ФУПМ,,к.н.
Лебедева Б.В.,ФЭТ,профессор,
Иванов Г.Н.,ФУПМ,ассистент,
Иванов Д.С.,ФУПМ,доцент,
Петров З.Т.,ФИВТ,ассистент,к.н.
Морозов А.А.,ФМиМ,,д.н.
Волков А.А.,ФМиЕН,профессор,к.н.
Сидоров Е.П.,ИТМО,ассистент,д.н.
Алексеев Л.О.,ИТМО,доцент,к.н.
Семенов Ж.Р.,ФУПМ,ассистент,к.н.
Соколов А.А.,ФФ,,к.н.
Лебедев Е.П.,ФПМИ,,
Кузнецов Е.П.,ФРТ,ассистент,к.н.
Лебедева Г.Н.,ФМиЕН,профессор,
Семенов М.Ю.,ФПМИ,ассистент,
Кузнецов А.А.,ФУПМ,ассистент,
Новиков Г.Н.,ФПМИ,доцент,к.н.
Егоров И.К.,ФИТ,профессор,д.н.
Новиков В.И.,ИТМО,,
Смирнов И.К.,ФМиМ,,к.н.
Новиков Ж.Р.,ФМиЕН,доцент,к.н.
Кузнецов В.И.,ИТМО,доцент,
Иванов Б.В.,ФИВТ,профессор,д.н.
Кузнецов М.Ю.,ИТМО,профессор,
Смирнов К.М.,ФИТ,профессор,к.н.
Сидоров А.А.,ФИВТ,профессор,
Морозов Б.В.,ФПМИ,,д.н.
Смирнов Л.О.,ФЭТ,ассистент,к.н.
Соколов Ж.Р.,ФРТ,профессор,
Лебедев И.К.,ФУПМ,ассистент,д.н.
Петров В.И.,ФУПМ,профессор,д.н.
Егоров Д.С.,ИТМО,ассистент,к.н.
Иванов З.Т.,ФИВТ,ассистент,д.н.
Иванов А.А.,ИТМО,доцент,д.н.
Смирнов Д.С.,ФФ,ассистент,
Семенов Б.В.,ФМиЕН,,к.н.
Волков В.И.,ФПМИ,доцент,
Морозов А.А.,ФИТ,ассистент,к.н.
Волков З.Т.,ФМиЕН,доцент,д.н.
Козлов Ж.Р.,ФЭТ,ассистент,к.н.
Кузнецов З.Т.,ФУПМ,ассистент,к.н.
Сидоров И.К.,ФЭТ,профессор,к.н.
Лебедев З.Т.,ФМиЕН,ассистент,
Иванов З.Т.,ФМиМ,доцент,
Лебедева Б.В.,ФМиЕН,доцент,к.н.
Лебедева Д.С.,ФИТ,доцент,к.н.
Волков Ж.Р.,ФИТ,,
Новиков К.М.,ФМиМ,,к.н.
Семенов А.А.,ФРТ,профессор,
Смирнов А.А.,ФМиЕН,ассистент,
Смирнов М.Ю.,ФИТ,доцент,к.н.
Иванов Б.В.,ФЭТ,,
Соколов А.А.,ФРТ,доцент,д.н.
Волков Г.Н.,ФФ,,к.н.
Кузнецов Б.В.,ФИТ,,
Новиков Л.О.,ФФ,,
Новиков А.А.,ФМиМ,доцент,д.н.
Новиков В.И.,ФИВТ,ассистент,
Попов К.М.,ИТМО,профессор,д.н.
Морозов В.И.,ФРТ,,д.н.
Морозов Ж.Р.,ФМиЕН,,
Соколов З.Т.,ФУПМ,ассистент,
Лебедева А.А.,ИТМО,ассистент,к.н.
Иванов Б.В.,ФИВТ,профессор,
Сидоров Г.Н.,ФУПМ,,к.н.
Кузнецов Б.В.,ФМиМ,ассистент,д.н.
Семенов И.К.,ИТМО,профессор,
Морозов Б.В.,ФМиЕН,ассистент,
Петров В.И.,ФРТ,,
Козлов А.А.,ФФ,ассистент,д.н.
Сидоров Г.Н.,ФМиЕН,профессор,к.н.
Волков Д.С.,ФФ,профессор,к.н.
Алексеев Г.Н.,ИТМО,доцент,к.н.
Волков З.Т.,ФМиЕН,ассистент,к.н.
Кузнецов В.И.,ФЭТ,доцент,д.н.
Лебедева Д.С.,ФПМИ,доцент,к.н.
Лебедев А.А.,ИТМО,профессор,к.н.
Иванов З.Т.,ФРТ,профессор,
Смирнов И.К.,ФИВТ,профессор,д.н.
Новиков З.Т.,ФМиЕН,доцент,к.н.
Козлов Л.О.,ФИТ,ассистент,д.н.
Петров И.К.,ФИВТ,,д.н.
Сидоров А.А.,ФФ,,д.н.
Сидоров М.Ю.,ФМиМ,ассистент,
Алексеев М.Ю.,ФУПМ,доцент,к.н.
Морозов Б.В.,ФИВТ,профессор,к.н.
Кузнецов Е.П.,ФРТ,ассистент,д.н.
Сидоров И.К.,ФМиМ,доцент,к.н.
Лебедева А.А.,ФПМИ,профессор,д.н.
Семенов Д.С.,ФУПМ,ассистент,д.н.
Новиков Ж.Р.,ФМиЕН,,к.н.
Попов Г.Н.,ФУПМ,,к.н.
Иванов Б.В.,ФЭТ,,к.н.
Смирнов Ж.Р.,ФМиЕН,профессор,к.н.
Смирнов З.Т.,ИТМО,доцент,
Лебедев И.К.,ФПМИ,,
Новиков Л.О.,ФУПМ,,д.н.
Морозов М.Ю.,ФФ,профессор,д.н.
Смирнов М.Ю.,ФУПМ,доцент,к.н.
Семенов И.К.,ФУПМ,доцент,
Егоров Е.П.,ФМиЕН,доцент,
Семенов Д.С.,ФМиМ,профессор,
Егоров И.К.,ФМиМ,доцент,
Лебедева Г.Н.,ФИТ,профессор,
Новиков И.К.,ФМиЕН,,к.н.
Петров К.М.,ФРТ,доцент,д.н.
Попов И.К.,ФМиМ,доцент,к.н.
Иванов З.Т.,ФПМИ,ассистент,
Иванов Ж.Р.,ФМиЕН,,к.н.
Иванов В.И.,ФИВТ,ассистент,д.н.
Семенов В.И.,ФПМИ,ассистент,
Лебедева Е.П.,ФМиЕН,ассистент,д.н.
Попов Б.В.,ФУПМ,доцент,к.н.
Егоров В.И.,ФИТ,профессор,к.н.
Смирнов Б.В.,ФУПМ,профессор,
Попов Е.П.,ФПМИ,доцент,д.н.
Лебедев Д.С.,ФИВТ,,к.н.
Петров Е.П.,ФПМИ,доцент,
Волков А.А.,ФИВТ,профессор,к.н.
Алексеев З.Т.,ФМиЕН,ассистент,к.н.
Егоров В.И.,ФМиМ,доцент,к.н.
Семенов М.Ю.,ФРТ,ассистент,
Лебедев Ж.Р.,ФЭТ,профессор,д.н.
Алексеев А.А.,ФУПМ,профессор,д.н.
Смирнов Д.С.,ФФ,доцент,д.н.
Егоров А.А.,ФМиЕН,ассистент,д.н.
Егоров Д.С.,ФУПМ,доцент,
Кузнецов А.А.,ФИТ,профессор,д.н.
Лебедев Б.В.,ФИВТ,доцент,к.н.
Новиков Л.О.,ФФ,ассистент,
Семенов Ж.Р.,ФРТ,доцент,
Егоров К.М.,ФУПМ,,д.н.
Попов Б.В.,ФИТ,,к.н.
Новиков М.Ю.,ФЭТ,ассистент,
Алексеев М.Ю.,ФПМИ,доцент,
Иванов Г.Н.,ФРТ,,
Морозов Е.П.,ФМиЕН,доцент,
Алексеев В.И.,ФФ,профессор,к.н.
Егоров З.Т.,ФПМИ,профессор,д.н.
Алексеев Л.О.,ФЭТ,ассистент,к.н.
Семенов Д.С.,ФПМИ,доцент,д.н.
Морозов А.А.,ФМиМ,профессор,к.н.
Волков Ж.Р.,ФРТ,профессор,д.н.
Иванов М.Ю.,ФМиЕН,,к.н.
Егоров В.И.,ФИТ,,к.н.
Алексеев Л.О.,ФМиМ,ассистент,к.н.
Попов Г.Н.,ФУПМ,профессор,к.н.
Волков М.Ю.,ФЭТ,доцент,д.н.
Егоров И.К.,ИТМО,,д.н.
Петров М.Ю.,ФФ,ассистент,д.н.
Алексеев И.К.,ФПМИ,ассистент,
Морозов З.Т.,ФФ,ассистент,к.н.
Новиков Г.Н.,ФРТ,доцент,д.н.
Морозов Д.С.,ФИТ,,к.н.
Сидоров А.А.,ФУПМ,,
Иванов Л.О.,ФПМИ,доцент,к.н.
Иванов Л.О.,ФМиМ,,к.н.
Алексеев М.Ю.,ФПМИ,ассистент,
Смирнов А.А.,ФПМИ,доцент,д.н.
Лебедев Б.В.,ФМиЕН,доцент,к.н.
Соколов И.К.,ИТМО,профессор,к.н.
Кузнецов А.А.,ФФ,доцент,
Соколов В.И.,ФИТ,профессор,д.н.
Волков Ж.Р.,ФПМИ,профессор,к.н.
Смирнов И.К.,ФИТ,ассистент,к.н.
Соколов Ж.Р.,ФУПМ,доцент,к.н.
Иванов М.Ю.,ФИТ,профессор,
Волков В.И.,ИТМО,профессор,
Лебедева Д.С.,ФПМИ,,д.н.
Смирнов Е.П.,ФПМИ,ассистент,к.н.
Иванов И.К.,ФФ,профессор,
Соколов Б.В.,ФЭТ,доцент,
Попов З.Т.,ФЭТ,доцент,к.н.
Алексеев Л.О.,ИТМО,ассистент,
Кузнецов А.А.,ФФ,доцент,д.н.
Смирнов Е.П.,ФУПМ,ассистент,к.н.
Волков А.А.,ФУПМ,ассистент,к.н.
Егоров Ж.Р.,ФУПМ,,к.н.
Смирнов З.Т.,ФМиМ,доцент,д.н.
Лебедева Г.Н.,ФМиЕН,доцент,к.н.
Волков Б.В.,ФИТ,профессор,д.н.
Соколов И.К.,ФИТ,доцент,к.н.
Козлов К.М.,ФИВТ,,
Егоров Г.Н.,ФМиЕН,доцент,
Кузнецов Д.С.,ФФ,доцент,
Волков Д.С.,ФМиМ,профессор,к.н.
Семенов Б.В.,ФФ,ассистент,
Попов М.Ю.,ФРТ,,
Попов Б.В.,ФПМИ,профессор,
Волков Ж.Р.,ФМиМ,доцент,к.н.
Алексеев И.К.,ФРТ,профессор,д.н.
Лебедев И.К.,ФМиМ,доцент,д.н.
Морозов Ж.Р.,ФИТ,,д.н.
Новиков Ж.Р.,ФЭТ,ассистент,к.н.
Попов К.М.,ИТМО,профессор,к.н.
Смирнов И.К.,ФРТ,,д.н.
Попов К.М.,ФМиЕН,,д.н.
Волков З.Т.,ФИВТ,профессор,к.н.
Кузнецов Б.В.,ФУПМ,ассистент,
Смирнов К.М.,ФФ,,
Попов А.А.,ФПМИ,профессор,к.н.
Новиков В.И.,ФИВТ,доцент,к.н.
Смирнов Ж.Р.,ФРТ,доцент,д.н.
Семенов Д.С.,ИТМО,профессор,к.н.
Семенов Г.Н.,ФПМИ,,к.н.
Алексеев А.А.,ФМиМ,профессор,
Алексеев К.М.,ФПМИ,ассистент,д.н.
Соколов Б.В.,ФМиМ,доцент,к.н.
Попов В.И.,ФИВТ,ассистент,д.н.
Лебедева Г.Н.,ФМиМ,доцент,д.н.
Лебедев Л.О.,ФЭТ,,к.н.
Иванов К.М.,ФПМИ,профессор,д.н.
Сидоров Б.В.,ФМиЕН,ассистент,д.н.
Соколов Е.П.,ИТМО,доцент,к.н.
Попов Л.О.,ФУПМ,,к.н.
Иванов Б.В.,ФИТ,ассистент,д.н.
Морозов З.Т.,ФФ,,
Лебедева В.И.,ФУПМ,,д.н.
Попов А.А.,ФИВТ,ассистент,к.н.
Лебедев Л.О.,ФФ,доцент,к.н.
Петров И.К.,ФРТ,профессор,к.н.
Козлов И.К.,ФМиЕН,доцент,д.н.
Соколов Ж.Р.,ФИТ,доцент,к.н.
Козлов М.Ю.,ФМиЕН,,
Соколов В.И.,ФПМИ,доцент,к.н.
Соколов М.Ю.,ФМиМ,профессор,
Козлов Е.П.,ФИТ,ассистент,
Соколов И.К.,ФПМИ,профессор,д.н.
Смирнов Ж.Р.,ФМиЕН,доцент,
Петров Д.С.,ФПМИ,профессор,к.н.
Козлов Ж.Р.,ИТМО,доцент,д.н.
Егоров Е.П.,ФМиМ,доцент,
Петров К.М.,ФФ,ассистент,к.н.
Кузнецов Д.С.,ФУПМ,ассистент,д.н.
Попов А.А.,ФИТ,профессор,к.н.
Петров В.И.,ИТМО,ассистент,д.н.
Петров И.К.,ИТМО,доцент,д.н.
Козлов З.Т.,ФЭТ,профессор,
Лебедева Б.В.,ФМиЕН,профессор,д.н.
Алексеев И.К.,ФФ,профессор,к.н.
Лебедева З.Т.,ИТМО,профессор,к.н.
Егоров А.А.,ФУПМ,ассистент,
Кузнецов А.А.,ФМиМ,ассистент,
Новиков А.А.,ФМиЕН,профессор,к.н.
Петров Д.С.,ФФ,профессор,к.н.
Козлов Ж.Р.,ФИТ,доцент,к.н.
Егоров К.М.,ФФ,ассистент,д.н.
Лебедева В.И.,ФМиМ,доцент,к.н.
Соколов В.И.,ФУПМ,доцент,д.н.
Соколов И.К.,ФПМИ,,к.н.
Сидоров И.К.,ФУПМ,доцент,д.н.
Егоров И.К.,ФМиЕН,доцент,д.н.
Смирнов М.Ю.,ФЭТ,профессор,к.н.
Егоров Г.Н.,ФМиМ,ассистент,
Семенов И.К.,ФИТ,доцент,
Смирнов К.М.,ФИВТ,ассистент,
Лебедев Б.В.,ФФ,доцент,
Морозов М.Ю.,ФМиМ,ассистент,д.н.
Алексеев В.И.,ФЭТ,профессор,к.н.
Лебедев Б.В.,ФУПМ,профессор,к.н.
Волков Г.Н.,ФИТ,,д.н.
Кузнецов И.К.,ФИВТ,доцент,к.н.
Попов А.А.,ФМиЕН,доцент,д.н.
Кузнецов М.Ю.,ФФ,доцент,к.н.
Сидоров Д.С.,ФМиМ,,
Соколов Г.Н.,ФПМИ,доцент,
Алексеев К.М.,ИТМО,доцент,к.н.
Соколов И.К.,ФФ,доцент,д.н.
Морозов Л.О.,ФМиМ,,к.н.
Сидоров К.М.,ФРТ,профессор,к.н.
Сидоров Л.О.,ФЭТ,,к.н.
Лебедев М.Ю.,ИТМО,,д.н.
Волков Б.В.,ФРТ,ассистент,к.н.
Петров Б.В.,ИТМО,профессор,к.н.
Попов З.Т.,ФИВТ,доцент,
Егоров Д.С.,ИТМО,доцент,к.н.
Попов К.М.,ФУПМ,ассистент,д.н.
Морозов М.Ю.,ФЭТ,профессор,д.н.
Новиков Ж.Р.,ФМиЕН,доцент,к.н.
Волков В.И.,ФМиМ,доцент,
Егоров А.А.,ФФ,доцент,к.н.
Лебедев Е.П.,ФУПМ,ассистент,
Морозов Л.О.,ФЭТ,ассистент,к.н.
Сидоров А.А.,ФМиМ,профессор,
Алексеев В.И.,ФПМИ,доцент,к.н.
Смирнов М.Ю.,ФФ,доцент,
Козлов З.Т.,ФИВТ,профессор,
Егоров Г.Н.,ФФ,профессор,к.н.
Сидоров В.И.,ФФ,ассистент,к.н.
Семенов Б.В.,ФМиМ,ассистент,
Лебедева Д.С.,ФМиЕН,профессор,к.н.
Новиков М.Ю.,ФИТ,доцент,д.н.
Иванов М.Ю.,ФРТ,доцент,д.н.
Смирнов Е.П.,ФРТ,ассистент,
Козлов Е.П.,ИТМО,доцент,
Кузнецов Д.С.,ФИТ,доцент,д.н.
Новиков А.А.,ФМиМ,доцент,
Волков Л.О.,ФИТ,ассистент,д.н.
Попов И.К.,ФФ,ассистент,к.н.
Лебедева Г.Н.,ФИТ,ассистент,к.н.
Лебедева А.А.,ИТМО,профессор,д.н.
Волков З.Т.,ФИВТ,профессор,к.н.
Петров Г.Н.,ФФ,,к.н.
Лебедев З.Т.,ФФ,ассистент,к.н.
Кузнецов Г.Н.,ИТМО,,
Соколов Б.В.,ФМиЕН,профессор,д.н.
Сидоров Ж.Р.,ИТМО,ассистент,к.н.
Сидоров Ж.Р.,ФИВТ,доцент,
Егоров Д.С.,ФИТ,доцент,к.н.
Лебедева В.И.,ФМиМ,доцент,
Морозов М.Ю.,ИТМО,ассистент,д.н.
Семенов Л.О.,ФФ,доцент,д.н.
Семенов К.М.,ФМиМ,профессор,к.н.
Лебедев В.И.,ИТМО,,к.н.
Лебедев Л.О.,ФПМИ,ассистент,к.н.
Новиков Б.В.,ФФ,ассистент,д.н.
Кузнецов Б.В.,ФРТ,,д.н.
Смирнов И.К.,ФМиЕН,,
Соколов Г.Н.,ФЭТ,доцент,
Соколов М.Ю.,ФИВТ,доцент,к.н.
Петров З.Т.,ФФ,профессор,
Алексеев И.К.,ФИВТ,доцент,д.н.
Соколов Е.П.,ФПМИ,,д.н.
Смирнов В.И.,ФУПМ,профессор,к.н.
Соколов К.М.,ФПМИ,,к.н.
Волков Г.Н.,ФФ,ассистент,
Попов К.М.,ФМиМ,,к.н.
Семенов Е.П.,ФФ,,к.н.
Волков А.А.,ФМиМ,,д.н.
Кузнецов Д.С.,ФМиМ,,
Петров Л.О.,ФПМИ,,
Алексеев Е.П.,ФМиМ,,к.н.
Егоров К.М.,ФИТ,профессор,к.н.
Алексеев И.К.,ФУПМ,доцент,к.н.
Смирнов М.Ю.,ФИВТ,,к.н.
Сидоров Д.С.,ФЭТ,ассистент,
Алексеев Е.П.,ФИВТ,профессор,
Новиков К.М.,ФРТ,профессор,
Волков Б.В.,ФФ,,д.н.
Петров Ж.Р.,ФИТ,доцент,д.н.
Кузнецов Б.В.,ФРТ,,д.н.
Лебедев Г.Н.,ФЭТ,ассистент,к.н.
Лебедева К.М.,ФИТ,профессор,к.н.
Иванов И.К.,ФПМИ,доцент,к.н.
Иванов Л.О.,ФПМИ,,к.н.
Семенов И.К.,ФФ,профессор,к.н.
Лебедев Е.П.,ФПМИ,,к.н.
Егоров М.Ю.,ФИТ,доцент,д.н.
Сидоров Г.Н.,ФУПМ,,к.н.
Новиков Е.П.,ФРТ,ассистент,к.н.
Егоров И.К.,ФРТ,профессор,
Лебедева Л.О.,ФПМИ,,д.н.
Алексеев И.К.,ФИТ,,д.н.
Волков В.И.,ИТМО,,д.н.
Петров А.А.,ФУПМ,профессор,д.н.
Петров Л.О.,ФМиМ,доцент,к.н.
Попов Д.С.,ФПМИ,,
Сидоров Б.В.,ФЭТ,профессор,
Иванов Д.С.,ФМиМ,профессор,д.н.
Попов К.М.,ИТМО,,д.н.
Петров Ж.Р.,ИТМО,доцент,д.н.
Кузнецов Е.П.,ФМиМ,,к.н.
Алексеев Е.П.,ФИТ,ассистент,к.н.
Алексеев А.А.,ФИТ,,
Сидоров Ж.Р.,ФИТ,ассистент,к.н.
Волков З.Т.,ФПМИ,,д.н.
Новиков К.М.,ФИВТ,профессор,к.н.
Алексеев И.К.,ФПМИ,ассистент,д.н.
Морозов А.А.,ФМиЕН,ассистент,
Волков Г.Н.,ФЭТ,ассистент,к.н.
Морозов Б.В.,ФПМИ,,к.н.
Попов К.М.,ФРТ,доцент,к.н.
Лебедев М.Ю.,ФФ,профессор,к.н.
Кузнецов З.Т.,ФФ,ассистент,д.н.
Попов А.А.,ФИВТ,,
Сидоров И.К.,ФРТ,профессор,д.н.
Сидоров Б.В.,ФРТ,,
Волков И.К.,ИТМО,ассистент,д.н.
Алексеев Д.С.,ФМиЕН,ассистент,
Лебедев Ж.Р.,ИТМО,профессор,к.н.
Волков В.И.,ФИТ,доцент,
Егоров М.Ю.,ФИВТ,профессор,
Кузнецов Б.В.,ФУПМ,,к.н.
Морозов Г.Н.,ФИВТ,,
Петров И.К.,ИТМО,ассистент,к.н.
Петров Б.В.,ФМиМ,доцент,д.н.
Егоров Г.Н.,ФПМИ,,д.н.
Егоров Б.В.,ФИТ,профессор,д.н.
Соколов Б.В.,ФФ,доцент,к.н.
Семенов Б.В.,ФИТ,доцент,к.н.
Лебедева Ж.Р.,ИТМО,ассистент,д.н.
Волков Л.О.,ИТМО,профессор,
Козлов З.Т.,ФРТ,,к.н.
Кузнецов Г.Н.,ФПМИ,ассистент,к.н.
Семенов Б.В.,ФМиЕН,,д.н.
Сидоров Г.Н.,ИТМО,доцент,к.н.
Егоров И.К.,ФИВТ,профессор,
Кузнецов Л.О.,ФФ,доцент,к.н.
Морозов Ж.Р.,ФИТ,доцент,д.н.
Сидоров Д.С.,ФПМИ,доцент,к.н.
Смирнов В.И.,ФЭТ,доцент,к.н.
Козлов Л.О.,ФРТ,,к.н.
Кузнецов Д.С.,ФРТ,профессор,к.н.
Алексеев Е.П.,ФМиМ,ассистент,
Козлов Г.Н.,ФИТ,профессор,д.н.
Алексеев А.А.,ФУПМ,ассистент,
Семенов В.И.,ФИТ,доцент,д.н.
Кузнецов Б.В.,ФФ,,к.н.
Иванов Е.П.,ФФ,профессор,
Соколов Г.Н.,ФУПМ,ассистент,д.н.
Лебедева З.Т.,ФМиЕН,доцент,
Иванов И.К.,ФИВТ,,
Лебедев Г.Н.,ИТМО,доцент,д.н.
Лебедева И.К.,ФИТ,ассистент,д.н.
Морозов К.М.,ФИТ,,д.н.
Егоров Е.П.,ФИВТ,профессор,к.н.
Иванов Д.С.,ФИТ,доцент,
Соколов К.М.,ФРТ,доцент,
Новиков Г.Н.,ФРТ,ассистент,д.н.
Попов К.М.,ФЭТ,доцент,д.н.
Новиков З.Т.,ФИВТ,профессор,д.н.
Егоров З.Т.,ФИТ,,д.н.
Волков Б.В.,ФРТ,доцент,д.н.
Семенов Г.Н.,ФПМИ,ассистент,д.н.
Лебедева Д.С.,ФЭТ,ассистент,к.н.
Смирнов М.Ю.,ФФ,,к.н.
Петров А.А.,ФФ,ассистент,
Лебедева М.Ю.,ИТМО,ассистент,к.н.
Сидоров А.А.,ИТМО,,к.н.
Смирнов Ж.Р.,ФПМИ,ассистент,к.н.
Егоров А.А.,ФЭТ,ассистент,к.н.
Морозов Д.С.,ФМиЕН,профессор,к.н.
Петров Ж.Р.,ФУПМ,доцент,д.н.
Попов М.Ю.,ФИВТ,доцент,д.н.
Смирнов Е.П.,ФУПМ,доцент,
Семенов И.К.,ФИТ,ассистент,
Егоров З.Т.,ФЭТ,профессор,д.н.
Волков А.А.,ФФ,профессор,д.н.
Лебедев Г.Н.,ФУПМ,профессор,д.н.
Смирнов Г.Н.,ФФ,ассистент,
Иванов И.К.,ФМиЕН,,
Иванов Л.О.,ФПМИ,,д.н.
Лебедева А.А.,ФМиМ,доцент,к.н.
Волков Е.П.,ИТМО,профессор,
Кузнецов И.К.,ФЭТ,профессор,к.н.
Петров А.А.,ФМиМ,доцент,
Козлов Л.О.,ФРТ,доцент,д.н.
Новиков Д.С.,ФРТ,профессор,д.н.
Иванов И.К.,ФРТ,доцент,к.н.
Иванов А.А.,ФЭТ,доцент,
Егоров Б.В.,ФУПМ,доцент,к.н.
Иванов Г.Н.,ФЭТ,профессор,к.н.
Волков М.Ю.,ФИТ,,к.н.
Егоров А.А.,ИТМО,ассистент,д.н.
Сидоров К.М.,ФМиМ,,
Сидоров Е.П.,ФИВТ,,к.н.
Алексеев Л.О.,ФЭТ,профессор,к.н.
Новиков Е.П.,ФИВТ,профессор,к.н.
Соколов З.Т.,ФИТ,профессор,
Егоров М.Ю.,ФЭТ,,к.н.
Морозов Ж.Р.,ФМиЕН,,
Иванов Л.О.,ФФ,профессор,к.н.
Смирнов А.А.,ФРТ,доцент,к.н.
Волков И.К.,ФМиМ,ассистент,
Соколов М.Ю.,ФРТ,ассистент,к.н.
Кузнецов Е.П.,ФЭТ,ассистент,к.н.
Смирнов Л.О.,ФЭТ,,д.н.
Лебедев В.И.,ФМиМ,,
Волков Л.О.,ФЭТ,доцент,к.н.
Семенов И.К.,ФУПМ,профессор,д.н.
Смирнов В.И.,ФМиЕН,,
Морозов А.А.,ФМиЕН,доцент,д.н.
Семенов Д.С.,ФМиМ,профессор,д.н.
Лебедев Л.О.,ИТМО,доцент,
Смирнов З.Т.,ФИВТ,профессор,д.н.
Морозов Г.Н.,ФРТ,доцент,к.н.
Попов Ж.Р.,ФМиМ,профессор,к.н.
Алексеев В.И.,ФМиМ,,к.н.
Смирнов И.К.,ФМиМ,,к.н.
Иванов А.А.,ФРТ,ассистент,к.н.
Егоров Л.О.,ФИВТ,доцент,к.н.
Петров В.И.,ФУПМ,,
Морозов А.А.,ФФ,,к.н.
Соколов З.Т.,ИТМО,профессор,
Егоров Л.О.,ФИВТ,доцент,
Новиков Д.С.,ФРТ,доцент,
Волков М.Ю.,ФИВТ,доцент,д.н.
Попов Е.П.,ФМиЕН,профессор,д.н.
Алексеев К.М.,ФИВТ,доцент,
Иванов Д.С.,ИТМО,доцент,к.н.
Иванов Ж.Р.,ФМиМ,,
Козлов З.Т.,ИТМО,доцент,к.н.
Кузнецов В.И.,ФПМИ,,к.н.
Петров Г.Н.,ФИТ,,к.н.
Семенов Ж.Р.,ФИТ,,д.н.
Козлов Е.П.,ФМиЕН,доцент,к.н.
Смирнов К.М.,ФМиЕН,ассистент,к.н.
Морозов И.К.,ФЭТ,,к.н.
Волков Ж.Р.,ИТМО,доцент,к.н.
Кузнецов Д.С.,ФМиМ,профессор,д.н.
Соколов М.Ю.,ИТМО,,к.н.
Морозов Д.С.,ИТМО,,к.н.
Алексеев Е.П.,ФИВТ,доцент,
Егоров Г.Н.,ФУПМ,профессор,д.н.
Соколов А.А.,ФМиЕН,профессор,к.н.
Волков А.А.,ФРТ,профессор,к.н.
Семенов Ж.Р.,ФЭТ,ассистент,
Кузнецов Г.Н.,ФИТ,доцент,к.н.
Алексеев Е.П.,ФПМИ,профессор,д.н.
Новиков А.А.,ФУПМ,ассистент,д.н.
Егоров Л.О.,ФУПМ,доцент,
Лебедева З.Т.,ФУПМ,профессор,д.н.
Лебедева М.Ю.,ФМиЕН,доцент,
Смирнов М.Ю.,ФРТ,,к.н.
Смирнов М.Ю.,ФЭТ,ассистент,к.н.
Сидоров Д.С.,ФМиМ,профессор,к.н.
Егоров В.И.,ФМиМ,доцент,д.н.
Новиков А.А.,ФПМИ,профессор,к.н.
Попов Ж.Р.,ФИВТ,профессор,к.н.
Алексеев Г.Н.,ФЭТ,профессор,к.н.
Егоров М.Ю.,ФФ,ассистент,
Лебедева М.Ю.,ФИВТ,ассистент,
Смирнов Д.С.,ФПМИ,ассистент,
Егоров Б.В.,ФМиЕН,профессор,д.н.
Петров Б.В.,ФИТ,профессор,
Сидоров З.Т.,ФЭТ,,д.н.
Егоров Б.В.,ФИВТ,доцент,к.н.
Соколов Л.О.,ФФ,,д.н.
Попов Б.В.,ФМиЕН,доцент,д.н.
Алексеев Е.П.,ФИТ,,д.н.
Соколов Л.О.,ФЭТ,ассистент,д.н.
Семенов К.М.,ФЭТ,,
Лебедева Ж.Р.,ФИВТ,доцент,к.н.
Попов Ж.Р.,ФЭТ,,к.н.
Лебедева Б.В.,ФМиЕН,профессор,к.н.
Петров Г.Н.,ФУПМ,ассистент,
Иванов Е.П.,ИТМО,ассистент,д.н.
Лебедева Л.О.,ФИВТ,ассистент,д.н.
Лебедева З.Т.,ФМиМ,ассистент,д.н.
Сидоров Ж.Р.,ФФ,,
Козлов К.М.,ФРТ,профессор,д.н.
Волков Ж.Р.,ФРТ,доцент,д.н.
Егоров Б.В.,ФИТ,,к.н.
Лебедев Д.С.,ФМиЕН,доцент,д.н.
Петров М.Ю.,ФПМИ,профессор,д.н.
Кузнецов М.Ю.,ФПМИ,профессор,д.н.
Козлов Д.С.,ФМиМ,ассистент,к.н.
Егоров Д.С.,ФМиМ,ассистент,к.н.
Соколов Е.П.,ФФ,доцент,
Алексеев Б.В.,ФФ,доцент,к.н.
Морозов Д.С.,ФУПМ,профессор,
Смирнов Г.Н.,ИТМО,профессор,
Попов М.Ю.,ФФ,,к.н.
Козлов З.Т.,ФМиМ,профессор,д.н.
Лебедев И.К.,ФРТ,профессор,к.н.
Лебедева И.К.,ФЭТ,профессор,к.н.
Иванов Ж.Р.,ФИТ,ассистент,
Волков Л.О.,ФМиЕН,доцент,д.н.
Петров В.И.,ИТМО,ассистент,к.н.
Морозов Б.В.,ФМиМ,доцент,
Новиков М.Ю.,ФЭТ,,к.н.
Егоров Л.О.,ФПМИ,ассистент,к.н.
Лебедева Г.Н.,ИТМО,профессор,
Егоров Л.О.,ФФ,профессор,к.н.
Соколов Д.С.,ФЭТ,доцент,д.н.
Петров Г.Н.,ФПМИ,профессор,
Иванов Д.С.,ФЭТ,доцент,д.н.
Петров Г.Н.,ИТМО,,д.н.
Лебедева Л.О.,ФРТ,профессор,к.н.
Кузнецов М.Ю.,ФПМИ,доцент,д.н.
Новиков В.И.,ФРТ,ассистент,д.н.
Попов З.Т.,ФИТ,доцент,
Иванов З.Т.,ФЭТ,,к.н.
Новиков Г.Н.,ФУПМ,доцент,
Морозов Ж.Р.,ФУПМ,профессор,д.н.
Новиков Г.Н.,ИТМО,доцент,
Новиков Б.В.,ФМиЕН,профессор,д.н.
Семенов Л.О.,ФРТ,профессор,к.н.
Попов Г.Н.,ФФ,доцент,
Семенов М.Ю.,ИТМО,доцент,
Егоров М.Ю.,ФФ,профессор,
Сидоров И.К.,ФМиМ,,
Петров А.А.,ФЭТ,профессор,к.н.
Семенов Г.Н.,ФФ,ассистент,
Семенов Л.О.,ФИВТ,,к.н.
Волков Д.С.,ФФ,профессор,
Попов В.И.,ФУПМ,доцент,д.н.
Соколов А.А.,ФИВТ,профессор,к.н.
Козлов А.А.,ИТМО,,д.н.
Кузнецов Е.П.,ФМиМ,,д.н.
Козлов М.Ю.,ФМиЕН,доцент,
Волков Л.О.,ФФ,,д.н.
Иванов Д.С.,ФФ,ассистент,
Сидоров Г.Н.,ФИВТ,,д.н.
Козлов Г.Н.,ИТМО,профессор,к.н.
Алексеев Л.О.,ФИТ,ассистент,д.н.
Смирнов Г.Н.,ФФ,ассистент,к.н.
Волков Б.В.,ФФ,доцент,к.н.
Иванов Д.С.,ФИВТ,профессор,д.н.
Петров М.Ю.,ФФ,доцент,д.н.
Лебедева Г.Н.,ФМиЕН,доцент,д.н.
Козлов К.М.,ФИТ,,к.н.
Морозов А.А.,ФПМИ,ассистент,к.н.
Новиков А.А.,ФМиЕН,профессор,
Лебедев Д.С.,ФРТ,,д.н.
Козлов З.Т.,ФМиЕН,доцент,д.н.
Лебедев Е.П.,ФРТ,профессор,
Кузнецов Д.С.,ФМиМ,ассистент,
Сидоров Б.В.,ФРТ,,к.н.
Алексеев К.М.,ФИТ,,к.н.
Волков Б.В.,ФМиЕН,,
Лебедев Л.О.,ИТМО,профессор,
Лебедев Л.О.,ФПМИ,доцент,к.н.
Кузнецов З.Т.,ФИТ,доцент,д.н.
Попов К.М.,ФЭТ,,д.н.
Петров М.Ю.,ФЭТ,профессор,д.н.
Петров Л.О.,ФФ,профессор,
Иванов Д.С.,ФМиЕН,профессор,д.н.
Смирнов З.Т.,ФПМИ,доцент,д.н.
Алексеев К.М.,ФРТ,,
Алексеев М.Ю.,ИТМО,,д.н.
Соколов Л.О.,ФЭТ,,
Алексеев З.Т.,ФИВТ,профессор,д.н.
Соколов Ж.Р.,ФПМИ,профессор,д.н.
Козлов З.Т.,ФПМИ,ассистент,д.н.
Алексеев И.К.,ФИТ,профессор,д.н.
Семенов К.М.,ФЭТ,доцент,к.н.
Лебедева А.А.,ФУПМ,,к.н.
Морозов М.Ю.,ФРТ,доцент,д.н.
Алексеев Ж.Р.,ФФ,профессор,
Лебедева З.Т.,ФМиЕН,профессор,к.н.
Лебедев Г.Н.,ФРТ,доцент,к.н.
Петров К.М.,ИТМО,ассистент,к.н.
Иванов Б.В.,ИТМО,,
Семенов Б.В.,ФИВТ,доцент,д.н.
Козлов Б.В.,ФУПМ,,
Сидоров Г.Н.,ФЭТ,доцент,
Смирнов Г.Н.,ИТМО,доцент,д.н.
Морозов К.М.,ФПМИ,доцент,д.н.
Соколов К.М.,ФМиМ,профессор,
Петров Ж.Р.,ИТМО,профессор,к.н.
Кузнецов В.И.,ФИТ,профессор,д.н.
Сидоров М.Ю.,ФМиЕН,ассистент,д.н.
Сидоров В.И.,ФИТ,профессор,к.н.
Алексеев М.Ю.,ФИВТ,ассистент,к.н.
Сидоров Г.Н.,ФИТ,доцент,
Иванов Е.П.,ФМиМ,,д.н.
Егоров З.Т.,ФФ,ассистент,
Петров М.Ю.,ФРТ,профессор,д.н.
Новиков К.М.,ФМиМ,ассистент,д.н.
Козлов И.К.,ФИВТ,доцент,д.н.
Сидоров Г.Н.,ФИВТ,доцент,
Смирнов Б.В.,ФЭТ,профессор,
Кузнецов М.Ю.,ФИТ,профессор,к.н.
Соколов М.Ю.,ФИВТ,профессор,
Попов Г.Н.,ФЭТ,доцент,к.н.
Егоров В.И.,ФИТ,доцент,д.н.
Егоров Б.В.,ФУПМ,профессор,д.н.
Иванов Л.О.,ФИТ,,к.н.
Попов М.Ю.,ФПМИ,ассистент,д.н.
Иванов Л.О.,ФРТ,ассистент,
Попов Ж.Р.,ФФ,профессор,д.н.
Иванов Д.С.,ФРТ,,к.н.
Лебедев В.И.,ФУПМ,ассистент,д.н.
Попов Е.П.,ФМиЕН,профессор,
Соколов В.И.,ФМиМ,ассистент,д.н.
Морозов З.Т.,ФИВТ,профессор,д.н.
Семенов Ж.Р.,ФИТ,ассистент,д.н.
Лебедева М.Ю.,ФИВТ,ассистент,
Соколов З.Т.,ФФ,профессор,д.н.
Кузнецов В.И.,ФФ,профессор,
Петров М.Ю.,ФМиМ,доцент,к.н.
Петров К.М.,ФМиЕН,ассистент,
Новиков И.К.,ФФ,доцент,д.н.
Морозов З.Т.,ФМиМ,доцент,д.н.
Петров А.А.,ФИВТ,ассистент,
Сидоров Г.Н.,ФМиЕН,профессор,
Петров Л.О.,ФМиЕН,,к.н.
Морозов А.А.,ФПМИ,ассистент,
Соколов Л.О.,ФИТ,ассистент,к.н.
Сидоров Л.О.,ФПМИ,доцент,к.н.
Попов В.И.,ФИТ,доцент,к.н.
Семенов Ж.Р.,ФЭТ,,д.н.
Семенов З.Т.,ФЭТ,доцент,д.н.
Егоров Л.О.,ФМиМ,профессор,д.н.
Петров К.М.,ИТМО,профессор,
Петров Д.С.,ФМиМ,профессор,д.н.
Петров И.К.,ФЭТ,профессор,
Петров К.М.,ФПМИ,,
Козлов Д.С.,ФФ,ассистент,д.н.
Новиков В.И.,ФИВТ,ассистент,к.н.
Семенов Ж.Р.,ФРТ,ассистент,
Козлов Л.О.,ФЭТ,,д.н.
Смирнов В.И.,ФМиЕН,профессор,к.н.
Попов Г.Н.,ФИВТ,,к.н.
Волков Б.В.,ФМиМ,,
Волков И.К.,ФУПМ,,д.н.
Морозов Г.Н.,ФУПМ,профессор,к.н.
Семенов М.Ю.,ФИТ,профессор,
Морозов Б.В.,ФПМИ,,
Козлов Г.Н.,ФУПМ,доцент,д.н.
Козлов Л.О.,ФМиЕН,профессор,д.н.
Сидоров Г.Н.,ФЭТ,доцент,д.н.
Егоров Е.П.,ФМиМ,доцент,
Егоров Б.В.,ФРТ,доцент,д.н.
Семенов К.М.,ИТМО,ассистент,к.н.
Смирнов Л.О.,ФМиМ,,
Лебедев З.Т.,ФМиЕН,профессор,
Попов Д.С.,ФИТ,,д.н.
Волков И.К.,ФПМИ,профессор,
Петров К.М.,ФМиЕН,,
Волков Е.П.,ИТМО,ассистент,
Иванов А.А.,ФРТ,профессор,
Лебедев Б.В.,ФИВТ,ассистент,к.н.
Петров И.К.,ФМиМ,,д.н.
Иванов З.Т.,ФМиМ,доцент,к.н.
Соколов В.И.,ФУПМ,ассистент,
Иванов Г.Н.,ФИВТ,доцент,д.н.
Новиков З.Т.,ФФ,,д.н.
Кузнецов З.Т.,ФМиМ,ассистент,
Козлов Б.В.,ИТМО,,к.н.
Смирнов И.К.,ФИТ,профессор,
Новиков Ж.Р.,ФФ,доцент,к.н.
Семенов М.Ю.,ФЭТ,профессор,
Петров И.К.,ФПМИ,доцент,к.н.
Петров В.И.,ФМиМ,,
Соколов З.Т.,ФПМИ,,
Смирнов Б.В.,ФУПМ,,
Егоров В.И.,ФПМИ,,к.н.
Лебедева Е.П.,ФУПМ,доцент,д.н.
Морозов К.М.,ФУПМ,,д.н.
Егоров А.А.,ФПМИ,профессор,
Смирнов А.А.,ФИТ,,к.н.
Смирнов Е.П.,ФЭТ,доцент,
Соколов Д.С.,ФФ,,к.н.
Смирнов А.А.,ФУПМ,доцент,д.н.
Иванов М.Ю.,ФФ,,к.н.
Семенов Б.В.,ФМиМ,,д.н.
Лебедев В.И.,ФМиЕН,доцент,д.н.
Кузнецов Б.В.,ФМиЕН,профессор,к.н.
Кузнецов В.И.,ФФ,,
Морозов З.Т.,ФРТ,ассистент,к.н.
Лебедев Г.Н.,ФИВТ,ассистент,д.н.
Новиков В.И.,ФМиЕН,,
Семенов Д.С.,ФФ,профессор,
Егоров Д.С.,ФРТ,профессор,к.н.
Семенов Е.П.,ФФ,ассистент,
Попов К.М.,ФИТ,профессор,д.н.
Сидоров В.И.,ФРТ,ассистент,к.н.
Петров Б.В.,ФМиЕН,доцент,
Попов Е.П.,ФЭТ,доцент,
Егоров Ж.Р.,ФФ,профессор,к.н.
Новиков К.М.,ФПМИ,ассистент,
Семенов Г.Н.,ФМиЕН,доцент,к.н.
Морозов К.М.,ФУПМ,ассистент,
Семенов К.М.,ФИВТ,доцент,к.н.
Соколов Е.П.,ФУПМ,ассистент,к.н.
Кузнецов А.А.,ФИТ,профессор,к.н.
Смирнов К.М.,ФПМИ,,д.н.
Семенов Л.О.,ФРТ,профессор,к.н.
Кузнецов М.Ю.,ФПМИ,ассистент,
Лебедев Б.В.,ФПМИ,доцент,к.н.
Козлов Е.П.,ФМиМ,ассистент,к.н.
Морозов З.Т.,ФИВТ,профессор,д.н.
Волков Е.П.,ФРТ,профессор,к.н.
Лебедев А.А.,ФПМИ,доцент,к.н.
Алексеев А.А.,ФФ,ассистент,
Кузнецов Б.В.,ИТМО,,к.н.
Сидоров Б.В.,ФМиЕН,,к.н.
Лебедев Е.П.,ФМиЕН,профессор,
Семенов З.Т.,ФПМИ,профессор,к.н.
Кузнецов З.Т.,ФПМИ,профессор,
Иванов Е.П.,ФИВТ,профессор,д.н.
Соколов Л.О.,ФЭТ,доцент,
Кузнецов Е.П.,ФУПМ,доцент,к.н.
Новиков В.И.,ФИВТ,профессор,
Соколов Д.С.,ФМиМ,профессор,д.н.
Новиков Е.П.,ФПМИ,,д.н.
Сидоров Е.П.,ФПМИ,ассистент,д.н.
Лебедев И.К.,ФМиЕН,ассистент,к.н.
Лебедева Г.Н.,ФПМИ,профессор,к.н.
Семенов Л.О.,ФУПМ,профессор,д.н.
Алексеев Л.О.,ФИТ,доцент,д.н.
Семенов А.А.,ФМиМ,доцент,к.н.
Соколов Е.П.,ФИТ,профессор,
Лебедева Л.О.,ФИТ,,д.н.
Семенов М.Ю.,ФМиМ,профессор,
Сидоров Г.Н.,ФЭТ,доцент,к.н.
Кузнецов Ж.Р.,ФРТ,доцент,к.н.
Алексеев Д.С.,ФИТ,доцент,к.н.
Морозов Б.В.,ФПМИ,ассистент,к.н.
Соколов Е.П.,ФЭТ,,
Морозов К.М.,ФЭТ,ассистент,д.н.
Козлов Д.С.,ФИТ,,д.н.
Петров Г.Н.,ФМиЕН,,к.н.
Алексеев Б.В.,ФУПМ,ассистент,д.н.
Смирнов Б.В.,ФМиЕН,,к.н.
Попов Д.С.,ФРТ,,
Козлов В.И.,ФМиЕН,,к.н.
Соколов М.Ю.,ФРТ,,д.н.
Козлов З.Т.,ФМиЕН,ассистент,к.н.
Лебедев И.К.,ФИВТ,,д.н.
Новиков Г.Н.,ФРТ,ассистент,к.н.
Семенов Б.В.,ФМиМ,ассистент,
Алексеев К.М.,ФМиМ,,к.н.
Сидоров Е.П.,ФМиМ,доцент,д.н.
Алексеев В.И.,ФИТ,ассистент,к.н.
Кузнецов Д.С.,ФРТ,,д.н.
Егоров Б.В.,ФМиМ,доцент,д.н.
Иванов М.Ю.,ФЭТ,профессор,д.н.
Соколов М.Ю.,ФЭТ,,д.н.
Егоров Д.С.,ФМиЕН,профессор,д.н.
Лебедев Л.О.,ФИТ,доцент,к.н.
Волков Ж.Р.,ФРТ,,
Попов М.Ю.,ФМиЕН,доцент,к.н.
Морозов В.И.,ФРТ,доцент,к.н.
Лебедева А.А.,ФПМИ,доцент,к.н.
Кузнецов Л.О.,ФИВТ,профессор,д.н.
Морозов Б.В.,ФЭТ,ассистент,д.н.
Семенов Е.П.,ФРТ,профессор,к.н.
Морозов Ж.Р.,ФФ,доцент,д.н.
Алексеев М.Ю.,ФФ,ассистент,к.н.
Смирнов Д.С.,ФМиМ,доцент,д.н.
Лебедев Л.О.,ФИВТ,доцент,д.н.
Козлов А.А.,ИТМО,профессор,д.н.
Попов А.А.,ФРТ,профессор,к.н.
Новиков К.М.,ИТМО,ассистент,к.н.
Алексеев Ж.Р.,ФМиЕН,профессор,д.н.
Алексеев Л.О.,ФМиМ,доцент,д.н.
Новиков Д.С.,ФИВТ,профессор,
Козлов Б.В.,ФИТ,,д.н.
Егоров Д.С.,ФИВТ,доцент,
Егоров И.К.,ФМиЕН,,д.н.
Морозов В.И.,ФИВТ,ассистент,к.н.
Семенов Б.В.,ФИТ,,
Иванов З.Т.,ФУПМ,профессор,
Егоров В.И.,ФИТ,ассистент,
Сидоров М.Ю.,ФУПМ,профессор,д.н.
Морозов З.Т.,ФПМИ,профессор,
Лебедев А.А.,ФИВТ,профессор,д.н.
Егоров Д.С.,ФМиЕН,доцент,
Смирнов Е.П.,ФЭТ,,
Соколов А.А.,ФУПМ,доцент,к.н.
Иванов И.К.,ФИВТ,,к.н.
Алексеев М.Ю.,ФЭТ,ассистент,к.н.
Смирнов К.М.,ФЭТ,профессор,к.н.
Новиков А.А.,ФМиЕН,доцент,
Новиков Б.В.,ФУПМ,профессор,к.н.
Петров И.К.,ФИВТ,профессор,к.н.
Попов Ж.Р.,ФРТ,доцент,
Новиков Г.Н.,ФИТ,,к.н.
Сидоров В.И.,ФПМИ,профессор,д.н.
Кузнецов К.М.,ФИТ,,к.н.
Козлов М.Ю.,ФЭТ,ассистент,
Семенов Е.П.,ФРТ,ассистент,д.н.
Новиков Д.С.,ФИТ,доцент,к.н.
Егоров М.Ю.,ФИВТ,,д.н.
Козлов И.К.,ФРТ,ассистент,к.н.
Морозов Г.Н.,ФМиМ,доцент,к.н.
Лебедев З.Т.,ФЭТ,профессор,к.н.
Сидоров К.М.,ИТМО,профессор,к.н.
Лебедев Л.О.,ФУПМ,,
Смирнов Ж.Р.,ФИВТ,профессор,д.н.
Попов Д.С.,ФЭТ,ассистент,к.н.
Егоров Л.О.,ФРТ,доцент,д.н.
Лебедева Л.О.,ФМиМ,,к.н.
Егоров З.Т.,ФРТ,профессор,
Семенов З.Т.,ФФ,ассистент,
Сидоров Л.О.,ФЭТ,доцент,
Лебедева Е.П.,ФМиМ,ассистент,к.н.
Соколов Б.В.,ФМиЕН,ассистент,к.н.
Петров Б.В.,ФЭТ,,
Морозов И.К.,ФПМИ,ассистент,
Петров Е.П.,ФРТ,профессор,д.н.
Алексеев А.А.,ФЭТ,доцент,
Лебедев И.К.,ФПМИ,профессор,
Лебедев В.И.,ИТМО,ассистент,к.н.
Петров И.К.,ФУПМ,профессор,д.н.
Алексеев К.М.,ФЭТ,профессор,к.н.
Егоров В.И.,ФРТ,доцент,д.н.
Петров Л.О.,ФИВТ,доцент,к.н.
Лебедева Л.О.,ФЭТ,,к.н.
Волков К.М.,ФПМИ,ассистент,
Алексеев А.А.,ИТМО,ассистент,к.н.
Кузнецов К.М.,ФЭТ,доцент,к.н.
Новиков А.А.,ИТМО,ассистент,
Алексеев Б.В.,ФФ,,
Сидоров Б.В.,ФРТ,профессор,к.н.
Иванов К.М.,ФУПМ,ассистент,к.н.
Сидоров Ж.Р.,ФУПМ,ассистент,
Егоров В.И.,ИТМО,,д.н.
Иванов А.А.,ФИТ,доцент,д.н.
Лебедева Б.В.,ФПМИ,ассистент,д.н.
Козлов К.М.,ФМиЕН,профессор,
Морозов А.А.,ФУПМ,доцент,д.н.
Волков Е.П.,ФИТ,доцент,
Иванов Е.П.,ФИТ,,к.н.
Семенов В.И.,ФМиЕН,доцент,д.н.
Алексеев М.Ю.,ФУПМ,профессор,к.н.
Козлов В.И.,ФИВТ,,к.н.
Егоров И.К.,ФРТ,ассистент,
Новиков М.Ю.,ФМиЕН,,
Волков Е.П.,ФИВТ,доцент,к.н.
Семенов В.И.,ФИТ,доцент,к.н.
Егоров А.А.,ФМиЕН,доцент,д.н.
Лебедев Д.С.,ФМиМ,профессор,к.н.
Козлов К.М.,ФИВТ,профессор,к.н.
Лебедев Е.П.,ИТМО,профессор,
Кузнецов И.К.,ФЭТ,,
Кузнецов А.А.,ФРТ,ассистент,д.н.
Алексеев Б.В.,ФЭТ,профессор,
Петров Ж.Р.,ФМиЕН,ассистент,
Соколов К.М.,ФМиЕН,,к.н.
Лебедев Б.В.,ФМиЕН,доцент,к.н.
Семенов З.Т.,ФМиМ,,
Соколов И.К.,ФРТ,доцент,к.н.
Соколов Л.О.,ФФ,доцент,
Смирнов Д.С.,ФУПМ,ассистент,
Соколов К.М.,ФЭТ,ассистент,д.н.
Новиков Г.Н.,ИТМО,доцент,д.н.
Иванов Л.О.,ИТМО,профессор,
Алексеев Г.Н.,ИТМО,ассистент,к.н.
Волков А.А.,ФПМИ,доцент,
Соколов К.М.,ФМиМ,доцент,
Сидоров Д.С.,ФЭТ,,
Попов Г.Н.,ФМиМ,профессор,к.н.
Алексеев А.А.,ИТМО,,д.н.
Новиков Е.П.,ФМиЕН,доцент,
Козлов И.К.,ФЭТ,доцент,д.н.
Егоров К.М.,ФИВТ,доцент,
Алексеев И.К.,ФЭТ,доцент,д.н.
Алексеев Д.С.,ФМиМ,ассистент,д.н.
Кузнецов Д.С.,ФФ,профессор,д.н.
Новиков Г.Н.,ФФ,доцент,
Алексеев К.М.,ФФ,ассистент,д.н.
Попов З.Т.,ФИВТ,,д.н.
Попов В.И.,ФИТ,,
Сидоров Д.С.,ФРТ,,д.н.
Алексеев Е.П.,ФПМИ,доцент,к.н.
Кузнецов Ж.Р.,ФИТ,ассистент,к.н.
Лебедев В.И.,ФИТ,ассистент,д.н.
Козлов Д.С.,ФЭТ,ассистент,к.н.
Сидоров К.М.,ФИТ,,д.н.
Смирнов А.А.,ФПМИ,профессор,д.н.
Волков Л.О.,ФФ,,
Сидоров Л.О.,ФУПМ,профессор,д.н.
Лебедева Д.С.,ФМиЕН,доцент,
Сидоров З.Т.,ФЭТ,профессор,д.н.
Семенов Л.О.,ФЭТ,доцент,
Морозов В.И.,ФИТ,доцент,к.н.
Алексеев Ж.Р.,ФМиМ,профессор,д.н.
Иванов Д.С.,ИТМО,ассистент,к.н.
Попов Д.С.,ФУПМ,,д.н.
Егоров В.И.,ФМиМ,,
Соколов З.Т.,ИТМО,ассистент,
Смирнов И.К.,ФРТ,доцент,к.н.
Попов М.Ю.,ИТМО,,к.н.
Семенов Г.Н.,ФИТ,,
Кузнецов В.И.,ФЭТ,профессор,д.н.
Алексеев Б.В.,ФФ,профессор,д.н.
Попов Б.В.,ФУПМ,,к.н.
Иванов Е.П.,ФУПМ,ассистент,к.н.
Лебедев В.И.,ФРТ,доцент,
Попов М.Ю.,ФМиМ,ассистент,
Сидоров Л.О.,ФМиМ,,
Петров М.Ю.,ФИТ,ассистент,
Петров З.Т.,ФИТ,профессор,д.н.
Семенов М.Ю.,ФФ,доцент,
Смирнов З.Т.,ФМиМ,ассистент,к.н.
Алексеев А.А.,ФИВТ,профессор,д.н.
Алексеев Б.В.,ФЭТ,,д.н.
Соколов Б.В.,ФМиМ,,
Смирнов М.Ю.,ФМиЕН,,к.н.
Егоров И.К.,ФПМИ,,д.н.
Волков Б.В.,ФМиЕН,,
Волков К.М.,ФУПМ,доцент,к.н.
Сидоров Л.О.,ИТМО,ассистент,
Соколов Ж.Р.,ФМиЕН,,д.н.
Лебедева К.М.,ФМиМ,,
Козлов Г.Н.,ФМиМ,,к.н.
Сидоров И.К.,ФФ,,к.н.
Новиков А.А.,ФИВТ,профессор,
Волков Л.О.,ФМиМ,ассистент,к.н.
Петров З.Т.,ФИВТ,доцент,д.н.
Козлов Ж.Р.,ФЭТ,ассистент,к.н.
Кузнецов Г.Н.,ФИТ,профессор,д.н.
Волков Ж.Р.,ФМиМ,доцент,д.н.
Алексеев Л.О.,ФИВТ,доцент,д.н.
Новиков Д.С.,ФФ,профессор,д.н.
Смирнов И.К.,ФПМИ,профессор,к.н.
Лебедев Б.В.,ИТМО,профессор,д.н.
Попов К.М.,ФУПМ,доцент,к.н.
Новиков И.К.,ФИВТ,профессор,
Новиков Г.Н.,ИТМО,ассистент,
Петров З.Т.,ИТМО,профессор,д.н.
Кузнецов К.М.,ФМиЕН,доцент,
Волков Л.О.,ИТМО,доцент,д.н.
Морозов М.Ю.,ФУПМ,доцент,
Морозов Б.В.,ФИВТ,профессор,к.н.
Козлов Л.О.,ФУПМ,ассистент,к.н.
Попов Б.В.,ФИТ,,к.н.
Егоров К.М.,ФЭТ,,
Козлов И.К.,ФФ,,
Семенов З.Т.,ФРТ,ассистент,д.н.
Козлов А.А.,ИТМО,ассистент,
Кузнецов Л.О.,ФИТ,профессор,
Егоров Г.Н.,ФЭТ,профессор,к.н.
Козлов Д.С.,ФУПМ,,к.н.
Лебедев Ж.Р.,ФМиЕН,профессор,д.н.
Сидоров З.Т.,ФИВТ,ассистент,
Иванов Е.П.,ФПМИ,,к.н.
Лебедев Л.О.,ИТМО,доцент,
Козлов Л.О.,ФУПМ,доцент,к.н.
Волков Ж.Р.,ФЭТ,доцент,к.н.
Смирнов И.К.,ФУПМ,профессор,
Иванов М.Ю.,ФМиМ,доцент,д.н.
Петров В.И.,ФУПМ,ассистент,
Кузнецов И.К.,ФИВТ,доцент,д.н.
Волков Е.П.,ФРТ,доцент,д.н.
Лебедев В.И.,ФФ,,
Соколов А.А.,ФЭТ,,к.н.
Козлов Ж.Р.,ФПМИ,доцент,к.н.
Морозов Д.С.,ИТМО,ассистент,
Семенов К.М.,ФИТ,профессор,к.н.
Смирнов И.К.,ФМиМ,ассистент,д.н.
Волков А.А.,ФРТ,профессор,к.н.
Лебедев Ж.Р.,ФМиМ,,к.н.
Петров Б.В.,ФПМИ,,
Иванов В.И.,ИТМО,,к.н.
Соколов В.И.,ФРТ,доцент,
Соколов Е.П.,ФУПМ,профессор,д.н.
Петров Л.О.,ФИТ,ассистент,к.н.
Смирнов В.И.,ИТМО,доцент,д.н.
Лебедева М.Ю.,ФРТ,,
Лебедева Е.П.,ФИВТ,профессор,к.н.
Морозов М.Ю.,ФМиМ,профессор,к.н.
Петров Д.С.,ФПМИ,профессор,
Попов М.Ю.,ФМиМ,доцент,д.н.
Морозов А.А.,ФФ,профессор,к.н.
Новиков Д.С.,ФФ,,
Иванов И.К.,ФЭТ,доцент,
Петров Б.В.,ФФ,ассистент,
Петров Б.В.,ФФ,ассистент,к.н.
Алексеев В.И.,ФУПМ,ассистент,д.н.
Иванов Г.Н.,ФМиМ,доцент,к.н.
Петров Д.С.,ФРТ,ассистент,
Козлов В.И.,ФЭТ,доцент,
Егоров Б.В.,ФИВТ,,
Соколов М.Ю.,ИТМО,,
Козлов Е.П.,ФМиМ,,
Новиков В.И.,ФМиЕН,доцент,д.н.
Смирнов М.Ю.,ФУПМ,доцент,к.н.
Лебедев З.Т.,ФЭТ,,к.н.
Кузнецов Л.О.,ФМиЕН,профессор,
Алексеев З.Т.,ФФ,ассистент,
Семенов З.Т.,ФУПМ,профессор,д.н.
Волков К.М.,ФФ,доцент,к.н.
Морозов К.М.,ФМиЕН,доцент,
Петров Б.В.,ФИТ,,к.н.
Смирнов З.Т.,ФФ,профессор,
Егоров М.Ю.,ИТМО,профессор,к.н.
Егоров Г.Н.,ФФ,,д.н.
Кузнецов Г.Н.,ФИТ,доцент,
Новиков Д.С.,ФИТ,доцент,
Кузнецов Г.Н.,ФМиЕН,профессор,
Новиков Л.О.,ФРТ,ассистент,
Сидоров В.И.,ФМиЕН,,
Сидоров К.М.,ФЭТ,ассистент,
Алексеев В.И.,ФУПМ,ассистент,д.н.
Кузнецов Г.Н.,ИТМО,,
Козлов А.А.,ФИВТ,доцент,д.н.
Смирнов И.К.,ФУПМ,,к.н.
Лебедев К.М.,ФФ,профессор,
Лебедев Л.О.,ФУПМ,доцент,
Волков Б.В.,ФИТ,ассистент,к.н.
Алексеев В.И.,ИТМО,,д.н.
Лебедева И.К.,ИТМО,профессор,д.н.
Соколов В.И.,ФУПМ,доцент,д.н.
Лебедев Г.Н.,ФИВТ,ассистент,
Попов Е.П.,ФРТ,доцент,
Егоров Б.В.,ФМиЕН,профессор,д.н.
Семенов И.К.,ФИВТ,доцент,д.н.
Козлов Ж.Р.,ФПМИ,профессор,д.н.
Семенов Ж.Р.,ИТМО,профессор,
Лебедева Е.П.,ФМиЕН,профессор,к.н.
Алексеев Б.В.,ФМиМ,,
Попов Б.В.,ФМиЕН,доцент,д.н.
Попов Г.Н.,ФМиМ,ассистент,д.н.
Лебедев Б.В.,ФМиМ,,к.н.
Сидоров К.М.,ФРТ,профессор,
Соколов Б.В.,ФИВТ,,к.н.
Лебедева Б.В.,ФФ,ассистент,д.н.
Лебедев Б.В.,ФФ,доцент,
Смирнов К.М.,ФПМИ,ассистент,
Соколов К.М.,ФМиМ,доцент,
Семенов В.И.,ФРТ,профессор,
Лебедева К.М.,ИТМО,профессор,
Егоров З.Т.,ФИВТ,,
Морозов Е.П.,ФПМИ,доцент,к.н.
Соколов В.И.,ИТМО,ассистент,
Морозов М.Ю.,ФФ,доцент,к.н.
Петров З.Т.,ФИВТ,профессор,
Козлов Л.О.,ФПМИ,,д.н.
Алексеев А.А.,ФРТ,профессор,к.н.
Иванов И.К.,ФМиЕН,доцент,к.н.
Алексеев К.М.,ФРТ,ассистент,
Лебедева Б.В.,ФЭТ,,
Попов Ж.Р.,ФИТ,ассистент,к.н.
Морозов Б.В.,ФИВТ,профессор,к.н.
Соколов Е.П.,ФПМИ,ассистент,к.н.
Семенов А.А.,ФИВТ,ассистент,д.н.
Егоров К.М.,ФУПМ,,
Морозов Г.Н.,ФРТ,доцент,
Морозов Д.С.,ФИТ,ассистент,д.н.
Волков Д.С.,ФРТ,ассистент,д.н.
Попов Л.О.,ФПМИ,доцент,к.н.
Сидоров Б.В.,ИТМО,доцент,
Козлов И.К.,ИТМО,профессор,д.н.
Петров З.Т.,ФИТ,,д.н.
Петров Ж.Р.,ФЭТ,ассистент,
Иванов З.Т.,ИТМО,доцент,к.н.
Иванов В.И.,ФФ,ассистент,
Козлов Ж.Р.,ФЭТ,доцент,
Семенов А.А.,ФЭТ,,д.н.
Смирнов В.И.,ФИВТ,профессор,
Иванов М.Ю.,ФФ,ассистент,д.н.
Иванов К.М.,ФФ,,
Петров З.Т.,ФЭТ,ассистент,
Сидоров Б.В.,ФФ,доцент,к.н.
Петров Е.П.,ФЭТ,ассистент,д.н.
Попов Г.Н.,ФУПМ,,
Смирнов Д.С.,ФИВТ,,
Петров Б.В.,ФПМИ,ассистент,
Соколов З.Т.,ФИТ,доцент,д.н.
Кузнецов Б.В.,ФИВТ,доцент,
Козлов В.И.,ФМиЕН,профессор,д.н.
Новиков Б.В.,ФИТ,ассистент,к.н.
Волков М.Ю.,ФЭТ,профессор,д.н.
Семенов Л.О.,ФФ,,д.н.
Петров М.Ю.,ФРТ,доцент,д.н.
Сидоров Ж.Р.,ФФ,профессор,
Иванов З.Т.,ФЭТ,профессор,
Семенов Б.В.,ФУПМ,доцент,к.н.
Попов Г.Н.,ФПМИ,,
Семенов М.Ю.,ФЭТ,доцент,д.н.
Морозов М.Ю.,ФФ,профессор,д.н.
Петров Д.С.,ИТМО,ассистент,д.н.
Козлов Г.Н.,ИТМО,ассистент,к.н.
Смирнов К.М.,ФМиМ,ассистент,
Сидоров И.К.,ФУПМ,ассистент,д.н.
Новиков Д.С.,ФИТ,доцент,к.н.
Соколов Г.Н.,ФЭТ,ассистент,д.н.
Лебедева Л.О.,ФИТ,ассистент,к.н.
Егоров Д.С.,ФМиМ,ассистент,к.н.
Попов Ж.Р.,ФМиЕН,доцент,к.н.
Морозов А.А.,ФРТ,доцент,д.н.
Лебедев З.Т.,ФМиЕН,профессор,
Соколов Е.П.,ФЭТ,профессор,
Морозов З.Т.,ФЭТ,доцент,
Иванов В.И.,ФФ,,
Попов Л.О.,ФПМИ,,к.н.
Лебедева Г.Н.,ФИТ,,д.н.
Сидоров Ж.Р.,ФЭТ,,
Попов К.М.,ФУПМ,доцент,к.н.
Алексеев З.Т.,ФИВТ,,к.н.
Алексеев Е.П.,ФРТ,профессор,к.н.
Соколов Г.Н.,ФЭТ,доцент,к.н.
Козлов З.Т.,ФЭТ,ассистент,д.н.
Семенов З.Т.,ФИВТ,ассистент,к.н.
Попов З.Т.,ФЭТ,профессор,к.н.
Кузнецов Л.О.,ФИВТ,профессор,
Лебедев К.М.,ФМиМ,ассистент,
Кузнецов А.А.,ФМиЕН,профессор,д.н.
Егоров Г.Н.,ФМиМ,ассистент,к.н.
Иванов Ж.Р.,ФИТ,профессор,
Кузнецов М.Ю.,ФФ,,к.н.
Козлов К.М.,ФМиЕН,ассистент,
Новиков Г.Н.,ФПМИ,ассистент,
Сидоров К.М.,ФРТ,,к.н.
Иванов Ж.Р.,ФРТ,профессор,д.н.
Иванов Е.П.,ФПМИ,,д.н.
Новиков И.К.,ФУПМ,доцент,
Семенов А.А.,ФМиЕН,ассистент,к.н.
Егоров Ж.Р.,ФИТ,доцент,
Новиков Ж.Р.,ИТМО,ассистент,д.н.
Лебедева Ж.Р.,ФФ,профессор,к.н.
Козлов Е.П.,ФФ,доцент,д.н.
Попов Г.Н.,ФМиЕН,,д.н.
Лебедева Г.Н.,ФЭТ,ассистент,к.н.
Алексеев Г.Н.,ФИТ,доцент,к.н.
Лебедев Е.П.,ФИТ,,д.н.
Козлов И.К.,ФЭТ,доцент,к.н.
Кузнецов К.М.,ФРТ,профессор,д.н.
Соколов К.М.,ИТМО,,
Новиков В.И.,ФИТ,профессор,д.н.
Алексеев Г.Н.,ФЭТ,,к.н.
Лебедев И.К.,ФИВТ,профессор,
Семенов К.М.,ФРТ,ассистент,д.н.
Семенов М.Ю.,ФМиЕН,доцент,
Семенов З.Т.,ФЭТ,ассистент,к.н.
Егоров М.Ю.,ФФ,профессор,
Сидоров И.К.,ФУПМ,ассистент,
Попов И.К.,ИТМО,доцент,
Лебедев К.М.,ФРТ,доцент,к.н.
Кузнецов А.А.,ФМиМ,ассистент,
Волков Л.О.,ФИВТ,профессор,д.н.
Волков М.Ю.,ФИТ,,
Морозов М.Ю.,ФИВТ,ассистент,к.н.
Лебедева М.Ю.,ФМиЕН,доцент,
Семенов Д.С.,ФИВТ,,
Козлов З.Т.,ФИВТ,,д.н.
Волков В.И.,ФПМИ,профессор,к.н.
Соколов К.М.,ФМиМ,профессор,
Семенов Г.Н.,ФМиЕН,,к.н.
Попов Г.Н.,ФМиЕН,профессор,к.н.
Новиков И.К.,ФИВТ,ассистент,
Алексеев Ж.Р.,ФРТ,доцент,
Соколов Л.О.,ФМиЕН,,
Волков А.А.,ФФ,ассистент,
Волков А.А.,ФПМИ,профессор,д.н.
Лебедев М.Ю.,ФЭТ,,д.н.
Волков Е.П.,ФИВТ,ассистент,д.н.
Иванов Д.С.,ФПМИ,доцент,д.н.
Волков М.Ю.,ФРТ,доцент,д.н.
Попов А.А.,ФРТ,профессор,
Егоров Б.В.,ИТМО,,к.н.
Волков И.К.,ФУПМ,ассистент,к.н.
Волков Ж.Р.,ФИТ,профессор,д.н.
Семенов М.Ю.,ФИВТ,ассистент,
Попов Ж.Р.,ФУПМ,профессор,д.н.
Алексеев К.М.,ФУПМ,ассистент,
Иванов М.Ю.,ФИТ,ассистент,к.н.
Смирнов Ж.Р.,ФФ,доцент,
Морозов Г.Н.,ФЭТ,,д.н.
Морозов Ж.Р.,ФРТ,доцент,д.н.
Алексеев В.И.,ИТМО,профессор,к.н.
Лебедева Ж.Р.,ФПМИ,,
Кузнецов Л.О.,ФМиМ,ассистент,к.н.
Лебедев Е.П.,ФИВТ,доцент,к.н.
Лебедев Б.В.,ФФ,ассистент,к.н.
Егоров Г.Н.,ФИВТ,доцент,
Морозов В.И.,ФУПМ,ассистент,к.н.
Егоров Б.В.,ФЭТ,,
Козлов И.К.,ФРТ,доцент,к.н.
Сидоров Д.С.,ФЭТ,профессор,к.н.
Егоров А.А.,ФФ,ассистент,
Семенов И.К.,ИТМО,,к.н.
Попов Б.В.,ФЭТ,профессор,д.н.
Семенов М.Ю.,ФИВТ,профессор,
Сидоров К.М.,ФФ,профессор,
Семенов Ж.Р.,ФПМИ,профессор,д.н.
Лебедев А.А.,ИТМО,ассистент,к.н.
Морозов М.Ю.,ФУПМ,,к.н.
Кузнецов В.И.,ФПМИ,доцент,к.н.
Соколов Г.Н.,ФИТ,,
Иванов Е.П.,ФУПМ,профессор,
Иванов Г.Н.,ФМиЕН,доцент,д.н.
Петров Б.В.,ФМиЕН,профессор,д.н.
Морозов К.М.,ФМиМ,профессор,д.н.
Лебедев Ж.Р.,ФФ,доцент,к.н.
Соколов Ж.Р.,ФИТ,доцент,д.н.
Семенов К.М.,ФРТ,ассистент,д.н.
Лебедева В.И.,ИТМО,ассистент,к.н.
Попов М.Ю.,ФРТ,ассистент,д.н.
Алексеев М.Ю.,ИТМО,,д.н.
Алексеев Г.Н.,ФРТ,доцент,д.н.
Соколов Е.П.,ФЭТ,доцент,к.н.
Иванов В.И.,ФПМИ,доцент,
Морозов К.М.,ФПМИ,профессор,д.н.
Волков М.Ю.,ФУПМ,доцент,д.н.
Морозов И.К.,ФМиЕН,ассистент,д.н.
Лебедева А.А.,ИТМО,профессор,к.н.
Егоров А.А.,ФПМИ,профессор,д.н.
Лебедев Ж.Р.,ФМиЕН,профессор,к.н.
Новиков Б.В.,ФФ,,к.н.
Попов Е.П.,ФРТ,ассистент,
Кузнецов И.К.,ФИВТ,профессор,д.н.
Соколов Б.В.,ФИВТ,ассистент,
Смирнов М.Ю.,ФИТ,профессор,
Лебедев А.А.,ФЭТ,ассистент,к.н.
Лебедева И.К.,ФРТ,доцент,д.н.
Иванов Г.Н.,ФРТ,,
Егоров Г.Н.,ФУПМ,,
Лебедев Е.П.,ФИТ,доцент,
Сидоров А.А.,ФИВТ,ассистент,
Сидоров Ж.Р.,ФИВТ,профессор,
Иванов Б.В.,ИТМО,,к.н.
Петров Ж.Р.,ФУПМ,доцент,
Волков Ж.Р.,ФПМИ,ассистент,к.н.
Лебедев Г.Н.,ФИТ,ассистент,к.н.
Кузнецов А.А.,ИТМО,профессор,к.н.
Егоров М.Ю.,ФИТ,доцент,к.н.
Алексеев Д.С.,ФУПМ,профессор,к.н.
Морозов В.И.,ФПМИ,,д.н.
Егоров Ж.Р.,ФМиМ,ассистент,к.н.
Соколов Б.В.,ФИВТ,доцент,к.н.
Кузнецов Ж.Р.,ФМиЕН,ассистент,д.н.
Егоров Д.С.,ФПМИ,ассистент,
Новиков Ж.Р.,ФРТ,профессор,д.н.
Лебедева Л.О.,ФУПМ,доцент,к.н.
Иванов А.А.,ФМиЕН,доцент,
Смирнов Г.Н.,ФПМИ,,к.н.
Козлов Е.П.,ФМиМ,доцент,к.н.
Сидоров Г.Н.,ФИВТ,ассистент,к.н.
Егоров В.И.,ФРТ,профессор,д.н.
Сидоров В.И.,ФИТ,ассистент,
Семенов Г.Н.,ФУПМ,,к.н.
Петров А.А.,ФУПМ,профессор,к.н.
Козлов З.Т.,ФМиЕН,доцент,д.н.
Петров Д.С.,ФЭТ,профессор,к.н.
Лебедева И.К.,ФМиЕН,ассистент,к.н.
Петров К.М.,ФФ,профессор,д.н.
Новиков Б.В.,ФИТ,,д.н.
Козлов Б.В.,ФМиЕН,профессор,к.н.
Соколов И.К.,ФМиМ,профессор,к.н.
Лебедева И.К.,ФИТ,доцент,к.н.
Петров К.М.,ФРТ,профессор,
Попов А.А.,ФПМИ,,к.н.
Соколов В.И.,ФИВТ,доцент,к.н.
Смирнов Г.Н.,ФРТ,ассистент,д.н.
Смирнов В.И.,ФРТ,,к.н.
Лебедев Е.П.,ФУПМ,доцент,к.н.
Петров Е.П.,ФИВТ,ассистент,к.н.
Иванов Д.С.,ФРТ,профессор,к.н.
Егоров Е.П.,ФФ,доцент,к.н.
Иванов И.К.,ФЭТ,ассистент,к.н.
Козлов Б.В.,ФМиМ,профессор,
Соколов Д.С.,ФМиМ,,к.н.
Алексеев Е.П.,ФМиМ,ассистент,к.н.
Иванов К.М.,ФИТ,,
Петров Д.С.,ИТМО,,
Волков Д.С.,ФУПМ,профессор,
Алексеев Б.В.,ФИТ,доцент,
Попов В.И.,ФМиЕН,профессор,д.н.
Лебедев В.И.,ФИВТ,профессор,
Козлов Д.С.,ФФ,,
Смирнов Ж.Р.,ФПМИ,ассистент,
Сидоров Г.Н.,ФИВТ,ассистент,
Новиков А.А.,ФИВТ,,
Соколов И.К.,ФФ,доцент,к.н.
Лебедев А.А.,ФИВТ,,к.н.
Лебедев Ж.Р.,ФМиЕН,доцент,к.н.
Алексеев Е.П.,ФУПМ,профессор,д.н.
Козлов А.А.,ФПМИ,доцент,к.н.
Козлов М.Ю.,ФЭТ,доцент,д.н.
Волков Л.О.,ИТМО,доцент,
Егоров М.Ю.,ФМиЕН,ассистент,
Семенов Г.Н.,ИТМО,ассистент,к.н.
Семенов Е.П.,ФИВТ,профессор,к.н.
Козлов И.К.,ФРТ,ассистент,к.н.
Алексеев М.Ю.,ФРТ,ассистент,д.н.
Петров К.М.,ФЭТ,доцент,к.н.
Егоров И.К.,ФФ,профессор,
Попов И.К.,ФУПМ,,д.н.
Соколов Б.В.,ФИВТ,доцент,
Семенов А.А.,ФИВТ,ассистент,д.н.
Петров А.А.,ФМиЕН,профессор,
Волков Г.Н.,ФФ,профессор,к.н.
Соколов А.А.,ФМиМ,профессор,
Попов Л.О.,ФЭТ,доцент,к.н.
Сидоров Е.П.,ФИВТ,доцент,
Морозов Ж.Р.,ИТМО,доцент,д.н.
Новиков Л.О.,ФМиЕН,профессор,д.н.
Лебедев И.К.,ФФ,ассистент,
Кузнецов Б.В.,ФРТ,ассистент,д.н.
Алексеев К.М.,ФМиЕН,,д.н.
Семенов А.А.,ФУПМ,,
Лебедева К.М.,ФМиЕН,ассистент,д.н.
Новиков В.И.,ФЭТ,доцент,д.н.
Козлов М.Ю.,ФУПМ,ассистент,к.н.
Морозов В.И.,ФЭТ,профессор,
Новиков Д.С.,ФИТ,доцент,д.н.
Иванов Г.Н.,ФМиМ,,к.н.
Егоров З.Т.,ФЭТ,,
Смирнов Б.В.,ИТМО,доцент,к.н.
Сидоров Д.С.,ФМиЕН,ассистент,
Семенов А.А.,ФМиЕН,,д.н.
Семенов Д.С.,ФИВТ,доцент,к.н.
Иванов Е.П.,ФМиЕН,доцент,
Попов Л.О.,ФИВТ,ассистент,к.н.
Смирнов А.А.,ФМиЕН,профессор,
Петров В.И.,ФИТ,доцент,к.н.
Соколов К.М.,ФУПМ,доцент,
Морозов Б.В.,ФЭТ,ассистент,д.н.
Иванов М.Ю.,ФФ,,д.н.
Кузнецов Г.Н.,ФРТ,ассистент,д.н.
Кузнецов З.Т.,ФИТ,доцент,к.н.
Семенов З.Т.,ФУПМ,ассистент,к.н.
Алексеев И.К.,ФИВТ,профессор,
Сидоров А.А.,ФМиМ,,
Смирнов В.И.,ФИВТ,доцент,к.н.
Попов Б.В.,ФЭТ,доцент,д.н.
Новиков Л.О.,ФЭТ,ассистент,д.н.
Иванов И.К.,ИТМО,,д.н.
Волков Л.О.,ФИТ,,
Петров В.И.,ФИТ,доцент,к.н.
Морозов Е.П.,ФМиМ,,д.н.
Иванов З.Т.,ФУПМ,ассистент,
Козлов Д.С.,ФМиМ,ассистент,д.н.
Морозов Г.Н.,ФИТ,,
Козлов Ж.Р.,ФУПМ,профессор,
Морозов М.Ю.,ФПМИ,ассистент,д.н.
Семенов Л.О.,ФМиЕН,,к.н.
Лебедев И.К.,ФУПМ,доцент,
Попов Б.В.,ФРТ,,к.н.
Кузнецов Г.Н.,ФУПМ,доцент,
Смирнов А.А.,ФПМИ,,д.н.
Семенов Л.О.,ФФ,профессор,к.н.
Петров В.И.,ФУПМ,профессор,к.н.
Сидоров Г.Н.,ФИВТ,профессор,к.н.
Иванов А.А.,ФУПМ,,к.н.
Волков И.К.,ФПМИ,профессор,д.н.
Сидоров Л.О.,ФЭТ,профессор,д.н.
Лебедева Ж.Р.,ФИТ,профессор,к.н.
Петров Е.П.,ФУПМ,доцент,д.н.
Сидоров А.А.,ФУПМ,профессор,
Иванов Л.О.,ИТМО,ассистент,д.н.
Сидоров Б.В.,ФФ,доцент,
Алексеев Ж.Р.,ФФ,ассистент,к.н.
Новиков А.А.,ФИВТ,,
Морозов В.И.,ФМиМ,,к.н.
Волков В.И.,ФЭТ,профессор,д.н.
Попов Б.В.,ФПМИ,профессор,
Морозов В.И.,ФЭТ,ассистент,
Егоров З.Т.,ФМиМ,ассистент,
Морозов М.Ю.,ФПМИ,,к.н.
Соколов Ж.Р.,ФМиМ,профессор,д.н.
Егоров А.А.,ФРТ,доцент,
Петров Е.П.,ИТМО,профессор,д.н.
Петров И.К.,ФУПМ,профессор,
Семенов Г.Н.,ФФ,доцент,к.н.
Кузнецов К.М.,ФУПМ,ассистент,
Лебедев А.А.,ФИТ,ассистент,д.н.
Козлов К.М.,ФФ,профессор,
Козлов Е.П.,ФМиЕН,профессор,д.н.
Новиков Б.В.,ФИВТ,ассистент,к.н.
Козлов Б.В.,ФИВТ,профессор,д.н.
Смирнов Д.С.,ФУПМ,профессор,к.н.
Алексеев Л.О.,ФЭТ,,к.н.
Лебедев В.И.,ФЭТ,ассистент,
Алексеев И.К.,ФМиМ,,к.н.
Егоров М.Ю.,ФУПМ,,
Смирнов Л.О.,ФЭТ,доцент,к.н.
Соколов Е.П.,ФМиМ,профессор,
Алексеев Ж.Р.,ФПМИ,ассистент,
Алексеев Д.С.,ФИТ,ассистент,
Кузнецов Ж.Р.,ФМиЕН,ассистент,д.н.
Петров К.М.,ФИВТ,ассистент,к.н.
Новиков В.И.,ФИТ,профессор,д.н.
Семенов З.Т.,ФУПМ,,к.н.
Иванов Е.П.,ФПМИ,доцент,
Кузнецов З.Т.,ИТМО,доцент,к.н.
Иванов Е.П.,ИТМО,ассистент,к.н.
Сидоров Г.Н.,ФЭТ,ассистент,к.н.
Петров Б.В.,ФИТ,,
Алексеев З.Т.,ФРТ,ассистент,
Семенов З.Т.,ФИВТ,,д.н.
Морозов Ж.Р.,ФИВТ,,д.н.
Сидоров З.Т.,ФМиЕН,ассистент,д.н.
Смирнов Д.С.,ФУПМ,,
Козлов Л.О.,ФИВТ,,д.н.
Новиков И.К.,ИТМО,доцент,к.н.
Смирнов В.И.,ФФ,доцент,к.н.
Лебедев К.М.,ФМиМ,,
Козлов И.К.,ФУПМ,профессор,к.н.
Морозов З.Т.,ФМиМ,доцент,
Лебедева А.А.,ФМиЕН,доцент,к.н.
Новиков Ж.Р.,ИТМО,ассистент,д.н.
Егоров В.И.,ФИВТ,профессор,д.н.
Волков Ж.Р.,ФУПМ,профессор,
Сидоров Б.В.,ФМиМ,,
Морозов Г.Н.,ФУПМ,,д.н.
Волков Е.П.,ФМиЕН,ассистент,
Лебедева Д.С.,ФЭТ,доцент,
Иванов З.Т.,ФПМИ,ассистент,
Морозов В.И.,ФУПМ,,
Егоров З.Т.,ФИТ,профессор,д.н.
Семенов А.А.,ФПМИ,ассистент,
Попов М.Ю.,ФФ,ассистент,
Сидоров Л.О.,ФМиЕН,профессор,д.н.
Петров Ж.Р.,ФФ,доцент,к.н.
Козлов Л.О.,ФМиМ,профессор,д.н.
Петров А.А.,ФПМИ,,д.н.
Смирнов Д.С.,ФФ,ассистент,к.н.
Соколов В.И.,ФМиЕН,ассистент,к.н.
Егоров В.И.,ФПМИ,,к.н.
Лебедева В.И.,ФМиМ,ассистент,к.н.
Лебедев М.Ю.,ФУПМ,доцент,
Лебедева Ж.Р.,ИТМО,ассистент,к.н.
Сидоров К.М.,ФУПМ,,
Попов Л.О.,ФМиЕН,,
Лебедев Ж.Р.,ФЭТ,,д.н.
Иванов Е.П.,ФУПМ,профессор,к.н.
Лебедев Б.В.,ФМиЕН,,д.н.
Лебедева Б.В.,ФФ,,д.н.
Кузнецов М.Ю.,ФРТ,профессор,
Лебедева З.Т.,ФФ,,к.н.
Семенов К.М.,ФЭТ,профессор,
Морозов Л.О.,ФИТ,профессор,
Петров В.И.,ФПМИ,ассистент,
Козлов И.К.,ФРТ,доцент,к.н.
Попов Ж.Р.,ИТМО,,д.н.
Семенов Л.О.,ФРТ,ассистент,к.н.
Козлов З.Т.,ФМиМ,ассистент,д.н.
Лебедев Д.С.,ФРТ,ассистент,д.н.
Алексеев З.Т.,ФРТ,ассистент,д.н.
Новиков М.Ю.,ФМиМ,ассистент,к.н.
Семенов Г.Н.,ФМиЕН,ассистент,д.н.
Лебедев И.К.,ФМиЕН,доцент,д.н.
Соколов Д.С.,ФМиМ,ассистент,к.н.
Лебедев А.А.,ФИВТ,доцент,д.н.
Новиков К.М.,ФУПМ,доцент,д.н.
Егоров Б.В.,ФФ,доцент,к.н.
Волков Е.П.,ФИТ,профессор,д.н.
Сидоров В.И.,ФРТ,,д.н.
Сидоров В.И.,ИТМО,доцент,
Семенов Б.В.,ФИВТ,доцент,к.н.
Морозов К.М.,ФИВТ,профессор,
Петров И.К.,ФИВТ,,д.н.
Смирнов Б.В.,ФРТ,профессор,к.н.
Петров Ж.Р.,ИТМО,,д.н.
Иванов В.И.,ИТМО,ассистент,
Лебедев М.Ю.,ФЭТ,доцент,д.н.
Петров В.И.,ФЭТ,ассистент,
Петров В.И.,ФИТ,ассистент,д.н.
Козлов З.Т.,ФФ,,д.н.
Сидоров Д.С.,ИТМО,,к.н.
Соколов Е.П.,ФРТ,профессор,
Козлов К.М.,ИТМО,доцент,к.н.
Морозов В.И.,ФРТ,ассистент,
Семенов Д.С.,ФРТ,доцент,д.н.
Алексеев З.Т.,ФИВТ,,д.н.
Сидоров Е.П.,ФПМИ,,
Петров Г.Н.,ФИВТ,,
Смирнов Г.Н.,ФМиМ,,
Семенов В.И.,ФИТ,доцент,к.н.
Новиков З.Т.,ФМиМ,профессор,
Алексеев Д.С.,ФМиЕН,доцент,к.н.
Волков Е.П.,ФМиЕН,ассистент,д.н.
Лебедев В.И.,ИТМО,профессор,
Егоров Ж.Р.,ФМиЕН,доцент,к.н.
Лебедев Л.О.,ФФ,доцент,д.н.
Егоров Б.В.,ФМиМ,профессор,к.н.
Егоров И.К.,ФЭТ,доцент,к.н.
Козлов И.К.,ФУПМ,,д.н.
Сидоров М.Ю.,ФЭТ,,
Попов Е.П.,ФМиМ,,д.н.
Кузнецов Г.Н.,ФИТ,,к.н.
Кузнецов Д.С.,ФМиЕН,,
Волков А.А.,ФИТ,профессор,к.н.
Сидоров А.А.,ФУПМ,доцент,
Егоров Д.С.,ФИТ,доцент,д.н.
Волков М.Ю.,ИТМО,профессор,д.н.
Попов Л.О.,ИТМО,доцент,
Кузнецов М.Ю.,ФИТ,доцент,
Иванов А.А.,ФРТ,доцент,к.н.
Новиков Е.П.,ФЭТ,ассистент,
Петров К.М.,ФУПМ,ассистент,д.н.
Егоров Ж.Р.,ФИТ,доцент,к.н.
Семенов Ж.Р.,ИТМО,доцент,
Лебедева А.А.,ФУПМ,профессор,к.н.
Новиков В.И.,ФИТ,доцент,к.н.
Волков Е.П.,ФПМИ,профессор,
Кузнецов М.Ю.,ФЭТ,профессор,к.н.
Попов Е.П.,ФФ,доцент,
Козлов Ж.Р.,ФИВТ,профессор,д.н.
Петров В.И.,ФИТ,профессор,
Сидоров Е.П.,ФМиЕН,профессор,к.н.
Петров З.Т.,ФРТ,,
Лебедев Г.Н.,ФИВТ,,к.н.
Попов М.Ю.,ФУПМ,доцент,д.н.
Лебедева Б.В.,ФФ,доцент,д.н.
Соколов Д.С.,ФФ,,к.н.
Новиков Б.В.,ФИВТ,,д.н.
Морозов З.Т.,ФИТ,ассистент,д.н.
Морозов М.Ю.,ФМиМ,профессор,
Лебедев К.М.,ФРТ,доцент,
Лебедева Г.Н.,ФПМИ,профессор,к.н.
Алексеев Ж.Р.,ФУПМ,доцент,д.н.
Козлов А.А.,ФПМИ,,д.н.
Алексеев В.И.,ФМиМ,,д.н.
Смирнов Е.П.,ФУПМ,профессор,д.н.
Алексеев Д.С.,ФИТ,доцент,д.н.
Лебедев А.А.,ФМиМ,доцент,д.н.
Морозов Б.В.,ФИВТ,доцент,к.н.
Кузнецов М.Ю.,ИТМО,доцент,
Семенов И.К.,ФЭТ,доцент,к.н.
Соколов Ж.Р.,ФИВТ,доцент,д.н.
Егоров Б.В.,ФРТ,,д.н.
Лебедева Л.О.,ФМиЕН,,
Морозов Б.В.,ФПМИ,ассистент,к.н.
Волков Б.В.,ФФ,,д.н.
Смирнов З.Т.,ФЭТ,доцент,к.н.
Иванов Е.П.,ФФ,ассистент,д.н.
Лебедева А.А.,ФЭТ,,к.н.
Алексеев А.А.,ФМиЕН,доцент,д.н.
Алексеев З.Т.,ФМиЕН,доцент,
Морозов Б.В.,ФУПМ,ассистент,д.н.
Иванов Г.Н.,ФМиЕН,ассистент,к.н.
Кузнецов В.И.,ФПМИ,,к.н.
Петров В.И.,ФУПМ,профессор,
Лебедева Д.С.,ИТМО,доцент,
Лебедева Л.О.,ФУПМ,профессор,д.н.
Новиков Б.В.,ФЭТ,,
Лебедев Д.С.,ФПМИ,профессор,
Сидоров М.Ю.,ФИВТ,профессор,к.н.
Волков З.Т.,ФПМИ,ассистент,
Петров В.И.,ФИТ,,
Алексеев М.Ю.,ИТМО,доцент,
Алексеев В.И.,ФФ,доцент,к.н.
Кузнецов Л.О.,ФФ,профессор,д.н.
Волков Г.Н.,ФФ,,к.н.
Новиков К.М.,ФИВТ,ассистент,к.н.
Егоров М.Ю.,ИТМО,профессор,д.н.
Сидоров З.Т.,ФУПМ,ассистент,к.н.
Семенов Д.С.,ФМиМ,профессор,
Козлов И.К.,ФУПМ,доцент,к.н.
Семенов Г.Н.,ФЭТ,,
Егоров Ж.Р.,ФМиЕН,,к.н.
Лебедев З.Т.,ФФ,,д.н.
Алексеев Б.В.,ФМиМ,,
Волков Е.П.,ФЭТ,,
Кузнецов Ж.Р.,ИТМО,профессор,к.н.
Попов В.И.,ФПМИ,доцент,
Попов К.М.,ФПМИ,профессор,к.н.
Смирнов Л.О.,ФЭТ,профессор,
Попов Б.В.,ФЭТ,ассистент,
Соколов И.К.,ФУПМ,профессор,д.н.
Лебедева Б.В.,ФИТ,профессор,к.н.
Алексеев Г.Н.,ФПМИ,доцент,д.н.
Семенов М.Ю.,ФРТ,,
Морозов К.М.,ФФ,доцент,
Алексеев Г.Н.,ФРТ,,к.н.
Попов З.Т.,ФФ,доцент,
Попов В.И.,ФФ,,к.н.
Егоров М.Ю.,ФРТ,ассистент,д.н.
Лебедев Г.Н.,ФПМИ,профессор,
Кузнецов К.М.,ИТМО,ассистент,к.н.
Кузнецов В.И.,ФРТ,доцент,к.н.
Петров Д.С.,ФРТ,,д.н.
Соколов Е.П.,ИТМО,ассистент,
Петров З.Т.,ФРТ,,д.н.
Лебедева А.А.,ФИТ,,
Соколов Е.П.,ФМиЕН,,
Попов Ж.Р.,ФМиМ,,
Лебедев Е.П.,ФМиЕН,доцент,
Новиков З.Т.,ФМиМ,ассистент,
Козлов Б.В.,ФПМИ,,д.н.
Волков З.Т.,ФЭТ,,к.н.
Семенов К.М.,ФФ,доцент,к.н.
Попов И.К.,ФЭТ,ассистент,д.н.
Кузнецов Б.В.,ФУПМ,ассистент,
Попов Д.С.,ФРТ,доцент,
Иванов Ж.Р.,ИТМО,доцент,д.н.
Попов К.М.,ФЭТ,,
Волков Д.С.,ФМиЕН,профессор,
Соколов Е.П.,ФМиМ,,д.н.
Лебедев И.К.,ФУПМ,ассистент,
Смирнов В.И.,ФМиЕН,доцент,
Смирнов А.А.,ФРТ,,к.н.
Кузнецов Б.В.,ФФ,,
Волков З.Т.,ИТМО,доцент,к.н.
Новиков Е.П.,ФМиЕН,доцент,
Новиков М.Ю.,ФМиМ,профессор,д.н.
Морозов Д.С.,ФЭТ,ассистент,
Семенов А.А.,ФМиМ,,
Кузнецов Д.С.,ФЭТ,доцент,д.н.
Кузнецов Е.П.,ФИТ,профессор,
Петров В.И.,ИТМО,доцент,к.н.
Попов Г.Н.,ФИТ,доцент,д.н.
Волков М.Ю.,ФЭТ,профессор,д.н.
Лебедев Д.С.,ФРТ,профессор,к.н.
Волков И.К.,ФРТ,ассистент,к.н.
Смирнов И.К.,ФРТ,ассистент,д.н.
Новиков Е.П.,ФЭТ,доцент,к.н.
Сидоров К.М.,ФРТ,профессор,
Алексеев Ж.Р.,ФЭТ,профессор,
Сидоров В.И.,ФИТ,доцент,д.н.
Соколов Г.Н.,ФРТ,ассистент,
Волков Б.В.,ФУПМ,ассистент,
Морозов М.Ю.,ФЭТ,доцент,к.н.
Лебедев Б.В.,ФФ,,
Новиков Л.О.,ФЭТ,доцент,к.н.
Алексеев М.Ю.,ФМиМ,профессор,д.н.
Егоров М.Ю.,ФИТ,ассистент,д.н.
Волков Б.В.,ФПМИ,доцент,
Попов Ж.Р.,ФРТ,доцент,д.н.
Петров И.К.,ФФ,ассистент,
Сидоров Б.В.,ФИТ,доцент,
Соколов Г.Н.,ФПМИ,ассистент,к.н.
Соколов К.М.,ФРТ,доцент,к.н.
Попов К.М.,ФРТ,профессор,к.н.
Иванов З.Т.,ФРТ,ассистент,к.н.
Соколов Д.С.,ФИВТ,,
Новиков Л.О.,ФРТ,ассистент,
Лебедева Г.Н.,ФМиМ,,к.н.
Соколов Б.В.,ИТМО,доцент,д.н.
Новиков Д.С.,ФИТ,,д.н.
Новиков Ж.Р.,ФПМИ,ассистент,д.н.
Попов Ж.Р.,ФЭТ,,к.н.
Иванов З.Т.,ФМиМ,профессор,к.н.
Алексеев К.М.,ФЭТ,,к.н.
Козлов К.М.,ФФ,ассистент,
Семенов Е.П.,ФФ,профессор,к.н.
Морозов В.И.,ФПМИ,,д.н.
Семенов А.А.,ФУПМ,ассистент,д.н.
Лебедев З.Т.,ФФ,доцент,к.н.
Иванов А.А.,ФПМИ,доцент,
Соколов Л.О.,ФИВТ,доцент,к.н.
Соколов И.К.,ФЭТ,доцент,к.н.
Попов Б.В.,ФУПМ,профессор,
Семенов К.М.,ФУПМ,,
Лебедев З.Т.,ФУПМ,ассистент,д.н.
Иванов Ж.Р.,ФУПМ,доцент,
Лебедев В.И.,ФУПМ,профессор,к.н.
Соколов А.А.,ФМиЕН,ассистент,д.н.
Лебедева Д.С.,ФИТ,,к.н.
Волков З.Т.,ФУПМ,ассистент,д.н.
Семенов Ж.Р.,ФФ,профессор,д.н.
Петров Ж.Р.,ФМиЕН,профессор,к.н.
Соколов В.И.,ФРТ,профессор,
Семенов М.Ю.,ФУПМ,профессор,к.н.
Лебедев К.М.,ФМиЕН,ассистент,
Егоров Б.В.,ФРТ,профессор,к.н.
Козлов А.А.,ФПМИ,профессор,д.н.
Иванов К.М.,ФИТ,ассистент,к.н.
Морозов Д.С.,ФЭТ,доцент,
Егоров И.К.,ФУПМ,,д.н.
Попов А.А.,ФМиМ,ассистент,д.н.
Козлов К.М.,ФУПМ,,к.н.
Попов М.Ю.,ФЭТ,профессор,
Егоров Д.С.,ФМиЕН,профессор,д.н.
Соколов Ж.Р.,ИТМО,профессор,к.н.
Лебедева Ж.Р.,ФФ,доцент,
Соколов А.А.,ФМиЕН,профессор,к.н.
Соколов З.Т.,ФРТ,доцент,д.н.
Егоров Б.В.,ФМиЕН,профессор,д.н.
Сидоров А.А.,ФУПМ,доцент,
Кузнецов З.Т.,ФИТ,ассистент,д.н.
Лебедев Л.О.,ФПМИ,ассистент,к.н.
Лебедева М.Ю.,ФМиЕН,ассистент,
Лебедева Г.Н.,ФМиМ,профессор,к.н.
Лебедева М.Ю.,ФМиМ,доцент,
Морозов Л.О.,ФПМИ,,д.н.
Сидоров Д.С.,ФИТ,,к.н.
Смирнов К.М.,ФЭТ,профессор,
Лебедев Д.С.,ФЭТ,,
Козлов К.М.,ФУПМ,,д.н.
Морозов Д.С.,ФИТ,профессор,
Петров Д.С.,ФРТ,,
Козлов Г.Н.,ФМиЕН,доцент,д.н.
Козлов К.М.,ФМиЕН,,д.н.
Кузнецов Г.Н.,ФЭТ,ассистент,д.н.
Попов Г.Н.,ФЭТ,доцент,д.н.
Морозов Е.П.,ФИВТ,,к.н.
Новиков З.Т.,ФМиЕН,,д.н.
Соколов Д.С.,ФИВТ,доцент,к.н.
Соколов М.Ю.,ИТМО,профессор,д.н.
Новиков Е.П.,ФЭТ,ассистент,
Морозов А.А.,ФУПМ,,д.н.
Семенов Д.С.,ФИТ,доцент,к.н.
Петров Е.П.,ФМиЕН,,
Лебедева В.И.,ИТМО,профессор,
Лебедев Ж.Р.,ФМиМ,профессор,
Иванов Ж.Р.,ФУПМ,ассистент,
Егоров М.Ю.,ФИВТ,профессор,д.н.
Попов З.Т.,ФИВТ,профессор,д.н.
Волков З.Т.,ФМиЕН,профессор,к.н.
Соколов Л.О.,ФРТ,,д.н.
Кузнецов И.К.,ФУПМ,,
Алексеев И.К.,ФЭТ,,
Попов Ж.Р.,ФПМИ,доцент,
Семенов И.К.,ФПМИ,,к.н.
Попов В.И.,ФУПМ,профессор,д.н.
Егоров Л.О.,ФУПМ,доцент,д.н.
Семенов Ж.Р.,ФРТ,доцент,д.н.
Алексеев З.Т.,ФРТ,профессор,
Попов Г.Н.,ИТМО,,к.н.
Морозов К.М.,ФЭТ,профессор,
Волков А.А.,ФИТ,профессор,к.н.
Лебедев А.А.,ФЭТ,ассистент,к.н.
Кузнецов З.Т.,ФИВТ,профессор,д.н.
Кузнецов Д.С.,ФИТ,доцент,
Лебедев Е.П.,ФМиМ,доцент,
Петров К.М.,ФИТ,доцент,к.н.
Кузнецов Е.П.,ФМиЕН,,д.н.
Сидоров И.К.,ИТМО,ассистент,д.н.
Волков А.А.,ФИТ,профессор,д.н.
Семенов Г.Н.,ФИВТ,,д.н.
Волков В.И.,ФИТ,профессор,к.н.
Лебедева З.Т.,ФПМИ,ассистент,
Лебедев Б.В.,ФМиМ,ассистент,
Волков Ж.Р.,ФФ,,
Смирнов Г.Н.,ФПМИ,,
Соколов Б.В.,ФМиМ,профессор,
Егоров В.И.,ФРТ,доцент,д.н.
Кузнецов Ж.Р.,ФИТ,ассистент,д.н.
Смирнов Д.С.,ФМиМ,,
Семенов Л.О.,ФЭТ,ассистент,к.н.
Семенов Л.О.,ФМиЕН,ассистент,д.н.
Иванов К.М.,ФФ,ассистент,
Петров Ж.Р.,ФИВТ,ассистент,к.н.
Петров И.К.,ФИТ,ассистент,к.н.
Попов И.К.,ФИВТ,доцент,
Смирнов В.И.,ФУПМ,,д.н.
Волков Г.Н.,ФФ,профессор,
Попов Б.В.,ФФ,доцент,д.н.
Морозов Ж.Р.,ФПМИ,,к.н.
Попов М.Ю.,ФИВТ,,д.н.
Кузнецов Д.С.,ФУПМ,профессор,к.н.
Морозов М.Ю.,ФЭТ,ассистент,к.н.
Кузнецов Д.С.,ФФ,ассистент,к.н.
Иванов Б.В.,ФМиЕН,,к.н.
Волков Л.О.,ИТМО,профессор,
Волков А.А.,ФМиЕН,,д.н.
Морозов Г.Н.,ФЭТ,ассистент,д.н.
Иванов Е.П.,ФПМИ,,д.н.
Семенов Ж.Р.,ФМиМ,профессор,к.н.
Семенов Г.Н.,ФИВТ,профессор,д.н.
Лебедева Л.О.,ФУПМ,ассистент,к.н.
Петров Ж.Р.,ФИВТ,,д.н.
Волков А.А.,ФФ,профессор,д.н.
Морозов И.К.,ИТМО,,д.н.
Сидоров М.Ю.,ФИТ,ассистент,
Смирнов З.Т.,ФИТ,доцент,к.н.
Козлов В.И.,ФПМИ,ассистент,
Соколов З.Т.,ФФ,доцент,
Семенов Ж.Р.,ФПМИ,ассистент,к.н.
Алексеев К.М.,ФИВТ,профессор,к.н.
Егоров М.Ю.,ФФ,,к.н.
Морозов М.Ю.,ФРТ,,
Смирнов И.К.,ФМиМ,ассистент,д.н.
Новиков Г.Н.,ФПМИ,доцент,к.н.
Новиков В.И.,ФФ,ассистент,к.н.
Козлов М.Ю.,ФИВТ,профессор,к.н.
Морозов Е.П.,ФЭТ,,
Семенов Б.В.,ФЭТ,,к.н.
Новиков К.М.,ФИТ,доцент,к.н.
Морозов З.Т.,ФИВТ,доцент,д.н.
Лебедев И.К.,ФИТ,доцент,
Попов И.К.,ФЭТ,ассистент,к.н.
Морозов В.И.,ФПМИ,ассистент,
Лебедева К.М.,ИТМО,,к.н.
Егоров Ж.Р.,ФИВТ,,д.н.
Соколов Г.Н.,ФУПМ,доцент,д.н.
Соколов Ж.Р.,ФУПМ,,
Лебедева Б.В.,ФЭТ,ассистент,
Волков А.А.,ФФ,профессор,
Попов Б.В.,ФУПМ,ассистент,д.н.
Лебедева В.И.,ФРТ,доцент,к.н.
Волков З.Т.,ФУПМ,,
Егоров Б.В.,ФРТ,ассистент,к.н.
Волков А.А.,ФИТ,профессор,к.н.
Петров И.К.,ФУПМ,ассистент,
Егоров Б.В.,ИТМО,ассистент,
Волков Л.О.,ФИТ,профессор,к.н.
Егоров М.Ю.,ФИВТ,доцент,
Кузнецов Е.П.,ФФ,доцент,к.н.
Новиков З.Т.,ИТМО,профессор,к.н.
Сидоров Л.О.,ФУПМ,,д.н.
Петров К.М.,ФИВТ,,д.н.
Волков В.И.,ФИВТ,профессор,
Лебедева Е.П.,ФЭТ,,д.н.
Петров Г.Н.,ФПМИ,ассистент,д.н.
Сидоров Ж.Р.,ФИТ,доцент,д.н.
Волков К.М.,ФФ,,
Козлов Д.С.,ФМиЕН,профессор,к.н.
Егоров Л.О.,ФУПМ,,
Иванов Ж.Р.,ФМиЕН,профессор,к.н.
Семенов М.Ю.,ФМиЕН,ассистент,д.н.
Соколов Б.В.,ФМиМ,доцент,д.н.
Смирнов З.Т.,ФИВТ,доцент,к.н.
Смирнов Ж.Р.,ФРТ,ассистент,д.н.
Козлов Ж.Р.,ФУПМ,,д.н.
Алексеев Г.Н.,ФМиЕН,профессор,д.н.
Новиков З.Т.,ФИВТ,,д.н.
Кузнецов Л.О.,ФУПМ,,
Козлов Б.В.,ФМиЕН,ассистент,
Алексеев З.Т.,ФФ,профессор,д.н.
Смирнов И.К.,ФМиЕН,ассистент,
Петров Л.О.,ФМиЕН,ассистент,д.н.
Новиков Г.Н.,ФИТ,,д.н.
Новиков Л.О.,ФРТ,ассистент,
Волков В.И.,ФМиЕН,доцент,
Алексеев А.А.,ФЭТ,профессор,д.н.
Семенов Д.С.,ФФ,доцент,д.н.
Семенов И.К.,ФИВТ,,д.н.
Иванов Б.В.,ИТМО,ассистент,д.н.
Волков И.К.,ФИВТ,доцент,к.н.
Кузнецов К.М.,ФИВТ,ассистент,к.н.
Новиков К.М.,ФПМИ,,к.н.
Попов З.Т.,ФФ,ассистент,
Алексеев А.А.,ФЭТ,профессор,к.н.
Морозов Г.Н.,ФЭТ,доцент,к.н.
Петров М.Ю.,ФМиЕН,профессор,
Семенов И.К.,ФУПМ,доцент,
Сидоров З.Т.,ФМиЕН,доцент,д.н.
Алексеев И.К.,ФИТ,ассистент,д.н.
Соколов А.А.,ФРТ,ассистент,д.н.
Попов Г.Н.,ФПМИ,ассистент,д.н.
Соколов И.К.,ФИТ,доцент,к.н.
Морозов Ж.Р.,ИТМО,доцент,
Егоров З.Т.,ФИТ,доцент,
Петров З.Т.,ФИТ,ассистент,
Петров Г.Н.,ФИВТ,доцент,
Сидоров Ж.Р.,ФЭТ,ассистент,
Егоров Л.О.,ФУПМ,доцент,д.н.
Волков Г.Н.,ФИТ,,д.н.
Козлов И.К.,ФФ,доцент,к.н.
Волков К.М.,ФИТ,ассистент,д.н.
Петров В.И.,ФЭТ,профессор,
Морозов Л.О.,ФРТ,доцент,д.н.
Егоров Г.Н.,ФМиЕН,профессор,к.н.
Петров М.Ю.,ФМиЕН,доцент,
Морозов Г.Н.,ФПМИ,,д.н.
Новиков Д.С.,ФУПМ,профессор,
Новиков Б.В.,ФПМИ,доцент,
Морозов К.М.,ФИТ,профессор,д.н.
Сидоров И.К.,ИТМО,доцент,к.н.
Семенов Ж.Р.,ФПМИ,,
Петров К.М.,ИТМО,,д.н.
Сидоров Д.С.,ФЭТ,,д.н.
Новиков Д.С.,ФМиЕН,,
Кузнецов Г.Н.,ИТМО,,
Козлов К.М.,ФМиМ,профессор,д.н.
Волков Ж.Р.,ФИВТ,,д.н.
Соколов И.К.,ФУПМ,ассистент,д.н.
Кузнецов А.А.,ИТМО,ассистент,д.н.
Лебедев Д.С.,ИТМО,доцент,
Волков Г.Н.,ФМиМ,доцент,
Кузнецов З.Т.,ФЭТ,доцент,д.н.
Алексеев З.Т.,ФУПМ,профессор,
Кузнецов В.И.,ФМиМ,профессор,д.н.
Смирнов А.А.,ФУПМ,профессор,к.н.
Соколов З.Т.,ФУПМ,ассистент,к.н.
Смирнов Е.П.,ФРТ,доцент,к.н.
Кузнецов А.А.,ФПМИ,,д.н.
Лебедев Б.В.,ФРТ,доцент,к.н.
Козлов И.К.,ФЭТ,ассистент,д.н.
Лебедева И.К.,ФМиМ,профессор,
Кузнецов Л.О.,ФИВТ,,д.н.
Морозов Е.П.,ИТМО,ассистент,
Семенов З.Т.,ФИТ,доцент,д.н.
Кузнецов Д.С.,ФЭТ,ассистент,д.н.
Алексеев В.И.,ФМиМ,,к.н.
Егоров Ж.Р.,ФФ,доцент,к.н.
Егоров Е.П.,ФПМИ,доцент,д.н.
Кузнецов Д.С.,ФМиМ,,
Иванов М.Ю.,ФПМИ,,д.н.
Новиков М.Ю.,ФМиЕН,ассистент,
Петров Л.О.,ИТМО,ассистент,д.н.
Лебедев Ж.Р.,ФМиЕН,,к.н.
Соколов М.Ю.,ФЭТ,доцент,к.н.
Попов З.Т.,ФПМИ,ассистент,к.н.
Лебедев Л.О.,ФРТ,профессор,к.н.
Новиков Г.Н.,ФИТ,ассистент,
Смирнов А.А.,ФФ,профессор,
Иванов Ж.Р.,ИТМО,доцент,
Семенов Ж.Р.,ФМиЕН,,к.н.
Козлов В.И.,ФЭТ,доцент,д.н.
Кузнецов Л.О.,ФУПМ,ассистент,д.н.
Петров Л.О.,ИТМО,доцент,
Егоров Г.Н.,ИТМО,ассистент,к.н.
Новиков К.М.,ФИВТ,профессор,д.н.
Попов Л.О.,ФФ,,д.н.
Соколов Л.О.,ФПМИ,доцент,
Иванов В.И.,ФРТ,доцент,д.н.
Козлов А.А.,ИТМО,,
Сидоров Г.Н.,ФПМИ,ассистент,д.н.
Лебедев З.Т.,ФИТ,ассистент,к.н.
Егоров Е.П.,ФИВТ,,к.н.
Попов Ж.Р.,ФПМИ,,
Смирнов З.Т.,ФПМИ,профессор,к.н.
Волков Ж.Р.,ФИТ,доцент,д.н.
Новиков И.К.,ФМиЕН,ассистент,к.н.
Алексеев А.А.,ФМиЕН,доцент,
Новиков К.М.,ФИВТ,ассистент,д.н.
Морозов И.К.,ФМиЕН,ассистент,д.н.
Смирнов Б.В.,ФФ,,д.н.
Кузнецов Е.П.,ФМиЕН,,
Егоров М.Ю.,ФПМИ,профессор,
Морозов Г.Н.,ФИВТ,доцент,к.н.
Попов Г.Н.,ФМиЕН,профессор,к.н.
Сидоров М.Ю.,ФРТ,доцент,
Сидоров К.М.,ФИВТ,доцент,д.н.
Алексеев В.И.,ФМиЕН,ассистент,к.н.
Лебедева И.К.,ФЭТ,доцент,д.н.
Лебедева И.К.,ФМиЕН,доцент,к.н.
Лебедева Е.П.,ФПМИ,доцент,
Егоров Л.О.,ФИТ,ассистент,д.н.
Петров Е.П.,ФПМИ,профессор,д.н.
Попов Е.П.,ФФ,доцент,к.н.
Петров К.М.,ФМиМ,ассистент,
Морозов И.К.,ФПМИ,ассистент,к.н.
Егоров В.И.,ФМиЕН,ассистент,д.н.
Волков И.К.,ФФ,,д.н.
Семенов И.К.,ИТМО,ассистент,д.н.
Сидоров Е.П.,ФЭТ,доцент,д.н.
Попов Д.С.,ФМиМ,,д.н.
Кузнецов Г.Н.,ФРТ,ассистент,
Соколов Е.П.,ФРТ,ассистент,к.н.
Смирнов Е.П.,ФПМИ,,
Новиков Л.О.,ФЭТ,профессор,к.н.
Козлов В.И.,ФПМИ,профессор,к.н.
Новиков И.К.,ФЭТ,ассистент,
Иванов Г.Н.,ФУПМ,ассистент,к.н.
Егоров Г.Н.,ФЭТ,доцент,к.н.
Сидоров М.Ю.,ФРТ,доцент,
Соколов Д.С.,ФФ,ассистент,к.н.
Алексеев А.А.,ФФ,ассистент,
Петров В.И.,ФМиМ,,
Морозов В.И.,ФМиЕН,,
Новиков Л.О.,ФПМИ,ассистент,д.н.
Егоров З.Т.,ФФ,профессор,к.н.
Новиков Б.В.,ФЭТ,ассистент,к.н.
Морозов Д.С.,ФУПМ,доцент,д.н.
Лебедева Б.В.,ФМиЕН,доцент,к.н.
Сидоров Е.П.,ФУПМ,доцент,
Иванов Г.Н.,ФФ,ассистент,д.н.
Смирнов И.К.,ФУПМ,ассистент,к.н.
Морозов Д.С.,ФИТ,профессор,к.н.
Новиков Б.В.,ФУПМ,ассистент,д.н.
Козлов З.Т.,ФИТ,доцент,д.н.
Семенов З.Т.,ФИТ,доцент,д.н.
Козлов Г.Н.,ФПМИ,доцент,к.н.
Семенов З.Т.,ФРТ,доцент,д.н.
Лебедев К.М.,ФЭТ,профессор,д.н.
Алексеев Л.О.,ФМиЕН,доцент,
Попов В.И.,ФУПМ,,д.н.
Иванов М.Ю.,ФМиЕН,ассистент,
Морозов А.А.,ИТМО,доцент,
Новиков Ж.Р.,ФМиМ,доцент,
Попов И.К.,ИТМО,профессор,
Иванов Л.О.,ФИТ,,
Волков Д.С.,ФПМИ,,к.н.
Егоров Е.П.,ФУПМ,ассистент,д.н.
Петров И.К.,ФФ,,д.н.
Сидоров З.Т.,ФРТ,доцент,к.н.
Попов Д.С.,ФИВТ,,к.н.
Кузнецов З.Т.,ФЭТ,профессор,
Волков Д.С.,ИТМО,доцент,
Волков В.И.,ФИВТ,ассистент,
Егоров М.Ю.,ФФ,ассистент,д.н.
Лебедев Б.В.,ФФ,,д.н.
Семенов Е.П.,ИТМО,ассистент,к.н.
Сидоров Л.О.,ФМиЕН,,д.н.
Сидоров М.Ю.,ФЭТ,,к.н.
Кузнецов К.М.,ФИТ,доцент,
Попов З.Т.,ИТМО,профессор,д.н.
Лебедев И.К.,ФПМИ,ассистент,к.н.
Семенов М.Ю.,ФПМИ,доцент,д.н.
Соколов З.Т.,ФМиЕН,доцент,д.н.
Сидоров Е.П.,ФФ,профессор,к.н.
Петров К.М.,ФМиМ,ассистент,
Смирнов Б.В.,ФМиЕН,профессор,к.н.
Петров Д.С.,ФМиМ,доцент,д.н.
Волков М.Ю.,ФИТ,профессор,
Кузнецов З.Т.,ФМиМ,,к.н.
Семенов Г.Н.,ФФ,ассистент,к.н.
Морозов Г.Н.,ФМиЕН,доцент,д.н.
Лебедева И.К.,ФИВТ,профессор,д.н.
Сидоров А.А.,ФУПМ,профессор,д.н.
Егоров М.Ю.,ФЭТ,профессор,к.н.
Алексеев З.Т.,ФМиМ,профессор,
Алексеев З.Т.,ФУПМ,ассистент,д.н.
Волков Ж.Р.,ФЭТ,ассистент,к.н.
Егоров К.М.,ФУПМ,профессор,
Попов В.И.,ФПМИ,ассистент,
Лебедева Г.Н.,ФМиЕН,,д.н.
Соколов И.К.,ФУПМ,доцент,к.н.
Лебедева З.Т.,ФФ,доцент,
Козлов А.А.,ФМиМ,ассистент,д.н.
Морозов А.А.,ФПМИ,профессор,
Козлов И.К.,ФПМИ,ассистент,
Егоров Л.О.,ФИВТ,ассистент,
Соколов Е.П.,ФУПМ,,к.н.
Егоров Ж.Р.,ФРТ,профессор,д.н.
Егоров К.М.,ФРТ,доцент,к.н.
Егоров И.К.,ФМиМ,ассистент,к.н.
Егоров Ж.Р.,ИТМО,профессор,д.н.
Волков З.Т.,ФМиМ,доцент,д.н.
Морозов Г.Н.,ФЭТ,доцент,к.н.
Попов Д.С.,ФИТ,доцент,д.н.
Смирнов Д.С.,ФЭТ,ассистент,к.н.
Морозов З.Т.,ИТМО,профессор,к.н.
Волков Б.В.,ФИВТ,,д.н.
Козлов Г.Н.,ФУПМ,профессор,д.н.
Лебедева Л.О.,ФРТ,доцент,
Петров Г.Н.,ФРТ,ассистент,к.н.
Иванов Е.П.,ФМиМ,профессор,
Егоров З.Т.,ИТМО,ассистент,д.н.
Сидоров Е.П.,ФЭТ,доцент,д.н.
Лебедева И.К.,ФИТ,доцент,
Алексеев Г.Н.,ФЭТ,профессор,д.н.
Кузнецов Д.С.,ФРТ,ассистент,к.н.
Попов Г.Н.,ФЭТ,профессор,к.н.
Егоров И.К.,ФИВТ,ассистент,д.н.
Егоров З.Т.,ФРТ,профессор,к.н.
Морозов И.К.,ФИТ,,д.н.
Семенов З.Т.,ФИВТ,,
Смирнов М.Ю.,ФФ,профессор,д.н.
Козлов А.А.,ФФ,,д.н.
Соколов Г.Н.,ИТМО,ассистент,д.н.
Иванов Е.П.,ФУПМ,,
Волков Б.В.,ФМиЕН,,
Волков З.Т.,ФФ,,
Сидоров М.Ю.,ФПМИ,профессор,к.н.
Новиков М.Ю.,ИТМО,,к.н.
Попов М.Ю.,ФУПМ,,к.н.
Новиков В.И.,ФУПМ,доцент,к.н.
Новиков В.И.,ФФ,профессор,
Иванов Ж.Р.,ФПМИ,профессор,к.н.
Семенов Е.П.,ФФ,доцент,к.н.
Волков З.Т.,ФЭТ,профессор,к.н.
Лебедева Е.П.,ФМиМ,,к.н.
Новиков Л.О.,ИТМО,доцент,
Сидоров З.Т.,ФРТ,профессор,д.н.
Козлов Б.В.,ИТМО,профессор,д.н.
Лебедев М.Ю.,ФИВТ,профессор,д.н.
Петров В.И.,ФИВТ,,к.н.
Новиков Д.С.,ФИТ,профессор,к.н.
Кузнецов М.Ю.,ФПМИ,,д.н.
Соколов Л.О.,ФУПМ,доцент,д.н.
Морозов Г.Н.,ФРТ,доцент,
Смирнов Л.О.,ФИВТ,ассистент,д.н.
Иванов Е.П.,ФПМИ,,к.н.
Кузнецов В.И.,ИТМО,профессор,
Лебедев Д.С.,ФУПМ,ассистент,д.н.
Лебедев В.И.,ФМиЕН,профессор,
Алексеев Д.С.,ФМиМ,доцент,
Семенов Ж.Р.,ФФ,,к.н.
Егоров З.Т.,ФЭТ,профессор,к.н.
Лебедева З.Т.,ФИТ,,д.н.
Алексеев И.К.,ФМиЕН,ассистент,к.н.
Волков И.К.,ФПМИ,,д.н.
Волков Л.О.,ФФ,ассистент,к.н.
Иванов М.Ю.,ФПМИ,доцент,к.н.
Петров А.А.,ФЭТ,профессор,
Новиков Г.Н.,ФПМИ,,
Сидоров Б.В.,ФПМИ,доцент,к.н.
Морозов Д.С.,ФМиЕН,профессор,д.н.
Волков М.Ю.,ФМиМ,профессор,д.н.
Попов Б.В.,ФУПМ,ассистент,к.н.
Волков Д.С.,ФРТ,профессор,
Алексеев В.И.,ФРТ,профессор,
Смирнов Е.П.,ФЭТ,,к.н.
Алексеев Д.С.,ФМиМ,профессор,
Лебедев Ж.Р.,ФИВТ,ассистент,к.н.
Морозов З.Т.,ФРТ,ассистент,д.н.
Кузнецов А.А.,ФЭТ,,д.н.
Иванов И.К.,ФЭТ,профессор,к.н.
Петров Б.В.,ФИВТ,,к.н.
Сидоров И.К.,ФУПМ,ассистент,
Иванов Д.С.,ИТМО,ассистент,
Волков Ж.Р.,ФМиЕН,доцент,
Морозов М.Ю.,ИТМО,доцент,к.н.
Иванов Б.В.,ФЭТ,ассистент,д.н.
Егоров М.Ю.,ФУПМ,,д.н.
Волков И.К.,ИТМО,ассистент,д.н.
Егоров Л.О.,ФМиМ,доцент,к.н.
Алексеев Л.О.,ИТМО,доцент,д.н.
Волков Л.О.,ФПМИ,доцент,к.н.
Лебедева З.Т.,ФФ,,
Иванов Е.П.,ФМиЕН,профессор,к.н.
Семенов Б.В.,ФЭТ,профессор,к.н.
Новиков К.М.,ФУПМ,профессор,
Новиков А.А.,ФИТ,доцент,
Алексеев Д.С.,ИТМО,профессор,к.н.
Семенов К.М.,ФРТ,ассистент,к.н.
Сидоров М.Ю.,ФИВТ,ассистент,к.н.
Смирнов Л.О.,ФИВТ,профессор,
Козлов Л.О.,ФУПМ,,
Волков Д.С.,ФРТ,профессор,
Смирнов К.М.,ФИТ,доцент,
Лебедев И.К.,ФПМИ,профессор,
Семенов Д.С.,ФУПМ,доцент,
Смирнов Б.В.,ФМиМ,доцент,к.н.
Новиков И.К.,ФЭТ,профессор,к.н.
Волков Г.Н.,ФИВТ,,к.н.
Лебедева А.А.,ФПМИ,доцент,к.н.
Козлов К.М.,ФИТ,доцент,к.н.
Кузнецов И.К.,ФМиМ,доцент,
Попов В.И.,ФПМИ,профессор,к.н.
Лебедев И.К.,ФМиМ,,д.н.
Лебедев Ж.Р.,ФИВТ,профессор,к.н.
Новиков Ж.Р.,ФУПМ,,
Кузнецов К.М.,ФУПМ,доцент,к.н.
Волков Ж.Р.,ФИВТ,доцент,
Кузнецов З.Т.,ФФ,ассистент,д.н.
Петров К.М.,ФРТ,профессор,
Егоров К.М.,ФИТ,доцент,к.н.
Новиков Д.С.,ФЭТ,доцент,д.н.
Попов Е.П.,ФУПМ,,к.н.
Соколов Б.В.,ФИТ,доцент,д.н.
Алексеев И.К.,ФМиМ,ассистент,к.н.
Козлов К.М.,ФФ,доцент,к.н.
Сидоров Д.С.,ФИТ,,к.н.
Сидоров К.М.,ФЭТ,профессор,д.н.
Лебедева Ж.Р.,ФРТ,,
Семенов К.М.,ФЭТ,доцент,к.н.
Петров Д.С.,ФИВТ,доцент,к.н.
Алексеев Д.С.,ФФ,профессор,
Козлов З.Т.,ФИТ,профессор,д.н.
Волков К.М.,ФМиЕН,профессор,к.н.
Петров К.М.,ФУПМ,,д.н.
Смирнов А.А.,ФИТ,доцент,
Лебедев Г.Н.,ФЭТ,ассистент,
Семенов Ж.Р.,ФЭТ,,д.н.
Лебедева Б.В.,ФЭТ,профессор,к.н.
Алексеев В.И.,ИТМО,доцент,к.н.
Егоров В.И.,ФИТ,доцент,к.н.
Алексеев Г.Н.,ФУПМ,профессор,д.н.
Новиков Б.В.,ФМиМ,доцент,д.н.
Волков К.М.,ФИТ,профессор,д.н.
Козлов И.К.,ИТМО,ассистент,д.н.
Егоров М.Ю.,ФУПМ,ассистент,к.н.
Иванов К.М.,ФФ,ассистент,к.н.
Лебедева Ж.Р.,ФМиЕН,ассистент,д.н.
Волков Ж.Р.,ФУПМ,ассистент,
Волков К.М.,ФИТ,профессор,
Лебедев Б.В.,ФМиЕН,профессор,к.н.
Кузнецов А.А.,ИТМО,профессор,к.н.
Лебедева З.Т.,ФФ,доцент,к.н.
Семенов Б.В.,ФМиМ,ассистент,
Лебедев Д.С.,ФМиЕН,ассистент,
Новиков Л.О.,ФИВТ,доцент,
Иванов К.М.,ИТМО,,
Новиков Д.С.,ФФ,доцент,к.н.
Лебедева А.А.,ФЭТ,доцент,д.н.
Новиков К.М.,ФИВТ,,
Козлов И.К.,ФМиЕН,,д.н.
Сидоров Е.П.,ФИТ,профессор,д.н.
Попов Л.О.,ФЭТ,профессор,д.н.
Лебедев А.А.,ФПМИ,ассистент,к.н.
Лебедев Г.Н.,ФРТ,профессор,
Кузнецов Д.С.,ФУПМ,ассистент,к.н.
Смирнов Г.Н.,ФФ,ассистент,д.н.
Лебедев З.Т.,ИТМО,,
Кузнецов Л.О.,ФФ,ассистент,
Смирнов Л.О.,ИТМО,доцент,д.н.
Морозов Л.О.,ФИВТ,,к.н.
Новиков Д.С.,ФЭТ,профессор,д.н.
Козлов Д.С.,ФМиЕН,,
Алексеев М.Ю.,ФИТ,,
Иванов Л.О.,ФПМИ,,к.н.
Новиков М.Ю.,ИТМО,ассистент,
Соколов К.М.,ИТМО,профессор,к.н.
Петров Е.П.,ФРТ,,к.н.
Волков А.А.,ФИВТ,ассистент,
Попов Б.В.,ФЭТ,доцент,к.н.
Морозов М.Ю.,ФИТ,,
Волков А.А.,ФПМИ,доцент,к.н.
Егоров А.А.,ФМиЕН,ассистент,к.н.
Егоров М.Ю.,ФИВТ,доцент,
Морозов Д.С.,ФМиМ,доцент,к.н.
Лебедев В.И.,ФФ,профессор,к.н.
Сидоров Ж.Р.,ФРТ,профессор,
Лебедева Б.В.,ФРТ,профессор,д.н.
Лебедев Д.С.,ФПМИ,ассистент,
Попов И.К.,ФИТ,,д.н.
Алексеев Д.С.,ИТМО,профессор,д.н.
Алексеев З.Т.,ФИТ,,д.н.
Новиков Д.С.,ФРТ,ассистент,к.н.
Козлов Л.О.,ИТМО,доцент,к.н.
Семенов Е.П.,ФИТ,,
Петров Г.Н.,ФПМИ,доцент,
Алексеев З.Т.,ФМиЕН,доцент,к.н.
Алексеев К.М.,ФЭТ,,д.н.
Козлов И.К.,ФПМИ,доцент,
Петров Л.О.,ИТМО,,
Алексеев Б.В.,ФМиМ,доцент,
Новиков И.К.,ФИТ,профессор,д.н.
Петров З.Т.,ФУПМ,,
Лебедева М.Ю.,ФМиЕН,ассистент,
Кузнецов А.А.,ФПМИ,профессор,д.н.
Кузнецов Д.С.,ФУПМ,,д.н.
Соколов Б.В.,ИТМО,,
Сидоров Г.Н.,ФИТ,ассистент,к.н.
Волков Л.О.,ИТМО,ассистент,
Алексеев Г.Н.,ФУПМ,ассистент,
Соколов В.И.,ФИТ,профессор,д.н.
Соколов К.М.,ФРТ,ассистент,к.н.
Волков И.К.,ФРТ,ассистент,
Попов З.Т.,ФМиЕН,доцент,
Кузнецов Г.Н.,ФИВТ,доцент,д.н.
Попов Е.П.,ИТМО,профессор,к.н.
Смирнов Д.С.,ФПМИ,ассистент,
Морозов М.Ю.,ФИТ,доцент,
Егоров Е.П.,ФМиЕН,,к.н.
Волков Д.С.,ФМиЕН,профессор,д.н.
Иванов А.А.,ФРТ,доцент,к.н.
Попов Е.П.,ФИВТ,ассистент,к.н.
Лебедева М.Ю.,ФЭТ,доцент,д.н.
Лебедев И.К.,ФМиЕН,ассистент,к.н.
Иванов М.Ю.,ФПМИ,,д.н.
Сидоров Л.О.,ФРТ,ассистент,
Новиков Д.С.,ФРТ,профессор,к.н.
Кузнецов Г.Н.,ФИВТ,ассистент,д.н.
Новиков В.И.,ФИВТ,,д.н.
Соколов Л.О.,ФРТ,,д.н.
Морозов И.К.,ФИВТ,,
Сидоров Е.П.,ИТМО,,к.н.
Кузнецов В.И.,ФИВТ,доцент,
Козлов З.Т.,ФФ,профессор,
Семенов М.Ю.,ФМиМ,доцент,
Семенов Е.П.,ИТМО,доцент,д.н.
Смирнов Б.В.,ФФ,,д.н.
Иванов Л.О.,ФМиМ,профессор,к.н.
Егоров Д.С.,ФРТ,доцент,д.н.
Козлов И.К.,ФФ,,
Семенов А.А.,ФУПМ,ассистент,
Семенов Е.П.,ФФ,доцент,к.н.
Волков И.К.,ФИВТ,профессор,
Смирнов Ж.Р.,ФПМИ,доцент,
Петров И.К.,ФМиЕН,доцент,
Сидоров В.И.,ФМиМ,ассистент,к.н.
Сидоров Ж.Р.,ФФ,ассистент,к.н.
Соколов К.М.,ФПМИ,,
Смирнов В.И.,ФФ,ассистент,к.н.
Лебедева А.А.,ФЭТ,доцент,
Алексеев М.Ю.,ФРТ,,
Лебедева В.И.,ФУПМ,доцент,
Козлов Ж.Р.,ФИТ,доцент,д.н.
Новиков К.М.,ФМиЕН,профессор,к.н.
Иванов Ж.Р.,ФМиМ,профессор,к.н.
Иванов Ж.Р.,ФФ,,к.н.
Сидоров М.Ю.,ФМиЕН,,
Сидоров М.Ю.,ФИТ,ассистент,к.н.
Смирнов А.А.,ФУПМ,доцент,
Морозов В.И.,ФУПМ,ассистент,д.н.
Егоров М.Ю.,ИТМО,профессор,к.н.
Новиков Б.В.,ФФ,доцент,д.н.
Лебедев Ж.Р.,ФМиЕН,доцент,д.н.
Новиков З.Т.,ФМиМ,профессор,к.н.
Лебедев К.М.,ФРТ,доцент,д.н.
Соколов З.Т.,ФЭТ,ассистент,д.н.
Петров К.М.,ФЭТ,,д.н.
Смирнов Е.П.,ИТМО,профессор,
Егоров Б.В.,ФФ,профессор,д.н.
Соколов Д.С.,ФМиЕН,доцент,
Смирнов И.К.,ФИТ,профессор,
Смирнов К.М.,ФИТ,доцент,
Лебедева З.Т.,ФИВТ,доцент,
Лебедев Ж.Р.,ФИВТ,доцент,к.н.
Лебедева Г.Н.,ФЭТ,профессор,к.н.
Семенов Г.Н.,ФПМИ,профессор,д.н.
Семенов М.Ю.,ФМиМ,доцент,д.н.
Кузнецов И.К.,ФМиМ,доцент,д.н.
Лебедева А.А.,ФЭТ,,к.н.
Попов Л.О.,ФПМИ,ассистент,к.н.
Попов М.Ю.,ИТМО,,д.н.
Новиков К.М.,ФУПМ,,д.н.
Соколов В.И.,ФУПМ,ассистент,д.н.
Волков И.К.,ФФ,ассистент,к.н.
Козлов Ж.Р.,ФПМИ,ассистент,к.н.
Морозов Б.В.,ФРТ,профессор,д.н.
Соколов И.К.,ФПМИ,профессор,к.н.
Семенов А.А.,ФРТ,ассистент,
Кузнецов Д.С.,ФФ,профессор,
Петров В.И.,ИТМО,ассистент,к.н.
Волков Ж.Р.,ФУПМ,,
Кузнецов В.И.,ФИТ,ассистент,
Новиков К.М.,ФИТ,,д.н.
Кузнецов В.И.,ФМиЕН,,к.н.
Лебедева Д.С.,ФИВТ,доцент,
Алексеев Е.П.,ИТМО,доцент,к.н.
Волков К.М.,ФИТ,,д.н.
Новиков М.Ю.,ФМиМ,,д.н.
Лебедева А.А.,ФФ,профессор,д.н.
Кузнецов В.И.,ФФ,ассистент,
Волков З.Т.,ФИВТ,профессор,д.н.
Алексеев М.Ю.,ФИВТ,,к.н.
Сидоров Г.Н.,ФФ,,
Сидоров И.К.,ФФ,профессор,д.н.
Лебедева И.К.,ИТМО,,д.н.
Лебедева В.И.,ФМиМ,доцент,д.н.
Сидоров К.М.,ФИВТ,ассистент,
Морозов Ж.Р.,ФФ,доцент,
Морозов Д.С.,ФМиМ,ассистент,
Козлов А.А.,ФЭТ,,д.н.
Волков Л.О.,ФМиМ,,к.н.
Семенов М.Ю.,ФИВТ,доцент,к.н.
Волков Г.Н.,ФПМИ,ассистент,д.н.
Сидоров А.А.,ФФ,доцент,к.н.
Егоров Ж.Р.,ФИТ,профессор,к.н.
Козлов Г.Н.,ФПМИ,профессор,
Егоров А.А.,ФИТ,ассистент,
Лебедев В.И.,ФРТ,профессор,
Алексеев В.И.,ФЭТ,,к.н.
Лебедева Г.Н.,ИТМО,профессор,д.н.
Егоров З.Т.,ФПМИ,ассистент,д.н.
Петров М.Ю.,ФИТ,,к.н.
Волков М.Ю.,ФИВТ,профессор,
Попов Б.В.,ИТМО,профессор,
Новиков И.К.,ФИВТ,,
Морозов З.Т.,ФРТ,ассистент,д.н.
Лебедева И.К.,ФУПМ,доцент,к.н.
Кузнецов В.И.,ФИТ,доцент,д.н.
Петров М.Ю.,ФИТ,,к.н.
Лебедева А.А.,ФМиМ,доцент,д.н.
Егоров И.К.,ФУПМ,,к.н.
Попов З.Т.,ФЭТ,,к.н.
Егоров З.Т.,ФЭТ,доцент,к.н.
Лебедев Д.С.,ФМиЕН,доцент,к.н.
Семенов Е.П.,ФМиЕН,ассистент,к.н.
Соколов Е.П.,ФУПМ,профессор,д.н.
Соколов Е.П.,ФФ,профессор,к.н.
Соколов Г.Н.,ФЭТ,ассистент,
Козлов М.Ю.,ИТМО,,д.н.
Лебедева Д.С.,ФРТ,ассистент,д.н.
Морозов Л.О.,ФМиМ,профессор,д.н.
Петров Е.П.,ФУПМ,,
Волков А.А.,ФИВТ,ассистент,к.н.
Соколов В.И.,ФМиМ,доцент,д.н.
Смирнов Ж.Р.,ФИТ,ассистент,
Петров К.М.,ФЭТ,,
Соколов Б.В.,ФМиМ,профессор,к.н.
Сидоров И.К.,ФРТ,ассистент,д.н.
Смирнов Ж.Р.,ФФ,профессор,к.н.
Волков К.М.,ФФ,ассистент,к.н.
Волков З.Т.,ФУПМ,профессор,
Козлов А.А.,ФИТ,профессор,к.н.
Петров Ж.Р.,ФИВТ,ассистент,д.н.
Егоров А.А.,ФФ,ассистент,д.н.
Лебедев М.Ю.,ИТМО,,д.н.
Новиков Г.Н.,ФУПМ,доцент,к.н.
Новиков М.Ю.,ФИТ,ассистент,
Петров Д.С.,ФМиЕН,доцент,к.н.
Иванов А.А.,ФМиЕН,доцент,д.н.
Лебедев Е.П.,ФИТ,профессор,к.н.
Новиков А.А.,ФМиМ,доцент,к.н.
Иванов Е.П.,ФЭТ,доцент,к.н.
Сидоров Г.Н.,ФРТ,доцент,к.н.
Морозов М.Ю.,ИТМО,доцент,
Смирнов М.Ю.,ФЭТ,ассистент,д.н.
Кузнецов Л.О.,ФУПМ,ассистент,
Новиков З.Т.,ФФ,ассистент,
Новиков Л.О.,ФПМИ,доцент,к.н.
Новиков Д.С.,ФМиМ,ассистент,
Семенов И.К.,ИТМО,,к.н.
Соколов Л.О.,ФФ,ассистент,к.н.
Егоров Е.П.,ФПМИ,профессор,
Попов Д.С.,ФУПМ,доцент,д.н.
Попов Ж.Р.,ФПМИ,,
Новиков А.А.,ФМиМ,,
Петров В.И.,ФУПМ,профессор,к.н.
Соколов Е.П.,ФИВТ,доцент,
Новиков Е.П.,ФФ,,к.н.
Иванов М.Ю.,ФРТ,ассистент,
Соколов Л.О.,ФРТ,профессор,д.н.
Морозов И.К.,ФРТ,профессор,д.н.
Кузнецов Г.Н.,ФМиМ,ассистент,д.н.
Лебедев М.Ю.,ФЭТ,,д.н.
Петров М.Ю.,ИТМО,ассистент,к.н.
Соколов Л.О.,ФФ,доцент,д.н.
Смирнов К.М.,ФРТ,профессор,д.н.
Козлов В.И.,ФФ,,к.н.
Лебедев Г.Н.,ФМиЕН,доцент,д.н.
Соколов Г.Н.,ФМиМ,ассистент,д.н.
Егоров Ж.Р.,ФРТ,ассистент,к.н.
Иванов А.А.,ФМиЕН,доцент,
Алексеев И.К.,ФМиМ,ассистент,
Новиков Е.П.,ИТМО,доцент,к.н.
Козлов Г.Н.,ФУПМ,профессор,д.н.
Смирнов Ж.Р.,ФМиЕН,доцент,к.н.
Козлов Б.В.,ФИТ,,д.н.
Попов А.А.,ФФ,профессор,
Лебедева Д.С.,ФМиМ,,
Волков А.А.,ФПМИ,,к.н.
Морозов Л.О.,ФЭТ,ассистент,д.н.
Егоров Л.О.,ФИВТ,ассистент,к.н.
Кузнецов Б.В.,ФМиМ,доцент,д.н.
Морозов В.И.,ФФ,ассистент,к.н.
Алексеев Ж.Р.,ФРТ,ассистент,к.н.
Сидоров Б.В.,ИТМО,профессор,к.н.
Козлов А.А.,ФФ,доцент,к.н.
Лебедев Б.В.,ФМиМ,доцент,д.н.
Соколов Л.О.,ФУПМ,профессор,
Попов Г.Н.,ФФ,ассистент,д.н.
Кузнецов А.А.,ФФ,доцент,к.н.
Алексеев Г.Н.,ФИВТ,профессор,к.н.
Волков А.А.,ФМиМ,доцент,
Семенов Д.С.,ФИВТ,профессор,д.н.
Иванов З.Т.,ФУПМ,ассистент,д.н.
Семенов Ж.Р.,ФМиЕН,ассистент,д.н.
Семенов М.Ю.,ФПМИ,доцент,
Смирнов Л.О.,ФИТ,ассистент,
Егоров И.К.,ФФ,,
Новиков К.М.,ФИВТ,доцент,д.н.
Иванов Г.Н.,ФМиМ,ассистент,
Семенов И.К.,ФРТ,доцент,
Соколов И.К.,ФМиМ,доцент,
Кузнецов Д.С.,ФРТ,ассистент,д.н.
Волков А.А.,ФИВТ,,д.н.
Кузнецов И.К.,ФМиМ,,д.н.
Лебедева Д.С.,ФПМИ,доцент,д.н.
Кузнецов А.А.,ФУПМ,ассистент,к.н.
Иванов Д.С.,ФМиЕН,доцент,
Лебедев М.Ю.,ФУПМ,доцент,д.н.
Иванов Ж.Р.,ФИВТ,доцент,д.н.
Кузнецов З.Т.,ИТМО,профессор,д.н.
Волков М.Ю.,ИТМО,ассистент,
Морозов Б.В.,ФУПМ,доцент,
Егоров Е.П.,ФПМИ,доцент,к.н.
Алексеев М.Ю.,ФИВТ,,к.н.
Волков В.И.,ФПМИ,ассистент,к.н.
Егоров И.К.,ФМиЕН,,к.н.
Кузнецов Г.Н.,ФИВТ,профессор,д.н.
Попов К.М.,ФМиМ,доцент,д.н.
Лебедева Л.О.,ИТМО,доцент,д.н.
Лебедев Е.П.,ФФ,ассистент,
Лебедева М.Ю.,ФЭТ,ассистент,к.н.
Козлов К.М.,ФЭТ,ассистент,
Лебедева Д.С.,ФИВТ,,к.н.
Лебедева Г.Н.,ФМиМ,ассистент,д.н.
Смирнов М.Ю.,ФИТ,профессор,
Иванов Г.Н.,ФФ,,д.н.
Сидоров А.А.,ФУПМ,доцент,к.н.
Петров Л.О.,ФМиМ,,к.н.
Иванов М.Ю.,ФМиЕН,ассистент,к.н.
Лебедева Ж.Р.,ФМиМ,доцент,д.н.
Попов Е.П.,ФПМИ,доцент,д.н.
Иванов Б.В.,ФИТ,профессор,д.н.
Семенов Е.П.,ФИВТ,,
Семенов Л.О.,ФУПМ,ассистент,д.н.
Егоров Д.С.,ИТМО,ассистент,
Смирнов Ж.Р.,ФРТ,доцент,д.н.
Семенов Б.В.,ФРТ,профессор,
Иванов А.А.,ФИТ,профессор,к.н.
Иванов Г.Н.,ИТМО,,к.н.
Смирнов Д.С.,ФФ,,
Семенов Г.Н.,ФИТ,ассистент,д.н.
Иванов Ж.Р.,ФИТ,,д.н.
Козлов Д.С.,ФРТ,доцент,
Лебедева А.А.,ФМиМ,профессор,
Лебедева Л.О.,ФИТ,,
Попов Г.Н.,ФРТ,ассистент,
Волков Б.В.,ИТМО,профессор,д.н.
Лебедева И.К.,ФЭТ,доцент,к.н.
Егоров В.И.,ФПМИ,доцент,
Семенов Д.С.,ФРТ,ассистент,к.н.
Новиков Л.О.,ФРТ,,к.н.
Волков Б.В.,ФМиЕН,,к.н.
Петров К.М.,ФЭТ,ассистент,
Лебедев Б.В.,ФИТ,,к.н.
Волков З.Т.,ФФ,профессор,к.н.
Смирнов Л.О.,ФУПМ,ассистент,к.н.
Попов В.И.,ФИВТ,,д.н.
Лебедев И.К.,ФПМИ,,д.н.
Егоров А.А.,ФИВТ,профессор,д.н.
Морозов Л.О.,ФПМИ,,к.н.
Козлов Ж.Р.,ФМиМ,ассистент,д.н.
Егоров Д.С.,ФИВТ,доцент,к.н.
Волков Б.В.,ФИВТ,,к.н.
Сидоров Е.П.,ФЭТ,профессор,
Лебедева М.Ю.,ФЭТ,профессор,
Лебедева З.Т.,ФЭТ,,к.н.
Лебедева Е.П.,ФФ,ассистент,к.н.
Сидоров З.Т.,ИТМО,доцент,д.н.
Лебедева Л.О.,ФМиМ,,д.н.
Морозов К.М.,ФРТ,,д.н.
Кузнецов Д.С.,ИТМО,профессор,
Кузнецов З.Т.,ФМиМ,доцент,д.н.
Петров Б.В.,ФМиМ,профессор,
Семенов К.М.,ИТМО,профессор,к.н.
Егоров А.А.,ФИВТ,ассистент,
Иванов А.А.,ФМиЕН,,к.н.
Лебедева Б.В.,ФИТ,,д.н.
Алексеев И.К.,ФИТ,ассистент,к.н.
Смирнов И.К.,ФИВТ,доцент,д.н.
Соколов Б.В.,ФРТ,профессор,д.н.
Семенов А.А.,ФРТ,профессор,к.н.
Иванов Е.П.,ФФ,профессор,к.н.
Петров З.Т.,ФЭТ,профессор,к.н.
Алексеев Ж.Р.,ФИТ,доцент,д.н.
Петров З.Т.,ФФ,доцент,к.н.
Лебедев В.И.,ФЭТ,доцент,
Козлов Б.В.,ИТМО,ассистент,к.н.
Алексеев Д.С.,ФПМИ,ассистент,к.н.
Смирнов Е.П.,ФМиЕН,,д.н.
Алексеев Ж.Р.,ФРТ,,
Попов И.К.,ФФ,профессор,д.н.
Егоров Л.О.,ИТМО,,к.н.
Попов Е.П.,ФЭТ,доцент,
Алексеев Г.Н.,ФПМИ,доцент,к.н.
Сидоров К.М.,ФЭТ,доцент,к.н.
Волков В.И.,ФУПМ,,
Морозов Д.С.,ФФ,доцент,к.н.
Попов Ж.Р.,ФМиМ,доцент,д.н.
Попов Л.О.,ФМиМ,профессор,
Алексеев А.А.,ФИВТ,доцент,д.н.
Иванов Е.П.,ФИВТ,профессор,к.н.
Козлов Г.Н.,ФМиМ,профессор,к.н.
Попов Д.С.,ФРТ,профессор,к.н.
Соколов И.К.,ФЭТ,ассистент,
Козлов Е.П.,ФИВТ,профессор,
Смирнов Д.С.,ФЭТ,ассистент,к.н.
Иванов К.М.,ФМиЕН,профессор,д.н.
Новиков З.Т.,ФФ,доцент,к.н.
Семенов М.Ю.,ФПМИ,профессор,д.н.
Новиков И.К.,ФПМИ,профессор,к.н.
Иванов Ж.Р.,ФМиМ,,
Смирнов Б.В.,ФЭТ,доцент,д.н.
Смирнов Л.О.,ФУПМ,,к.н.
Лебедева А.А.,ФРТ,ассистент,к.н.
Волков В.И.,ФУПМ,,д.н.
Лебедева З.Т.,ФРТ,доцент,к.н.
Иванов И.К.,ИТМО,ассистент,
Морозов Б.В.,ФУПМ,,д.н.
Новиков Е.П.,ФМиМ,профессор,к.н.
Семенов Г.Н.,ИТМО,,к.н.
Иванов Б.В.,ФЭТ,ассистент,
Петров Л.О.,ФУПМ,,к.н.
Попов Б.В.,ФУПМ,доцент,
Егоров А.А.,ФФ,доцент,к.н.
Иванов Г.Н.,ФИВТ,доцент,к.н.
Алексеев З.Т.,ФФ,профессор,д.н.
Сидоров Л.О.,ФПМИ,ассистент,д.н.
Козлов З.Т.,ФФ,профессор,
Семенов В.И.,ФФ,доцент,д.н.
Волков Д.С.,ФМиМ,,к.н.
Лебедев А.А.,ФМиЕН,ассистент,
Сидоров Б.В.,ФЭТ,профессор,
Иванов К.М.,ФЭТ,доцент,д.н.
Семенов В.И.,ИТМО,доцент,д.н.
Козлов Д.С.,ФМиМ,профессор,д.н.
Егоров Ж.Р.,ФФ,доцент,
Соколов А.А.,ФЭТ,ассистент,
Соколов Ж.Р.,ФУПМ,профессор,
Алексеев Е.П.,ФРТ,доцент,д.н.
Сидоров Е.П.,ФМиМ,,
Иванов Е.П.,ФМиЕН,ассистент,д.н.
Попов К.М.,ФМиЕН,доцент,
Лебедева И.К.,ФМиЕН,доцент,д.н.
Петров И.К.,ФМиМ,профессор,д.н.
Петров Б.В.,ИТМО,доцент,д.н.
Лебедева Ж.Р.,ФФ,,д.н.
Семенов Д.С.,ФФ,,
Алексеев И.К.,ИТМО,,к.н.
Кузнецов Л.О.,ФМиМ,доцент,
Иванов З.Т.,ФЭТ,,
Сидоров Д.С.,ФМиМ,,
Новиков Д.С.,ИТМО,ассистент,
Лебедева З.Т.,ФИТ,ассистент,
Семенов А.А.,ФМиЕН,ассистент,д.н.
Лебедева И.К.,ФИТ,,
Соколов Ж.Р.,ФЭТ,,к.н.
Соколов Ж.Р.,ФИВТ,,д.н.
Козлов Ж.Р.,ФИВТ,профессор,д.н.
Новиков Е.П.,ФПМИ,ассистент,к.н.
Семенов З.Т.,ФИВТ,,д.н.
Семенов Г.Н.,ФМиЕН,профессор,
Иванов Л.О.,ФФ,профессор,
Петров Е.П.,ФМиМ,доцент,к.н.
Петров К.М.,ФИВТ,ассистент,д.н.
Лебедева М.Ю.,ФЭТ,доцент,д.н.
Смирнов Ж.Р.,ФИТ,профессор,д.н.
Волков И.К.,ФПМИ,доцент,к.н.
Новиков А.А.,ФФ,профессор,к.н.
Попов А.А.,ИТМО,доцент,
Козлов Г.Н.,ФЭТ,профессор,
Кузнецов А.А.,ФРТ,,
Смирнов Л.О.,ФФ,доцент,д.н.
Алексеев В.И.,ФИВТ,профессор,к.н.
Козлов М.Ю.,ФПМИ,доцент,
Семенов Б.В.,ФИВТ,профессор,
Лебедев И.К.,ФМиМ,доцент,к.н.
Петров З.Т.,ФФ,доцент,
Лебедева Б.В.,ФИВТ,,
Морозов К.М.,ФРТ,профессор,к.н.
Морозов К.М.,ФФ,,д.н.
Алексеев Ж.Р.,ФИТ,доцент,
Соколов З.Т.,ФМиМ,профессор,
Лебедева Б.В.,ФПМИ,профессор,к.н.
Соколов Д.С.,ФЭТ,,д.н.
Иванов М.Ю.,ИТМО,,
Морозов М.Ю.,ФМиЕН,,д.н.
Сидоров З.Т.,ФЭТ,,к.н.
Волков Д.С.,ФМиМ,доцент,д.н.
Смирнов Л.О.,ФЭТ,профессор,
Морозов М.Ю.,ФРТ,профессор,д.н.
Алексеев А.А.,ФМиМ,профессор,к.н.
Семенов З.Т.,ФИТ,,д.н.
Семенов В.И.,ИТМО,доцент,к.н.
Сидоров Д.С.,ФУПМ,доцент,
Попов Д.С.,ФУПМ,профессор,д.н.
Соколов Д.С.,ФМиМ,,к.н.
Козлов Л.О.,ФМиЕН,,к.н.
Козлов К.М.,ФРТ,ассистент,д.н.
Петров Ж.Р.,ФУПМ,доцент,
Новиков Е.П.,ФУПМ,профессор,к.н.
Смирнов Д.С.,ФФ,ассистент,
Попов Л.О.,ИТМО,доцент,
Семенов В.И.,ФИВТ,доцент,
Лебедев Д.С.,ФИТ,профессор,к.н.
Алексеев К.М.,ФИВТ,доцент,д.н.
Сидоров К.М.,ФИВТ,доцент,д.н.
Петров Е.П.,ФЭТ,ассистент,к.н.
Петров Б.В.,ФПМИ,ассистент,
Соколов К.М.,ФМиЕН,ассистент,к.н.
Лебедев В.И.,ФИВТ,,к.н.
Лебедева Ж.Р.,ФРТ,профессор,к.н.
Козлов Д.С.,ФПМИ,профессор,
Волков Д.С.,ФМиЕН,профессор,к.н.
Морозов М.Ю.,ИТМО,доцент,д.н.
Егоров К.М.,ИТМО,доцент,д.н.
Соколов К.М.,ФФ,,
Сидоров Г.Н.,ФИВТ,ассистент,д.н.
Попов Е.П.,ФРТ,ассистент,
Новиков Б.В.,ФПМИ,ассистент,
Лебедева В.И.,ФМиЕН,,
Иванов Е.П.,ФРТ,доцент,д.н.
Новиков А.А.,ФЭТ,доцент,
Егоров А.А.,ИТМО,,д.н.
Новиков З.Т.,ФМиМ,профессор,к.н.
Соколов З.Т.,ФЭТ,доцент,к.н.
Сидоров К.М.,ИТМО,доцент,к.н.
Попов Г.Н.,ФМиЕН,,д.н.
Семенов К.М.,ФПМИ,ассистент,к.н.
Алексеев З.Т.,ФИТ,профессор,д.н.
Волков К.М.,ФЭТ,ассистент,
Морозов В.И.,ФЭТ,ассистент,
Волков И.К.,ФФ,,
Лебедева Б.В.,ФМиЕН,,д.н.
Алексеев З.Т.,ФМиЕН,доцент,к.н.
Смирнов Б.В.,ФМиМ,профессор,к.н.
Петров Ж.Р.,ФУПМ,ассистент,
Соколов Б.В.,ФУПМ,ассистент,
Сидоров Ж.Р.,ФИТ,доцент,
Лебедева З.Т.,ФФ,,к.н.
Новиков З.Т.,ФМиЕН,,
Алексеев Е.П.,ИТМО,профессор,д.н.
Алексеев Ж.Р.,ФИТ,доцент,д.н.
Новиков И.К.,ФМиЕН,профессор,д.н.
Волков З.Т.,ФМиМ,доцент,д.н.
Алексеев Л.О.,ФРТ,доцент,
Алексеев И.К.,ФРТ,доцент,
Соколов К.М.,ФФ,доцент,
Козлов Е.П.,ФУПМ,профессор,к.н.
Семенов В.И.,ФЭТ,ассистент,д.н.
Лебедева И.К.,ФИТ,ассистент,
Лебедева Ж.Р.,ФМиЕН,доцент,д.н.
Новиков Е.П.,ФФ,ассистент,
Волков И.К.,ФИТ,,д.н.
Петров М.Ю.,ФИВТ,профессор,д.н.
Алексеев И.К.,ФИВТ,доцент,к.н.
Волков Е.П.,ФИТ,доцент,
Кузнецов М.Ю.,ФПМИ,,к.н.
Иванов Б.В.,ФПМИ,,к.н.
Попов Д.С.,ФМиМ,,
Морозов З.Т.,ФМиМ,ассистент,
Смирнов И.К.,ФФ,профессор,к.н.
Кузнецов Ж.Р.,ФПМИ,профессор,к.н.
Соколов К.М.,ФПМИ,профессор,
Семенов Д.С.,ФИТ,доцент,д.н.
Сидоров Б.В.,ФЭТ,доцент,
Морозов М.Ю.,ФФ,профессор,
Соколов Е.П.,ФМиЕН,профессор,
Попов Л.О.,ФМиМ,профессор,д.н.
Сидоров А.А.,ФЭТ,ассистент,к.н.
Морозов В.И.,ФЭТ,ассистент,д.н.
Иванов Д.С.,ФЭТ,ассистент,д.н.
Семенов М.Ю.,ФПМИ,ассистент,
Соколов М.Ю.,ФМиЕН,доцент,
Соколов И.К.,ФМиЕН,ассистент,
Петров Б.В.,ФПМИ,профессор,д.н.
Иванов К.М.,ФФ,профессор,к.н.
Егоров Л.О.,ФИТ,профессор,к.н.
Козлов В.И.,ФУПМ,ассистент,д.н.
Волков Е.П.,ФИТ,,к.н.
Сидоров Ж.Р.,ФФ,,к.н.
Семенов К.М.,ФИТ,доцент,к.н.
Алексеев Ж.Р.,ФМиМ,,
Козлов Л.О.,ФФ,ассистент,
Соколов А.А.,ФИВТ,профессор,к.н.
Лебедева А.А.,ФМиМ,ассистент,
Попов В.И.,ФУПМ,ассистент,
Морозов Б.В.,ФФ,профессор,д.н.
Лебедев Е.П.,ФУПМ,доцент,
Соколов И.К.,ИТМО,,к.н.
Смирнов В.И.,ФПМИ,доцент,
Козлов М.Ю.,ФМиМ,профессор,
Попов А.А.,ФМиЕН,профессор,к.н.
Иванов М.Ю.,ФМиЕН,профессор,
Петров К.М.,ФИТ,,д.н.
Новиков Б.В.,ФМиМ,профессор,к.н.
Соколов Б.В.,ФИТ,,
Алексеев З.Т.,ИТМО,профессор,к.н.
Семенов И.К.,ФМиМ,,к.н.
Козлов К.М.,ФФ,профессор,
Волков А.А.,ФФ,профессор,д.н.
Новиков К.М.,ФРТ,доцент,к.н.
Морозов В.И.,ФМиМ,,д.н.
Козлов М.Ю.,ИТМО,ассистент,
Новиков Б.В.,ФИВТ,профессор,д.н.
Смирнов А.А.,ФМиМ,,к.н.
Сидоров Г.Н.,ФРТ,,к.н.
Семенов М.Ю.,ФУПМ,,
Лебедев Ж.Р.,ФПМИ,доцент,д.н.
Егоров Е.П.,ФРТ,,д.н.
Попов В.И.,ФФ,профессор,
Сидоров Е.П.,ФУПМ,профессор,д.н.
Попов Е.П.,ФИВТ,профессор,
Волков В.И.,ФМиЕН,ассистент,
Иванов Ж.Р.,ИТМО,доцент,д.н.
Лебедева Е.П.,ФПМИ,профессор,
Козлов Д.С.,ИТМО,доцент,
Сидоров В.И.,ИТМО,ассистент,д.н.
Попов И.К.,ФРТ,доцент,
Иванов Б.В.,ФИВТ,профессор,д.н.
Козлов Ж.Р.,ФИТ,профессор,д.н.
Смирнов Д.С.,ФФ,доцент,к.н.
Кузнецов Л.О.,ФПМИ,доцент,
Алексеев М.Ю.,ФРТ,,д.н.
Волков И.К.,ФИВТ,профессор,к.н.
Волков И.К.,ФМиЕН,доцент,
Новиков К.М.,ФИТ,профессор,д.н.
Соколов И.К.,ФИТ,доцент,к.н.
Петров А.А.,ФРТ,доцент,д.н.
Алексеев Б.В.,ФПМИ,доцент,к.н.
Лебедева К.М.,ФМиЕН,,
Морозов И.К.,ФРТ,ассистент,
Иванов В.И.,ИТМО,профессор,
Сидоров И.К.,ФЭТ,доцент,к.н.
Сидоров Б.В.,ФУПМ,доцент,д.н.
Козлов Л.О.,ФУПМ,ассистент,
Попов Д.С.,ФПМИ,,
Попов Д.С.,ИТМО,,
Попов И.К.,ФФ,ассистент,
Попов А.А.,ФУПМ,ассистент,к.н.
Семенов Е.П.,ФПМИ,,
Петров З.Т.,ФПМИ,доцент,
Соколов К.М.,ФЭТ,,к.н.
Кузнецов К.М.,ФРТ,профессор,к.н.
Смирнов В.И.,ФИТ,ассистент,к.н.
Новиков З.Т.,ИТМО,доцент,д.н.
Кузнецов Б.В.,ФМиМ,ассистент,к.н.
Алексеев Г.Н.,ФИТ,,к.н.
Морозов А.А.,ФМиМ,доцент,д.н.
Иванов И.К.,ФРТ,,к.н.
Алексеев З.Т.,ФРТ,профессор,
Петров Ж.Р.,ФИТ,ассистент,к.н.
Соколов А.А.,ФФ,профессор,д.н.
Козлов Б.В.,ФРТ,доцент,
Кузнецов Б.В.,ФФ,профессор,к.н.
Смирнов А.А.,ИТМО,,
Иванов Е.П.,ФПМИ,профессор,д.н.
Лебедева Е.П.,ФПМИ,ассистент,д.н.
Соколов А.А.,ФИВТ,профессор,к.н.
Егоров Ж.Р.,ФФ,доцент,д.н.
Алексеев А.А.,ИТМО,,к.н.
Новиков Д.С.,ФРТ,профессор,к.н.
Сидоров Д.С.,ФИТ,ассистент,к.н.
Смирнов В.И.,ИТМО,ассистент,д.н.
Попов Е.П.,ФУПМ,профессор,д.н.
Попов К.М.,ИТМО,профессор,к.н.
Лебедев Б.В.,ФУПМ,профессор,
Попов Е.П.,ФИВТ,,
Кузнецов Е.П.,ФЭТ,ассистент,к.н.
Соколов А.А.,ФИВТ,,к.н.
Козлов И.К.,ФФ,,к.н.
Попов М.Ю.,ФМиЕН,,д.н.
Семенов Д.С.,ИТМО,,к.н.
Кузнецов Л.О.,ФЭТ,профессор,д.н.
Соколов Ж.Р.,ФРТ,ассистент,к.н.
Алексеев А.А.,ФМиЕН,профессор,к.н.
Сидоров А.А.,ФПМИ,,д.н.
Петров Ж.Р.,ФРТ,,д.н.
Семенов М.Ю.,ФФ,ассистент,к.н.
Козлов Ж.Р.,ФМиМ,ассистент,
Сидоров М.Ю.,ФРТ,,к.н.
Кузнецов А.А.,ИТМО,профессор,
Лебедева Ж.Р.,ИТМО,профессор,к.н.
Иванов Е.П.,ФМиЕН,доцент,
Козлов М.Ю.,ФИТ,ассистент,д.н.
Морозов Ж.Р.,ФПМИ,,д.н.
Петров Б.В.,ФМиЕН,,д.н.
Морозов Л.О.,ФИВТ,,
Иванов М.Ю.,ФПМИ,профессор,к.н.
Волков Л.О.,ИТМО,доцент,к.н.
Козлов А.А.,ФЭТ,,д.н.
Лебедев В.И.,ФМиМ,,к.н.
Семенов Б.В.,ФПМИ,,к.н.
Алексеев Ж.Р.,ФЭТ,профессор,к.н.
Лебедев Л.О.,ФМиЕН,доцент,
Сидоров Д.С.,ФИТ,профессор,д.н.
Кузнецов З.Т.,ФИВТ,доцент,
Смирнов Д.С.,ФЭТ,профессор,д.н.
Лебедева Б.В.,ФПМИ,ассистент,
Иванов В.И.,ФМиЕН,профессор,д.н.
Смирнов А.А.,ФФ,ассистент,д.н.
Лебедев Г.Н.,ФРТ,,
Лебедев Е.П.,ФФ,,д.н.
Смирнов И.К.,ФМиЕН,профессор,к.н.
Лебедев Б.В.,ФМиЕН,профессор,к.н.
Кузнецов Л.О.,ФИВТ,,д.н.
Смирнов Е.П.,ФПМИ,,
Лебедев Ж.Р.,ФРТ,,
Лебедев Г.Н.,ФИТ,ассистент,к.н.
Козлов Б.В.,ФПМИ,,
Морозов Л.О.,ФЭТ,профессор,д.н.
Смирнов Б.В.,ФУПМ,профессор,д.н.
Семенов В.И.,ФФ,профессор,
Новиков В.И.,ФИВТ,доцент,
Иванов М.Ю.,ФРТ,профессор,д.н.
Козлов М.Ю.,ФРТ,,д.н.
Новиков Б.В.,ФМиЕН,ассистент,
Сидоров М.Ю.,ФЭТ,профессор,
Морозов Д.С.,ФИВТ,профессор,
Иванов А.А.,ФМиЕН,,
Соколов Г.Н.,ФМиЕН,доцент,д.н.
Лебедева Ж.Р.,ФИВТ,,
Егоров В.И.,ИТМО,профессор,
Сидоров Ж.Р.,ФИТ,ассистент,
Семенов И.К.,ФУПМ,доцент,
Алексеев И.К.,ФПМИ,ассистент,д.н.
Соколов В.И.,ФФ,ассистент,
Алексеев А.А.,ФМиЕН,ассистент,к.н.
Лебедев З.Т.,ФИТ,,к.н.
Кузнецов Л.О.,ФМиЕН,доцент,д.н.
Соколов В.И.,ФПМИ,ассистент,к.н.
Смирнов Ж.Р.,ИТМО,,
Кузнецов Л.О.,ФЭТ,,
Иванов Е.П.,ИТМО,ассистент,к.н.
Егоров Е.П.,ФУПМ,профессор,к.н.
Семенов К.М.,ФИТ,доцент,д.н.
Козлов А.А.,ИТМО,,к.н.
Попов И.К.,ФМиЕН,доцент,
Попов А.А.,ФЭТ,ассистент,к.н.
Попов В.И.,ФИТ,профессор,д.н.
Волков М.Ю.,ФМиМ,профессор,к.н.
Семенов А.А.,ФЭТ,доцент,д.н.
Семенов М.Ю.,ФРТ,профессор,д.н.
Иванов В.И.,ФИТ,доцент,к.н.
Сидоров Ж.Р.,ФФ,профессор,д.н.
Лебедев Ж.Р.,ФРТ,доцент,
Соколов М.Ю.,ФРТ,профессор,
Семенов Б.В.,ФЭТ,ассистент,
Смирнов А.А.,ФЭТ,ассистент,д.н.
Новиков А.А.,ФМиМ,доцент,
Волков Г.Н.,ФФ,доцент,д.н.
Смирнов Л.О.,ФИТ,,д.н.
Смирнов А.А.,ФФ,ассистент,к.н.
Козлов Ж.Р.,ФФ,профессор,д.н.
Иванов Д.С.,ФМиМ,доцент,к.н.
Козлов В.И.,ФЭТ,профессор,
Новиков Д.С.,ФИТ,,д.н.
Соколов Е.П.,ФИТ,доцент,
Алексеев Ж.Р.,ФПМИ,доцент,д.н.
Алексеев В.И.,ФРТ,ассистент,
Семенов В.И.,ФРТ,доцент,к.н.
Семенов Л.О.,ФИВТ,,д.н.
Козлов И.К.,ФИТ,профессор,д.н.
Козлов Г.Н.,ФИТ,доцент,
Иванов В.И.,ФЭТ,ассистент,
Лебедев И.К.,ФМиЕН,профессор,к.н.
Алексеев Ж.Р.,ФИТ,ассистент,
Соколов Г.Н.,ФПМИ,доцент,к.н.
Егоров Д.С.,ФИТ,профессор,
Попов З.Т.,ФФ,доцент,д.н.
Волков В.И.,ФМиЕН,ассистент,д.н.
Соколов Ж.Р.,ИТМО,,к.н.
Лебедев В.И.,ФПМИ,профессор,
Сидоров Е.П.,ФПМИ,ассистент,д.н.
Сидоров К.М.,ФМиЕН,ассистент,д.н.
Петров Г.Н.,ИТМО,,
Семенов А.А.,ФУПМ,,д.н.
Алексеев Ж.Р.,ФУПМ,,д.н.
Лебедев К.М.,ФРТ,,д.н.
Егоров Б.В.,ФУПМ,профессор,к.н.
Алексеев З.Т.,ФПМИ,,к.н.
Новиков М.Ю.,ФРТ,ассистент,д.н.
Сидоров Л.О.,ФИВТ,доцент,
Смирнов Ж.Р.,ИТМО,,д.н.
Смирнов Е.П.,ФФ,ассистент,д.н.
Попов В.И.,ФФ,профессор,д.н.
Попов Б.В.,ИТМО,профессор,
Лебедева К.М.,ФПМИ,профессор,д.н.
Козлов Е.П.,ФМиЕН,профессор,к.н.
Лебедев Д.С.,ФФ,доцент,к.н.
Семенов Ж.Р.,ФИТ,доцент,к.н.
Алексеев Д.С.,ФИВТ,ассистент,
Попов И.К.,ФФ,доцент,д.н.
Семенов И.К.,ФРТ,ассистент,к.н.
Лебедева Б.В.,ФИТ,профессор,к.н.
Лебедев В.И.,ФПМИ,профессор,
Соколов Б.В.,ФРТ,,к.н.
Волков В.И.,ФИТ,профессор,к.н.
Попов Е.П.,ФИВТ,профессор,к.н.
Лебедев М.Ю.,ФРТ,ассистент,д.н.
Иванов А.А.,ФМиМ,ассистент,к.н.
Кузнецов З.Т.,ФПМИ,профессор,к.н.
Сидоров А.А.,ИТМО,ассистент,
Петров И.К.,ФРТ,ассистент,к.н.
Иванов И.К.,ФМиМ,доцент,к.н.
Смирнов Е.П.,ФМиЕН,доцент,к.н.
Семенов К.М.,ФИВТ,профессор,
Соколов И.К.,ФМиЕН,профессор,
Петров К.М.,ФПМИ,,д.н.
Соколов И.К.,ФФ,профессор,д.н.
Лебедева З.Т.,ИТМО,профессор,
Волков И.К.,ФМиМ,профессор,д.н.
Петров Л.О.,ФМиЕН,ассистент,д.н.
Алексеев Е.П.,ФЭТ,профессор,
Иванов К.М.,ИТМО,ассистент,к.н.
Лебедева В.И.,ФИТ,профессор,
Петров Г.Н.,ФРТ,ассистент,к.н.
Лебедев Б.В.,ИТМО,доцент,д.н.
Новиков К.М.,ФИВТ,,к.н.
Иванов Д.С.,ФФ,ассистент,к.н.
Семенов М.Ю.,ИТМО,доцент,
Попов А.А.,ИТМО,профессор,к.н.
Морозов Г.Н.,ФИТ,,д.н.
Новиков З.Т.,ФИВТ,профессор,к.н.
Новиков Ж.Р.,ФИТ,ассистент,к.н.
Волков В.И.,ФИТ,доцент,к.н.
Семенов Д.С.,ФФ,профессор,д.н.
Лебедева Ж.Р.,ФФ,доцент,к.н.
Смирнов К.М.,ИТМО,ассистент,
Попов Л.О.,ФМиМ,ассистент,д.н.
Козлов М.Ю.,ФЭТ,,д.н.
Сидоров И.К.,ИТМО,профессор,к.н.
Смирнов Е.П.,ФМиЕН,,д.н.
Волков А.А.,ФРТ,,д.н.
Соколов Д.С.,ФМиМ,ассистент,д.н.
Алексеев Д.С.,ФИВТ,доцент,д.н.
Морозов Б.В.,ФРТ,профессор,к.н.
Алексеев М.Ю.,ФМиМ,доцент,д.н.
Смирнов А.А.,ФЭТ,ассистент,
Новиков Ж.Р.,ФРТ,,к.н.
Смирнов Е.П.,ФПМИ,,к.н.
Смирнов З.Т.,ФПМИ,профессор,
Иванов Г.Н.,ФМиМ,доцент,д.н.
Лебедев М.Ю.,ФЭТ,ассистент,
Морозов М.Ю.,ФМиЕН,доцент,
Петров И.К.,ФИТ,профессор,к.н.
Морозов К.М.,ФПМИ,профессор,
Алексеев Ж.Р.,ИТМО,,д.н.
Лебедева Д.С.,ФМиМ,ассистент,
Семенов К.М.,ФФ,доцент,
Попов Б.В.,ИТМО,,д.н.
Соколов А.А.,ФМиЕН,ассистент,
Волков Б.В.,ФИВТ,,к.н.
Сидоров М.Ю.,ФЭТ,ассистент,
Егоров Г.Н.,ФФ,профессор,
Попов Б.В.,ФЭТ,ассистент,д.н.
Сидоров Ж.Р.,ФИТ,,д.н.
Семенов Д.С.,ФПМИ,ассистент,д.н.
Лебедева Ж.Р.,ФРТ,,к.н.
Новиков К.М.,ФЭТ,,
Соколов В.И.,ФМиМ,ассистент,
Попов И.К.,ФУПМ,ассистент,д.н.
Сидоров Е.П.,ФРТ,,к.н.
Петров М.Ю.,ФИТ,,к.н.
Семенов З.Т.,ИТМО,доцент,к.н.
Кузнецов Ж.Р.,ФИТ,,д.н.
Попов Г.Н.,ФФ,ассистент,
Сидоров Л.О.,ФМиМ,доцент,д.н.
Новиков Е.П.,ФЭТ,,к.н.
Смирнов Б.В.,ФМиМ,,д.н.
Козлов И.К.,ФПМИ,ассистент,д.н.
Лебедев А.А.,ФМиМ,профессор,д.н.
Волков К.М.,ФПМИ,ассистент,
Лебедев Б.В.,ФРТ,ассистент,
Иванов Л.О.,ФМиМ,ассистент,к.н.
Сидоров Ж.Р.,ФИТ,доцент,к.н.
Егоров И.К.,ФПМИ,ассистент,к.н.
Сидоров В.И.,ФЭТ,профессор,д.н.
Иванов Б.В.,ФФ,профессор,д.н.
Егоров Г.Н.,ФЭТ,доцент,д.н.
Козлов Д.С.,ФИВТ,доцент,д.н.
Смирнов Ж.Р.,ФФ,ассистент,
Попов Л.О.,ФМиЕН,профессор,
Новиков В.И.,ФМиМ,профессор,д.н.
Новиков З.Т.,ФМиМ,,к.н.
Алексеев Л.О.,ФИТ,,
Егоров К.М.,ИТМО,,к.н.
Алексеев И.К.,ФРТ,профессор,к.н.
Лебедева Д.С.,ФИВТ,,д.н.
Новиков Е.П.,ФИТ,,к.н.
Соколов И.К.,ФИВТ,доцент,к.н.
Козлов М.Ю.,ФПМИ,,
Волков Е.П.,ФЭТ,профессор,д.н.
Иванов К.М.,ФИТ,,к.н.
Лебедева В.И.,ФУПМ,доцент,д.н.
Морозов Л.О.,ФМиЕН,доцент,к.н.
Егоров Л.О.,ФЭТ,,к.н.
Морозов Д.С.,ФМиМ,ассистент,
Кузнецов Л.О.,ИТМО,ассистент,
Волков И.К.,ФИВТ,доцент,к.н.
Соколов А.А.,ФМиМ,доцент,д.н.
Петров В.И.,ФРТ,ассистент,д.н.
Новиков З.Т.,ФЭТ,,к.н.
Кузнецов Д.С.,ФЭТ,доцент,к.н.
Козлов Ж.Р.,ФЭТ,профессор,д.н.
Лебедева К.М.,ФМиЕН,ассистент,д.н.
Иванов Д.С.,ФМиМ,профессор,д.н.
Петров Д.С.,ФФ,профессор,
Новиков М.Ю.,ФИВТ,ассистент,к.н.
Иванов М.Ю.,ФИТ,доцент,к.н.
Сидоров Л.О.,ИТМО,ассистент,к.н.
Козлов Б.В.,ФМиМ,доцент,д.н.
Новиков Д.С.,ИТМО,профессор,д.н.
Егоров А.А.,ФМиМ,,д.н.
Козлов Г.Н.,ФУПМ,,к.н.
Смирнов Ж.Р.,ФМиЕН,доцент,д.н.
Алексеев В.И.,ФИВТ,ассистент,д.н.
Алексеев Л.О.,ФМиЕН,ассистент,
Морозов В.И.,ФМиЕН,ассистент,д.н.
Сидоров В.И.,ИТМО,профессор,к.н.
Попов В.И.,ИТМО,профессор,к.н.
Семенов К.М.,ФЭТ,,
Петров И.К.,ФРТ,доцент,д.н.
Иванов Л.О.,ФМиМ,ассистент,к.н.
Петров Ж.Р.,ФФ,профессор,д.н.
Кузнецов К.М.,ФИВТ,профессор,к.н.
Смирнов Е.П.,ФУПМ,доцент,д.н.
Лебедев Д.С.,ФИТ,ассистент,д.н.
Новиков Д.С.,ФМиМ,ассистент,
Иванов З.Т.,ФИВТ,профессор,
Егоров А.А.,ФФ,ассистент,д.н.
Смирнов Е.П.,ФМиМ,ассистент,
Смирнов З.Т.,ФМиЕН,доцент,д.н.
Смирнов Д.С.,ФИТ,,
Морозов З.Т.,ФУПМ,,
Семенов И.К.,ФМиМ,ассистент,д.н.
Петров Г.Н.,ИТМО,профессор,к.н.
Волков К.М.,ФМиМ,профессор,
Морозов К.М.,ФФ,ассистент,
Сидоров К.М.,ФМиМ,доцент,д.н.
Петров Д.С.,ФПМИ,,к.н.
Смирнов З.Т.,ФИВТ,доцент,д.н.
Кузнецов Л.О.,ФМиМ,ассистент,
Сидоров А.А.,ФЭТ,,к.н.
Петров Ж.Р.,ИТМО,профессор,д.н.
Сидоров И.К.,ФИВТ,,к.н.
Петров Ж.Р.,ФФ,профессор,
Козлов А.А.,ФПМИ,профессор,
Попов К.М.,ФМиМ,,к.н.
Иванов В.И.,ФИТ,ассистент,к.н.
Алексеев Л.О.,ФМиЕН,доцент,к.н.
Попов К.М.,ФФ,,к.н.
Попов А.А.,ИТМО,профессор,
Соколов Д.С.,ФИТ,доцент,
Иванов М.Ю.,ФМиЕН,ассистент,к.н.
Лебедев М.Ю.,ФУПМ,профессор,д.н.
Семенов В.И.,ФЭТ,доцент,
Соколов Д.С.,ФФ,ассистент,
Смирнов В.И.,ФУПМ,,к.н.
Иванов Ж.Р.,ФИВТ,ассистент,д.н.
Соколов К.М.,ФМиМ,,д.н.
Волков К.М.,ИТМО,доцент,
Козлов Б.В.,ИТМО,ассистент,д.н.
Егоров В.И.,ФИТ,ассистент,
Петров А.А.,ФРТ,доцент,к.н.
Алексеев Е.П.,ФФ,профессор,д.н.
Егоров Д.С.,ФУПМ,профессор,
Алексеев А.А.,ФРТ,,д.н.
Новиков Б.В.,ФМиЕН,доцент,к.н.
Кузнецов Л.О.,ФИВТ,доцент,к.н.
Соколов В.И.,ФМиЕН,профессор,
Смирнов Б.В.,ФФ,профессор,к.н.
Петров И.К.,ФЭТ,,д.н.
Петров Б.В.,ФМиЕН,ассистент,д.н.
Морозов К.М.,ФРТ,профессор,
Смирнов Г.Н.,ИТМО,,д.н.
Попов Б.В.,ФРТ,доцент,д.н.
Егоров Д.С.,ФМиЕН,доцент,
Попов Г.Н.,ФМиЕН,профессор,д.н.
Семенов Е.П.,ФРТ,доцент,
Попов А.А.,ФМиМ,профессор,
Соколов И.К.,ФФ,,
Семенов Л.О.,ФФ,ассистент,к.н.
Петров К.М.,ФЭТ,ассистент,к.н.
Новиков Г.Н.,ФРТ,,к.н.
Новиков Ж.Р.,ФИВТ,ассистент,д.н.
Морозов Е.П.,ФМиМ,профессор,к.н.
Егоров Б.В.,ФИТ,,
Соколов В.И.,ФМиЕН,доцент,
Алексеев Л.О.,ФФ,профессор,д.н.
Иванов З.Т.,ФИТ,профессор,к.н.
Егоров А.А.,ФПМИ,,
Лебедева Д.С.,ФУПМ,,
Попов Е.П.,ФИВТ,,к.н.
Петров М.Ю.,ФМиМ,профессор,к.н.
Соколов Л.О.,ИТМО,,д.н.
Петров И.К.,ФМиЕН,доцент,
Попов Л.О.,ФПМИ,,д.н.
Соколов Е.П.,ФРТ,доцент,к.н.
Иванов Б.В.,ИТМО,ассистент,к.н.
Козлов Е.П.,ФПМИ,,
Алексеев Б.В.,ФИВТ,доцент,
Иванов М.Ю.,ФМиЕН,профессор,
Егоров Л.О.,ФИВТ,,д.н.
Петров Б.В.,ФРТ,доцент,
Семенов З.Т.,ФМиЕН,профессор,д.н.
Попов Б.В.,ФИТ,профессор,
Лебедева Г.Н.,ИТМО,,
Смирнов И.К.,ФРТ,доцент,д.н.
Морозов Л.О.,ФИВТ,,д.н.
Егоров Д.С.,ФМиМ,профессор,
Смирнов Б.В.,ФИТ,профессор,
Морозов Е.П.,ФМиМ,,д.н.
Волков Ж.Р.,ФМиЕН,,
Лебедева Б.В.,ФИВТ,профессор,к.н.
Смирнов Б.В.,ФИВТ,доцент,д.н.
Козлов Ж.Р.,ИТМО,ассистент,
Алексеев Д.С.,ФИВТ,доцент,к.н.
Егоров Е.П.,ФМиМ,,
Сидоров Е.П.,ФУПМ,профессор,д.н.
Кузнецов Г.Н.,ФПМИ,,
Новиков Л.О.,ФМиМ,,
Егоров В.И.,ФМиМ,профессор,к.н.
Петров К.М.,ФИТ,профессор,д.н.
Соколов Б.В.,ФЭТ,,д.н.
Волков Е.П.,ФПМИ,доцент,
Лебедева В.И.,ФИВТ,ассистент,
Семенов Л.О.,ФУПМ,,д.н.
Семенов Г.Н.,ФРТ,ассистент,д.н.
Соколов К.М.,ФЭТ,,к.н.
Петров Е.П.,ФМиЕН,,
Морозов А.А.,ИТМО,профессор,к.н.
Петров Л.О.,ФМиЕН,,к.н.
Петров Л.О.,ФИВТ,доцент,д.н.
Морозов А.А.,ФРТ,доцент,д.н.
Соколов Л.О.,ФЭТ,доцент,д.н.
Петров Б.В.,ФРТ,доцент,
Алексеев Ж.Р.,ФИВТ,,к.н.
Попов Б.В.,ФПМИ,,д.н.
Новиков В.И.,ФИТ,ассистент,
Смирнов Л.О.,ФФ,ассистент,д.н.
Соколов М.Ю.,ИТМО,,
Алексеев Г.Н.,ФПМИ,доцент,к.н.
Алексеев К.М.,ФИТ,ассистент,к.н.
Алексеев В.И.,ФИТ,профессор,к.н.
Соколов А.А.,ФМиМ,доцент,к.н.
Лебедев К.М.,ИТМО,ассистент,
Новиков Д.С.,ФФ,ассистент,к.н.
Кузнецов А.А.,ФИВТ,доцент,
Кузнецов Б.В.,ФИТ,доцент,к.н.
Алексеев М.Ю.,ФУПМ,доцент,
Петров М.Ю.,ФФ,,д.н.
Волков Ж.Р.,ФПМИ,профессор,к.н.
Попов Г.Н.,ФМиЕН,ассистент,к.н.
Егоров А.А.,ФЭТ,профессор,
Морозов Е.П.,ИТМО,ассистент,д.н.
Новиков Л.О.,ФРТ,ассистент,к.н.
Лебедева А.А.,ИТМО,ассистент,к.н.
Козлов Д.С.,ФИТ,ассистент,
Лебедев Е.П.,ФФ,профессор,д.н.
Волков З.Т.,ФИТ,доцент,д.н.
Попов Б.В.,ФРТ,,к.н.
Соколов Ж.Р.,ФИВТ,ассистент,к.н.
Кузнецов И.К.,ФУПМ,,
Козлов М.Ю.,ФФ,ассистент,
Иванов Б.В.,ФИВТ,,
Семенов А.А.,ИТМО,профессор,д.н.
Кузнецов М.Ю.,ИТМО,ассистент,
Новиков Ж.Р.,ИТМО,ассистент,к.н.
Смирнов Л.О.,ФПМИ,профессор,д.н.
Иванов К.М.,ИТМО,,д.н.
Петров Л.О.,ИТМО,профессор,
Алексеев З.Т.,ФИВТ,профессор,
Иванов Ж.Р.,ФМиМ,профессор,д.н.
Петров Ж.Р.,ФРТ,,д.н.
Лебедев Л.О.,ФФ,профессор,
Соколов Г.Н.,ФПМИ,ассистент,к.н.
Кузнецов К.М.,ИТМО,ассистент,д.н.
Новиков Л.О.,ФУПМ,профессор,
Новиков М.Ю.,ФМиЕН,доцент,
Алексеев Г.Н.,ФМиМ,доцент,к.н.
Лебедев Ж.Р.,ФИТ,,к.н.
Попов Е.П.,ИТМО,,к.н.
Козлов З.Т.,ИТМО,,к.н.
Семенов З.Т.,ФЭТ,,д.н.
Волков И.К.,ФРТ,,д.н.
Смирнов М.Ю.,ФИВТ,профессор,к.н.
Егоров Ж.Р.,ФЭТ,ассистент,д.н.
Лебедева М.Ю.,ИТМО,доцент,к.н.
Волков А.А.,ФЭТ,,д.н.
Попов В.И.,ФРТ,,к.н.
Петров Л.О.,ФФ,ассистент,к.н.
Лебедев Д.С.,ФУПМ,доцент,
Попов Л.О.,ИТМО,,
Смирнов И.К.,ФИТ,профессор,к.н.
Морозов З.Т.,ФУПМ,профессор,к.н.
Лебедев Г.Н.,ФПМИ,,
Смирнов М.Ю.,ФМиМ,ассистент,
Кузнецов З.Т.,ИТМО,доцент,д.н.
Лебедев З.Т.,ФИВТ,ассистент,к.н.
Смирнов Ж.Р.,ФИВТ,ассистент,
Попов Б.В.,ФЭТ,профессор,
Смирнов Л.О.,ФМиЕН,профессор,д.н.
Сидоров Ж.Р.,ФЭТ,ассистент,к.н.
Семенов Ж.Р.,ФМиМ,доцент,к.н.
Кузнецов Б.В.,ИТМО,доцент,к.н.
Иванов А.А.,ФИВТ,ассистент,
Петров М.Ю.,ИТМО,ассистент,д.н.
Кузнецов Е.П.,ФИВТ,доцент,д.н.
Семенов К.М.,ФФ,профессор,
Петров М.Ю.,ФЭТ,профессор,д.н.
Лебедев Г.Н.,ФМиМ,,к.н.
Смирнов Ж.Р.,ФИВТ,профессор,д.н.
Алексеев Л.О.,ФМиЕН,,
Петров В.И.,ФМиЕН,,д.н.
Волков З.Т.,ФИВТ,ассистент,
Алексеев Б.В.,ФЭТ,профессор,
Морозов Б.В.,ФМиЕН,доцент,
Лебедев Л.О.,ФПМИ,ассистент,
Морозов В.И.,ФИТ,,к.н.
Морозов Д.С.,ФПМИ,,д.н.
Соколов Е.П.,ФУПМ,,к.н.
Алексеев В.И.,ФМиЕН,доцент,
Лебедев К.М.,ИТМО,ассистент,к.н.
Алексеев Д.С.,ФПМИ,ассистент,
Семенов К.М.,ФПМИ,доцент,к.н.
Егоров Д.С.,ФИВТ,профессор,д.н.
Семенов Б.В.,ФРТ,профессор,
Егоров Д.С.,ИТМО,доцент,к.н.
Новиков Г.Н.,ФРТ,ассистент,
Козлов М.Ю.,ФМиМ,,д.н.
Иванов З.Т.,ФИВТ,,д.н.
Егоров Г.Н.,ФИТ,доцент,д.н.
Соколов М.Ю.,ФФ,профессор,к.н.
Соколов Л.О.,ФФ,,к.н.
Новиков Б.В.,ФПМИ,профессор,
Попов А.А.,ФПМИ,ассистент,
Кузнецов И.К.,ФФ,ассистент,
Новиков К.М.,ФМиЕН,доцент,д.н.
Иванов Г.Н.,ФФ,,д.н.
Семенов М.Ю.,ФИВТ,профессор,д.н.
Егоров К.М.,ФМиЕН,доцент,д.н.
Попов В.И.,ФМиМ,профессор,д.н.
Волков К.М.,ИТМО,доцент,д.н.
Кузнецов Б.В.,ФМиМ,,к.н.
Козлов Б.В.,ФРТ,доцент,к.н.
Попов Г.Н.,ИТМО,ассистент,к.н.
Соколов Б.В.,ФМиЕН,ассистент,д.н.
Петров А.А.,ФФ,доцент,к.н.
Иванов В.И.,ФФ,ассистент,д.н.
Сидоров Б.В.,ФУПМ,доцент,
Семенов К.М.,ФПМИ,,д.н.
Кузнецов К.М.,ФФ,профессор,к.н.
Сидоров Е.П.,ФПМИ,профессор,
Семенов В.И.,ФЭТ,ассистент,д.н.
Волков Л.О.,ФУПМ,,
Лебедев В.И.,ФИВТ,ассистент,к.н.
Петров Л.О.,ФУПМ,доцент,д.н.
Сидоров Г.Н.,ФИВТ,,
Соколов Д.С.,ФПМИ,доцент,к.н.
Козлов Г.Н.,ФИТ,ассистент,к.н.
Сидоров Е.П.,ФРТ,ассистент,
Козлов В.И.,ФФ,ассистент,д.н.
Новиков З.Т.,ФМиМ,ассистент,д.н.
Соколов И.К.,ФУПМ,ассистент,к.н.
Сидоров Б.В.,ФИТ,ассистент,
Иванов М.Ю.,ИТМО,доцент,к.н.
Попов И.К.,ФФ,ассистент,д.н.
Петров Б.В.,ФМиМ,,к.н.
Волков Д.С.,ФИВТ,,к.н.
Кузнецов И.К.,ФЭТ,,
Волков Д.С.,ФФ,доцент,д.н.
Лебедев В.И.,ФРТ,,к.н.
Иванов Б.В.,ФМиМ,профессор,
Новиков Е.П.,ФРТ,,д.н.
Кузнецов Б.В.,ФМиМ,,к.н.
Волков А.А.,ФЭТ,ассистент,к.н.
Морозов К.М.,ФМиЕН,профессор,к.н.
Попов И.К.,ФМиМ,,д.н.
Иванов И.К.,ФПМИ,профессор,
Лебедева З.Т.,ФРТ,ассистент,
Попов Ж.Р.,ФПМИ,профессор,д.н.
Егоров Д.С.,ФПМИ,ассистент,к.н.
Кузнецов Ж.Р.,ИТМО,доцент,
Иванов З.Т.,ФИТ,,д.н.
Петров И.К.,ФМиМ,профессор,к.н.
Семенов З.Т.,ФМиЕН,ассистент,
Алексеев Е.П.,ФМиМ,профессор,
Кузнецов М.Ю.,ФМиМ,,
Семенов Д.С.,ФИТ,,к.н.
Соколов Д.С.,ФМиЕН,доцент,д.н.
Лебедев Б.В.,ФРТ,,к.н.
Морозов В.И.,ФИВТ,,д.н.
Лебедев Л.О.,ФЭТ,,
Лебедева И.К.,ФМиМ,,
Соколов А.А.,ИТМО,профессор,
Смирнов А.А.,ФЭТ,доцент,к.н.
Кузнецов Е.П.,ФМиМ,,к.н.
Морозов В.И.,ФМиМ,ассистент,д.н.
Смирнов В.И.,ФМиМ,профессор,
Лебедев Л.О.,ФУПМ,ассистент,д.н.
Иванов Б.В.,ФИВТ,профессор,
Кузнецов В.И.,ФУПМ,доцент,д.н.
Попов З.Т.,ФПМИ,профессор,
Волков З.Т.,ФМиЕН,доцент,
Морозов Д.С.,ФИТ,доцент,к.н.
Попов Д.С.,ИТМО,,
Петров З.Т.,ИТМО,,
Смирнов Б.В.,ИТМО,ассистент,к.н.
Лебедев М.Ю.,ФИВТ,доцент,
Новиков Б.В.,ФМиЕН,,
Смирнов И.К.,ФУПМ,,
Попов А.А.,ФЭТ,профессор,д.н.
Соколов М.Ю.,ФПМИ,доцент,
Лебедев Б.В.,ФИТ,ассистент,д.н.
Кузнецов Б.В.,ФЭТ,,к.н.
Лебедева Б.В.,ФУПМ,ассистент,
Соколов К.М.,ФМиЕН,доцент,
Смирнов Д.С.,ФФ,,к.н.
Егоров Ж.Р.,ФПМИ,доцент,д.н.
Козлов М.Ю.,ФПМИ,доцент,к.н.
Егоров В.И.,ФМиМ,профессор,к.н.
Волков И.К.,ФИВТ,профессор,д.н.
Лебедев Б.В.,ФИТ,ассистент,д.н.
Смирнов М.Ю.,ФРТ,доцент,
Семенов В.И.,ФИТ,профессор,д.н.
Сидоров Е.П.,ФМиЕН,профессор,к.н.
Сидоров Л.О.,ИТМО,профессор,
Волков З.Т.,ФПМИ,профессор,д.н.
Кузнецов В.И.,ФЭТ,,к.н.
Соколов Д.С.,ФУПМ,доцент,к.н.
Новиков Е.П.,ИТМО,,д.н.
Сидоров К.М.,ФФ,,д.н.
Иванов З.Т.,ФРТ,доцент,к.н.
Морозов Б.В.,ФЭТ,доцент,
Морозов Г.Н.,ФМиМ,доцент,
Козлов З.Т.,ФИВТ,доцент,к.н.
Алексеев Г.Н.,ФФ,,д.н.
Егоров В.И.,ФИВТ,доцент,д.н.
Козлов М.Ю.,ФПМИ,,к.н.
Егоров К.М.,ФИТ,ассистент,к.н.
Смирнов Г.Н.,ФИТ,,
Козлов Б.В.,ФУПМ,,к.н.
Егоров З.Т.,ФМиЕН,профессор,к.н.
Сидоров Ж.Р.,ИТМО,ассистент,
Лебедев А.А.,ФУПМ,,д.н.
Смирнов М.Ю.,ФРТ,доцент,
Петров Л.О.,ФИВТ,профессор,
Соколов М.Ю.,ФПМИ,доцент,к.н.
Волков Б.В.,ФРТ,ассистент,к.н.
Лебедева В.И.,ИТМО,доцент,
Волков Г.Н.,ФМиЕН,ассистент,
Новиков К.М.,ИТМО,,к.н.
Смирнов И.К.,ФУПМ,профессор,
Соколов И.К.,ИТМО,ассистент,д.н.
Семенов А.А.,ФМиМ,,д.н.
Алексеев И.К.,ФИВТ,доцент,к.н.
Алексеев З.Т.,ФИВТ,профессор,д.н.
Волков Е.П.,ФФ,,
Козлов А.А.,ФУПМ,,к.н.
Лебедева А.А.,ФПМИ,ассистент,
Иванов Б.В.,ФИВТ,доцент,д.н.
Новиков Е.П.,ФМиЕН,доцент,
Лебедева И.К.,ФИВТ,доцент,к.н.
Новиков Л.О.,ФИВТ,ассистент,
Лебедева И.К.,ФПМИ,,д.н.
Кузнецов И.К.,ФИВТ,профессор,д.н.
Егоров И.К.,ФМиМ,ассистент,
Новиков Б.В.,ФФ,ассистент,
Алексеев З.Т.,ФЭТ,профессор,
Алексеев Л.О.,ФИВТ,ассистент,к.н.
Лебедева З.Т.,ФЭТ,,к.н.
Алексеев М.Ю.,ФИВТ,профессор,д.н.
Новиков В.И.,ИТМО,,д.н.
Егоров И.К.,ФЭТ,,д.н.
Морозов Б.В.,ФУПМ,профессор,к.н.
Петров А.А.,ФПМИ,,
Лебедев Ж.Р.,ФИТ,профессор,д.н.
Егоров Л.О.,ФРТ,доцент,д.н.
Иванов М.Ю.,ФРТ,ассистент,д.н.
Соколов А.А.,ИТМО,ассистент,д.н.
Морозов А.А.,ФЭТ,ассистент,д.н.
Петров Л.О.,ФМиЕН,профессор,к.н.
Соколов Г.Н.,ФМиЕН,,к.н.
Смирнов Б.В.,ФПМИ,,
Алексеев К.М.,ФМиЕН,профессор,
Волков Л.О.,ФМиМ,доцент,д.н.
Новиков З.Т.,ФИВТ,доцент,
Морозов Л.О.,ФУПМ,ассистент,к.н.
Морозов З.Т.,ФРТ,профессор,д.н.
Кузнецов Б.В.,ФЭТ,,д.н.
Егоров Г.Н.,ФИТ,профессор,
Петров Е.П.,ФЭТ,доцент,
Семенов З.Т.,ФПМИ,профессор,
Иванов Ж.Р.,ФПМИ,доцент,к.н.
Морозов М.Ю.,ФМиЕН,,
Иванов Е.П.,ФМиМ,доцент,
Егоров А.А.,ФИВТ,доцент,к.н.
Петров В.И.,ФЭТ,,
Лебедева Ж.Р.,ФУПМ,,к.н.
Лебедева А.А.,ФМиМ,профессор,
Алексеев З.Т.,ФФ,профессор,к.н.
Козлов Д.С.,ФИТ,доцент,д.н.
Волков Д.С.,ФУПМ,ассистент,д.н.
Петров Б.В.,ФМиЕН,ассистент,
Алексеев Л.О.,ФИТ,доцент,д.н.
Новиков А.А.,ФРТ,,к.н.
Петров А.А.,ФРТ,,
Лебедев А.А.,ФМиМ,профессор,к.н.
Морозов А.А.,ФМиЕН,,д.н.
Смирнов Л.О.,ФРТ,,д.н.
Козлов М.Ю.,ИТМО,профессор,к.н.
Козлов З.Т.,ФИТ,доцент,д.н.
Морозов Г.Н.,ИТМО,профессор,к.н.
Козлов М.Ю.,ФИВТ,,
Иванов М.Ю.,ФИВТ,профессор,к.н.
Новиков К.М.,ФРТ,ассистент,к.н.
Егоров Л.О.,ФЭТ,,д.н.
Волков В.И.,ФИВТ,доцент,к.н.
Лебедева Д.С.,ФУПМ,ассистент,к.н.
Петров А.А.,ФПМИ,ассистент,к.н.
Попов Е.П.,ФРТ,профессор,д.н.
Новиков К.М.,ФЭТ,ассистент,
Лебедев Д.С.,ФРТ,доцент,д.н.
Попов Е.П.,ФРТ,ассистент,д.н.
Лебедева Г.Н.,ФМиМ,профессор,д.н.
Семенов Е.П.,ФРТ,профессор,
Соколов К.М.,ФУПМ,,д.н.
Алексеев З.Т.,ФУПМ,профессор,к.н.
Иванов М.Ю.,ФИВТ,ассистент,
Семенов В.И.,ФИТ,профессор,д.н.
Попов Л.О.,ФФ,,к.н.
Волков И.К.,ИТМО,,к.н.
Лебедев М.Ю.,ИТМО,доцент,к.н.
Петров Е.П.,ФМиЕН,доцент,к.н.
Козлов М.Ю.,ФПМИ,ассистент,
Лебедева Ж.Р.,ФМиМ,профессор,д.н.
Волков М.Ю.,ФИВТ,профессор,д.н.
Алексеев З.Т.,ФМиЕН,ассистент,д.н.
Соколов Б.В.,ФМиЕН,,д.н.
Соколов К.М.,ФРТ,доцент,к.н.
Семенов Г.Н.,ФРТ,,к.н.
Новиков В.И.,ФРТ,,
Смирнов Ж.Р.,ФПМИ,доцент,
Петров Ж.Р.,ФРТ,профессор,
Иванов З.Т.,ФИТ,,д.н.
Лебедева М.Ю.,ФПМИ,доцент,
Морозов Б.В.,ФМиЕН,профессор,к.н.
Семенов Г.Н.,ФЭТ,доцент,к.н.
Волков А.А.,ФМиМ,ассистент,к.н.
Новиков В.И.,ФФ,доцент,
Кузнецов М.Ю.,ФМиЕН,доцент,к.н.
Смирнов К.М.,ФРТ,профессор,д.н.
Егоров В.И.,ФРТ,ассистент,д.н.
Алексеев В.И.,ФИВТ,,к.н.
Иванов М.Ю.,ФМиЕН,ассистент,
Егоров А.А.,ФМиМ,профессор,к.н.
Лебедев М.Ю.,ФУПМ,ассистент,
Волков Д.С.,ФИВТ,ассистент,
Волков В.И.,ФИТ,доцент,д.н.
Егоров Л.О.,ФИТ,,
Морозов И.К.,ФРТ,,к.н.
Сидоров А.А.,ФРТ,,
Лебедев Ж.Р.,ИТМО,ассистент,к.н.
Лебедев М.Ю.,ИТМО,доцент,к.н.
Попов Д.С.,ИТМО,ассистент,д.н.
Егоров А.А.,ФМиЕН,ассистент,д.н.
Егоров З.Т.,ФМиМ,профессор,д.н.
Егоров Л.О.,ФФ,ассистент,д.н.
Сидоров Б.В.,ФИТ,профессор,д.н.
Волков Д.С.,ФИВТ,доцент,
Соколов К.М.,ФИТ,ассистент,к.н.
Алексеев А.А.,ФМиМ,доцент,к.н.
Соколов Л.О.,ФФ,доцент,д.н.
Егоров Л.О.,ФИТ,доцент,д.н.
Соколов З.Т.,ФИТ,доцент,к.н.
Семенов Е.П.,ИТМО,,д.н.
Петров А.А.,ФИТ,доцент,д.н.
Морозов Д.С.,ФРТ,,д.н.
Смирнов А.А.,ФИТ,,д.н.
Попов Г.Н.,ФРТ,,
Алексеев Ж.Р.,ФЭТ,,
Петров Л.О.,ФФ,доцент,к.н.
Лебедев Г.Н.,ФИТ,профессор,к.н.
Морозов И.К.,ФПМИ,,
Соколов Ж.Р.,ФПМИ,,к.н.
Соколов К.М.,ФМиМ,профессор,д.н.
Алексеев И.К.,ФЭТ,,
Козлов Л.О.,ФЭТ,профессор,к.н.
Волков Д.С.,ФМиМ,ассистент,
Кузнецов В.И.,ФМиЕН,профессор,д.н.
Смирнов В.И.,ФМиЕН,доцент,
Новиков Г.Н.,ИТМО,доцент,д.н.
Лебедев К.М.,ФУПМ,доцент,к.н.
Егоров М.Ю.,ФУПМ,доцент,
Лебедева В.И.,ФИТ,,
Петров Б.В.,ФМиЕН,профессор,д.н.
Соколов И.К.,ФРТ,профессор,
Семенов Б.В.,ФПМИ,доцент,д.н.
Морозов З.Т.,ИТМО,доцент,д.н.
Алексеев А.А.,ИТМО,доцент,
Иванов Л.О.,ФИТ,доцент,д.н.
Волков Е.П.,ФФ,ассистент,д.н.
Кузнецов З.Т.,ФЭТ,,д.н.
Егоров К.М.,ФПМИ,,д.н.
Лебедева В.И.,ФЭТ,доцент,
Смирнов Ж.Р.,ФЭТ,ассистент,д.н.
Кузнецов Л.О.,ФИТ,доцент,к.н.
Смирнов К.М.,ФИВТ,ассистент,д.н.
Семенов М.Ю.,ФЭТ,доцент,к.н.
Лебедев Г.Н.,ИТМО,доцент,д.н.
Волков Г.Н.,ФПМИ,ассистент,
Петров Ж.Р.,ФИВТ,,
Соколов И.К.,ФПМИ,доцент,
Сидоров И.К.,ФУПМ,доцент,
Петров В.И.,ФУПМ,доцент,
Волков Б.В.,ИТМО,доцент,
Семенов В.И.,ФМиМ,доцент,д.н.
Кузнецов И.К.,ФИВТ,доцент,д.н.
Новиков И.К.,ФЭТ,профессор,д.н.
Морозов Д.С.,ФЭТ,,к.н.
Сидоров Г.Н.,ФМиЕН,,
Волков Л.О.,ФЭТ,,к.н.
Лебедева З.Т.,ФМиМ,доцент,к.н.
Смирнов А.А.,ФИВТ,доцент,
Смирнов Е.П.,ФИВТ,ассистент,к.н.
Алексеев В.И.,ФИТ,ассистент,д.н.
Морозов М.Ю.,ИТМО,доцент,д.н.
Лебедева И.К.,ФЭТ,доцент,
Иванов А.А.,ИТМО,ассистент,
Лебедева Д.С.,ФПМИ,профессор,к.н.
Новиков К.М.,ФИВТ,,д.н.
Новиков З.Т.,ФУПМ,профессор,к.н.
Морозов М.Ю.,ФМиЕН,ассистент,
Лебедева И.К.,ФИТ,,д.н.
Козлов Л.О.,ФИТ,ассистент,д.н.
Попов И.К.,ФЭТ,профессор,
Алексеев М.Ю.,ФПМИ,доцент,к.н.
Петров Д.С.,ФИВТ,,к.н.
Семенов Л.О.,ФМиЕН,доцент,к.н.
Смирнов А.А.,ФМиМ,доцент,
Петров А.А.,ФМиМ,профессор,к.н.
Семенов Е.П.,ФФ,доцент,к.н.
Петров И.К.,ФМиМ,ассистент,
Сидоров М.Ю.,ФПМИ,доцент,к.н.
Соколов Ж.Р.,ФМиМ,профессор,к.н.
Лебедев Е.П.,ФРТ,доцент,
Лебедева Л.О.,ФИТ,доцент,
Лебедева Д.С.,ФРТ,профессор,к.н.
Иванов Л.О.,ФПМИ,,к.н.
Лебедев Б.В.,ФЭТ,,д.н.
Петров Д.С.,ФМиЕН,,к.н.
Попов А.А.,ФИВТ,,д.н.
Морозов Л.О.,ФМиЕН,,д.н.
Иванов В.И.,ФУПМ,ассистент,д.н.
Семенов А.А.,ФЭТ,профессор,д.н.
Иванов Е.П.,ФМиМ,доцент,к.н.
Козлов Б.В.,ФЭТ,ассистент,
Попов Г.Н.,ФЭТ,доцент,
Егоров В.И.,ФПМИ,,
Волков Е.П.,ФИВТ,,к.н.
Козлов М.Ю.,ИТМО,профессор,к.н.
Соколов Л.О.,ФРТ,доцент,
Кузнецов А.А.,ФЭТ,профессор,
Семенов Л.О.,ФРТ,ассистент,к.н.
Иванов Г.Н.,ФПМИ,доцент,
Семенов З.Т.,ИТМО,профессор,
Морозов Г.Н.,ИТМО,профессор,
Егоров Д.С.,ИТМО,ассистент,к.н.
Сидоров Е.П.,ФФ,доцент,к.н.
Петров З.Т.,ФЭТ,профессор,
Алексеев И.К.,ФИТ,,
Морозов А.А.,ФИВТ,ассистент,
Волков М.Ю.,ФУПМ,профессор,д.н.
Егоров Б.В.,ФРТ,ассистент,
Кузнецов А.А.,ФИТ,доцент,
Егоров Ж.Р.,ФФ,доцент,д.н.
Морозов М.Ю.,ИТМО,ассистент,
Козлов Б.В.,ФИВТ,доцент,к.н.
Кузнецов Л.О.,ФФ,ассистент,к.н.
Новиков И.К.,ФУПМ,доцент,
Алексеев Е.П.,ФИВТ,профессор,к.н.
Лебедева Е.П.,ФФ,доцент,д.н.
Егоров А.А.,ФЭТ,доцент,к.н.
Новиков Д.С.,ФРТ,профессор,к.н.
Новиков Д.С.,ФУПМ,профессор,
Волков Г.Н.,ФЭТ,доцент,д.н.
Иванов А.А.,ИТМО,ассистент,к.н.
Соколов З.Т.,ФМиЕН,доцент,
Егоров Л.О.,ФИВТ,ассистент,к.н.
Лебедев З.Т.,ФЭТ,,к.н.
Петров Л.О.,ФРТ,доцент,
Петров Г.Н.,ФУПМ,профессор,к.н.
Лебедев А.А.,ФРТ,ассистент,к.н.
Иванов А.А.,ФФ,ассистент,
Козлов Е.П.,ФМиЕН,доцент,
Волков В.И.,ФИТ,доцент,
Смирнов И.К.,ФИВТ,профессор,к.н.
Смирнов Д.С.,ФМиЕН,ассистент,д.н.
Козлов К.М.,ФИВТ,ассистент,
Егоров К.М.,ФРТ,,д.н.
Сидоров Е.П.,ФИВТ,ассистент,д.н.
Семенов Л.О.,ФФ,ассистент,д.н.
Морозов М.Ю.,ФЭТ,,д.н.
Сидоров И.К.,ФМиЕН,профессор,д.н.
Соколов Л.О.,ИТМО,профессор,к.н.
Лебедев Б.В.,ФМиЕН,профессор,д.н.
Попов Г.Н.,ФИВТ,,д.н.
Егоров Б.В.,ФЭТ,ассистент,
Смирнов В.И.,ФПМИ,ассистент,
Егоров З.Т.,ФИВТ,доцент,к.н.
Семенов И.К.,ФРТ,ассистент,
Алексеев В.И.,ФФ,доцент,
Семенов Ж.Р.,ФМиМ,доцент,
Лебедев Л.О.,ИТМО,,
Егоров М.Ю.,ФФ,ассистент,
Иванов В.И.,ФМиЕН,,
Сидоров И.К.,ФИВТ,ассистент,д.н.
Алексеев А.А.,ФМиМ,доцент,д.н.
Волков М.Ю.,ФИТ,,к.н.
Сидоров Ж.Р.,ФЭТ,профессор,
Иванов Е.П.,ФПМИ,ассистент,д.н.
Семенов Г.Н.,ФМиЕН,,д.н.
Сидоров М.Ю.,ФИВТ,,
Семенов Л.О.,ФЭТ,,
Сидоров З.Т.,ФИВТ,профессор,к.н.
Петров К.М.,ФИВТ,доцент,
Лебедева А.А.,ФЭТ,,к.н.
Соколов М.Ю.,ФУПМ,,д.н.
Лебедев А.А.,ФЭТ,,к.н.
Петров Г.Н.,ФПМИ,доцент,
Алексеев Ж.Р.,ФИВТ,доцент,к.н.
Волков Б.В.,ФРТ,,
Попов Е.П.,ФИТ,ассистент,д.н.
Новиков К.М.,ФРТ,,д.н.
Егоров Г.Н.,ФЭТ,,к.н.
Соколов Г.Н.,ФМиЕН,,
Волков Б.В.,ФЭТ,,
Сидоров Д.С.,ФМиМ,доцент,к.н.
Кузнецов Л.О.,ФЭТ,доцент,
Соколов Д.С.,ФФ,профессор,
Семенов Ж.Р.,ФИВТ,ассистент,к.н.
Егоров Е.П.,ФИТ,ассистент,д.н.
Петров А.А.,ФМиЕН,профессор,к.н.
Волков З.Т.,ФУПМ,,
Соколов М.Ю.,ФИТ,доцент,
Смирнов В.И.,ФФ,профессор,д.н.
Козлов Д.С.,ИТМО,,д.н.
Егоров В.И.,ФУПМ,профессор,д.н.
Волков М.Ю.,ФМиЕН,профессор,к.н.
Иванов Г.Н.,ФУПМ,доцент,д.н.
Козлов З.Т.,ФУПМ,ассистент,к.н.
Новиков А.А.,ФЭТ,доцент,д.н.
Лебедева Б.В.,ФИВТ,ассистент,к.н.
Иванов Д.С.,ФУПМ,доцент,к.н.
Морозов Б.В.,ФУПМ,доцент,д.н.
Петров З.Т.,ФУПМ,,
Морозов Л.О.,ИТМО,,д.н.
Алексеев В.И.,ФУПМ,,
Соколов З.Т.,ФМиМ,ассистент,д.н.
Сидоров А.А.,ФМиМ,профессор,
Кузнецов Б.В.,ФМиЕН,профессор,к.н.
Попов Д.С.,ФМиМ,ассистент,д.н.
Алексеев Д.С.,ФУПМ,,
Попов Е.П.,ФМиМ,ассистент,д.н.
Алексеев Ж.Р.,ФИВТ,профессор,к.н.
Иванов Г.Н.,ФЭТ,доцент,д.н.
Новиков Д.С.,ФФ,,к.н.
Волков Ж.Р.,ФРТ,,к.н.
Алексеев И.К.,ФФ,доцент,
Соколов В.И.,ФУПМ,ассистент,к.н.
Смирнов Е.П.,ФМиЕН,доцент,д.н.
Иванов Ж.Р.,ФМиМ,ассистент,к.н.
Козлов В.И.,ФМиЕН,ассистент,
Волков Д.С.,ФРТ,профессор,к.н.
Сидоров Л.О.,ФМиМ,ассистент,к.н.
Лебедев Г.Н.,ФИТ,ассистент,к.н.
Егоров З.Т.,ФРТ,доцент,
Волков К.М.,ИТМО,доцент,д.н.
Волков З.Т.,ФМиЕН,профессор,к.н.
Попов М.Ю.,ФЭТ,доцент,
Сидоров Г.Н.,ФФ,профессор,д.н.
Смирнов И.К.,ИТМО,,
Соколов К.М.,ФМиЕН,доцент,к.н.
Семенов Д.С.,ФФ,ассистент,д.н.
Петров Ж.Р.,ФУПМ,доцент,
Лебедева В.И.,ФМиМ,профессор,д.н.
Алексеев М.Ю.,ФРТ,профессор,
Семенов К.М.,ФЭТ,ассистент,
Козлов М.Ю.,ФЭТ,ассистент,
Козлов М.Ю.,ФУПМ,ассистент,д.н.
Петров В.И.,ФУПМ,ассистент,
Соколов В.И.,ФЭТ,ассистент,
Лебедев Г.Н.,ФУПМ,доцент,к.н.
Новиков З.Т.,ФПМИ,доцент,д.н.
Козлов З.Т.,ИТМО,доцент,к.н.
Егоров З.Т.,ФФ,ассистент,
Алексеев М.Ю.,ФУПМ,доцент,д.н.
Петров Г.Н.,ФЭТ,ассистент,
Попов Б.В.,ФМиЕН,ассистент,к.н.
Кузнецов И.К.,ИТМО,ассистент,
Семенов Д.С.,ФУПМ,профессор,к.н.
Лебедев А.А.,ФЭТ,ассистент,
Новиков Ж.Р.,ФМиЕН,профессор,к.н.
Кузнецов Г.Н.,ФИТ,доцент,к.н.
Соколов М.Ю.,ФФ,профессор,
Кузнецов Б.В.,ФПМИ,ассистент,д.н.
Алексеев Г.Н.,ФМиЕН,ассистент,к.н.
Козлов Л.О.,ФУПМ,,
Егоров М.Ю.,ФРТ,профессор,д.н.
Кузнецов Б.В.,ФМиМ,профессор,к.н.
Козлов Ж.Р.,ФЭТ,профессор,д.н.
Морозов Д.С.,ФРТ,доцент,к.н.
Козлов Ж.Р.,ФМиМ,ассистент,к.н.
Козлов М.Ю.,ФИВТ,профессор,
Попов Ж.Р.,ФМиМ,,к.н.
Лебедев Б.В.,ФПМИ,профессор,к.н.
Волков В.И.,ФЭТ,доцент,к.н.
Алексеев М.Ю.,ИТМО,профессор,д.н.
Морозов З.Т.,ФИТ,профессор,д.н.
Кузнецов В.И.,ФУПМ,,д.н.
Соколов И.К.,ФПМИ,,д.н.
Иванов Б.В.,ИТМО,профессор,
Лебедева В.И.,ФФ,профессор,д.н.
Егоров Л.О.,ФУПМ,доцент,к.н.
Семенов Д.С.,ФИВТ,,д.н.
Кузнецов М.Ю.,ФРТ,,
Новиков Б.В.,ФИВТ,доцент,к.н.
Петров Д.С.,ФМиМ,профессор,д.н.
Лебедев В.И.,ФПМИ,,
Попов Л.О.,ФМиЕН,доцент,
Егоров Л.О.,ФМиЕН,ассистент,
Новиков Г.Н.,ФРТ,доцент,д.н.
Кузнецов Л.О.,ФУПМ,,
Морозов Л.О.,ФМиМ,доцент,к.н.
Козлов Д.С.,ФИВТ,профессор,д.н.
Егоров Ж.Р.,ИТМО,,
Иванов Е.П.,ФМиМ,профессор,д.н.
Петров И.К.,ФИВТ,профессор,к.н.
Новиков К.М.,ФМиЕН,ассистент,д.н.
Соколов И.К.,ИТМО,ассистент,
Егоров Б.В.,ФМиМ,,д.н.
Сидоров В.И.,ФЭТ,профессор,д.н.
Лебедева Д.С.,ИТМО,профессор,
Морозов Ж.Р.,ФИТ,профессор,д.н.
Морозов Ж.Р.,ФИВТ,ассистент,к.н.
Алексеев М.Ю.,ФРТ,профессор,
Козлов Ж.Р.,ФИВТ,профессор,
Егоров Б.В.,ФПМИ,профессор,к.н.
Лебедева И.К.,ФПМИ,профессор,д.н.
Лебедева К.М.,ФУПМ,профессор,к.н.
Козлов Б.В.,ИТМО,ассистент,к.н.
Иванов Б.В.,ФИВТ,,к.н.
Новиков Б.В.,ФИВТ,ассистент,
Морозов И.К.,ФПМИ,доцент,д.н.
Козлов Б.В.,ИТМО,доцент,
Алексеев Д.С.,ФМиМ,,
Лебедев Ж.Р.,ФПМИ,,д.н.
Волков Ж.Р.,ФПМИ,профессор,д.н.
Семенов К.М.,ИТМО,,д.н.
Морозов В.И.,ФПМИ,профессор,к.н.
Попов К.М.,ФРТ,доцент,д.н.
Соколов Б.В.,ФМиМ,ассистент,к.н.
Новиков Д.С.,ФРТ,ассистент,
Лебедев Л.О.,ФФ,ассистент,
Семенов Д.С.,ФУПМ,ассистент,
Лебедева З.Т.,ФИВТ,ассистент,д.н.
Алексеев В.И.,ФИВТ,доцент,
Волков В.И.,ФПМИ,,к.н.
Попов Е.П.,ФРТ,ассистент,к.н.
Лебедев Г.Н.,ФРТ,доцент,к.н.
Соколов Е.П.,ФРТ,ассистент,к.н.
Лебедева Ж.Р.,ФФ,доцент,к.н.
Сидоров Г.Н.,ФМиЕН,доцент,д.н.
Попов Б.В.,ФФ,ассистент,д.н.
Соколов Ж.Р.,ФМиМ,доцент,д.н.
Новиков Е.П.,ФМиЕН,ассистент,д.н.
Сидоров З.Т.,ИТМО,,
Иванов Д.С.,ФРТ,профессор,
Кузнецов К.М.,ФПМИ,ассистент,д.н.
Лебедева В.И.,ФИТ,ассистент,
Соколов Б.В.,ФМиЕН,доцент,д.н.
Волков А.А.,ФУПМ,,д.н.
Семенов Б.В.,ФПМИ,доцент,к.н.
Егоров А.А.,ИТМО,ассистент,к.н.
Алексеев М.Ю.,ФИВТ,ассистент,
Морозов З.Т.,ФЭТ,,
Новиков Г.Н.,ФМиЕН,доцент,к.н.
Козлов Г.Н.,ИТМО,доцент,к.н.
Лебедев Е.П.,ФМиЕН,,д.н.
Алексеев Ж.Р.,ФЭТ,,д.н.
Попов Г.Н.,ФИТ,профессор,д.н.
Петров Л.О.,ИТМО,доцент,д.н.
Сидоров И.К.,ИТМО,доцент,д.н.
Морозов В.И.,ФРТ,,
Волков А.А.,ФПМИ,доцент,д.н.
Новиков Д.С.,ФУПМ,профессор,
Лебедева В.И.,ФИТ,,к.н.
Петров В.И.,ФУПМ,,
Иванов Д.С.,ФРТ,доцент,д.н.
Алексеев А.А.,ФИТ,доцент,к.н.
Козлов И.К.,ФМиЕН,ассистент,д.н.
Кузнецов К.М.,ФМиМ,,к.н.
Попов Д.С.,ФПМИ,доцент,
Морозов А.А.,ФИВТ,,д.н.
Соколов К.М.,ФПМИ,ассистент,к.н.
Лебедев З.Т.,ФМиМ,профессор,д.н.
Лебедева В.И.,ФИТ,профессор,д.н.
Егоров Ж.Р.,ФИТ,доцент,
Соколов М.Ю.,ФМиЕН,доцент,
Соколов Л.О.,ФИТ,ассистент,к.н.
Смирнов К.М.,ФМиЕН,,
Семенов И.К.,ФЭТ,доцент,к.н.
Семенов Ж.Р.,ФРТ,ассистент,
Кузнецов К.М.,ФИТ,профессор,
Волков Д.С.,ФФ,доцент,к.н.
Смирнов Е.П.,ФЭТ,ассистент,
Попов З.Т.,ФРТ,ассистент,к.н.
Иванов Б.В.,ФРТ,,к.н.
Сидоров М.Ю.,ИТМО,доцент,
Морозов Л.О.,ФУПМ,доцент,
Козлов А.А.,ФИТ,,к.н.
Козлов М.Ю.,ФРТ,доцент,
Сидоров З.Т.,ФПМИ,,
Лебедев Л.О.,ФИТ,доцент,
Егоров Е.П.,ФМиМ,профессор,д.н.
Морозов Д.С.,ФЭТ,,д.н.
Смирнов А.А.,ФЭТ,профессор,к.н.
Новиков А.А.,ФРТ,доцент,
Алексеев Л.О.,ФМиМ,доцент,к.н.
Иванов Г.Н.,ФИТ,доцент,к.н.
Лебедева Г.Н.,ФРТ,доцент,к.н.
Волков З.Т.,ФРТ,профессор,к.н.
Волков Е.П.,ФРТ,доцент,к.н.
Смирнов З.Т.,ФМиМ,,к.н.
Лебедев Д.С.,ФЭТ,,д.н.
Соколов Л.О.,ФУПМ,профессор,
Козлов В.И.,ФИТ,,
Семенов К.М.,ФУПМ,доцент,д.н.
Алексеев Г.Н.,ФИВТ,профессор,к.н.
Волков В.И.,ФИТ,ассистент,д.н.
Семенов З.Т.,ФЭТ,ассистент,
Петров М.Ю.,ФУПМ,доцент,
Козлов И.К.,ФУПМ,доцент,
Лебедева Г.Н.,ФМиМ,,
Морозов Е.П.,ФИВТ,доцент,
Соколов И.К.,ФМиЕН,,д.н.
Алексеев М.Ю.,ФПМИ,,к.н.
Новиков И.К.,ФМиМ,профессор,
Егоров В.И.,ФМиЕН,ассистент,
Алексеев Ж.Р.,ФМиЕН,ассистент,к.н.
Лебедев Ж.Р.,ФПМИ,профессор,к.н.
Лебедев И.К.,ФМиЕН,ассистент,к.н.
Алексеев Л.О.,ФФ,ассистент,
Семенов В.И.,ФУПМ,доцент,
Волков Г.Н.,ФИТ,доцент,к.н.
Иванов Д.С.,ФЭТ,,
Лебедев Б.В.,ФУПМ,профессор,д.н.
Новиков А.А.,ФФ,,д.н.
Иванов В.И.,ФФ,ассистент,к.н.
Петров Ж.Р.,ФМиЕН,ассистент,д.н.
Иванов М.Ю.,ФМиМ,,
Козлов Г.Н.,ФМиЕН,ассистент,д.н.
Смирнов К.М.,ФРТ,,к.н.
Попов И.К.,ФИТ,ассистент,д.н.
Лебедева В.И.,ФМиЕН,ассистент,д.н.
Попов Б.В.,ФУПМ,профессор,д.н.
Петров Б.В.,ФИВТ,профессор,
Соколов Ж.Р.,ФПМИ,доцент,д.н.
Козлов Ж.Р.,ФЭТ,доцент,д.н.
Новиков Ж.Р.,ФЭТ,профессор,
Сидоров Л.О.,ФПМИ,ассистент,к.н.
Соколов Е.П.,ФМиМ,,к.н.
Смирнов Г.Н.,ФМиМ,ассистент,
Соколов Д.С.,ФЭТ,ассистент,
Егоров К.М.,ФЭТ,ассистент,д.н.
Иванов М.Ю.,ФИТ,доцент,к.н.
Семенов И.К.,ФРТ,ассистент,
Семенов М.Ю.,ФФ,ассистент,
Волков Ж.Р.,ФФ,,д.н.
Семенов М.Ю.,ФИВТ,доцент,к.н.
Соколов А.А.,ФМиМ,профессор,
Морозов М.Ю.,ФМиЕН,доцент,д.н.
Алексеев Б.В.,ФУПМ,,
Смирнов Л.О.,ФЭТ,профессор,
Попов Д.С.,ФИТ,профессор,к.н.
Морозов К.М.,ФЭТ,,
Лебедев К.М.,ИТМО,доцент,
Морозов В.И.,ФИТ,профессор,д.н.
Семенов Ж.Р.,ФФ,ассистент,д.н.
Соколов В.И.,ФПМИ,ассистент,д.н.
Попов З.Т.,ФИТ,профессор,д.н.
Соколов Ж.Р.,ФМиМ,ассистент,д.н.
Семенов З.Т.,ФПМИ,ассистент,
Лебедев Б.В.,ФУПМ,,д.н.
Соколов В.И.,ФПМИ,,
Кузнецов А.А.,ИТМО,профессор,д.н.
Новиков А.А.,ФФ,профессор,
Смирнов Ж.Р.,ФУПМ,,
Волков В.И.,ФУПМ,ассистент,
Смирнов В.И.,ФРТ,,
Попов И.К.,ФПМИ,,
Козлов Б.В.,ФРТ,ассистент,к.н.
Козлов Л.О.,ФПМИ,,к.н.
Волков З.Т.,ИТМО,профессор,
Новиков Ж.Р.,ФИТ,ассистент,к.н.
Новиков Ж.Р.,ФИТ,профессор,
Егоров З.Т.,ФУПМ,,к.н.
Сидоров И.К.,ФЭТ,профессор,к.н.
Алексеев Б.В.,ФФ,,
Морозов В.И.,ФИТ,доцент,д.н.
Морозов Д.С.,ФМиЕН,,
Семенов А.А.,ФИВТ,доцент,к.н.
Попов М.Ю.,ФУПМ,,д.н.
Егоров К.М.,ФИТ,ассистент,д.н.
Егоров В.И.,ФУПМ,,к.н.
Алексеев Ж.Р.,ФФ,профессор,
Иванов Д.С.,ИТМО,доцент,к.н.
Семенов К.М.,ИТМО,доцент,
Морозов Д.С.,ФМиМ,ассистент,к.н.
Семенов Г.Н.,ФФ,профессор,к.н.
Смирнов М.Ю.,ФМиЕН,,к.н.
Алексеев Е.П.,ФИТ,,к.н.
Морозов З.Т.,ФМиМ,,к.н.
Семенов К.М.,ФФ,,д.н.
Алексеев Ж.Р.,ФИВТ,профессор,
Смирнов Ж.Р.,ФМиЕН,,
Сидоров Г.Н.,ФИВТ,профессор,
Волков Ж.Р.,ИТМО,профессор,
Иванов В.И.,ФФ,профессор,д.н.
Соколов В.И.,ИТМО,ассистент,к.н.
Морозов З.Т.,ИТМО,ассистент,
Кузнецов Е.П.,ФФ,,
Новиков К.М.,ФИВТ,ассистент,к.н.
Смирнов Д.С.,ФМиЕН,профессор,
Новиков Л.О.,ФИТ,ассистент,д.н.
Иванов Б.В.,ФРТ,ассистент,к.н.
Семенов А.А.,ФПМИ,профессор,д.н.
Морозов И.К.,ИТМО,ассистент,
Новиков Е.П.,ФПМИ,,д.н.
Волков В.И.,ФЭТ,,д.н.
Новиков А.А.,ФЭТ,профессор,д.н.
Семенов Е.П.,ФМиМ,ассистент,к.н.
Алексеев И.К.,ФИТ,,
Морозов Г.Н.,ФИВТ,доцент,
Егоров К.М.,ФПМИ,,
Кузнецов А.А.,ФУПМ,доцент,д.н.
Козлов В.И.,ФИТ,профессор,д.н.
Кузнецов Г.Н.,ФМиЕН,профессор,
Смирнов З.Т.,ИТМО,,д.н.
Сидоров З.Т.,ФИВТ,доцент,к.н.
Кузнецов Б.В.,ФПМИ,,д.н.
Семенов Г.Н.,ФИВТ,,
Лебедева А.А.,ФМиЕН,ассистент,д.н.
Кузнецов Е.П.,ФУПМ,доцент,
Иванов М.Ю.,ФФ,доцент,
Морозов Б.В.,ФРТ,,к.н.
Лебедев А.А.,ФИТ,доцент,
Кузнецов Д.С.,ФМиЕН,доцент,
Алексеев И.К.,ИТМО,ассистент,
Сидоров Г.Н.,ФЭТ,,к.н.
Смирнов З.Т.,ФЭТ,профессор,д.н.
Иванов Г.Н.,ФМиЕН,ассистент,к.н.
Козлов Д.С.,ФУПМ,профессор,
Алексеев А.А.,ИТМО,доцент,к.н.
Кузнецов Г.Н.,ФИТ,ассистент,к.н.
Семенов Л.О.,ИТМО,ассистент,к.н.
Лебедев Л.О.,ФЭТ,доцент,к.н.
Морозов И.К.,ФЭТ,профессор,к.н.
Новиков М.Ю.,ФЭТ,профессор,д.н.
Сидоров А.А.,ФИВТ,ассистент,к.н.
Новиков К.М.,ФМиЕН,,
Лебедева Л.О.,ФМиМ,доцент,к.н.
Попов И.К.,ФФ,,
Соколов В.И.,ФПМИ,доцент,к.н.
Волков К.М.,ФУПМ,доцент,
Новиков Ж.Р.,ФМиЕН,ассистент,к.н.
Егоров Б.В.,ФМиЕН,доцент,
Петров К.М.,ФМиМ,профессор,
Смирнов Д.С.,ФФ,,к.н.
Попов И.К.,ФИТ,,
Новиков И.К.,ИТМО,доцент,д.н.
Смирнов Д.С.,ФИТ,доцент,к.н.
Алексеев Д.С.,ФЭТ,,д.н.
Морозов Ж.Р.,ФИВТ,,к.н.
Лебедев Б.В.,ФУПМ,,д.н.
Лебедев В.И.,ФУПМ,профессор,д.н.
Семенов Ж.Р.,ФФ,,
Кузнецов Г.Н.,ФУПМ,профессор,к.н.
Новиков В.И.,ФМиМ,ассистент,к.н.
Волков К.М.,ФПМИ,ассистент,д.н.
Попов Ж.Р.,ФРТ,доцент,д.н.
Соколов А.А.,ФМиЕН,ассистент,к.н.
Новиков Б.В.,ФПМИ,,к.н.
Соколов Д.С.,ИТМО,,
Петров Л.О.,ФМиМ,профессор,
Соколов А.А.,ФФ,ассистент,
Соколов В.И.,ФРТ,ассистент,к.н.
Семенов Е.П.,ФЭТ,профессор,к.н.
Иванов З.Т.,ФИТ,профессор,к.н.
Лебедева З.Т.,ИТМО,,
Кузнецов В.И.,ФИТ,профессор,д.н.
Попов З.Т.,ИТМО,доцент,д.н.
Кузнецов Ж.Р.,ФРТ,доцент,к.н.
Смирнов Л.О.,ФЭТ,доцент,д.н.
Соколов Е.П.,ФУПМ,доцент,к.н.
Алексеев И.К.,ФИТ,доцент,д.н.
Иванов А.А.,ФМиМ,профессор,к.н.
Волков Б.В.,ФИВТ,ассистент,
Алексеев И.К.,ИТМО,,
Соколов Е.П.,ФЭТ,ассистент,д.н.
Семенов И.К.,ФУПМ,доцент,
Попов А.А.,ФРТ,профессор,
Алексеев Г.Н.,ФУПМ,ассистент,к.н.
Семенов Л.О.,ФМиМ,,к.н.
Соколов Е.П.,ФИТ,ассистент,д.н.
Кузнецов В.И.,ФРТ,,
Морозов Е.П.,ИТМО,доцент,д.н.
Семенов Д.С.,ФПМИ,,д.н.
Новиков Г.Н.,ФМиЕН,,д.н.
Лебедева А.А.,ФПМИ,,д.н.
Егоров К.М.,ИТМО,профессор,д.н.
Кузнецов Д.С.,ФМиМ,доцент,д.н.
Новиков М.Ю.,ФРТ,,
Попов Ж.Р.,ФИТ,профессор,д.н.
Морозов А.А.,ФПМИ,,к.н.
Лебедева Ж.Р.,ФРТ,профессор,к.н.
Козлов З.Т.,ФЭТ,профессор,д.н.
Морозов И.К.,ФМиЕН,ассистент,д.н.
Иванов А.А.,ФМиМ,ассистент,д.н.
Кузнецов И.К.,ФЭТ,доцент,д.н.
Семенов З.Т.,ФИТ,ассистент,к.н.
Лебедева З.Т.,ФМиМ,ассистент,д.н.
Алексеев К.М.,ФРТ,доцент,
Иванов З.Т.,ФФ,доцент,к.н.
Лебедев Е.П.,ФФ,профессор,д.н.
Лебедева Е.П.,ФМиЕН,доцент,д.н.
Алексеев И.К.,ФУПМ,,к.н.
Новиков Ж.Р.,ФМиЕН,,к.н.
Попов Б.В.,ФМиМ,ассистент,к.н.
Сидоров А.А.,ФИВТ,ассистент,д.н.
Алексеев А.А.,ФРТ,доцент,
Алексеев Г.Н.,ФУПМ,,к.н.
Кузнецов Ж.Р.,ФУПМ,,д.н.
Егоров А.А.,ФИВТ,ассистент,к.н.
Семенов И.К.,ИТМО,доцент,
Сидоров Б.В.,ФИТ,ассистент,к.н.
Соколов А.А.,ФМиМ,ассистент,
Попов Ж.Р.,ФФ,доцент,к.н.
Сидоров Г.Н.,ФПМИ,,к.н.
Попов А.А.,ФИТ,ассистент,
Волков Г.Н.,ФМиЕН,ассистент,к.н.
Лебедев М.Ю.,ИТМО,профессор,д.н.
Новиков И.К.,ФЭТ,доцент,к.н.
Сидоров В.И.,ИТМО,,д.н.
Новиков Г.Н.,ИТМО,доцент,к.н.
Семенов М.Ю.,ФРТ,,
Попов З.Т.,ИТМО,доцент,
Кузнецов Е.П.,ФПМИ,,к.н.
Петров Г.Н.,ФУПМ,,д.н.
Алексеев Е.П.,ФМиМ,ассистент,д.н.
Иванов М.Ю.,ФФ,,к.н.
Смирнов В.И.,ФМиМ,ассистент,к.н.
Петров Л.О.,ФИТ,ассистент,к.н.
Лебедев К.М.,ФИТ,доцент,к.н.
Алексеев Б.В.,ФИТ,ассистент,
Лебедев В.И.,ФЭТ,ассистент,
Козлов Г.Н.,ФЭТ,,д.н.
Козлов А.А.,ФУПМ,,к.н.
Попов М.Ю.,ФПМИ,профессор,
Смирнов Г.Н.,ФМиМ,доцент,д.н.
Алексеев М.Ю.,ФИВТ,доцент,к.н.
Смирнов Л.О.,ФИВТ,,
Алексеев А.А.,ФМиЕН,ассистент,д.н.
Егоров М.Ю.,ФЭТ,ассистент,к.н.
Соколов А.А.,ФФ,профессор,д.н.
Лебедев И.К.,ИТМО,ассистент,д.н.
Сидоров К.М.,ФИТ,профессор,д.н.
Сидоров Д.С.,ФПМИ,профессор,д.н.
Алексеев Л.О.,ФРТ,,д.н.
Волков Г.Н.,ФУПМ,профессор,д.н.
Кузнецов Д.С.,ФПМИ,профессор,
Новиков Д.С.,ФИТ,профессор,к.н.
Смирнов В.И.,ФРТ,ассистент,к.н.
Иванов Ж.Р.,ФМиЕН,ассистент,к.н.
Кузнецов Б.В.,ФЭТ,ассистент,д.н.
Морозов К.М.,ФМиЕН,доцент,
Лебедев Д.С.,ФИВТ,,
Морозов Л.О.,ФПМИ,,д.н.
Попов Л.О.,ФИТ,доцент,
Лебедев М.Ю.,ФИТ,,д.н.
Новиков Е.П.,ФЭТ,ассистент,
Попов К.М.,ФУПМ,,к.н.
Лебедев М.Ю.,ФИТ,доцент,
Алексеев В.И.,ФПМИ,доцент,к.н.
Морозов Г.Н.,ИТМО,доцент,
Кузнецов И.К.,ФФ,профессор,к.н.
Кузнецов З.Т.,ФУПМ,доцент,к.н.
Алексеев Л.О.,ФИВТ,профессор,
Соколов М.Ю.,ФЭТ,,
Егоров К.М.,ФМиМ,профессор,к.н.
Попов Е.П.,ФФ,,
Егоров Г.Н.,ФМиЕН,ассистент,д.н.
Волков Г.Н.,ФМиМ,доцент,
Петров А.А.,ФЭТ,,к.н.
Козлов З.Т.,ФПМИ,ассистент,д.н.
Петров М.Ю.,ФЭТ,доцент,д.н.
Семенов В.И.,ФМиЕН,доцент,к.н.
Новиков Г.Н.,ФРТ,профессор,
Сидоров В.И.,ФУПМ,ассистент,
Семенов Е.П.,ФМиМ,доцент,к.н.
Смирнов И.К.,ФМиМ,профессор,к.н.
Сидоров Е.П.,ФФ,,
Петров И.К.,ИТМО,профессор,д.н.
Семенов И.К.,ФЭТ,профессор,
Алексеев В.И.,ФИВТ,ассистент,д.н.
Кузнецов Е.П.,ФРТ,доцент,к.н.
Морозов И.К.,ФРТ,профессор,к.н.
Морозов И.К.,ФМиЕН,доцент,к.н.
Волков А.А.,ФФ,профессор,д.н.
Сидоров Б.В.,ФПМИ,профессор,к.н.
Алексеев Г.Н.,ИТМО,,д.н.
Соколов И.К.,ИТМО,ассистент,
Сидоров М.Ю.,ИТМО,профессор,
Кузнецов Л.О.,ФУПМ,профессор,д.н.
Соколов А.А.,ФУПМ,ассистент,
Попов Б.В.,ФИТ,ассистент,к.н.
Морозов Г.Н.,ФМиМ,профессор,
Лебедева Д.С.,ФИВТ,ассистент,
Семенов В.И.,ФФ,доцент,к.н.
Лебедев А.А.,ИТМО,доцент,д.н.
Попов К.М.,ФИТ,,д.н.
Сидоров Л.О.,ФЭТ,доцент,
Сидоров К.М.,ФМиЕН,профессор,
Егоров М.Ю.,ФМиЕН,профессор,к.н.
Козлов Б.В.,ФИВТ,ассистент,д.н.
Егоров И.К.,ФРТ,ассистент,д.н.
Смирнов Д.С.,ФИВТ,доцент,д.н.
Новиков И.К.,ФУПМ,профессор,
Новиков Л.О.,ФУПМ,доцент,
Смирнов Е.П.,ФРТ,профессор,
Козлов Б.В.,ФРТ,,
Семенов Г.Н.,ФФ,,
Кузнецов М.Ю.,ФФ,доцент,д.н.
Егоров М.Ю.,ФИТ,профессор,
Иванов Г.Н.,ФИТ,,к.н.
Новиков К.М.,ФМиМ,,д.н.
Лебедев Б.В.,ФРТ,,
Алексеев Б.В.,ФМиМ,ассистент,
Новиков Д.С.,ФУПМ,профессор,к.н.
Лебедев М.Ю.,ФМиЕН,ассистент,к.н.
Лебедев Л.О.,ФПМИ,профессор,
Сидоров З.Т.,ФУПМ,ассистент,к.н.
Попов Е.П.,ИТМО,,к.н.
Попов И.К.,ФРТ,профессор,д.н.
Лебедева Ж.Р.,ФФ,профессор,д.н.
Попов Е.П.,ФФ,профессор,к.н.
Егоров Д.С.,ФЭТ,,д.н.
Лебедева А.А.,ФФ,профессор,к.н.
Волков З.Т.,ФРТ,,д.н.
Петров Б.В.,ИТМО,профессор,к.н.
Лебедев З.Т.,ФПМИ,ассистент,д.н.
Соколов И.К.,ФМиЕН,ассистент,к.н.
Волков З.Т.,ФФ,ассистент,
Петров В.И.,ИТМО,доцент,д.н.
Соколов З.Т.,ИТМО,ассистент,
Соколов Л.О.,ФУПМ,профессор,к.н.
Соколов Е.П.,ФИВТ,,
Новиков Д.С.,ФМиЕН,ассистент,д.н.
Козлов М.Ю.,ФМиЕН,ассистент,к.н.
Попов М.Ю.,ФМиМ,доцент,
Соколов А.А.,ФПМИ,,д.н.
Волков Б.В.,ФУПМ,ассистент,
Иванов И.К.,ФИТ,,к.н.
Соколов Б.В.,ФЭТ,профессор,
Семенов Е.П.,ФФ,профессор,к.н.
Лебедев К.М.,ФУПМ,,
Алексеев В.И.,ФЭТ,,
Соколов Е.П.,ФФ,,д.н.
Лебедев Ж.Р.,ИТМО,доцент,
Новиков И.К.,ИТМО,,д.н.
Морозов Б.В.,ФФ,профессор,д.н.
Петров А.А.,ФФ,доцент,д.н.
Козлов З.Т.,ФРТ,доцент,к.н.
Смирнов В.И.,ФЭТ,ассистент,к.н.
Алексеев М.Ю.,ФИТ,,к.н.
Петров З.Т.,ФМиЕН,,
Попов А.А.,ФИВТ,ассистент,д.н.
Смирнов З.Т.,ФЭТ,,
Кузнецов А.А.,ФИВТ,профессор,к.н.
Новиков Г.Н.,ФПМИ,профессор,
Соколов Г.Н.,ФМиМ,ассистент,
Соколов Д.С.,ФМиЕН,,к.н.
Волков В.И.,ФМиМ,ассистент,
Новиков Б.В.,ФМиЕН,доцент,к.н.
Кузнецов З.Т.,ФУПМ,доцент,
Попов Б.В.,ФМиЕН,,
Иванов В.И.,ФРТ,ассистент,
Сидоров Ж.Р.,ФЭТ,доцент,
Алексеев И.К.,ФМиЕН,доцент,к.н.
Алексеев И.К.,ФИТ,доцент,
Лебедев Ж.Р.,ФМиМ,ассистент,
Кузнецов Б.В.,ФРТ,ассистент,д.н.
Лебедева А.А.,ФУПМ,профессор,
Иванов Л.О.,ФЭТ,доцент,д.н.
Новиков И.К.,ФРТ,доцент,к.н.
Кузнецов Л.О.,ФЭТ,,
Попов Д.С.,ФРТ,ассистент,д.н.
Кузнецов Д.С.,ФМиМ,ассистент,к.н.
Соколов Ж.Р.,ФМиЕН,ассистент,д.н.
Соколов В.И.,ФУПМ,,к.н.
Семенов М.Ю.,ФФ,профессор,
Кузнецов Г.Н.,ИТМО,доцент,
Алексеев М.Ю.,ФИВТ,профессор,к.н.
Новиков Е.П.,ФЭТ,ассистент,
Новиков М.Ю.,ФФ,ассистент,к.н.
Соколов И.К.,ФМиМ,доцент,
Егоров В.И.,ФМиМ,ассистент,д.н.
Лебедева Е.П.,ФПМИ,ассистент,к.н.
Петров Е.П.,ФПМИ,профессор,
Смирнов К.М.,ФФ,профессор,к.н.
Иванов Д.С.,ФЭТ,доцент,к.н.
Морозов И.К.,ФПМИ,доцент,
Алексеев Л.О.,ФУПМ,профессор,
Новиков А.А.,ИТМО,профессор,к.н.
Кузнецов Б.В.,ФФ,ассистент,
Кузнецов В.И.,ФИВТ,профессор,
Лебедева А.А.,ФУПМ,ассистент,к.н.
Лебедева Д.С.,ФМиЕН,доцент,к.н.
Егоров Д.С.,ФФ,профессор,
Егоров Д.С.,ФЭТ,ассистент,д.н.
Алексеев В.И.,ИТМО,профессор,
Кузнецов З.Т.,ФФ,,д.н.
Волков Г.Н.,ФФ,доцент,к.н.
Новиков Ж.Р.,ФИВТ,ассистент,
Новиков Ж.Р.,ФУПМ,профессор,д.н.
Семенов Л.О.,ФМиМ,ассистент,д.н.
Егоров К.М.,ИТМО,профессор,
Семенов Б.В.,ФРТ,,
Волков В.И.,ФИТ,,д.н.
Попов Ж.Р.,ФМиЕН,,д.н.
Попов З.Т.,ФИВТ,,д.н.
Попов И.К.,ФИТ,доцент,
Новиков Ж.Р.,ФФ,профессор,к.н.
Соколов Л.О.,ФФ,профессор,д.н.
Новиков Е.П.,ФФ,,
Алексеев Ж.Р.,ФЭТ,,д.н.
Иванов М.Ю.,ИТМО,,
Семенов Е.П.,ФМиМ,профессор,д.н.
Смирнов Д.С.,ФИВТ,доцент,д.н.
Кузнецов В.И.,ФМиМ,ассистент,д.н.
Лебедев В.И.,ИТМО,доцент,
Кузнецов Д.С.,ФЭТ,доцент,д.н.
Иванов А.А.,ФМиМ,,к.н.
Лебедев Ж.Р.,ИТМО,доцент,д.н.
Сидоров М.Ю.,ФЭТ,,д.н.
Попов З.Т.,ФУПМ,ассистент,к.н.
Егоров А.А.,ФМиЕН,ассистент,д.н.
Егоров Е.П.,ФЭТ,профессор,д.н.
Кузнецов Е.П.,ФУПМ,профессор,д.н.
Смирнов Ж.Р.,ФМиМ,профессор,к.н.
Егоров В.И.,ФЭТ,ассистент,
Семенов А.А.,ФФ,доцент,к.н.
Лебедев И.К.,ФРТ,ассистент,д.н.
Соколов Е.П.,ФМиМ,профессор,к.н.
Лебедева Ж.Р.,ФМиМ,ассистент,к.н.
Соколов А.А.,ФМиЕН,ассистент,к.н.
Козлов Ж.Р.,ФМиМ,,д.н.
Новиков Л.О.,ФРТ,доцент,к.н.
Новиков К.М.,ФМиЕН,профессор,
Кузнецов В.И.,ФУПМ,доцент,д.н.
Егоров И.К.,ФЭТ,,д.н.
Сидоров Д.С.,ФУПМ,профессор,д.н.
Смирнов З.Т.,ФИТ,профессор,д.н.
Семенов Е.П.,ФМиЕН,ассистент,
Козлов А.А.,ИТМО,доцент,
Попов З.Т.,ФМиМ,профессор,д.н.
Козлов М.Ю.,ФМиМ,,к.н.
Соколов Е.П.,ФИВТ,,к.н.
Морозов Д.С.,ФЭТ,доцент,д.н.
Кузнецов М.Ю.,ФФ,,к.н.
Новиков Б.В.,ИТМО,ассистент,д.н.
Смирнов М.Ю.,ФИВТ,доцент,
Морозов К.М.,ФИВТ,,к.н.
Кузнецов Д.С.,ФФ,,д.н.
Егоров З.Т.,ФМиМ,,д.н.
Лебедев Е.П.,ФИТ,,д.н.
Новиков Е.П.,ФУПМ,профессор,
Волков В.И.,ФФ,ассистент,к.н.
Семенов А.А.,ФМиЕН,доцент,к.н.
Кузнецов Г.Н.,ФМиМ,ассистент,
Петров А.А.,ФЭТ,,
Волков Ж.Р.,ФМиМ,доцент,
Петров Г.Н.,ФФ,,
Соколов Е.П.,ФМиМ,,д.н.
Лебедев М.Ю.,ФФ,,д.н.
Алексеев З.Т.,ФУПМ,профессор,д.н.
Волков Д.С.,ФПМИ,ассистент,к.н.
Семенов В.И.,ФМиЕН,ассистент,к.н.
Соколов Б.В.,ФФ,,
Иванов К.М.,ФИВТ,доцент,к.н.
Волков И.К.,ИТМО,доцент,к.н.
Соколов З.Т.,ФИВТ,,д.н.
Петров И.К.,ФМиМ,профессор,к.н.
Соколов Д.С.,ФИТ,,к.н.
Петров В.И.,ФФ,профессор,д.н.
Семенов М.Ю.,ФПМИ,профессор,к.н.
Смирнов К.М.,ФРТ,ассистент,к.н.
Лебедев К.М.,ФМиЕН,ассистент,к.н.
Лебедев Б.В.,ФИТ,ассистент,д.н.
Кузнецов Е.П.,ФУПМ,профессор,к.н.
Алексеев З.Т.,ИТМО,доцент,д.н.
Лебедев М.Ю.,ФМиЕН,профессор,д.н.
Петров Д.С.,ФФ,,
Алексеев К.М.,ФМиЕН,ассистент,д.н.
Кузнецов Е.П.,ФМиМ,,д.н.
Петров Д.С.,ФМиМ,профессор,
Волков З.Т.,ФМиМ,доцент,к.н.
Морозов К.М.,ФИТ,,к.н.
Попов Д.С.,ФМиМ,,
Кузнецов Г.Н.,ИТМО,ассистент,
Алексеев И.К.,ФПМИ,ассистент,д.н.
Козлов А.А.,ФФ,профессор,к.н.
Попов Г.Н.,ФИТ,,к.н.
Егоров К.М.,ФПМИ,доцент,к.н.
Семенов А.А.,ФМиМ,профессор,к.н.
Соколов А.А.,ФИТ,профессор,
Морозов А.А.,ФПМИ,,
Морозов В.И.,ФЭТ,профессор,
Новиков М.Ю.,ФМиЕН,ассистент,д.н.
Смирнов Б.В.,ФМиЕН,,д.н.
Смирнов Г.Н.,ФМиЕН,,
Петров М.Ю.,ФИВТ,доцент,к.н.
Соколов А.А.,ФПМИ,ассистент,к.н.
Иванов Л.О.,ФРТ,доцент,
Семенов Ж.Р.,ФМиМ,ассистент,д.н.
Егоров Е.П.,ФПМИ,профессор,
Иванов Д.С.,ФФ,,к.н.
Козлов Л.О.,ФИВТ,профессор,д.н.
Петров А.А.,ФПМИ,,к.н.
Новиков А.А.,ФУПМ,профессор,к.н.
Кузнецов А.А.,ФФ,,д.н.
Иванов Г.Н.,ФМиМ,,д.н.
Семенов Ж.Р.,ФРТ,,
Семенов Д.С.,ФИВТ,профессор,д.н.
Егоров Ж.Р.,ФМиЕН,ассистент,д.н.
Морозов Ж.Р.,ФИТ,доцент,к.н.
Иванов Ж.Р.,ФМиМ,,к.н.
Иванов Е.П.,ФМиЕН,профессор,
Волков Д.С.,ФПМИ,,
Козлов Г.Н.,ФПМИ,ассистент,
Петров З.Т.,ИТМО,профессор,д.н.
Егоров Б.В.,ФФ,,
Сидоров А.А.,ФЭТ,,д.н.
Волков К.М.,ФИВТ,,
Кузнецов Д.С.,ФРТ,,к.н.
Новиков Д.С.,ИТМО,,д.н.
Алексеев И.К.,ФУПМ,профессор,д.н.
Попов Б.В.,ИТМО,,к.н.
Алексеев З.Т.,ФМиМ,профессор,д.н.
Козлов Б.В.,ИТМО,доцент,д.н.
Лебедева Е.П.,ФЭТ,доцент,д.н.
Егоров Ж.Р.,ФУПМ,,
Кузнецов Ж.Р.,ФРТ,профессор,д.н.
Морозов И.К.,ИТМО,,
Новиков А.А.,ФПМИ,профессор,
Сидоров Г.Н.,ФПМИ,доцент,
Петров М.Ю.,ФМиЕН,профессор,к.н.
Смирнов И.К.,ФФ,доцент,д.н.
Новиков Г.Н.,ФИВТ,ассистент,к.н.
Семенов Ж.Р.,ФФ,доцент,д.н.
Алексеев Б.В.,ФРТ,,к.н.
Морозов Е.П.,ИТМО,доцент,
Новиков А.А.,ИТМО,,д.н.
Алексеев В.И.,ФФ,,к.н.
Новиков М.Ю.,ФМиЕН,ассистент,
Егоров Б.В.,ФПМИ,профессор,д.н.
Егоров Б.В.,ФМиМ,доцент,к.н.
Соколов Б.В.,ФПМИ,доцент,к.н.
Соколов А.А.,ИТМО,,
Морозов И.К.,ФЭТ,доцент,д.н.
Новиков Д.С.,ФРТ,профессор,
Семенов А.А.,ФИТ,ассистент,
Соколов З.Т.,ФПМИ,доцент,д.н.
Волков В.И.,ФПМИ,,к.н.
Лебедева Е.П.,ФИТ,ассистент,
Смирнов Б.В.,ИТМО,,
Попов Ж.Р.,ФМиМ,,
Смирнов Е.П.,ФЭТ,доцент,д.н.
Волков Г.Н.,ФМиЕН,доцент,к.н.
Лебедев М.Ю.,ФМиЕН,ассистент,д.н.
Козлов А.А.,ФИТ,,
Волков Г.Н.,ФЭТ,ассистент,
Алексеев Д.С.,ФИВТ,ассистент,д.н.
Новиков З.Т.,ФМиМ,доцент,
Смирнов Г.Н.,ФИТ,,к.н.
Семенов В.И.,ФМиМ,доцент,
Лебедева Б.В.,ФРТ,профессор,д.н.
Семенов М.Ю.,ФУПМ,,
Попов Е.П.,ФРТ,,к.н.
Алексеев К.М.,ФИТ,доцент,д.н.
Лебедева М.Ю.,ФМиЕН,,к.н.
Волков Б.В.,ФМиМ,профессор,к.н.
Сидоров А.А.,ФМиЕН,доцент,
Сидоров Г.Н.,ФФ,доцент,д.н.
Алексеев Е.П.,ФФ,доцент,
Попов Б.В.,ФРТ,профессор,д.н.
Кузнецов К.М.,ФПМИ,,д.н.
Попов Ж.Р.,ФУПМ,профессор,
Смирнов М.Ю.,ИТМО,,
Лебедев Л.О.,ФЭТ,профессор,
Иванов В.И.,ИТМО,доцент,к.н.
Попов Л.О.,ФПМИ,доцент,д.н.
Лебедева Г.Н.,ФФ,профессор,к.н.
Алексеев Ж.Р.,ФМиМ,,д.н.
Соколов З.Т.,ФМиМ,ассистент,к.н.
Лебедева А.А.,ФПМИ,доцент,
Лебедева Л.О.,ФФ,доцент,
Волков Л.О.,ИТМО,профессор,д.н.
Соколов Л.О.,ФФ,профессор,
Иванов Л.О.,ФФ,доцент,д.н.
Сидоров М.Ю.,ФУПМ,,к.н.
Егоров Ж.Р.,ФПМИ,ассистент,к.н.
Алексеев К.М.,ФИВТ,,к.н.
Лебедева Е.П.,ФМиЕН,,д.н.
Морозов З.Т.,ФМиМ,,
Лебедева И.К.,ФПМИ,,к.н.
Петров Ж.Р.,ФИТ,ассистент,к.н.
Алексеев Е.П.,ФИВТ,ассистент,к.н.
Петров Е.П.,ФМиМ,профессор,д.н.
Волков К.М.,ФФ,профессор,к.н.
Козлов Е.П.,ФРТ,ассистент,д.н.
Волков З.Т.,ФМиМ,ассистент,
Егоров М.Ю.,ИТМО,,
Смирнов И.К.,ФРТ,профессор,
Попов Л.О.,ФФ,ассистент,д.н.
Новиков Г.Н.,ФМиЕН,доцент,к.н.
Лебедев Ж.Р.,ФФ,,к.н.
Сидоров А.А.,ФФ,,д.н.
Попов Ж.Р.,ФФ,ассистент,к.н.
Кузнецов В.И.,ФУПМ,,
Соколов Б.В.,ФУПМ,доцент,
Алексеев Ж.Р.,ИТМО,ассистент,
Лебедев Л.О.,ФМиЕН,доцент,к.н.
Иванов З.Т.,ФМиЕН,профессор,к.н.
Алексеев Е.П.,ФРТ,ассистент,к.н.
Алексеев А.А.,ИТМО,,
Попов Г.Н.,ФФ,доцент,
Волков Л.О.,ФЭТ,ассистент,
Лебедев Е.П.,ФИТ,ассистент,
Смирнов Д.С.,ИТМО,,к.н.
Алексеев Ж.Р.,ИТМО,доцент,к.н.
Смирнов Д.С.,ФУПМ,,к.н.
Волков Ж.Р.,ФИВТ,ассистент,д.н.
Сидоров Е.П.,ФИВТ,профессор,д.н.
Иванов Е.П.,ФМиМ,ассистент,к.н.
Новиков Б.В.,ФИВТ,,
Петров Г.Н.,ФРТ,профессор,д.н.
Козлов В.И.,ФИТ,профессор,к.н.
Егоров В.И.,ФМиМ,ассистент,
Волков И.К.,ИТМО,доцент,д.н.
Семенов Е.П.,ФЭТ,профессор,к.н.
Семенов В.И.,ФМиМ,ассистент,
Алексеев М.Ю.,ИТМО,ассистент,д.н.
Смирнов М.Ю.,ФИТ,,д.н.
Семенов Е.П.,ФЭТ,профессор,д.н.
Волков А.А.,ФЭТ,доцент,к.н.
Петров З.Т.,ФПМИ,профессор,к.н.
Кузнецов Г.Н.,ФФ,ассистент,
Морозов К.М.,ФИТ,,д.н.
Лебедева К.М.,ФФ,ассистент,д.н.
Алексеев Б.В.,ФУПМ,доцент,
Козлов М.Ю.,ФИТ,доцент,к.н.
Морозов Л.О.,ФМиЕН,профессор,д.н.
Алексеев Ж.Р.,ФПМИ,доцент,
Иванов Б.В.,ФУПМ,доцент,к.н.
Морозов Л.О.,ИТМО,доцент,к.н.
Петров В.И.,ФИВТ,доцент,д.н.
Кузнецов Г.Н.,ФИВТ,ассистент,к.н.
Лебедев В.И.,ФМиМ,профессор,
Новиков Ж.Р.,ФФ,ассистент,д.н.
Алексеев Д.С.,ФРТ,ассистент,к.н.
Соколов Ж.Р.,ФМиМ,,
Лебедева Д.С.,ИТМО,,
Лебедева Б.В.,ФРТ,доцент,д.н.
Морозов Е.П.,ФПМИ,ассистент,к.н.
Петров З.Т.,ФМиЕН,доцент,д.н.
Лебедева И.К.,ФИТ,профессор,д.н.
Иванов К.М.,ИТМО,профессор,д.н.
Семенов В.И.,ФМиМ,,
Попов Л.О.,ФЭТ,ассистент,к.н.
Петров Е.П.,ФРТ,,к.н.
Козлов Е.П.,ФМиМ,ассистент,д.н.
Алексеев А.А.,ФЭТ,доцент,д.н.
Егоров В.И.,ФЭТ,доцент,
Семенов Г.Н.,ФРТ,профессор,к.н.
Волков К.М.,ИТМО,,
Кузнецов Ж.Р.,ФИВТ,профессор,к.н.
Егоров К.М.,ФМиЕН,,д.н.
Новиков Б.В.,ФФ,доцент,к.н.
Козлов Д.С.,ФФ,ассистент,к.н.
Волков Д.С.,ФУПМ,ассистент,к.н.
Сидоров Г.Н.,ФПМИ,,
Егоров Г.Н.,ФМиЕН,,
Алексеев Ж.Р.,ФПМИ,ассистент,к.н.
Новиков Ж.Р.,ФУПМ,,
Козлов Д.С.,ФМиЕН,доцент,
Петров З.Т.,ФМиЕН,доцент,д.н.
Егоров Б.В.,ИТМО,доцент,к.н.
Соколов И.К.,ФЭТ,профессор,к.н.
Лебедева Е.П.,ФЭТ,профессор,д.н.
Иванов М.Ю.,ФЭТ,,д.н.
Волков З.Т.,ФМиМ,доцент,д.н.
Попов К.М.,ФМиМ,ассистент,д.н.
Лебедева Б.В.,ФИТ,ассистент,
Волков Г.Н.,ФЭТ,профессор,д.н.
Смирнов В.И.,ФРТ,,к.н.
Лебедева И.К.,ФМиМ,ассистент,к.н.
Новиков Г.Н.,ФИВТ,,
Сидоров З.Т.,ФМиМ,ассистент,к.н.
Новиков Л.О.,ФИТ,доцент,к.н.
Лебедев К.М.,ФМиЕН,профессор,д.н.
Попов В.И.,ФИТ,доцент,к.н.
Иванов Д.С.,ФУПМ,ассистент,
Егоров Е.П.,ФМиМ,профессор,к.н.
Смирнов З.Т.,ФМиЕН,доцент,к.н.
Смирнов Г.Н.,ФФ,доцент,к.н.
Попов М.Ю.,ФРТ,доцент,к.н.
Кузнецов В.И.,ФЭТ,профессор,д.н.
Кузнецов А.А.,ИТМО,доцент,д.н.
Егоров Г.Н.,ФПМИ,доцент,
Попов Б.В.,ФЭТ,профессор,д.н.
Лебедев К.М.,ФМиМ,,
Попов К.М.,ФФ,профессор,к.н.
Попов З.Т.,ИТМО,доцент,к.н.
Сидоров Ж.Р.,ФПМИ,доцент,к.н.
Новиков Б.В.,ФМиМ,профессор,
Алексеев В.И.,ФПМИ,ассистент,д.н.
Егоров Е.П.,ИТМО,профессор,
Иванов Е.П.,ФИВТ,профессор,д.н.
Соколов Е.П.,ФРТ,доцент,к.н.
Попов Д.С.,ФМиМ,,к.н.
Попов Г.Н.,ФЭТ,доцент,д.н.
Сидоров В.И.,ФЭТ,,к.н.
Новиков Л.О.,ФУПМ,ассистент,к.н.
Кузнецов Ж.Р.,ФРТ,профессор,
Попов Д.С.,ФИВТ,,д.н.
Семенов В.И.,ФИТ,доцент,
Семенов М.Ю.,ФИВТ,доцент,к.н.
Новиков В.И.,ФЭТ,профессор,к.н.
Егоров Д.С.,ФМиМ,,
Морозов В.И.,ИТМО,профессор,
Морозов Е.П.,ФМиМ,,
Морозов М.Ю.,ФФ,ассистент,к.н.
Семенов Ж.Р.,ФМиЕН,доцент,к.н.
Соколов Ж.Р.,ИТМО,профессор,
Алексеев Е.П.,ФУПМ,ассистент,к.н.
Волков К.М.,ФФ,ассистент,к.н.
Морозов Г.Н.,ФИТ,,
Кузнецов А.А.,ФФ,профессор,
Смирнов Г.Н.,ФМиМ,доцент,
Иванов А.А.,ФПМИ,профессор,д.н.
Морозов А.А.,ИТМО,,
Новиков К.М.,ФИВТ,профессор,
Козлов К.М.,ФМиЕН,доцент,к.н.
Лебедев М.Ю.,ФФ,профессор,к.н.
Сидоров Е.П.,ФФ,ассистент,д.н.
Егоров Д.С.,ФРТ,профессор,
Морозов Б.В.,ФУПМ,,д.н.
Смирнов М.Ю.,ФУПМ,,к.н.
Кузнецов К.М.,ФФ,доцент,к.н.
Смирнов Л.О.,ИТМО,доцент,
Семенов М.Ю.,ФПМИ,доцент,к.н.
Соколов Г.Н.,ФИТ,ассистент,
Новиков В.И.,ФИТ,доцент,
Семенов Л.О.,ФИТ,,к.н.
Морозов В.И.,ФМиЕН,профессор,к.н.
Лебедев И.К.,ФРТ,ассистент,
Петров Л.О.,ФЭТ,профессор,к.н.
Иванов К.М.,ФФ,,к.н.
Морозов Г.Н.,ИТМО,,к.н.
Козлов В.И.,ФПМИ,ассистент,к.н.
Козлов Д.С.,ФРТ,доцент,к.н.
Попов Е.П.,ФУПМ,профессор,к.н.
Морозов К.М.,ФЭТ,ассистент,
Иванов К.М.,ФЭТ,ассистент,
Лебедева К.М.,ФМиМ,,д.н.
Иванов А.А.,ФПМИ,ассистент,д.н.
Козлов Ж.Р.,ФУПМ,,к.н.
Иванов В.И.,ФРТ,ассистент,
Лебедева И.К.,ФИВТ,профессор,
Сидоров В.И.,ФИВТ,профессор,д.н.
Егоров В.И.,ИТМО,профессор,
Петров А.А.,ФМиЕН,профессор,д.н.
Егоров Б.В.,ФИВТ,профессор,
Кузнецов К.М.,ФУПМ,профессор,д.н.
Морозов А.А.,ФМиЕН,ассистент,к.н.
Попов К.М.,ФМиМ,профессор,д.н.
Лебедев Е.П.,ФИВТ,,к.н.
Семенов К.М.,ФЭТ,,
Лебедева Д.С.,ФМиЕН,ассистент,д.н.
Сидоров Л.О.,ФИВТ,профессор,д.н.
Семенов Ж.Р.,ФЭТ,,
Сидоров М.Ю.,ФРТ,ассистент,к.н.
Алексеев Д.С.,ФУПМ,доцент,д.н.
Петров М.Ю.,ФИТ,доцент,к.н.
Новиков Д.С.,ФФ,доцент,
Петров Ж.Р.,ФРТ,профессор,д.н.
Попов Л.О.,ФРТ,профессор,
Соколов А.А.,ФФ,доцент,д.н.
Лебедев Г.Н.,ФИТ,ассистент,к.н.
Егоров К.М.,ФИВТ,,к.н.
Соколов В.И.,ФМиЕН,ассистент,
Соколов Д.С.,ФУПМ,доцент,д.н.
Кузнецов Г.Н.,ФРТ,ассистент,к.н.
Иванов Д.С.,ФУПМ,,д.н.
Семенов Е.П.,ФИВТ,доцент,
Петров И.К.,ФПМИ,,
Морозов Ж.Р.,ФМиЕН,доцент,д.н.
Алексеев Д.С.,ИТМО,профессор,д.н.
Соколов Б.В.,ФПМИ,,д.н.
Козлов Ж.Р.,ФЭТ,ассистент,к.н.
Новиков Е.П.,ФФ,ассистент,д.н.
Алексеев Ж.Р.,ФРТ,профессор,д.н.
Козлов А.А.,ФФ,,
Смирнов Г.Н.,ФУПМ,профессор,
Новиков К.М.,ФИТ,доцент,
Лебедев Л.О.,ФФ,ассистент,д.н.
Иванов Е.П.,ФУПМ,ассистент,к.н.
Волков И.К.,ФУПМ,доцент,д.н.
Алексеев Б.В.,ФЭТ,профессор,к.н.
Попов М.Ю.,ФИТ,,д.н.
Иванов В.И.,ФУПМ,,
Алексеев Г.Н.,ФЭТ,,к.н.
Попов З.Т.,ФПМИ,,д.н.
Сидоров Г.Н.,ФРТ,профессор,
Егоров Е.П.,ФРТ,,
Семенов З.Т.,ФМиЕН,профессор,
Петров М.Ю.,ФПМИ,ассистент,д.н.
Смирнов Г.Н.,ФИВТ,профессор,
Морозов Е.П.,ФМиМ,доцент,к.н.
Сидоров Б.В.,ФМиМ,ассистент,
Соколов Г.Н.,ФПМИ,,
Лебедева З.Т.,ФМиМ,ассистент,к.н.
Лебедев Е.П.,ФМиЕН,профессор,д.н.
Семенов К.М.,ИТМО,доцент,д.н.
Попов А.А.,ИТМО,,к.н.
Попов Г.Н.,ФФ,,д.н.
Петров Д.С.,ФПМИ,ассистент,д.н.
Петров З.Т.,ФМиМ,профессор,д.н.
Волков К.М.,ФМиМ,,
Сидоров Е.П.,ФУПМ,доцент,д.н.
Морозов Д.С.,ФМиЕН,профессор,к.н.
Новиков Е.П.,ФУПМ,ассистент,к.н.
Сидоров В.И.,ФМиЕН,ассистент,
Лебедева Е.П.,ИТМО,,к.н.
Лебедев В.И.,ФРТ,профессор,
Лебедева Ж.Р.,ФРТ,доцент,к.н.
Лебедева М.Ю.,ФРТ,,к.н.
Лебедев М.Ю.,ФМиМ,профессор,д.н.
Новиков Е.П.,ФИВТ,ассистент,
Кузнецов М.Ю.,ФПМИ,,д.н.
Попов Д.С.,ФУПМ,ассистент,д.н.
Петров В.И.,ИТМО,ассистент,к.н.
Козлов Е.П.,ФРТ,,
Семенов М.Ю.,ФРТ,доцент,
Иванов Б.В.,ФФ,доцент,к.н.
Егоров К.М.,ИТМО,ассистент,к.н.
Кузнецов Д.С.,ФМиЕН,,к.н.
Козлов Г.Н.,ФРТ,ассистент,
Новиков Д.С.,ФРТ,ассистент,
Сидоров Ж.Р.,ФМиМ,доцент,
Соколов К.М.,ФИВТ,доцент,д.н.
Новиков Л.О.,ФМиЕН,доцент,
Лебедева И.К.,ФМиМ,,д.н.
Попов М.Ю.,ФУПМ,профессор,к.н.
Попов А.А.,ИТМО,доцент,
Козлов З.Т.,ФИВТ,,д.н.
Лебедева Л.О.,ФИВТ,,
Иванов М.Ю.,ФРТ,,
Соколов З.Т.,ФПМИ,доцент,к.н.
Морозов М.Ю.,ФИТ,доцент,к.н.
Лебедев В.И.,ФПМИ,,к.н.
Сидоров К.М.,ФИТ,доцент,
Соколов В.И.,ФФ,ассистент,к.н.
Волков М.Ю.,ФЭТ,доцент,к.н.
Лебедев Б.В.,ФИВТ,ассистент,
Алексеев Л.О.,ФРТ,ассистент,
Соколов Ж.Р.,ФУПМ,профессор,к.н.
Егоров К.М.,ФИВТ,профессор,д.н.
Сидоров М.Ю.,ФМиЕН,ассистент,к.н.
Лебедев З.Т.,ИТМО,,
Смирнов К.М.,ФРТ,ассистент,д.н.
Попов М.Ю.,ФМиМ,профессор,к.н.
Морозов Г.Н.,ФИТ,доцент,д.н.
Морозов Ж.Р.,ФУПМ,профессор,
Лебедев З.Т.,ФУПМ,,д.н.
Алексеев З.Т.,ФИТ,доцент,д.н.
Иванов Е.П.,ФПМИ,,
Егоров К.М.,ФФ,профессор,д.н.
Алексеев И.К.,ФИТ,доцент,
Волков В.И.,ФМиМ,доцент,д.н.
Морозов Е.П.,ФРТ,,к.н.
Морозов Г.Н.,ФФ,ассистент,д.н.
Новиков И.К.,ФУПМ,ассистент,к.н.
Лебедева Г.Н.,ФМиМ,,к.н.
Иванов М.Ю.,ФМиЕН,,
Смирнов И.К.,ФРТ,доцент,к.н.
Соколов Б.В.,ФУПМ,ассистент,д.н.
Попов Ж.Р.,ФИТ,,к.н.
Козлов К.М.,ФУПМ,доцент,
Волков Б.В.,ФФ,доцент,
Лебедев Д.С.,ФФ,ассистент,
Кузнецов В.И.,ФЭТ,доцент,
Козлов З.Т.,ФМиМ,доцент,
Иванов Г.Н.,ФПМИ,ассистент,к.н.
Лебедев З.Т.,ФИТ,,к.н.
Кузнецов М.Ю.,ФМиМ,ассистент,д.н.
Петров А.А.,ФМиЕН,доцент,д.н.
Кузнецов Б.В.,ФИТ,профессор,к.н.
Кузнецов Б.В.,ФИВТ,профессор,
Морозов В.И.,ФУПМ,доцент,д.н.
Иванов Л.О.,ФЭТ,доцент,
Лебедев Б.В.,ФПМИ,ассистент,д.н.
Морозов М.Ю.,ФИВТ,ассистент,
Егоров К.М.,ФЭТ,доцент,
Семенов В.И.,ФУПМ,доцент,д.н.
Сидоров Д.С.,ИТМО,ассистент,д.н.
Козлов Г.Н.,ФЭТ,,
Соколов В.И.,ФРТ,ассистент,к.н.
Алексеев И.К.,ФМиМ,ассистент,к.н.
Соколов З.Т.,ФРТ,ассистент,д.н.
Петров Ж.Р.,ФУПМ,,
Семенов Ж.Р.,ФПМИ,,д.н.
Иванов И.К.,ИТМО,профессор,д.н.
Семенов В.И.,ФФ,доцент,
Соколов В.И.,ФИВТ,профессор,к.н.
Соколов Г.Н.,ФИТ,,
Новиков М.Ю.,ФПМИ,,
Козлов Е.П.,ФИТ,доцент,
Кузнецов Б.В.,ФФ,ассистент,
Кузнецов Е.П.,ИТМО,ассистент,д.н.
Егоров Ж.Р.,ФФ,ассистент,д.н.
Лебедева К.М.,ФФ,профессор,д.н.
Лебедева Г.Н.,ФПМИ,профессор,
Петров К.М.,ФУПМ,профессор,к.н.
Морозов З.Т.,ФПМИ,ассистент,
Смирнов З.Т.,ФЭТ,,к.н.
Козлов Д.С.,ФПМИ,доцент,
Лебедева З.Т.,ИТМО,доцент,
Егоров В.И.,ФМиЕН,ассистент,д.н.
Петров Л.О.,ФЭТ,ассистент,
Егоров Б.В.,ФИТ,,д.н.
Петров Ж.Р.,ФИВТ,ассистент,
Морозов В.И.,ИТМО,профессор,д.н.
Алексеев Г.Н.,ФПМИ,,д.н.
Козлов А.А.,ФУПМ,ассистент,
Смирнов Ж.Р.,ФИВТ,,
Сидоров И.К.,ФИТ,доцент,
Сидоров Г.Н.,ФИТ,профессор,
Новиков Г.Н.,ФПМИ,,д.н.
Волков Г.Н.,ФУПМ,ассистент,к.н.
Кузнецов Л.О.,ФПМИ,доцент,д.н.
Сидоров Б.В.,ФРТ,,д.н.
Попов Б.В.,ФПМИ,ассистент,
Алексеев Г.Н.,ФИТ,ассистент,
Петров Д.С.,ФЭТ,ассистент,
Соколов Ж.Р.,ФПМИ,профессор,
Соколов Ж.Р.,ФМиМ,профессор,д.н.
Лебедев Ж.Р.,ФИВТ,ассистент,д.н.
Соколов Ж.Р.,ФЭТ,профессор,
Лебедев М.Ю.,ФУПМ,доцент,к.н.
Лебедева А.А.,ФПМИ,профессор,к.н.
Алексеев М.Ю.,ФПМИ,,к.н.
Иванов Л.О.,ФПМИ,ассистент,д.н.
Сидоров Д.С.,ФФ,доцент,к.н.
Иванов Д.С.,ФИВТ,профессор,к.н.
Лебедева Е.П.,ФИВТ,ассистент,д.н.
Сидоров Б.В.,ФУПМ,профессор,к.н.
Новиков Б.В.,ФПМИ,доцент,
Алексеев В.И.,ФМиМ,профессор,к.н.
Сидоров Д.С.,ИТМО,ассистент,д.н.
Морозов Г.Н.,ФРТ,профессор,к.н.
Новиков А.А.,ФИТ,,д.н.
Петров И.К.,ФИВТ,профессор,к.н.
Морозов Е.П.,ФРТ,доцент,к.н.
Морозов В.И.,ФПМИ,доцент,к.н.
Попов В.И.,ФФ,,к.н.
Иванов З.Т.,ФФ,доцент,
Петров Е.П.,ФРТ,,д.н.
Лебедев Б.В.,ФУПМ,ассистент,
Морозов А.А.,ИТМО,ассистент,к.н.
Новиков К.М.,ИТМО,доцент,д.н.
Лебедева З.Т.,ФРТ,,
Лебедева Л.О.,ФИТ,доцент,д.н.
Волков Е.П.,ФФ,ассистент,к.н.
Семенов Е.П.,ИТМО,,к.н.
Лебедева Г.Н.,ФПМИ,доцент,к.н.
Сидоров З.Т.,ФУПМ,,
Волков А.А.,ФМиМ,,к.н.
Петров К.М.,ФМиЕН,,
Кузнецов Л.О.,ФИТ,профессор,д.н.
Смирнов А.А.,ФФ,доцент,
Волков А.А.,ФМиМ,профессор,к.н.
Смирнов Б.В.,ФМиМ,доцент,
Сидоров М.Ю.,ФПМИ,ассистент,д.н.
Сидоров Е.П.,ФЭТ,профессор,
Кузнецов Д.С.,ИТМО,доцент,к.н.
Семенов В.И.,ИТМО,,к.н.
Егоров Ж.Р.,ФИТ,,к.н.
Морозов Ж.Р.,ФИТ,,д.н.
Попов З.Т.,ФМиЕН,доцент,к.н.
Козлов Е.П.,ИТМО,доцент,д.н.
Алексеев Д.С.,ФПМИ,ассистент,д.н.
Алексеев А.А.,ФИВТ,ассистент,к.н.
Егоров А.А.,ФМиЕН,ассистент,д.н.
Смирнов Б.В.,ИТМО,профессор,д.н.
Лебедева Г.Н.,ФИВТ,,
Лебедева Л.О.,ФИВТ,ассистент,к.н.
Алексеев М.Ю.,ИТМО,ассистент,к.н.
Волков И.К.,ФЭТ,ассистент,д.н.
Соколов Г.Н.,ФИВТ,ассистент,к.н.
Морозов К.М.,ФПМИ,ассистент,д.н.
Алексеев В.И.,ФМиМ,ассистент,к.н.
Соколов К.М.,ИТМО,профессор,д.н.
Лебедев З.Т.,ФПМИ,доцент,к.н.
Волков Д.С.,ФИТ,профессор,
Смирнов Б.В.,ИТМО,,к.н.
Морозов З.Т.,ФИТ,,
Смирнов Д.С.,ФРТ,профессор,д.н.
Алексеев Л.О.,ФРТ,ассистент,
Петров И.К.,ФМиМ,профессор,д.н.
Семенов К.М.,ФИТ,,
Новиков К.М.,ФМиМ,профессор,
Егоров Г.Н.,ФИТ,,к.н.
Новиков Ж.Р.,ФУПМ,доцент,
Новиков Г.Н.,ФФ,,к.н.
Алексеев И.К.,ФИТ,ассистент,д.н.
Кузнецов И.К.,ФМиМ,ассистент,
Лебедев И.К.,ФЭТ,профессор,к.н.
Козлов Е.П.,ФМиМ,,
Петров К.М.,ФЭТ,доцент,
Алексеев К.М.,ФМиМ,профессор,
Петров Е.П.,ФРТ,профессор,к.н.
Попов Б.В.,ФИТ,ассистент,
Кузнецов З.Т.,ФМиМ,,
Попов Г.Н.,ФМиЕН,доцент,к.н.
Иванов А.А.,ФМиЕН,доцент,
Смирнов К.М.,ФМиМ,профессор,
Семенов И.К.,ФУПМ,доцент,д.н.
Козлов Г.Н.,ФИТ,,
Семенов Ж.Р.,ФМиМ,профессор,д.н.
Лебедева А.А.,ФЭТ,доцент,д.н.
Иванов Д.С.,ФПМИ,ассистент,к.н.
Волков В.И.,ФМиМ,доцент,
Попов А.А.,ФИВТ,доцент,
Морозов Ж.Р.,ФРТ,доцент,д.н.
Иванов А.А.,ФУПМ,профессор,д.н.
Морозов З.Т.,ФИТ,доцент,д.н.
Лебедев Б.В.,ФФ,доцент,
Егоров А.А.,ФМиЕН,профессор,д.н.
Козлов В.И.,ФИВТ,,к.н.
Сидоров Л.О.,ФУПМ,,к.н.
Волков Д.С.,ФИТ,ассистент,д.н.
Соколов Ж.Р.,ФИТ,,
Петров Г.Н.,ФМиЕН,профессор,д.н.
Сидоров З.Т.,ФРТ,ассистент,д.н.
Семенов М.Ю.,ИТМО,доцент,
Смирнов К.М.,ФИТ,,д.н.
Лебедев З.Т.,ФМиМ,,д.н.
Алексеев Д.С.,ФПМИ,,к.н.
Козлов З.Т.,ФУПМ,ассистент,к.н.
Морозов Б.В.,ФРТ,,д.н.
Соколов К.М.,ФЭТ,ассистент,к.н.
Сидоров Ж.Р.,ФМиМ,,к.н.
Иванов В.И.,ФФ,ассистент,д.н.
Иванов К.М.,ФПМИ,доцент,
Петров А.А.,ФЭТ,профессор,к.н.
Иванов И.К.,ФМиМ,доцент,к.н.
Семенов И.К.,ФФ,,д.н.
Лебедев А.А.,ФМиМ,,к.н.
Волков М.Ю.,ФМиЕН,ассистент,д.н.
Смирнов А.А.,ФФ,ассистент,
Кузнецов В.И.,ФМиЕН,,к.н.
Соколов Л.О.,ФИТ,,
Иванов Б.В.,ФИТ,,к.н.
Алексеев И.К.,ФФ,профессор,
Попов З.Т.,ФЭТ,доцент,д.н.
Петров З.Т.,ИТМО,доцент,
Кузнецов К.М.,ФФ,профессор,к.н.
Соколов Е.П.,ФРТ,доцент,
Смирнов Е.П.,ФИТ,,к.н.
Смирнов Д.С.,ФЭТ,ассистент,д.н.
Петров З.Т.,ФИТ,,д.н.
Егоров Е.П.,ФУПМ,ассистент,д.н.
Смирнов Ж.Р.,ФФ,доцент,д.н.
Сидоров К.М.,ФРТ,ассистент,д.н.
Кузнецов М.Ю.,ИТМО,ассистент,
Петров Д.С.,ФРТ,доцент,к.н.
Алексеев А.А.,ФЭТ,ассистент,д.н.
Егоров Е.П.,ИТМО,,
Новиков Л.О.,ФИВТ,,д.н.
Морозов Ж.Р.,ФФ,профессор,к.н.
Морозов М.Ю.,ФИТ,,к.н.
Сидоров Ж.Р.,ФМиЕН,ассистент,д.н.
Иванов Г.Н.,ФФ,доцент,д.н.
Морозов И.К.,ИТМО,ассистент,
Козлов Б.В.,ФИТ,доцент,к.н.
Попов Ж.Р.,ФИВТ,профессор,д.н.
Алексеев Д.С.,ФУПМ,,к.н.
Егоров М.Ю.,ФУПМ,профессор,
Козлов Л.О.,ФРТ,ассистент,д.н.
Волков К.М.,ИТМО,доцент,к.н.
Егоров В.И.,ФМиМ,,
Козлов Ж.Р.,ФИТ,профессор,д.н.
Новиков А.А.,ФМиЕН,доцент,к.н.
Кузнецов Г.Н.,ФУПМ,доцент,к.н.
Волков Б.В.,ФМиМ,,к.н.
Иванов А.А.,ФМиЕН,доцент,д.н.
Козлов Е.П.,ФПМИ,профессор,д.н.
Егоров Е.П.,ФУПМ,ассистент,
Алексеев З.Т.,ФИВТ,профессор,
Кузнецов Е.П.,ФИВТ,,
Алексеев М.Ю.,ФЭТ,профессор,д.н.
Морозов З.Т.,ФУПМ,доцент,д.н.
Семенов А.А.,ИТМО,профессор,к.н.
Егоров А.А.,ФМиМ,ассистент,д.н.
Семенов Г.Н.,ИТМО,доцент,д.н.
Петров Ж.Р.,ИТМО,,
Егоров Е.П.,ФУПМ,ассистент,
Козлов Г.Н.,ФФ,доцент,д.н.
Алексеев Г.Н.,ФРТ,,д.н.
Смирнов А.А.,ФУПМ,профессор,
Козлов Б.В.,ФМиЕН,ассистент,к.н.
Козлов Б.В.,ФРТ,,к.н.
Кузнецов Д.С.,ФЭТ,,д.н.
Волков З.Т.,ФИТ,профессор,к.н.
Морозов И.К.,ФИВТ,ассистент,д.н.
Лебедев Б.В.,ФМиМ,ассистент,к.н.
Морозов И.К.,ФФ,ассистент,д.н.
Сидоров М.Ю.,ФУПМ,профессор,д.н.
Лебедев Г.Н.,ФМиЕН,,
Попов И.К.,ФЭТ,ассистент,д.н.
Соколов М.Ю.,ФМиМ,ассистент,
Семенов З.Т.,ФИВТ,ассистент,д.н.
Петров М.Ю.,ИТМО,профессор,д.н.
Сидоров А.А.,ФУПМ,ассистент,
Новиков З.Т.,ФФ,профессор,к.н.
Петров Б.В.,ФМиМ,профессор,
Иванов К.М.,ФМиЕН,ассистент,к.н.
Новиков И.К.,ФЭТ,,
Новиков В.И.,ФМиЕН,доцент,д.н.
Петров Б.В.,ФИВТ,доцент,к.н.
Петров В.И.,ФУПМ,доцент,д.н.
Иванов Б.В.,ФИВТ,профессор,
Егоров А.А.,ФФ,ассистент,к.н.
Лебедев И.К.,ИТМО,доцент,д.н.
Семенов Б.В.,ФРТ,ассистент,д.н.
Сидоров Г.Н.,ФИВТ,ассистент,
Новиков Г.Н.,ИТМО,ассистент,
Алексеев Ж.Р.,ФУПМ,профессор,
Сидоров Б.В.,ФУПМ,доцент,д.н.
Попов Г.Н.,ФИТ,доцент,
Попов И.К.,ФИТ,профессор,д.н.
Морозов И.К.,ФУПМ,доцент,д.н.
Лебедева М.Ю.,ФФ,доцент,к.н.
Семенов В.И.,ФПМИ,,д.н.
Новиков Е.П.,ФИВТ,,д.н.
Семенов Б.В.,ФМиЕН,ассистент,
Иванов Б.В.,ФЭТ,доцент,к.н.
Соколов В.И.,ИТМО,доцент,
Козлов Ж.Р.,ФЭТ,,
Алексеев З.Т.,ФУПМ,профессор,
Волков Ж.Р.,ФУПМ,ассистент,д.н.
Алексеев В.И.,ФРТ,ассистент,д.н.
Лебедева В.И.,ФМиМ,доцент,к.н.
Козлов Е.П.,ФУПМ,доцент,
Егоров М.Ю.,ФЭТ,доцент,к.н.
Сидоров Е.П.,ФРТ,,д.н.
Егоров Д.С.,ФМиЕН,ассистент,д.н.
Лебедева Л.О.,ФИТ,,
Иванов Д.С.,ИТМО,доцент,д.н.
Егоров В.И.,ФИТ,доцент,
Соколов М.Ю.,ФМиЕН,профессор,д.н.
Новиков Г.Н.,ФМиМ,профессор,
Соколов В.И.,ФМиЕН,,к.н.
Кузнецов К.М.,ФРТ,профессор,
Сидоров З.Т.,ФМиМ,ассистент,д.н.
Егоров Л.О.,ФУПМ,доцент,
Волков К.М.,ФФ,ассистент,д.н.
Семенов М.Ю.,ФМиМ,,д.н.
Иванов Д.С.,ФРТ,,
Сидоров Е.П.,ФИВТ,профессор,д.н.
Иванов Б.В.,ФМиЕН,профессор,к.н.
Лебедева А.А.,ФРТ,профессор,
Петров Л.О.,ФФ,ассистент,д.н.
Новиков Б.В.,ФФ,,д.н.
Сидоров В.И.,ФИВТ,ассистент,к.н.
Козлов В.И.,ФФ,ассистент,к.н.
Кузнецов М.Ю.,ФПМИ,,
Козлов Л.О.,ФМиЕН,доцент,к.н.
Смирнов И.К.,ФУПМ,профессор,д.н.
Егоров З.Т.,ФФ,профессор,д.н.
Алексеев З.Т.,ФИТ,,д.н.
Сидоров И.К.,ФМиМ,профессор,к.н.
Морозов З.Т.,ФМиМ,профессор,к.н.
Козлов К.М.,ФМиЕН,,
Морозов Ж.Р.,ФМиЕН,доцент,
Кузнецов К.М.,ИТМО,доцент,
Волков Д.С.,ИТМО,профессор,к.н.
Соколов А.А.,ФФ,доцент,
Лебедев Е.П.,ФМиЕН,профессор,д.н.
Лебедева М.Ю.,ФРТ,,
Егоров Д.С.,ФМиЕН,профессор,д.н.
Петров К.М.,ИТМО,,к.н.
Лебедев З.Т.,ИТМО,ассистент,
Лебедев Л.О.,ФИТ,доцент,д.н.
Лебедев Б.В.,ФУПМ,ассистент,д.н.
Иванов Д.С.,ФФ,доцент,
Волков Ж.Р.,ФМиМ,профессор,д.н.
Морозов Д.С.,ФМиМ,,
Смирнов Б.В.,ФМиЕН,профессор,
Петров А.А.,ФУПМ,профессор,
Волков И.К.,ФПМИ,,д.н.
Козлов Ж.Р.,ФФ,доцент,к.н.
Козлов А.А.,ФИВТ,доцент,д.н.
Петров А.А.,ФПМИ,,
Кузнецов Г.Н.,ФПМИ,доцент,к.н.
Петров А.А.,ФИТ,профессор,д.н.
Лебедева К.М.,ФРТ,,д.н.
Попов М.Ю.,ФФ,ассистент,д.н.
Новиков Б.В.,ФУПМ,профессор,д.н.
Егоров Д.С.,ФМиЕН,доцент,к.н.
Соколов Г.Н.,ФИВТ,профессор,
Кузнецов Ж.Р.,ФИВТ,профессор,д.н.
Егоров Ж.Р.,ФМиЕН,доцент,д.н.
Кузнецов З.Т.,ФЭТ,,
Соколов И.К.,ИТМО,профессор,
Волков И.К.,ФПМИ,ассистент,д.н.
Иванов К.М.,ФРТ,ассистент,к.н.
Егоров В.И.,ФМиЕН,профессор,
Лебедева Г.Н.,ФЭТ,ассистент,
Новиков М.Ю.,ФМиМ,профессор,к.н.
Лебедева Ж.Р.,ФРТ,профессор,к.н.
Новиков Л.О.,ФМиЕН,ассистент,д.н.
Егоров Б.В.,ИТМО,ассистент,д.н.
Смирнов Д.С.,ФПМИ,доцент,к.н.
Егоров К.М.,ФУПМ,,д.н.
Новиков М.Ю.,ФМиМ,профессор,
Кузнецов К.М.,ФИВТ,профессор,д.н.
Козлов М.Ю.,ИТМО,ассистент,к.н.
Иванов А.А.,ФЭТ,ассистент,к.н.
Козлов К.М.,ФФ,профессор,к.н.
Соколов Г.Н.,ФПМИ,профессор,к.н.
Сидоров А.А.,ФРТ,ассистент,д.н.
Лебедев Л.О.,ФФ,доцент,
Кузнецов Г.Н.,ФЭТ,доцент,д.н.
Иванов А.А.,ФУПМ,,
Семенов Ж.Р.,ИТМО,профессор,к.н.
Попов А.А.,ФЭТ,профессор,д.н.
Морозов А.А.,ФРТ,ассистент,к.н.
Козлов Ж.Р.,ФПМИ,ассистент,к.н.
Алексеев В.И.,ИТМО,ассистент,д.н.
Козлов Е.П.,ФФ,доцент,д.н.
Лебедева Д.С.,ФФ,доцент,к.н.
Новиков К.М.,ФРТ,профессор,д.н.
Смирнов К.М.,ФПМИ,профессор,
Иванов Г.Н.,ФУПМ,профессор,
Соколов З.Т.,ФПМИ,,д.н.
Алексеев М.Ю.,ФЭТ,,
Сидоров Д.С.,ФИТ,доцент,д.н.
Соколов В.И.,ФМиЕН,профессор,
Алексеев И.К.,ФФ,ассистент,д.н.
Алексеев Б.В.,ФУПМ,,к.н.
Иванов М.Ю.,ФЭТ,доцент,к.н.
Морозов Ж.Р.,ФУПМ,ассистент,к.н.
Смирнов К.М.,ФЭТ,профессор,к.н.
Морозов В.И.,ФПМИ,,д.н.
Алексеев Б.В.,ФИВТ,доцент,д.н.
Егоров Д.С.,ФРТ,ассистент,к.н.
Волков Д.С.,ФМиМ,доцент,к.н.
Новиков Ж.Р.,ФУПМ,ассистент,д.н.
Козлов Д.С.,ФФ,,д.н.
Козлов В.И.,ФИВТ,профессор,д.н.
Новиков Е.П.,ФИВТ,ассистент,д.н.
Егоров Б.В.,ФМиЕН,,к.н.
Попов В.И.,ФРТ,ассистент,
Кузнецов Д.С.,ФИВТ,профессор,
Иванов В.И.,ФИВТ,профессор,к.н.
Лебедева Д.С.,ИТМО,,
Петров З.Т.,ФИТ,ассистент,к.н.
Петров Ж.Р.,ФМиЕН,ассистент,д.н.
Новиков В.И.,ФУПМ,ассистент,к.н.
Иванов Ж.Р.,ФРТ,профессор,д.н.
Козлов Е.П.,ИТМО,профессор,к.н.
Козлов Б.В.,ФИТ,,к.н.
Морозов В.И.,ФРТ,профессор,
Егоров И.К.,ФМиМ,ассистент,к.н.
Смирнов М.Ю.,ФУПМ,профессор,д.н.
Семенов В.И.,ФИВТ,,к.н.
Кузнецов А.А.,ФМиЕН,,к.н.
Новиков Б.В.,ФМиЕН,профессор,
Морозов А.А.,ФМиМ,,
Новиков Д.С.,ФПМИ,доцент,
Кузнецов М.Ю.,ФМиЕН,,д.н.
Алексеев А.А.,ФИВТ,профессор,к.н.
Сидоров Д.С.,ФИТ,ассистент,к.н.
Сидоров В.И.,ФЭТ,ассистент,
Лебедева И.К.,ФЭТ,ассистент,к.н.
Морозов К.М.,ИТМО,,
Смирнов М.Ю.,ФРТ,,к.н.
Егоров Л.О.,ФЭТ,ассистент,д.н.
Лебедев З.Т.,ФИВТ,профессор,
Козлов Д.С.,ФИТ,профессор,
Соколов Б.В.,ФМиМ,,
Попов Г.Н.,ФПМИ,,
Новиков Л.О.,ФИВТ,ассистент,д.н.
Попов М.Ю.,ФПМИ,,к.н.
Алексеев Л.О.,ФМиЕН,ассистент,
Кузнецов И.К.,ФЭТ,доцент,к.н.
Семенов Ж.Р.,ФУПМ,доцент,к.н.
Семенов Д.С.,ФМиЕН,доцент,
Соколов И.К.,ФФ,ассистент,к.н.
Егоров К.М.,ФИВТ,,д.н.
Лебедева Е.П.,ФИТ,ассистент,
Соколов Л.О.,ФЭТ,профессор,д.н.
Новиков Ж.Р.,ФМиЕН,профессор,д.н.
Иванов Д.С.,ФФ,ассистент,
Козлов Ж.Р.,ФМиЕН,профессор,д.н.
Лебедева А.А.,ФМиЕН,ассистент,к.н.
Иванов Ж.Р.,ФУПМ,профессор,
Сидоров Г.Н.,ФПМИ,профессор,д.н.
Иванов М.Ю.,ФМиЕН,,к.н.
Кузнецов Ж.Р.,ФЭТ,профессор,д.н.
Смирнов И.К.,ФРТ,доцент,д.н.
Волков Л.О.,ФМиЕН,,к.н.
Морозов Е.П.,ФПМИ,,
Новиков Б.В.,ФИВТ,,к.н.
Петров В.И.,ФИТ,доцент,
Петров Ж.Р.,ФУПМ,,
Петров В.И.,ФИТ,доцент,д.н.
Кузнецов В.И.,ФМиМ,доцент,
Соколов Л.О.,ФРТ,доцент,к.н.
Семенов К.М.,ИТМО,,д.н.
Иванов Б.В.,ФУПМ,доцент,
Лебедева Д.С.,ИТМО,,д.н.
Кузнецов Ж.Р.,ИТМО,профессор,д.н.
Волков К.М.,ФЭТ,ассистент,к.н.
Новиков Ж.Р.,ИТМО,доцент,д.н.
Козлов В.И.,ФУПМ,ассистент,д.н.
Волков Ж.Р.,ФИВТ,профессор,д.н.
Новиков З.Т.,ФМиЕН,,д.н.
Соколов Г.Н.,ФИТ,профессор,д.н.
Иванов Ж.Р.,ФИТ,доцент,
Смирнов В.И.,ФЭТ,профессор,д.н.
Семенов Д.С.,ФМиЕН,доцент,
Петров З.Т.,ФИТ,ассистент,
Иванов И.К.,ФУПМ,профессор,д.н.
Лебедев Д.С.,ФИТ,ассистент,д.н.
Лебедев Д.С.,ИТМО,,к.н.
Попов М.Ю.,ФИТ,,д.н.
Егоров Г.Н.,ФМиЕН,ассистент,к.н.
Новиков Б.В.,ФМиЕН,ассистент,
Новиков З.Т.,ФФ,доцент,
Иванов Г.Н.,ФМиЕН,ассистент,д.н.
Лебедев Е.П.,ФРТ,доцент,к.н.
Лебедев К.М.,ИТМО,профессор,д.н.
Лебедев Б.В.,ФИВТ,,д.н.
Соколов К.М.,ФФ,профессор,к.н.
Лебедева Е.П.,ФМиМ,ассистент,
Петров И.К.,ФУПМ,,д.н.
Новиков Е.П.,ФРТ,профессор,д.н.
Лебедева З.Т.,ФИТ,профессор,к.н.
Соколов В.И.,ФИТ,доцент,
Волков Е.П.,ФИВТ,доцент,д.н.
Кузнецов Б.В.,ФУПМ,профессор,д.н.
Егоров В.И.,ФМиМ,профессор,
Алексеев К.М.,ФИВТ,профессор,
Смирнов К.М.,ФЭТ,профессор,к.н.
Козлов Б.В.,ФФ,ассистент,д.н.
Соколов А.А.,ФИТ,ассистент,
Егоров Д.С.,ФМиМ,доцент,к.н.
Егоров Е.П.,ФМиМ,профессор,д.н.
Петров Г.Н.,ФМиМ,доцент,д.н.
Егоров А.А.,ФМиМ,профессор,
Алексеев И.К.,ФФ,доцент,к.н.
Лебедева В.И.,ИТМО,,к.н.
Петров Е.П.,ФФ,доцент,к.н.
Попов Д.С.,ФМиЕН,,д.н.
Лебедева А.А.,ФИВТ,,д.н.
Соколов К.М.,ФРТ,ассистент,к.н.
Попов З.Т.,ФФ,,д.н.
Семенов М.Ю.,ФМиМ,доцент,д.н.
Соколов Е.П.,ФМиЕН,ассистент,к.н.
Козлов Ж.Р.,ФУПМ,,
Сидоров Е.П.,ФУПМ,профессор,
Попов Г.Н.,ФФ,,д.н.
Попов Е.П.,ФЭТ,ассистент,к.н.
Иванов А.А.,ФИТ,профессор,к.н.
Новиков А.А.,ФМиЕН,ассистент,д.н.
Волков Л.О.,ФМиМ,доцент,
Алексеев И.К.,ИТМО,профессор,
Лебедев Е.П.,ФИВТ,ассистент,
Алексеев И.К.,ФМиЕН,профессор,
Лебедева Д.С.,ФРТ,профессор,к.н.
Лебедев Ж.Р.,ФФ,профессор,
Иванов М.Ю.,ФПМИ,доцент,
Сидоров В.И.,ФИВТ,,к.н.
Козлов М.Ю.,ФМиЕН,,к.н.
Козлов К.М.,ФРТ,,д.н.
Иванов Л.О.,ФИТ,ассистент,
Морозов Б.В.,ФИВТ,доцент,д.н.
Алексеев И.К.,ФУПМ,ассистент,д.н.
Морозов З.Т.,ФРТ,доцент,
Смирнов Д.С.,ИТМО,,д.н.
Петров В.И.,ФИВТ,ассистент,д.н.
Егоров М.Ю.,ФИВТ,доцент,к.н.
Морозов М.Ю.,ФУПМ,,к.н.
Смирнов К.М.,ФФ,профессор,д.н.
Морозов М.Ю.,ФУПМ,ассистент,к.н.
Егоров Е.П.,ФЭТ,,д.н.
Морозов Ж.Р.,ФПМИ,профессор,д.н.
Иванов Д.С.,ФФ,профессор,к.н.
Волков Г.Н.,ФРТ,профессор,к.н.
Сидоров Ж.Р.,ФМиМ,,
Петров Л.О.,ФМиМ,профессор,к.н.
Иванов К.М.,ФПМИ,доцент,
Егоров В.И.,ФМиЕН,ассистент,
Петров Л.О.,ФМиЕН,,к.н.
Лебедева В.И.,ФЭТ,ассистент,д.н.
Новиков К.М.,ИТМО,профессор,к.н.
Сидоров Ж.Р.,ФИВТ,,к.н.
Соколов В.И.,ФИТ,,
Егоров Е.П.,ФУПМ,доцент,д.н.
Кузнецов Л.О.,ФПМИ,профессор,
Попов Г.Н.,ФМиМ,доцент,д.н.
Новиков Л.О.,ФИВТ,доцент,д.н.
Иванов Б.В.,ИТМО,ассистент,
Петров И.К.,ФИВТ,профессор,
Новиков Л.О.,ИТМО,профессор,
Смирнов А.А.,ФМиЕН,доцент,
Лебедева Е.П.,ФПМИ,,
Лебедева И.К.,ИТМО,доцент,к.н.
Волков И.К.,ФМиЕН,,д.н.
Морозов Г.Н.,ФПМИ,доцент,к.н.
Козлов К.М.,ФПМИ,доцент,к.н.
Морозов И.К.,ФУПМ,доцент,
Волков Д.С.,ФПМИ,ассистент,
Козлов Б.В.,ФПМИ,доцент,
Козлов Е.П.,ФУПМ,,д.н.
Морозов Ж.Р.,ФМиМ,доцент,к.н.
Кузнецов И.К.,ФУПМ,,
Алексеев Ж.Р.,ФПМИ,ассистент,д.н.
Соколов А.А.,ФИВТ,,к.н.
Петров Б.В.,ФМиЕН,профессор,
Лебедева В.И.,ФРТ,ассистент,д.н.
Лебедев Ж.Р.,ФИВТ,профессор,
Егоров Г.Н.,ФМиЕН,доцент,
Иванов Л.О.,ФПМИ,ассистент,
Лебедева Е.П.,ФФ,доцент,д.н.
Иванов К.М.,ФПМИ,ассистент,д.н.
Семенов М.Ю.,ФМиМ,,д.н.
Кузнецов Б.В.,ФУПМ,ассистент,
Петров А.А.,ФФ,ассистент,
Волков Е.П.,ФМиЕН,доцент,к.н.
Лебедева К.М.,ФРТ,доцент,к.н.
Лебедева И.К.,ИТМО,доцент,д.н.
Новиков К.М.,ИТМО,профессор,д.н.
Семенов Д.С.,ИТМО,ассистент,д.н.
Волков Д.С.,ФЭТ,профессор,
Новиков А.А.,ФИТ,доцент,к.н.
Козлов Е.П.,ФПМИ,профессор,
Соколов А.А.,ФРТ,,
Морозов Л.О.,ФМиЕН,профессор,
Кузнецов А.А.,ФИТ,,
Новиков А.А.,ФФ,профессор,
Соколов М.Ю.,ФЭТ,ассистент,д.н.
Смирнов В.И.,ФЭТ,профессор,
Лебедев Л.О.,ФФ,,к.н.
Новиков Ж.Р.,ИТМО,,к.н.
Петров А.А.,ФРТ,ассистент,к.н.
Попов Л.О.,ФЭТ,,д.н.
Морозов И.К.,ФМиЕН,профессор,
Морозов М.Ю.,ФИВТ,профессор,д.н.
Волков М.Ю.,ФМиЕН,ассистент,к.н.
Смирнов Б.В.,ФФ,доцент,
Петров Е.П.,ФФ,профессор,к.н.
Соколов М.Ю.,ФИВТ,доцент,д.н.
Семенов Д.С.,ФПМИ,профессор,
Кузнецов А.А.,ФПМИ,ассистент,
Иванов В.И.,ФПМИ,ассистент,к.н.
Егоров К.М.,ФИВТ,,к.н.
Кузнецов Л.О.,ФМиЕН,доцент,к.н.
Семенов Д.С.,ИТМО,,д.н.
Новиков М.Ю.,ФРТ,профессор,к.н.
Козлов Л.О.,ФМиЕН,,к.н.
Попов Г.Н.,ФМиМ,ассистент,к.н.
Иванов И.К.,ФРТ,доцент,
Лебедева В.И.,ФМиЕН,ассистент,
Морозов А.А.,ФИВТ,ассистент,д.н.
Лебедева К.М.,ФМиМ,ассистент,к.н.
Соколов В.И.,ФУПМ,профессор,к.н.
Волков В.И.,ФУПМ,доцент,к.н.
Сидоров Б.В.,ФЭТ,ассистент,д.н.
Морозов Ж.Р.,ФФ,профессор,к.н.
Сидоров З.Т.,ИТМО,профессор,к.н.
Соколов З.Т.,ФЭТ,профессор,
Смирнов Е.П.,ФФ,профессор,
Морозов М.Ю.,ФУПМ,,д.н.
Волков Д.С.,ФМиЕН,профессор,д.н.
Волков Е.П.,ФУПМ,профессор,к.н.
Попов М.Ю.,ФФ,профессор,
Егоров Г.Н.,ФРТ,,
Попов Д.С.,ФИВТ,,
Попов Г.Н.,ФМиЕН,,д.н.
Смирнов Ж.Р.,ИТМО,ассистент,
Петров К.М.,ФПМИ,профессор,к.н.
Сидоров Д.С.,ФУПМ,доцент,к.н.
Егоров В.И.,ФУПМ,,к.н.
Лебедев Ж.Р.,ФИТ,,
Лебедева З.Т.,ФУПМ,доцент,д.н.
Новиков И.К.,ФПМИ,доцент,д.н.
Козлов В.И.,ФИВТ,,к.н.
Волков Е.П.,ФРТ,профессор,к.н.
Попов В.И.,ФМиМ,,д.н.
Попов Ж.Р.,ФИВТ,,к.н.
Петров И.К.,ФИТ,доцент,д.н.
Алексеев Е.П.,ФИВТ,,к.н.
Козлов Ж.Р.,ФИТ,доцент,
Семенов Е.П.,ФЭТ,профессор,
Смирнов М.Ю.,ФМиЕН,ассистент,д.н.
Сидоров Д.С.,ФРТ,доцент,д.н.
Соколов Е.П.,ИТМО,профессор,д.н.
Морозов А.А.,ФФ,ассистент,к.н.
Соколов Е.П.,ФУПМ,,
Петров М.Ю.,ФФ,ассистент,д.н.
Волков Л.О.,ФРТ,доцент,к.н.
Лебедев Г.Н.,ФФ,,
Семенов З.Т.,ФИТ,,к.н.
Егоров Л.О.,ФРТ,доцент,д.н.
Семенов И.К.,ФМиМ,доцент,к.н.
Морозов М.Ю.,ФИВТ,ассистент,
Попов Б.В.,ФПМИ,ассистент,
Морозов И.К.,ИТМО,профессор,к.н.
Петров И.К.,ФЭТ,профессор,д.н.
Сидоров Д.С.,ФМиМ,доцент,к.н.
Иванов К.М.,ФФ,ассистент,
Петров А.А.,ФЭТ,ассистент,к.н.
Сидоров Б.В.,ИТМО,,к.н.
Попов И.К.,ФФ,доцент,д.н.
Попов Д.С.,ИТМО,профессор,к.н.
Петров Ж.Р.,ФРТ,профессор,к.н.
Лебедев Б.В.,ФИТ,профессор,к.н.
Смирнов А.А.,ФМиМ,,д.н.
Новиков З.Т.,ИТМО,профессор,д.н.
Попов И.К.,ФПМИ,профессор,
Попов В.И.,ФРТ,доцент,к.н.
Волков И.К.,ФМиЕН,профессор,к.н.
Петров Е.П.,ФРТ,профессор,к.н.
Алексеев М.Ю.,ФПМИ,,к.н.
Иванов Ж.Р.,ФИВТ,доцент,
Егоров Б.В.,ИТМО,доцент,д.н.
Иванов Г.Н.,ФИТ,доцент,д.н.
Петров З.Т.,ФЭТ,,к.н.
Сидоров Г.Н.,ФИТ,доцент,д.н.
Лебедев М.Ю.,ИТМО,,д.н.
Петров Б.В.,ФИТ,,
Новиков А.А.,ФПМИ,,д.н.
Алексеев Ж.Р.,ФРТ,доцент,д.н.
Лебедева А.А.,ФФ,доцент,к.н.
Смирнов З.Т.,ИТМО,доцент,
Волков Г.Н.,ФИТ,ассистент,
Петров В.И.,ФФ,доцент,к.н.
Лебедев А.А.,ФЭТ,профессор,к.н.
Козлов З.Т.,ФИВТ,профессор,д.н.
Алексеев Е.П.,ФИТ,,д.н.
Егоров М.Ю.,ФМиМ,доцент,к.н.
Морозов Л.О.,ФЭТ,доцент,
Новиков З.Т.,ФИВТ,ассистент,
Попов Д.С.,ИТМО,доцент,к.н.
Новиков Ж.Р.,ФРТ,,д.н.
Соколов Л.О.,ФФ,ассистент,
Волков Г.Н.,ФПМИ,ассистент,д.н.
Лебедев Л.О.,ФРТ,доцент,д.н.
Попов Л.О.,ФРТ,,д.н.
Егоров Е.П.,ФИВТ,доцент,д.н.
Кузнецов Д.С.,ИТМО,профессор,
Смирнов В.И.,ФМиЕН,доцент,
Сидоров В.И.,ФМиЕН,профессор,к.н.
Новиков М.Ю.,ФЭТ,профессор,д.н.
Кузнецов Е.П.,ФЭТ,,к.н.
Лебедев Д.С.,ФРТ,доцент,д.н.
Лебедев И.К.,ФМиЕН,профессор,к.н.
Волков Е.П.,ИТМО,доцент,д.н.
Лебедев К.М.,ФИВТ,доцент,к.н.
Лебедева Б.В.,ФМиМ,профессор,д.н.
Алексеев В.И.,ФИТ,,
Новиков З.Т.,ФМиЕН,доцент,
Кузнецов З.Т.,ФМиЕН,профессор,к.н.
Кузнецов И.К.,ФРТ,ассистент,д.н.
Соколов З.Т.,ФПМИ,профессор,к.н.
Морозов А.А.,ФЭТ,профессор,
Морозов А.А.,ФМиМ,,д.н.
Козлов И.К.,ФЭТ,профессор,д.н.
Петров К.М.,ФЭТ,,д.н.
Кузнецов И.К.,ФИТ,ассистент,д.н.
Новиков К.М.,ФЭТ,доцент,к.н.
Иванов Г.Н.,ИТМО,ассистент,
Попов З.Т.,ФПМИ,профессор,к.н.
Соколов В.И.,ФРТ,,
Козлов Л.О.,ФМиЕН,доцент,
Козлов И.К.,ФУПМ,профессор,
Кузнецов К.М.,ФЭТ,,д.н.
Лебедева А.А.,ФФ,доцент,д.н.
Попов И.К.,ФМиЕН,,
Попов М.Ю.,ФУПМ,доцент,
Волков Е.П.,ФУПМ,профессор,
Попов А.А.,ФМиЕН,ассистент,
Егоров М.Ю.,ФМиЕН,доцент,д.н.
Лебедев Г.Н.,ФУПМ,ассистент,к.н.
Иванов К.М.,ФФ,,д.н.
Петров Ж.Р.,ФИВТ,профессор,д.н.
Петров Г.Н.,ФПМИ,доцент,
Морозов В.И.,ФПМИ,ассистент,
Новиков Б.В.,ФРТ,ассистент,
Козлов З.Т.,ФУПМ,профессор,
Иванов В.И.,ФМиМ,ассистент,к.н.
Семенов Ж.Р.,ФПМИ,ассистент,к.н.
Смирнов Л.О.,ФЭТ,ассистент,
Соколов Г.Н.,ФЭТ,профессор,д.н.
Козлов Д.С.,ФЭТ,ассистент,д.н.
Волков А.А.,ФЭТ,,д.н.
Петров Д.С.,ФИТ,ассистент,
Лебедев В.И.,ФМиМ,профессор,
Смирнов А.А.,ИТМО,ассистент,к.н.
Козлов И.К.,ФУПМ,доцент,
Алексеев Ж.Р.,ФЭТ,доцент,к.н.
Лебедева З.Т.,ФМиМ,профессор,
Сидоров К.М.,ФИТ,доцент,к.н.
Семенов З.Т.,ФИВТ,ассистент,к.н.
Лебедева Г.Н.,ФМиЕН,профессор,к.н.
Морозов А.А.,ФИВТ,профессор,д.н.
Петров Л.О.,ФМиЕН,доцент,д.н.
Морозов А.А.,ФИТ,ассистент,д.н.
Волков Л.О.,ФРТ,ассистент,к.н.
Алексеев Б.В.,ФУПМ,доцент,д.н.
Семенов Г.Н.,ИТМО,,д.н.
Алексеев Ж.Р.,ФФ,доцент,
Лебедев Г.Н.,ФЭТ,профессор,к.н.
Козлов Г.Н.,ФМиМ,ассистент,
Алексеев И.К.,ФУПМ,,к.н.
Лебедев А.А.,ФИТ,профессор,
Морозов Д.С.,ФФ,,
Морозов К.М.,ФИТ,профессор,
Новиков В.И.,ФМиЕН,профессор,
Смирнов И.К.,ФЭТ,доцент,
Козлов Б.В.,ФПМИ,,к.н.
Иванов З.Т.,ФФ,профессор,
Кузнецов А.А.,ФИВТ,профессор,д.н.
Козлов И.К.,ФУПМ,доцент,д.н.
Иванов З.Т.,ФУПМ,доцент,к.н.
Кузнецов Е.П.,ФИВТ,доцент,д.н.
Лебедева Г.Н.,ФПМИ,профессор,к.н.
Смирнов З.Т.,ФМиЕН,доцент,к.н.
Алексеев В.И.,ФЭТ,доцент,
Попов М.Ю.,ФИТ,ассистент,
Иванов К.М.,ФФ,,д.н.
Волков М.Ю.,ФИВТ,ассистент,д.н.
Новиков А.А.,ФИВТ,доцент,д.н.
Соколов М.Ю.,ФРТ,доцент,к.н.
Новиков З.Т.,ФМиМ,,к.н.
Петров Л.О.,ФЭТ,,
Иванов К.М.,ФУПМ,,к.н.
Алексеев К.М.,ФЭТ,,д.н.
Егоров Л.О.,ИТМО,доцент,
Иванов М.Ю.,ФРТ,,к.н.
Семенов Е.П.,ИТМО,доцент,д.н.
Лебедев Ж.Р.,ФУПМ,доцент,д.н.
Соколов А.А.,ИТМО,доцент,
Петров Б.В.,ФФ,ассистент,д.н.
Петров З.Т.,ИТМО,,
Волков Ж.Р.,ФМиМ,профессор,
Новиков Б.В.,ФМиМ,,к.н.
Соколов Б.В.,ФПМИ,доцент,д.н.
Козлов Д.С.,ФРТ,доцент,д.н.
Сидоров М.Ю.,ФФ,,д.н.
Петров А.А.,ФУПМ,ассистент,д.н.
Смирнов Л.О.,ИТМО,доцент,к.н.
Волков Г.Н.,ФЭТ,доцент,д.н.
Смирнов Г.Н.,ФУПМ,ассистент,
Волков Г.Н.,ФУПМ,,д.н.
Морозов Ж.Р.,ФМиМ,,д.н.
Иванов Е.П.,ФЭТ,,д.н.
Смирнов В.И.,ФЭТ,доцент,
Соколов И.К.,ФФ,,
Соколов З.Т.,ИТМО,ассистент,к.н.
Кузнецов Л.О.,ИТМО,доцент,д.н.
Попов М.Ю.,ФУПМ,доцент,к.н.
Попов И.К.,ФИВТ,,к.н.
Попов М.Ю.,ФМиЕН,профессор,
Кузнецов И.К.,ФРТ,доцент,д.н.
Петров З.Т.,ИТМО,профессор,д.н.
Лебедев Б.В.,ИТМО,профессор,к.н.
Козлов Л.О.,ИТМО,,д.н.
Иванов И.К.,ИТМО,профессор,к.н.
Алексеев Ж.Р.,ФМиМ,профессор,д.н.
Семенов Л.О.,ФЭТ,доцент,д.н.
Волков Е.П.,ФМиЕН,профессор,д.н.
Новиков Г.Н.,ФМиМ,доцент,д.н.
Попов А.А.,ФУПМ,профессор,к.н.
Иванов И.К.,ИТМО,доцент,д.н.
Соколов З.Т.,ФРТ,доцент,к.н.
Волков Л.О.,ФПМИ,доцент,
Козлов З.Т.,ФМиЕН,профессор,
Лебедев Е.П.,ИТМО,доцент,к.н.
Соколов Г.Н.,ФПМИ,ассистент,д.н.
Попов Е.П.,ФРТ,доцент,
Морозов Ж.Р.,ФУПМ,профессор,к.н.
Смирнов Г.Н.,ИТМО,ассистент,
Алексеев Ж.Р.,ФМиЕН,ассистент,к.н.
Егоров А.А.,ФФ,ассистент,д.н.
Попов М.Ю.,ФМиЕН,,к.н.
Сидоров В.И.,ФФ,ассистент,к.н.
Лебедев К.М.,ФПМИ,,к.н.
Попов М.Ю.,ФМиМ,профессор,д.н.
Петров К.М.,ФФ,доцент,
Смирнов А.А.,ФИТ,доцент,к.н.
Лебедева В.И.,ФУПМ,ассистент,
Сидоров И.К.,ФФ,профессор,
Козлов Д.С.,ФИВТ,ассистент,к.н.
Лебедева В.И.,ИТМО,профессор,д.н.
Лебедев З.Т.,ФУПМ,профессор,к.н.
Семенов А.А.,ФЭТ,профессор,д.н.
Морозов З.Т.,ФФ,ассистент,д.н.
Иванов Л.О.,ИТМО,доцент,к.н.
Кузнецов И.К.,ФМиМ,профессор,д.н.
Морозов З.Т.,ФПМИ,ассистент,к.н.
Козлов Ж.Р.,ИТМО,,к.н.
Егоров А.А.,ИТМО,доцент,
Лебедев Г.Н.,ФИВТ,доцент,к.н.
Смирнов Ж.Р.,ФУПМ,,
Козлов К.М.,ФФ,ассистент,д.н.
Сидоров Е.П.,ФЭТ,доцент,
Лебедева В.И.,ФМиЕН,ассистент,к.н.
Иванов Г.Н.,ФПМИ,профессор,к.н.
Сидоров В.И.,ФИВТ,профессор,
Попов В.И.,ФМиЕН,ассистент,д.н.
Новиков Б.В.,ФЭТ,профессор,д.н.
Смирнов И.К.,ФИВТ,профессор,к.н.
Новиков М.Ю.,ФЭТ,ассистент,к.н.
Соколов З.Т.,ФФ,профессор,
Смирнов И.К.,ИТМО,профессор,
Морозов Б.В.,ИТМО,профессор,
Семенов Е.П.,ФФ,профессор,к.н.
Семенов Л.О.,ФИТ,доцент,д.н.
Козлов И.К.,ФРТ,доцент,
Новиков З.Т.,ФМиМ,профессор,к.н.
Петров А.А.,ФРТ,доцент,
Петров М.Ю.,ФРТ,профессор,к.н.
Егоров Г.Н.,ФПМИ,,к.н.
Сидоров Д.С.,ФРТ,,к.н.
Новиков Л.О.,ИТМО,доцент,д.н.
Попов М.Ю.,ФМиЕН,доцент,
Петров Ж.Р.,ФФ,профессор,к.н.
Сидоров Г.Н.,ФМиМ,ассистент,к.н.
Петров А.А.,ФМиЕН,,д.н.
Волков М.Ю.,ИТМО,профессор,к.н.
Иванов З.Т.,ФИТ,доцент,
Егоров Ж.Р.,ФУПМ,доцент,к.н.
Кузнецов А.А.,ФМиЕН,профессор,
Иванов Д.С.,ФМиМ,профессор,к.н.
Новиков Д.С.,ФИВТ,ассистент,к.н.
Козлов Г.Н.,ФРТ,ассистент,
Егоров М.Ю.,ИТМО,профессор,д.н.
Петров Е.П.,ФПМИ,профессор,к.н.
Алексеев И.К.,ФУПМ,ассистент,к.н.
Сидоров Е.П.,ФЭТ,,
Попов И.К.,ФФ,,д.н.
Алексеев Л.О.,ФФ,профессор,
Соколов К.М.,ИТМО,доцент,к.н.
Морозов М.Ю.,ФФ,профессор,к.н.
Егоров И.К.,ФУПМ,,к.н.
Попов Л.О.,ФМиМ,профессор,
Волков Ж.Р.,ФИВТ,профессор,к.н.
Сидоров Е.П.,ИТМО,,
Лебедева И.К.,ФПМИ,ассистент,к.н.
Семенов И.К.,ФЭТ,ассистент,
Морозов А.А.,ФФ,ассистент,
Петров Е.П.,ФМиЕН,,к.н.
Лебедев И.К.,ФМиЕН,доцент,к.н.
Петров Д.С.,ФМиЕН,,к.н.
Смирнов З.Т.,ФПМИ,профессор,к.н.
Иванов З.Т.,ФМиЕН,доцент,д.н.
Соколов З.Т.,ФИВТ,доцент,к.н.
Егоров И.К.,ФИВТ,профессор,к.н.
Алексеев Е.П.,ФИВТ,,д.н.
Алексеев Б.В.,ФМиМ,ассистент,
Кузнецов Ж.Р.,ФРТ,профессор,к.н.
Смирнов Г.Н.,ФФ,доцент,д.н.
Кузнецов М.Ю.,ФЭТ,,д.н.
Волков З.Т.,ФУПМ,ассистент,к.н.
Алексеев З.Т.,ФЭТ,ассистент,д.н.
Кузнецов Ж.Р.,ФРТ,,
Петров Ж.Р.,ФИТ,доцент,к.н.
Новиков К.М.,ФЭТ,профессор,к.н.
Попов А.А.,ФИВТ,доцент,
Иванов Ж.Р.,ФМиМ,ассистент,д.н.
Новиков В.И.,ФФ,,д.н.
Иванов Е.П.,ФИВТ,доцент,д.н.
Лебедев З.Т.,ФПМИ,доцент,д.н.
Петров М.Ю.,ФМиМ,доцент,д.н.
Соколов Ж.Р.,ФИТ,ассистент,
Лебедев З.Т.,ФИТ,,
Егоров А.А.,ФИТ,ассистент,к.н.
Егоров Е.П.,ФЭТ,,к.н.
Алексеев В.И.,ФЭТ,,
Петров Д.С.,ФМиЕН,профессор,к.н.
Морозов Г.Н.,ФИВТ,доцент,
Лебедев Ж.Р.,ИТМО,доцент,д.н.
Кузнецов З.Т.,ФМиМ,,
Лебедева К.М.,ФМиМ,ассистент,к.н.
Попов Д.С.,ФПМИ,,к.н.
Соколов Е.П.,ИТМО,профессор,к.н.
Лебедева Е.П.,ФПМИ,ассистент,
Семенов В.И.,ФФ,профессор,к.н.
Лебедев В.И.,ФПМИ,ассистент,
Новиков К.М.,ИТМО,профессор,
Лебедева Г.Н.,ФРТ,ассистент,
Морозов Д.С.,ФФ,,
Соколов Ж.Р.,ФУПМ,доцент,
Алексеев М.Ю.,ФФ,профессор,к.н.
Волков В.И.,ФМиМ,профессор,к.н.
Кузнецов Б.В.,ФЭТ,доцент,к.н.
Лебедева Д.С.,ФИТ,доцент,д.н.
Лебедев Е.П.,ФУПМ,доцент,
Попов Е.П.,ФИТ,профессор,д.н.
Иванов А.А.,ФИТ,профессор,д.н.
Иванов Б.В.,ФЭТ,ассистент,д.н.
Соколов З.Т.,ФУПМ,,д.н.
Лебедев Ж.Р.,ФЭТ,профессор,к.н.
Алексеев Г.Н.,ИТМО,,
Сидоров Л.О.,ФИВТ,доцент,к.н.
Соколов Л.О.,ФМиЕН,,д.н.
Козлов Ж.Р.,ФЭТ,,к.н.
Петров З.Т.,ФРТ,ассистент,к.н.
Морозов Г.Н.,ФУПМ,доцент,
Смирнов Ж.Р.,ФМиМ,,д.н.
Алексеев Д.С.,ФМиМ,профессор,
Сидоров В.И.,ФРТ,профессор,к.н.
Волков Д.С.,ФФ,ассистент,д.н.
Волков В.И.,ФРТ,профессор,д.н.
Морозов Ж.Р.,ФИТ,,к.н.
Попов И.К.,ФМиМ,ассистент,
Семенов К.М.,ФМиМ,,к.н.
Лебедев Д.С.,ФЭТ,профессор,к.н.
Смирнов Ж.Р.,ФФ,доцент,
Семенов Ж.Р.,ФФ,,д.н.
Лебедев З.Т.,ФФ,доцент,д.н.
Смирнов А.А.,ФМиЕН,,
Лебедева Б.В.,ФЭТ,доцент,к.н.
Егоров Л.О.,ФИВТ,доцент,к.н.
Соколов К.М.,ФУПМ,ассистент,д.н.
Волков Д.С.,ФМиМ,профессор,д.н.
Соколов Г.Н.,ФФ,,д.н.
Егоров Г.Н.,ФИТ,доцент,д.н.
Алексеев К.М.,ФИВТ,профессор,д.н.
Петров И.К.,ФРТ,доцент,к.н.
Морозов Л.О.,ФМиЕН,ассистент,
Егоров Г.Н.,ФУПМ,ассистент,
Новиков Л.О.,ФПМИ,доцент,к.н.
Лебедева Ж.Р.,ФИТ,ассистент,
Лебедева Г.Н.,ФИВТ,ассистент,к.н.
Алексеев Е.П.,ФИТ,профессор,д.н.
Кузнецов Б.В.,ФЭТ,,к.н.
Морозов В.И.,ФФ,ассистент,д.н.
Козлов В.И.,ИТМО,,д.н.
Кузнецов И.К.,ФИВТ,,к.н.
Петров А.А.,ФЭТ,доцент,к.н.
Лебедева В.И.,ИТМО,доцент,
Петров Л.О.,ФФ,доцент,д.н.
Егоров К.М.,ФРТ,доцент,к.н.
Морозов Е.П.,ФЭТ,доцент,к.н.
Попов В.И.,ФИВТ,профессор,
Морозов К.М.,ФЭТ,ассистент,
Соколов Л.О.,ФИТ,профессор,к.н.
Морозов И.К.,ФПМИ,доцент,
Иванов Ж.Р.,ФИВТ,профессор,к.н.
Новиков К.М.,ФМиЕН,доцент,д.н.
Морозов Е.П.,ФИВТ,ассистент,к.н.
Смирнов Б.В.,ФМиМ,профессор,
Кузнецов К.М.,ФМиМ,профессор,д.н.
Лебедев Л.О.,ФИТ,профессор,д.н.
Сидоров Л.О.,ФМиМ,доцент,
Лебедев Е.П.,ФЭТ,,
Семенов В.И.,ФЭТ,,
Попов Е.П.,ФФ,ассистент,д.н.
Лебедев В.И.,ИТМО,профессор,к.н.
Кузнецов В.И.,ФПМИ,,к.н.
Соколов Е.П.,ФФ,ассистент,д.н.
Лебедева З.Т.,ФЭТ,доцент,к.н.
Морозов Е.П.,ФМиЕН,профессор,к.н.
Попов Е.П.,ФФ,ассистент,д.н.
Козлов Л.О.,ФЭТ,доцент,д.н.
Лебедева Ж.Р.,ИТМО,профессор,д.н.
Семенов Е.П.,ФИТ,ассистент,к.н.
Козлов М.Ю.,ФУПМ,ассистент,д.н.
Петров А.А.,ФЭТ,,
Сидоров А.А.,ИТМО,,д.н.
Кузнецов Е.П.,ФУПМ,ассистент,д.н.
Соколов К.М.,ФИВТ,ассистент,
Лебедев В.И.,ФИТ,профессор,к.н.
Егоров К.М.,ФИТ,доцент,к.н.
Петров И.К.,ФРТ,ассистент,д.н.
Козлов А.А.,ФЭТ,профессор,к.н.
Козлов Ж.Р.,ФФ,профессор,
Петров В.И.,ФМиЕН,доцент,д.н.
Соколов М.Ю.,ФИТ,доцент,
Смирнов Ж.Р.,ФРТ,,к.н.
Козлов И.К.,ФУПМ,,
Семенов Г.Н.,ФИВТ,ассистент,к.н.
Кузнецов Г.Н.,ФФ,,
Соколов М.Ю.,ФИТ,ассистент,
Алексеев Ж.Р.,ФИВТ,,к.н.
Смирнов Д.С.,ФИТ,ассистент,к.н.
Егоров З.Т.,ФПМИ,доцент,д.н.
Семенов К.М.,ФУПМ,,д.н.
Попов А.А.,ИТМО,ассистент,
Морозов А.А.,ИТМО,ассистент,д.н.
Волков И.К.,ФМиМ,доцент,д.н.
Смирнов Д.С.,ФПМИ,профессор,
Семенов Е.П.,ФФ,ассистент,к.н.
Сидоров М.Ю.,ФФ,доцент,д.н.
Лебедев Г.Н.,ФМиМ,профессор,
Сидоров А.А.,ФМиЕН,ассистент,
Егоров Е.П.,ФПМИ,ассистент,
Волков К.М.,ФЭТ,,д.н.
Попов Л.О.,ФУПМ,,д.н.
Соколов Е.П.,ФУПМ,профессор,к.н.
Петров В.И.,ФРТ,,
Попов К.М.,ФРТ,профессор,д.н.
Егоров В.И.,ФЭТ,,
Козлов И.К.,ФФ,профессор,к.н.
Егоров Л.О.,ФИВТ,профессор,
Сидоров М.Ю.,ФФ,профессор,д.н.
Кузнецов Ж.Р.,ФЭТ,доцент,к.н.
Новиков Е.П.,ФПМИ,,
Сидоров Ж.Р.,ИТМО,профессор,
Егоров М.Ю.,ФИВТ,,д.н.
Иванов Ж.Р.,ФИТ,профессор,д.н.
Новиков З.Т.,ФФ,ассистент,д.н.
Иванов М.Ю.,ФМиЕН,,к.н.
Петров В.И.,ФИТ,,д.н.
Волков А.А.,ФПМИ,профессор,д.н.
Иванов Б.В.,ФИТ,профессор,
Лебедева К.М.,ФИВТ,профессор,
Кузнецов И.К.,ФЭТ,ассистент,д.н.
Егоров Л.О.,ФРТ,,к.н.
Иванов Е.П.,ФЭТ,,д.н.
Соколов Е.П.,ИТМО,профессор,
Морозов А.А.,ФМиЕН,доцент,д.н.
Козлов Ж.Р.,ФФ,профессор,к.н.
Петров В.И.,ФЭТ,,к.н.
Семенов Б.В.,ФМиЕН,профессор,к.н.
Новиков Е.П.,ФИВТ,,к.н.
Алексеев Д.С.,ФЭТ,,к.н.
Алексеев К.М.,ФЭТ,доцент,д.н.
Кузнецов К.М.,ФРТ,доцент,
Алексеев Ж.Р.,ФПМИ,ассистент,
Смирнов Д.С.,ИТМО,,
Петров Е.П.,ФИТ,,д.н.
Козлов Л.О.,ФМиЕН,профессор,
Кузнецов Г.Н.,ФПМИ,ассистент,д.н.
Попов Л.О.,ФУПМ,,
Сидоров И.К.,ФФ,,
Новиков Ж.Р.,ИТМО,,
Петров Д.С.,ФЭТ,профессор,
Иванов М.Ю.,ФЭТ,доцент,
Козлов И.К.,ФМиЕН,доцент,
Лебедев Б.В.,ИТМО,доцент,к.н.
Попов Е.П.,ФМиЕН,,
Волков Е.П.,ФЭТ,,д.н.
Морозов Ж.Р.,ФФ,ассистент,
Егоров М.Ю.,ФУПМ,профессор,к.н.
Егоров Б.В.,ФМиМ,доцент,к.н.
Семенов Л.О.,ФМиМ,профессор,к.н.
Сидоров М.Ю.,ФУПМ,профессор,к.н.
Егоров А.А.,ФРТ,,д.н.
Сидоров А.А.,ФЭТ,профессор,к.н.
Лебедев К.М.,ФЭТ,доцент,
Сидоров З.Т.,ФРТ,ассистент,
Новиков А.А.,ФМиМ,,к.н.
Козлов Ж.Р.,ФЭТ,,к.н.
Алексеев Ж.Р.,ФУПМ,ассистент,
Козлов Д.С.,ФИТ,ассистент,д.н.
Сидоров В.И.,ФРТ,профессор,
Морозов Б.В.,ФУПМ,доцент,д.н.
Смирнов З.Т.,ФФ,ассистент,
Смирнов Д.С.,ФПМИ,доцент,к.н.
Морозов Ж.Р.,ФРТ,доцент,к.н.
Соколов Г.Н.,ФПМИ,ассистент,д.н.
Попов М.Ю.,ФМиЕН,доцент,
Козлов М.Ю.,ФИВТ,доцент,к.н.
Егоров А.А.,ФПМИ,профессор,д.н.
Семенов З.Т.,ФИТ,профессор,д.н.
Сидоров И.К.,ФФ,доцент,к.н.
Петров Г.Н.,ФМиЕН,,к.н.
Егоров И.К.,ФИВТ,профессор,
Смирнов А.А.,ФМиМ,профессор,к.н.
Попов К.М.,ФЭТ,доцент,д.н.
Козлов Ж.Р.,ФФ,,к.н.
Лебедева Ж.Р.,ИТМО,,к.н.
Смирнов И.К.,ИТМО,,д.н.
Лебедев З.Т.,ФФ,доцент,к.н.
Соколов К.М.,ФИТ,ассистент,к.н.
Лебедева И.К.,ИТМО,,к.н.
Егоров З.Т.,ФРТ,,к.н.
Егоров Б.В.,ФРТ,доцент,к.н.
Иванов Б.В.,ФМиЕН,,д.н.
Алексеев И.К.,ФМиМ,,д.н.
Алексеев А.А.,ФМиЕН,ассистент,д.н.
Попов Е.П.,ФИТ,профессор,
Сидоров З.Т.,ФПМИ,профессор,
Новиков З.Т.,ФЭТ,доцент,д.н.
Волков И.К.,ФМиМ,,д.н.
Сидоров Ж.Р.,ФФ,профессор,д.н.
Иванов М.Ю.,ФИТ,профессор,д.н.
Козлов Л.О.,ФФ,доцент,д.н.
Кузнецов Ж.Р.,ФЭТ,профессор,к.н.
Кузнецов Е.П.,ФМиЕН,доцент,д.н.
Егоров Л.О.,ФЭТ,доцент,к.н.
Лебедева И.К.,ИТМО,профессор,
Морозов Д.С.,ФИТ,ассистент,д.н.
Новиков Г.Н.,ИТМО,доцент,к.н.
Козлов Е.П.,ФФ,,д.н.
Лебедева Ж.Р.,ФЭТ,профессор,
Семенов Ж.Р.,ФИВТ,,к.н.
Егоров В.И.,ФИВТ,доцент,к.н.
Лебедев Г.Н.,ФФ,,д.н.
Новиков М.Ю.,ФРТ,,д.н.
Морозов Л.О.,ФИТ,,
Кузнецов Г.Н.,ФМиМ,доцент,д.н.
Алексеев З.Т.,ФРТ,ассистент,д.н.
Петров А.А.,ФМиЕН,профессор,
Смирнов З.Т.,ФМиЕН,доцент,
Сидоров К.М.,ФМиМ,профессор,
Новиков В.И.,ФМиМ,профессор,к.н.
Волков А.А.,ФРТ,профессор,
Козлов В.И.,ФРТ,доцент,к.н.
Козлов З.Т.,ФИТ,ассистент,д.н.
Семенов М.Ю.,ИТМО,доцент,
Соколов А.А.,ФРТ,,
Лебедев Г.Н.,ФРТ,доцент,
Козлов И.К.,ФМиЕН,профессор,
Петров Г.Н.,ФИВТ,профессор,к.н.
Лебедев Л.О.,ФМиЕН,профессор,к.н.
Алексеев Д.С.,ФМиМ,профессор,
Волков Е.П.,ФФ,ассистент,к.н.
Козлов Е.П.,ИТМО,ассистент,к.н.
Волков И.К.,ФМиМ,доцент,к.н.
Попов Л.О.,ФИТ,профессор,
Новиков Г.Н.,ФИВТ,доцент,д.н.
Алексеев З.Т.,ФРТ,,д.н.
Иванов И.К.,ИТМО,профессор,д.н.
Лебедева А.А.,ФМиЕН,,д.н.
Петров М.Ю.,ФРТ,доцент,
Кузнецов Ж.Р.,ФИВТ,ассистент,к.н.
Семенов З.Т.,ФЭТ,доцент,д.н.
Смирнов З.Т.,ФИВТ,,к.н.
Новиков Г.Н.,ИТМО,,к.н.
Кузнецов И.К.,ФФ,ассистент,
Попов Б.В.,ФЭТ,ассистент,к.н.
Попов З.Т.,ФРТ,профессор,к.н.
Смирнов М.Ю.,ФРТ,ассистент,д.н.
Соколов В.И.,ИТМО,доцент,
Козлов Г.Н.,ФФ,доцент,к.н.
Новиков Д.С.,ФУПМ,доцент,д.н.
Лебедев К.М.,ФЭТ,доцент,д.н.
Кузнецов Г.Н.,ФФ,,к.н.
Козлов Е.П.,ИТМО,профессор,к.н.
Алексеев И.К.,ФФ,,к.н.
Кузнецов К.М.,ФФ,,д.н.
Новиков Ж.Р.,ФУПМ,ассистент,д.н.
Попов М.Ю.,ФПМИ,ассистент,д.н.
Сидоров Б.В.,ФФ,ассистент,
Иванов Л.О.,ИТМО,,д.н.
Волков В.И.,ФИВТ,,к.н.
Смирнов Е.П.,ФУПМ,ассистент,
Морозов Б.В.,ФУПМ,,к.н.
Волков Г.Н.,ФПМИ,ассистент,к.н.
Соколов М.Ю.,ФРТ,,к.н.
Попов Г.Н.,ФРТ,доцент,д.н.
Новиков Л.О.,ФИТ,доцент,к.н.
Егоров Д.С.,ФЭТ,доцент,д.н.
Алексеев А.А.,ФМиМ,профессор,д.н.
Лебедев Ж.Р.,ИТМО,,д.н.
Петров Г.Н.,ФУПМ,ассистент,к.н.
Егоров А.А.,ФЭТ,профессор,д.н.
Иванов Л.О.,ФИТ,ассистент,д.н.
Семенов К.М.,ФМиЕН,профессор,д.н.
Петров И.К.,ФИВТ,профессор,к.н.
Волков В.И.,ФИВТ,доцент,
Морозов Е.П.,ФМиМ,доцент,
Смирнов М.Ю.,ФРТ,профессор,к.н.
Волков А.А.,ИТМО,профессор,к.н.
Морозов Ж.Р.,ФИВТ,доцент,к.н.
Кузнецов Г.Н.,ФПМИ,доцент,к.н.
Егоров Е.П.,ФУПМ,профессор,к.н.
Козлов Д.С.,ИТМО,ассистент,
Алексеев М.Ю.,ФПМИ,доцент,д.н.
Лебедев М.Ю.,ФМиМ,ассистент,
Кузнецов З.Т.,ФМиМ,,д.н.
Козлов Ж.Р.,ФМиМ,профессор,
Егоров В.И.,ФИВТ,,
Смирнов Г.Н.,ИТМО,доцент,к.н.
Петров Ж.Р.,ФЭТ,доцент,к.н.
Семенов Д.С.,ФУПМ,доцент,д.н.
Новиков А.А.,ФИТ,,
Соколов Г.Н.,ФЭТ,,
Попов И.К.,ФУПМ,профессор,д.н.
Новиков М.Ю.,ФЭТ,,
Волков Б.В.,ФМиЕН,профессор,
Иванов Д.С.,ИТМО,доцент,д.н.
Егоров Г.Н.,ФЭТ,ассистент,
Егоров И.К.,ФМиЕН,,к.н.
Алексеев В.И.,ФИТ,доцент,
Козлов А.А.,ФУПМ,,к.н.
Попов Г.Н.,ФЭТ,доцент,к.н.
Соколов И.К.,ФПМИ,профессор,
Козлов Е.П.,ФМиМ,профессор,к.н.
Алексеев К.М.,ФМиЕН,ассистент,д.н.
Новиков Е.П.,ФИТ,ассистент,д.н.
Сидоров И.К.,ФРТ,ассистент,
Петров Б.В.,ФУПМ,доцент,к.н.
Соколов Г.Н.,ФУПМ,доцент,к.н.
Морозов М.Ю.,ФИТ,доцент,д.н.
Сидоров М.Ю.,ФИТ,профессор,к.н.
Сидоров В.И.,ФПМИ,ассистент,д.н.
Соколов Е.П.,ФПМИ,,д.н.
Петров Л.О.,ФИТ,профессор,
Семенов К.М.,ФИТ,,к.н.
Петров Л.О.,ФМиМ,доцент,
Соколов А.А.,ФИВТ,профессор,к.н.
Петров А.А.,ФРТ,ассистент,
Морозов И.К.,ФРТ,ассистент,д.н.
Лебедев И.К.,ФИВТ,,д.н.
Егоров Л.О.,ФРТ,профессор,
Козлов Д.С.,ФМиМ,доцент,к.н.
Лебедева Д.С.,ФИВТ,доцент,к.н.
Кузнецов Е.П.,ИТМО,ассистент,д.н.
Смирнов И.К.,ФУПМ,,к.н.
Кузнецов М.Ю.,ФМиЕН,профессор,д.н.
Соколов М.Ю.,ФМиЕН,профессор,д.н.
Новиков Ж.Р.,ФМиЕН,,к.н.
Смирнов Д.С.,ФЭТ,доцент,к.н.
Морозов И.К.,ФМиМ,доцент,
Иванов И.К.,ФИТ,доцент,к.н.
Семенов Е.П.,ФИТ,ассистент,к.н.
Морозов Б.В.,ФЭТ,,к.н.
Попов Е.П.,ФФ,ассистент,
Егоров Г.Н.,ФПМИ,,д.н.
Алексеев А.А.,ФИВТ,,д.н.
Иванов З.Т.,ФИТ,доцент,к.н.
Соколов Д.С.,ФМиЕН,,к.н.
Сидоров Г.Н.,ИТМО,доцент,д.н.
Попов Б.В.,ФФ,ассистент,
Попов З.Т.,ФИТ,доцент,д.н.
Семенов К.М.,ФФ,профессор,д.н.
Егоров Г.Н.,ФИВТ,ассистент,к.н.
Кузнецов Ж.Р.,ФЭТ,ассистент,д.н.
Соколов М.Ю.,ФМиМ,ассистент,к.н.
Новиков К.М.,ФЭТ,,д.н.
Иванов Б.В.,ФМиЕН,профессор,
Алексеев А.А.,ФФ,,к.н.
Алексеев Б.В.,ФИТ,,
Волков Л.О.,ФИВТ,профессор,
Кузнецов В.И.,ФИТ,,
Алексеев А.А.,ФПМИ,профессор,
Волков Б.В.,ФИВТ,доцент,д.н.
Волков К.М.,ФПМИ,профессор,д.н.
Семенов Г.Н.,ФПМИ,доцент,
Иванов Л.О.,ФУПМ,профессор,
Смирнов Г.Н.,ФФ,профессор,к.н.
Иванов В.И.,ФРТ,ассистент,д.н.
Лебедев В.И.,ФИТ,ассистент,д.н.
Семенов Б.В.,ФИВТ,,д.н.
Попов Г.Н.,ИТМО,доцент,д.н.
Новиков Г.Н.,ФРТ,профессор,к.н.
Лебедев А.А.,ФРТ,профессор,
Новиков Л.О.,ФФ,ассистент,д.н.
Иванов З.Т.,ФИТ,доцент,д.н.
Волков И.К.,ФУПМ,доцент,
Иванов А.А.,ФПМИ,,д.н.
Семенов А.А.,ФУПМ,доцент,
Козлов М.Ю.,ФЭТ,,д.н.
Новиков Г.Н.,ФМиМ,ассистент,к.н.
Смирнов З.Т.,ФМиЕН,профессор,
Кузнецов Б.В.,ИТМО,,к.н.
Соколов М.Ю.,ФМиЕН,профессор,к.н.
Сидоров К.М.,ФУПМ,доцент,
Попов И.К.,ФМиМ,,к.н.
Новиков М.Ю.,ФМиМ,ассистент,
Смирнов Д.С.,ИТМО,доцент,
Иванов А.А.,ФМиМ,ассистент,
Смирнов Е.П.,ФУПМ,доцент,
Волков Д.С.,ФЭТ,,к.н.
Смирнов М.Ю.,ФРТ,ассистент,
Волков З.Т.,ФМиЕН,доцент,д.н.
Новиков Б.В.,ИТМО,доцент,к.н.
Сидоров А.А.,ФРТ,ассистент,д.н.
Козлов В.И.,ФМиЕН,доцент,к.н.
Лебедева Е.П.,ФИВТ,профессор,
Смирнов И.К.,ФИВТ,профессор,к.н.
Алексеев З.Т.,ФИТ,ассистент,к.н.
Новиков Ж.Р.,ФЭТ,доцент,
Семенов З.Т.,ФИВТ,ассистент,к.н.
Петров З.Т.,ФМиЕН,,д.н.
Морозов З.Т.,ФИВТ,,к.н.
Семенов Г.Н.,ФФ,профессор,д.н.
Новиков Д.С.,ФИВТ,,
Морозов Б.В.,ФФ,профессор,д.н.
Лебедев Е.П.,ФМиЕН,,д.н.
Иванов З.Т.,ФМиЕН,ассистент,д.н.
Иванов Е.П.,ИТМО,доцент,
Семенов Е.П.,ФИВТ,профессор,д.н.
Козлов В.И.,ФУПМ,,
Семенов Ж.Р.,ФФ,,
Соколов Е.П.,ФИВТ,,
Кузнецов А.А.,ФФ,,
Кузнецов Е.П.,ФФ,профессор,к.н.
Кузнецов К.М.,ФРТ,ассистент,к.н.
Лебедев Г.Н.,ФФ,ассистент,
Иванов З.Т.,ФИТ,ассистент,д.н.
Лебедева М.Ю.,ФИТ,доцент,
Егоров Л.О.,ФФ,профессор,
Егоров И.К.,ФФ,ассистент,д.н.
Смирнов Г.Н.,ФИТ,,
Семенов Д.С.,ФПМИ,доцент,
Попов Б.В.,ФИТ,ассистент,к.н.
Волков Г.Н.,ФФ,доцент,к.н.
Егоров В.И.,ФМиЕН,доцент,д.н.
Семенов М.Ю.,ФИВТ,доцент,
Морозов М.Ю.,ФЭТ,ассистент,д.н.
Лебедева Б.В.,ФМиМ,ассистент,
Семенов Б.В.,ФУПМ,доцент,
Кузнецов Л.О.,ФМиЕН,,д.н.
Кузнецов М.Ю.,ИТМО,профессор,
Петров В.И.,ФУПМ,доцент,
Морозов З.Т.,ИТМО,ассистент,
Егоров Д.С.,ФУПМ,ассистент,д.н.
Петров Л.О.,ФПМИ,профессор,д.н.
Морозов М.Ю.,ФМиМ,доцент,д.н.
Лебедева А.А.,ФУПМ,,д.н.
Попов М.Ю.,ФИТ,,
Семенов А.А.,ФМиЕН,,д.н.
Иванов Д.С.,ФРТ,доцент,д.н.
Семенов Л.О.,ФИТ,профессор,д.н.
Морозов Е.П.,ФПМИ,доцент,д.н.
Егоров Е.П.,ИТМО,,к.н.
Лебедева Л.О.,ФФ,,к.н.
Егоров В.И.,ФИТ,профессор,
Алексеев Г.Н.,ИТМО,доцент,д.н.
Козлов К.М.,ФФ,доцент,
Семенов К.М.,ФФ,профессор,д.н.
Семенов В.И.,ФФ,,д.н.
Семенов М.Ю.,ФФ,,д.н.
Петров Л.О.,ФМиЕН,,
Петров Е.П.,ФМиМ,доцент,д.н.
Егоров Л.О.,ФФ,профессор,
Соколов В.И.,ФИВТ,профессор,
Семенов М.Ю.,ФИВТ,ассистент,к.н.
Новиков Ж.Р.,ФМиЕН,,
Морозов Е.П.,ФУПМ,доцент,
Егоров В.И.,ФФ,ассистент,к.н.
Попов Е.П.,ФЭТ,доцент,
Волков Б.В.,ФФ,ассистент,
Соколов Д.С.,ФПМИ,ассистент,
Попов И.К.,ФЭТ,,к.н.
Соколов А.А.,ФУПМ,ассистент,д.н.
Смирнов Б.В.,ФУПМ,доцент,к.н.
Морозов Г.Н.,ФРТ,,к.н.
Волков Е.П.,ФЭТ,,
Соколов Ж.Р.,ФРТ,ассистент,к.н.
Козлов Д.С.,ФПМИ,ассистент,
Волков В.И.,ФПМИ,,
Соколов Г.Н.,ФИТ,доцент,д.н.
Петров Л.О.,ФПМИ,ассистент,
Смирнов А.А.,ФРТ,доцент,к.н.
Лебедев Д.С.,ФПМИ,,
Волков И.К.,ФМиЕН,ассистент,к.н.
Иванов В.И.,ФИВТ,доцент,
Кузнецов Л.О.,ФПМИ,ассистент,д.н.
Кузнецов К.М.,ИТМО,ассистент,д.н.
Волков Г.Н.,ФРТ,профессор,
Лебедев Г.Н.,ФЭТ,,
Смирнов Ж.Р.,ФУПМ,,
Морозов А.А.,ИТМО,профессор,
Петров И.К.,ФФ,ассистент,к.н.
Морозов М.Ю.,ФУПМ,,к.н.
Иванов А.А.,ФМиМ,доцент,к.н.
Алексеев Е.П.,ФРТ,профессор,
Новиков Ж.Р.,ИТМО,профессор,
Иванов В.И.,ФМиМ,доцент,д.н.
Попов З.Т.,ФУПМ,,к.н.
Сидоров А.А.,ФПМИ,доцент,к.н.
Алексеев М.Ю.,ФУПМ,,
Сидоров К.М.,ФМиМ,профессор,
Попов Г.Н.,ФИТ,ассистент,к.н.
Новиков М.Ю.,ФЭТ,профессор,
Иванов З.Т.,ФИВТ,,д.н.
Козлов Е.П.,ФИВТ,,д.н.
Козлов К.М.,ФУПМ,ассистент,д.н.
Морозов Г.Н.,ФФ,,к.н.
Новиков К.М.,ФФ,,к.н.
Попов Д.С.,ФМиЕН,ассистент,к.н.
Новиков Ж.Р.,ФИТ,доцент,к.н.
Егоров К.М.,ФИВТ,ассистент,д.н.
Новиков Б.В.,ИТМО,ассистент,д.н.
Соколов Л.О.,ФМиЕН,доцент,
Семенов Л.О.,ФФ,,
Петров Б.В.,ФРТ,профессор,
Сидоров М.Ю.,ФУПМ,профессор,д.н.
Егоров К.М.,ФПМИ,доцент,д.н.
Лебедев Ж.Р.,ФФ,ассистент,к.н.
Соколов Б.В.,ФМиЕН,ассистент,
Алексеев К.М.,ФМиЕН,профессор,к.н.
Смирнов М.Ю.,ФИВТ,,к.н.
Попов Д.С.,ФМиМ,профессор,
Соколов З.Т.,ФРТ,,к.н.
Петров М.Ю.,ФМиМ,профессор,д.н.
Соколов Д.С.,ФИВТ,ассистент,д.н.
Семенов Д.С.,ФМиМ,,
Волков М.Ю.,ИТМО,доцент,к.н.
Новиков И.К.,ФЭТ,доцент,
Петров Б.В.,ФИВТ,,д.н.
Смирнов З.Т.,ФРТ,профессор,к.н.
Лебедев Л.О.,ФМиЕН,профессор,д.н.
Сидоров Л.О.,ФИВТ,,к.н.
Кузнецов Л.О.,ФИВТ,ассистент,д.н.
Лебедева Е.П.,ФИВТ,доцент,к.н.
Козлов М.Ю.,ФИВТ,доцент,
Лебедев В.И.,ФМиЕН,профессор,д.н.
Лебедева Б.В.,ФФ,профессор,д.н.
Смирнов Л.О.,ФФ,профессор,к.н.
Петров Ж.Р.,ФФ,,д.н.
Алексеев Л.О.,ФЭТ,доцент,
Сидоров З.Т.,ФМиЕН,доцент,к.н.
Волков Е.П.,ФМиЕН,,к.н.
Иванов М.Ю.,ИТМО,,
Кузнецов И.К.,ФМиЕН,ассистент,
Смирнов В.И.,ФИТ,,
Алексеев К.М.,ФМиМ,доцент,к.н.
Сидоров Ж.Р.,ИТМО,ассистент,д.н.
Попов Г.Н.,ФУПМ,ассистент,д.н.
Волков З.Т.,ФЭТ,,
Сидоров Г.Н.,ФУПМ,доцент,
Лебедева И.К.,ФМиЕН,,
Морозов В.И.,ФМиМ,доцент,к.н.
Новиков Ж.Р.,ФЭТ,доцент,
Волков Е.П.,ФМиМ,,д.н.
Соколов З.Т.,ФУПМ,профессор,
Петров З.Т.,ФИТ,доцент,д.н.
Морозов Г.Н.,ФИТ,профессор,к.н.
Алексеев Г.Н.,ФЭТ,доцент,
Морозов И.К.,ФПМИ,ассистент,
Попов Л.О.,ФФ,доцент,д.н.
Новиков М.Ю.,ФПМИ,доцент,
Семенов К.М.,ФИТ,профессор,к.н.
Сидоров Д.С.,ФФ,,д.н.
Соколов З.Т.,ФРТ,ассистент,к.н.
Новиков И.К.,ИТМО,доцент,д.н.
Новиков И.К.,ФМиМ,доцент,к.н.
Иванов И.К.,ФИТ,профессор,к.н.
Лебедев Д.С.,ФЭТ,профессор,к.н.
Козлов Д.С.,ФУПМ,ассистент,к.н.
Иванов Ж.Р.,ФМиЕН,ассистент,к.н.
Волков Д.С.,ФИВТ,доцент,к.н.
Соколов Б.В.,ФРТ,доцент,д.н.
Кузнецов Е.П.,ФЭТ,ассистент,
Сидоров А.А.,ФПМИ,ассистент,
Смирнов Л.О.,ФЭТ,ассистент,
Соколов М.Ю.,ФМиМ,профессор,к.н.
Смирнов М.Ю.,ФМиЕН,ассистент,к.н.
Козлов И.К.,ФМиМ,,к.н.
Сидоров Б.В.,ФЭТ,доцент,
Алексеев Ж.Р.,ФФ,,
Алексеев К.М.,ФФ,профессор,
Смирнов Е.П.,ФПМИ,ассистент,к.н.
Петров Ж.Р.,ФИТ,ассистент,
Алексеев К.М.,ФМиЕН,профессор,д.н.
Соколов Б.В.,ФМиЕН,профессор,к.н.
Семенов К.М.,ФИВТ,доцент,к.н.
Попов А.А.,ФМиЕН,,
Попов Б.В.,ФРТ,,
Смирнов Б.В.,ФМиЕН,ассистент,к.н.
Попов З.Т.,ФИВТ,профессор,
Волков А.А.,ФМиМ,ассистент,
Попов И.К.,ФПМИ,ассистент,д.н.
Морозов Г.Н.,ФРТ,ассистент,
Лебедева К.М.,ИТМО,профессор,к.н.
Алексеев Б.В.,ФИТ,профессор,
Козлов А.А.,ФФ,профессор,
Сидоров Л.О.,ФРТ,профессор,к.н.
Соколов К.М.,ИТМО,,
Соколов Г.Н.,ФМиЕН,доцент,
Лебедев К.М.,ФЭТ,доцент,д.н.
Попов В.И.,ФФ,,к.н.
Кузнецов З.Т.,ФЭТ,ассистент,к.н.
Петров И.К.,ФЭТ,доцент,д.н.
Семенов Е.П.,ФИВТ,профессор,к.н.
Морозов А.А.,ФИТ,доцент,к.н.
Соколов Ж.Р.,ФФ,,
Козлов М.Ю.,ФМиМ,профессор,
Смирнов Ж.Р.,ИТМО,,
Новиков Б.В.,ФРТ,ассистент,
Алексеев Е.П.,ФРТ,доцент,д.н.
Соколов И.К.,ФУПМ,ассистент,к.н.
Иванов А.А.,ФФ,профессор,д.н.
Иванов Г.Н.,ФМиМ,ассистент,д.н.
Алексеев К.М.,ФПМИ,доцент,к.н.
Козлов В.И.,ФПМИ,доцент,
Морозов В.И.,ФИТ,ассистент,к.н.
Морозов К.М.,ФПМИ,,к.н.
Иванов З.Т.,ФИВТ,профессор,
Семенов И.К.,ФРТ,ассистент,д.н.
Сидоров М.Ю.,ФМиЕН,ассистент,д.н.
Семенов В.И.,ИТМО,ассистент,
Козлов М.Ю.,ФЭТ,ассистент,д.н.
Волков М.Ю.,ФЭТ,ассистент,д.н.
Смирнов Д.С.,ФФ,,
Семенов Г.Н.,ФФ,профессор,д.н.
Алексеев Л.О.,ФМиЕН,ассистент,к.н.
Кузнецов И.К.,ФРТ,профессор,
Новиков Л.О.,ФИВТ,доцент,
Морозов А.А.,ФМиЕН,,
Кузнецов Д.С.,ФИТ,доцент,
Новиков И.К.,ФМиЕН,профессор,
Волков М.Ю.,ФПМИ,профессор,к.н.
Семенов Б.В.,ФУПМ,,
Лебедев Л.О.,ИТМО,ассистент,
Лебедев Д.С.,ФПМИ,,д.н.
Соколов М.Ю.,ИТМО,доцент,д.н.
Петров В.И.,ФИВТ,доцент,д.н.
Смирнов В.И.,ФМиМ,профессор,д.н.
Смирнов И.К.,ФИВТ,доцент,к.н.
Алексеев Д.С.,ФФ,профессор,д.н.
Новиков Л.О.,ФМиЕН,доцент,к.н.
Семенов М.Ю.,ИТМО,ассистент,д.н.
Смирнов Ж.Р.,ФФ,ассистент,д.н.
Иванов Ж.Р.,ФУПМ,профессор,д.н.
Смирнов А.А.,ФУПМ,доцент,
Иванов Е.П.,ФИТ,доцент,
Новиков А.А.,ФМиЕН,профессор,д.н.
Морозов Д.С.,ФМиМ,доцент,д.н.
Лебедев З.Т.,ФФ,ассистент,д.н.
Попов И.К.,ФМиЕН,ассистент,
Сидоров Е.П.,ИТМО,доцент,к.н.
Кузнецов З.Т.,ИТМО,доцент,к.н.
Сидоров Б.В.,ФЭТ,профессор,
Сидоров Е.П.,ФПМИ,доцент,
Новиков Ж.Р.,ФУПМ,профессор,к.н.
Волков Д.С.,ФИВТ,профессор,к.н.
Кузнецов З.Т.,ФМиЕН,доцент,д.н.
Смирнов И.К.,ИТМО,доцент,к.н.
Алексеев И.К.,ФПМИ,,д.н.
Кузнецов Ж.Р.,ФИТ,,к.н.
Семенов К.М.,ФИВТ,,д.н.
Алексеев З.Т.,ФПМИ,ассистент,д.н.
Козлов А.А.,ФИТ,профессор,к.н.
Петров Е.П.,ИТМО,ассистент,к.н.
Попов Ж.Р.,ФРТ,профессор,
Новиков В.И.,ФЭТ,ассистент,д.н.
Лебедев Б.В.,ФФ,доцент,к.н.
Волков Г.Н.,ФРТ,доцент,к.н.
Иванов З.Т.,ФИТ,доцент,
Сидоров В.И.,ФУПМ,ассистент,к.н.
Попов М.Ю.,ФФ,ассистент,
Соколов М.Ю.,ФФ,профессор,к.н.
Козлов Л.О.,ФПМИ,,к.н.
Смирнов Ж.Р.,ФРТ,ассистент,
Попов К.М.,ФИВТ,ассистент,д.н.
Алексеев Д.С.,ФУПМ,профессор,к.н.
Лебедева Ж.Р.,ФЭТ,,
Лебедева З.Т.,ФИТ,,д.н.
Волков К.М.,ИТМО,ассистент,д.н.
Морозов Е.П.,ФИВТ,,
Попов Б.В.,ФМиЕН,,к.н.
Козлов Г.Н.,ИТМО,ассистент,д.н.
Смирнов Ж.Р.,ФМиЕН,профессор,к.н.
Соколов З.Т.,ФМиМ,доцент,
Семенов Б.В.,ФЭТ,доцент,д.н.
Егоров З.Т.,ФФ,ассистент,д.н.
Алексеев Б.В.,ФЭТ,доцент,д.н.
Волков З.Т.,ФМиЕН,профессор,к.н.
Кузнецов М.Ю.,ИТМО,,к.н.
Смирнов А.А.,ФПМИ,ассистент,
Лебедева Е.П.,ФУПМ,профессор,д.н.
Смирнов Е.П.,ИТМО,профессор,к.н.
Семенов Б.В.,ФМиЕН,доцент,к.н.
Петров И.К.,ФПМИ,,к.н.
Алексеев И.К.,ФИТ,доцент,д.н.
Соколов М.Ю.,ФИТ,доцент,
Волков Д.С.,ФМиЕН,доцент,д.н.
Петров А.А.,ФФ,ассистент,к.н.
Новиков Д.С.,ФИВТ,профессор,к.н.
Попов М.Ю.,ФФ,,д.н.
Морозов К.М.,ФПМИ,профессор,д.н.
Сидоров Б.В.,ФЭТ,ассистент,к.н.
Лебедева И.К.,ФФ,профессор,к.н.
Лебедева А.А.,ФМиЕН,доцент,
Семенов И.К.,ФМиЕН,,к.н.
Сидоров Б.В.,ИТМО,ассистент,
Попов Ж.Р.,ФМиЕН,доцент,д.н.
Семенов Г.Н.,ФПМИ,доцент,д.н.
Лебедев К.М.,ФПМИ,доцент,к.н.
Семенов Г.Н.,ФПМИ,профессор,
Семенов Л.О.,ФУПМ,,к.н.
Соколов Л.О.,ФМиЕН,ассистент,к.н.
Соколов В.И.,ФПМИ,доцент,к.н.
Петров В.И.,ФИТ,профессор,к.н.
Волков М.Ю.,ФИВТ,ассистент,к.н.
Лебедев Л.О.,ФИТ,профессор,
Новиков Д.С.,ФИВТ,доцент,д.н.
Петров К.М.,ФРТ,,к.н.
Семенов В.И.,ФУПМ,ассистент,д.н.
Волков А.А.,ФМиЕН,профессор,
Алексеев З.Т.,ФМиМ,профессор,к.н.
Попов В.И.,ФИТ,ассистент,д.н.
Кузнецов М.Ю.,ФМиМ,доцент,
Новиков З.Т.,ФИТ,,к.н.
Егоров Б.В.,ФПМИ,ассистент,к.н.
Попов Ж.Р.,ФФ,,к.н.
Волков Г.Н.,ФИВТ,профессор,
Волков Ж.Р.,ФМиМ,ассистент,
Кузнецов К.М.,ФИВТ,ассистент,д.н.
Иванов Б.В.,ФЭТ,ассистент,к.н.
Соколов Д.С.,ФРТ,доцент,д.н.
Смирнов М.Ю.,ФУПМ,профессор,д.н.
Лебедева Б.В.,ФИТ,,
Сидоров И.К.,ФФ,доцент,
Лебедева И.К.,ФРТ,доцент,к.н.
Петров Ж.Р.,ФИВТ,,д.н.
Петров А.А.,ФРТ,профессор,
Новиков А.А.,ФИВТ,,
Соколов Д.С.,ФМиЕН,,д.н.
Сидоров А.А.,ФЭТ,,д.н.
Попов З.Т.,ФПМИ,,к.н.
Попов А.А.,ФЭТ,,к.н.
Морозов М.Ю.,ФПМИ,ассистент,д.н.
Морозов В.И.,ФМиЕН,профессор,д.н.
Новиков Ж.Р.,ФУПМ,,к.н.
Петров Б.В.,ФПМИ,доцент,к.н.
Егоров Г.Н.,ФИВТ,ассистент,к.н.
Волков Л.О.,ФУПМ,,к.н.
Кузнецов М.Ю.,ФМиЕН,профессор,д.н.
Морозов М.Ю.,ФРТ,профессор,д.н.
Лебедев Е.П.,ФИТ,ассистент,к.н.
Иванов А.А.,ФРТ,ассистент,
Волков Г.Н.,ФРТ,профессор,к.н.
Семенов А.А.,ФИВТ,профессор,к.н.
Семенов К.М.,ФИТ,,д.н.
Волков И.К.,ИТМО,ассистент,д.н.
Волков Д.С.,ФЭТ,,д.н.
Морозов Б.В.,ФПМИ,ассистент,д.н.
Попов Б.В.,ФПМИ,профессор,д.н.
Соколов З.Т.,ФЭТ,доцент,д.н.
Новиков З.Т.,ФИТ,профессор,к.н.
Иванов К.М.,ФРТ,доцент,к.н.
Егоров Е.П.,ФФ,профессор,к.н.
Новиков Г.Н.,ФПМИ,доцент,к.н.
Лебедева М.Ю.,ФРТ,доцент,д.н.
Смирнов Л.О.,ФИТ,,к.н.
Морозов К.М.,ФУПМ,доцент,к.н.
Новиков Ж.Р.,ФФ,доцент,д.н.
Петров В.И.,ФФ,доцент,
Новиков М.Ю.,ФМиМ,,к.н.
Попов Ж.Р.,ИТМО,ассистент,
Соколов Е.П.,ФРТ,ассистент,
Козлов И.К.,ФРТ,ассистент,д.н.
Попов Г.Н.,ФИТ,доцент,к.н.
Козлов Ж.Р.,ФУПМ,доцент,д.н.
Волков И.К.,ИТМО,доцент,к.н.
Попов Д.С.,ФФ,доцент,д.н.
Егоров Ж.Р.,ФМиМ,,к.н.
Соколов И.К.,ФИТ,,
Алексеев К.М.,ФПМИ,доцент,к.н.
Новиков Л.О.,ФФ,,д.н.
Лебедева Г.Н.,ФФ,ассистент,к.н.
Смирнов А.А.,ФРТ,ассистент,к.н.
Соколов Л.О.,ФМиМ,,д.н.
Лебедев Д.С.,ФИТ,доцент,д.н.
Морозов М.Ю.,ФЭТ,ассистент,
Смирнов М.Ю.,ФИТ,профессор,д.н.
Соколов Б.В.,ФПМИ,,к.н.
Семенов Ж.Р.,ФИТ,профессор,д.н.
Попов М.Ю.,ФМиМ,профессор,к.н.
Семенов Б.В.,ФУПМ,профессор,д.н.
Лебедева Л.О.,ФМиЕН,профессор,к.н.
Петров Д.С.,ФИТ,ассистент,д.н.
Лебедев Л.О.,ФРТ,,к.н.
Сидоров Г.Н.,ФМиЕН,,к.н.
Новиков Б.В.,ИТМО,доцент,
Алексеев К.М.,ФИТ,ассистент,
Иванов И.К.,ФИТ,доцент,к.н.
Новиков К.М.,ФМиЕН,доцент,
Семенов Л.О.,ИТМО,,
Новиков Б.В.,ФПМИ,доцент,
Соколов М.Ю.,ФФ,ассистент,д.н.
Петров Е.П.,ФЭТ,ассистент,
Кузнецов Л.О.,ФФ,ассистент,д.н.
Морозов Ж.Р.,ФМиМ,профессор,д.н.
Волков И.К.,ФИВТ,ассистент,д.н.
Егоров А.А.,ФМиМ,,
Морозов И.К.,ФИВТ,профессор,
Сидоров Б.В.,ФИВТ,профессор,д.н.
Новиков Б.В.,ФИВТ,,
Лебедев Г.Н.,ФУПМ,,д.н.
Козлов М.Ю.,ФИТ,профессор,д.н.
Егоров Б.В.,ФРТ,,
Лебедев Б.В.,ФПМИ,ассистент,
Егоров Л.О.,ФИТ,доцент,к.н.
Волков Д.С.,ФМиЕН,профессор,к.н.
Попов В.И.,ФИТ,,
Лебедев В.И.,ФИВТ,ассистент,к.н.
Козлов Ж.Р.,ФЭТ,доцент,д.н.
Кузнецов Г.Н.,ФПМИ,,д.н.
Алексеев К.М.,ФИВТ,ассистент,
Смирнов И.К.,ФМиЕН,ассистент,к.н.
Волков Л.О.,ФИВТ,,д.н.
Петров А.А.,ФПМИ,доцент,д.н.
Алексеев И.К.,ФИТ,ассистент,
Егоров Е.П.,ФИВТ,профессор,
Соколов М.Ю.,ФПМИ,доцент,к.н.
Лебедева Ж.Р.,ФЭТ,доцент,д.н.
Егоров Б.В.,ФРТ,доцент,д.н.
Морозов Л.О.,ФМиМ,ассистент,к.н.
Новиков И.К.,ФПМИ,доцент,д.н.
Смирнов Ж.Р.,ФПМИ,ассистент,
Смирнов Б.В.,ФМиЕН,ассистент,д.н.
Козлов Д.С.,ФМиМ,ассистент,
Семенов З.Т.,ФМиЕН,доцент,к.н.
Петров Г.Н.,ИТМО,ассистент,к.н.
Попов Е.П.,ФИТ,доцент,
Петров К.М.,ФПМИ,доцент,к.н.
Попов В.И.,ФФ,,к.н.
Егоров М.Ю.,ФМиЕН,,к.н.
Кузнецов Ж.Р.,ФИВТ,,
Лебедева В.И.,ФИТ,,
Семенов Г.Н.,ФИТ,доцент,д.н.
Новиков Л.О.,ФРТ,профессор,
Семенов В.И.,ФИВТ,ассистент,
Попов Е.П.,ФЭТ,профессор,д.н.
Кузнецов Е.П.,ФРТ,,к.н.
Соколов Г.Н.,ФЭТ,,к.н.
Попов К.М.,ФИТ,доцент,д.н.
Алексеев Д.С.,ФРТ,профессор,д.н.
Сидоров И.К.,ФУПМ,,д.н.
Морозов И.К.,ФФ,,д.н.
Иванов А.А.,ФФ,профессор,
Иванов Л.О.,ФЭТ,доцент,к.н.
Егоров В.И.,ФИВТ,ассистент,к.н.
Морозов Б.В.,ФРТ,доцент,д.н.
Алексеев Д.С.,ФИТ,доцент,
Алексеев К.М.,ФМиЕН,доцент,д.н.
Петров К.М.,ФИВТ,профессор,к.н.
Соколов А.А.,ФИТ,,к.н.
Кузнецов И.К.,ФПМИ,ассистент,д.н.
Морозов Л.О.,ФУПМ,,
Петров Г.Н.,ФМиМ,,д.н.
Егоров Д.С.,ФЭТ,профессор,д.н.
Семенов З.Т.,ФФ,доцент,д.н.
Петров К.М.,ИТМО,доцент,д.н.
Смирнов Г.Н.,ФПМИ,,к.н.
Козлов К.М.,ФРТ,,д.н.
Лебедева Д.С.,ФМиЕН,,д.н.
Петров И.К.,ФПМИ,ассистент,к.н.
Лебедев В.И.,ФРТ,профессор,д.н.
Новиков Г.Н.,ФПМИ,ассистент,к.н.
Сидоров Г.Н.,ФМиМ,,д.н.
Петров З.Т.,ФРТ,,
Алексеев К.М.,ФМиЕН,,к.н.
Козлов А.А.,ФФ,ассистент,
Смирнов Ж.Р.,ФМиЕН,,к.н.
Петров К.М.,ФПМИ,,д.н.
Новиков И.К.,ФПМИ,,д.н.
Сидоров Г.Н.,ФИВТ,доцент,
Иванов З.Т.,ФПМИ,ассистент,д.н.
Иванов К.М.,ФМиМ,профессор,д.н.
Петров А.А.,ФУПМ,ассистент,д.н.
Козлов А.А.,ФФ,,к.н.
Лебедев В.И.,ФРТ,доцент,д.н.
Иванов Б.В.,ФМиМ,доцент,д.н.
Семенов А.А.,ФУПМ,доцент,
Сидоров А.А.,ФМиЕН,профессор,
Смирнов И.К.,ФФ,ассистент,
Кузнецов Д.С.,ИТМО,ассистент,д.н.
Козлов Б.В.,ФМиЕН,профессор,д.н.
Петров К.М.,ФРТ,,
Лебедев Д.С.,ФЭТ,ассистент,д.н.
Егоров Е.П.,ФЭТ,ассистент,
Кузнецов Л.О.,ФПМИ,профессор,
Иванов Д.С.,ФФ,доцент,
Попов Л.О.,ФМиМ,профессор,к.н.
Лебедева Ж.Р.,ФРТ,,к.н.
Козлов М.Ю.,ФУПМ,,
Егоров Б.В.,ФРТ,ассистент,к.н.
Волков К.М.,ФМиЕН,ассистент,
Волков М.Ю.,ФФ,доцент,к.н.
Новиков И.К.,ФРТ,доцент,д.н.
Семенов И.К.,ФИВТ,ассистент,д.н.
Иванов Ж.Р.,ИТМО,профессор,д.н.
Лебедева Е.П.,ФМиМ,доцент,к.н.
Попов А.А.,ФМиМ,ассистент,
Волков И.К.,ИТМО,ассистент,к.н.
Семенов Е.П.,ФМиМ,профессор,д.н.
Соколов Е.П.,ФПМИ,ассистент,
Петров З.Т.,ФУПМ,,к.н.
Лебедева И.К.,ИТМО,ассистент,д.н.
Алексеев В.И.,ФРТ,доцент,к.н.
Морозов З.Т.,ФУПМ,ассистент,
Волков Л.О.,ФИВТ,ассистент,к.н.
Соколов Ж.Р.,ФЭТ,профессор,
Соколов Г.Н.,ФРТ,,
Лебедев Г.Н.,ФМиЕН,профессор,
Иванов З.Т.,ФПМИ,ассистент,к.н.
Лебедева М.Ю.,ФМиМ,доцент,к.н.
Сидоров К.М.,ФИТ,профессор,д.н.
Попов Б.В.,ФИВТ,ассистент,
Соколов Г.Н.,ФМиЕН,ассистент,д.н.
Попов З.Т.,ФИВТ,профессор,
Соколов Д.С.,ФМиЕН,ассистент,д.н.
Волков Е.П.,ФИВТ,профессор,к.н.
Соколов М.Ю.,ФУПМ,доцент,
Морозов Ж.Р.,ФМиЕН,профессор,
Алексеев З.Т.,ФУПМ,профессор,к.н.
Попов З.Т.,ФПМИ,,к.н.
Лебедев Л.О.,ФМиМ,ассистент,к.н.
Козлов К.М.,ФМиЕН,доцент,д.н.
Алексеев А.А.,ФРТ,доцент,д.н.
Морозов К.М.,ФПМИ,доцент,
Иванов З.Т.,ФИТ,профессор,д.н.
Лебедева Г.Н.,ФПМИ,,
Лебедева А.А.,ФПМИ,ассистент,
Алексеев В.И.,ФРТ,ассистент,
Козлов Ж.Р.,ФИТ,,
Соколов К.М.,ФИВТ,доцент,к.н.
Петров Д.С.,ФЭТ,профессор,к.н.
Новиков Д.С.,ФФ,профессор,к.н.
Морозов Ж.Р.,ИТМО,доцент,к.н.
Лебедев В.И.,ФЭТ,доцент,д.н.
Попов Ж.Р.,ФПМИ,ассистент,
Морозов Д.С.,ФУПМ,ассистент,
Кузнецов К.М.,ФМиЕН,ассистент,
Алексеев К.М.,ФПМИ,доцент,д.н.
Козлов К.М.,ФПМИ,,
Морозов И.К.,ФРТ,,
Лебедева А.А.,ФЭТ,ассистент,д.н.
Сидоров В.И.,ФУПМ,профессор,
Козлов К.М.,ФМиЕН,,к.н.
Лебедева Ж.Р.,ФУПМ,профессор,д.н.
Лебедев М.Ю.,ФМиЕН,профессор,к.н.
Смирнов Е.П.,ИТМО,,д.н.
Попов А.А.,ФЭТ,ассистент,
Соколов Л.О.,ИТМО,,к.н.
Сидоров Г.Н.,ИТМО,,д.н.
Волков В.И.,ФРТ,доцент,д.н.
Лебедева Е.П.,ФИТ,доцент,к.н.
Семенов Г.Н.,ИТМО,доцент,д.н.
Козлов З.Т.,ИТМО,доцент,к.н.
Козлов З.Т.,ИТМО,профессор,д.н.
Петров Д.С.,ИТМО,,к.н.
Волков Г.Н.,ФМиМ,доцент,
Сидоров З.Т.,ФФ,профессор,
Смирнов Д.С.,ФФ,,
Волков К.М.,ФМиЕН,доцент,д.н.
Лебедев В.И.,ФМиМ,,к.н.
Сидоров Д.С.,ФУПМ,ассистент,
Алексеев З.Т.,ФИВТ,,к.н.
Сидоров В.И.,ИТМО,профессор,д.н.
Лебедева Б.В.,ФИТ,доцент,
Смирнов З.Т.,ФФ,,
Смирнов Е.П.,ФИВТ,,д.н.
Соколов Д.С.,ФИТ,ассистент,д.н.
Попов Е.П.,ФУПМ,ассистент,д.н.
Лебедева Е.П.,ФИВТ,профессор,к.н.
Сидоров Ж.Р.,ФПМИ,профессор,
Волков Г.Н.,ФРТ,ассистент,д.н.
Смирнов К.М.,ФРТ,доцент,
Семенов Ж.Р.,ФРТ,профессор,д.н.
Лебедев Б.В.,ФУПМ,ассистент,
Новиков Б.В.,ИТМО,,к.н.
Козлов К.М.,ФЭТ,,к.н.
Егоров Д.С.,ИТМО,,д.н.
Сидоров И.К.,ФМиМ,ассистент,к.н.
Новиков Д.С.,ФМиЕН,профессор,
Козлов А.А.,ФМиЕН,,
Попов Д.С.,ФИВТ,профессор,д.н.
Волков Г.Н.,ФМиМ,,д.н.
Козлов Г.Н.,ФИТ,доцент,д.н.
Лебедев М.Ю.,ФРТ,ассистент,д.н.
Егоров В.И.,ФИТ,ассистент,
Козлов Г.Н.,ФИТ,ассистент,к.н.
Морозов Ж.Р.,ФИВТ,доцент,д.н.
Соколов Ж.Р.,ФФ,,
Семенов И.К.,ФМиМ,профессор,д.н.
Морозов Е.П.,ФИТ,ассистент,к.н.
Новиков Л.О.,ФИВТ,доцент,к.н.
Соколов В.И.,ФФ,доцент,д.н.
Сидоров Д.С.,ИТМО,ассистент,
Егоров К.М.,ФПМИ,доцент,
Алексеев Л.О.,ФПМИ,доцент,
Сидоров А.А.,ФИВТ,,д.н.
Егоров В.И.,ФИВТ,профессор,д.н.
Лебедев Б.В.,ИТМО,ассистент,д.н.
Лебедев З.Т.,ФИТ,,к.н.
Новиков Г.Н.,ФРТ,профессор,д.н.
Семенов И.К.,ФМиМ,,д.н.
Волков Е.П.,ФЭТ,ассистент,к.н.
Семенов В.И.,ФЭТ,доцент,к.н.
Семенов И.К.,ФПМИ,,
Лебедев В.И.,ФПМИ,профессор,
Лебедева К.М.,ФИТ,ассистент,д.н.
Козлов В.И.,ФЭТ,профессор,
Смирнов Е.П.,ФМиЕН,доцент,к.н.
Сидоров В.И.,ФПМИ,ассистент,
Соколов Д.С.,ФМиЕН,профессор,д.н.
Новиков З.Т.,ФПМИ,,к.н.
Волков Б.В.,ФФ,,к.н.
Лебедев З.Т.,ФМиЕН,профессор,
Волков И.К.,ФИВТ,доцент,
Лебедев К.М.,ФМиЕН,ассистент,д.н.
Кузнецов И.К.,ФИВТ,,к.н.
Лебедев М.Ю.,ФМиЕН,,
Соколов К.М.,ФПМИ,ассистент,к.н.
Егоров Г.Н.,ФМиМ,ассистент,к.н.
Попов К.М.,ФИВТ,,к.н.
Егоров Г.Н.,ФМиЕН,доцент,д.н.
Сидоров Е.П.,ФМиМ,,
Новиков А.А.,ФМиЕН,,к.н.
Лебедев И.К.,ФЭТ,доцент,д.н.
Волков Л.О.,ФИТ,профессор,д.н.
Попов М.Ю.,ФМиМ,профессор,к.н.
Морозов Е.П.,ФУПМ,ассистент,д.н.
Иванов Е.П.,ФУПМ,профессор,к.н.
Соколов М.Ю.,ФРТ,доцент,д.н.
Кузнецов З.Т.,ФФ,доцент,д.н.
Лебедев М.Ю.,ФЭТ,профессор,к.н.
Новиков А.А.,ФФ,доцент,к.н.
Семенов К.М.,ФМиМ,профессор,к.н.
Петров И.К.,ФПМИ,ассистент,к.н.
Петров Д.С.,ФМиЕН,,
Морозов В.И.,ФЭТ,профессор,
Волков И.К.,ФИВТ,доцент,
Семенов Б.В.,ФПМИ,ассистент,к.н.
Петров М.Ю.,ФФ,профессор,д.н.
Новиков Г.Н.,ФФ,профессор,д.н.
Иванов Б.В.,ФИВТ,,д.н.
Сидоров Б.В.,ФМиЕН,,д.н.
Лебедева И.К.,ФЭТ,ассистент,к.н.
Смирнов Г.Н.,ФИТ,доцент,
Семенов В.И.,ФУПМ,доцент,
Смирнов И.К.,ФИВТ,доцент,к.н.
Морозов К.М.,ФИВТ,ассистент,к.н.
Семенов Б.В.,ФМиЕН,доцент,
Петров Е.П.,ФУПМ,доцент,к.н.
Козлов З.Т.,ФФ,ассистент,д.н.
Морозов Ж.Р.,ФУПМ,доцент,д.н.
Алексеев В.И.,ФЭТ,профессор,
Смирнов К.М.,ФМиЕН,ассистент,
Козлов И.К.,ФИВТ,,к.н.
Новиков А.А.,ФИТ,доцент,
Семенов И.К.,ФИВТ,доцент,к.н.
Лебедев К.М.,ФИТ,ассистент,
Алексеев Г.Н.,ФЭТ,ассистент,
Волков М.Ю.,ФМиЕН,доцент,к.н.
Волков Ж.Р.,ФПМИ,,
Смирнов К.М.,ФУПМ,ассистент,
Семенов Д.С.,ФЭТ,ассистент,д.н.
Соколов Е.П.,ФИВТ,ассистент,д.н.
Козлов Д.С.,ФИВТ,доцент,к.н.
Петров Е.П.,ФМиЕН,доцент,
Кузнецов Б.В.,ФМиМ,профессор,
Алексеев В.И.,ФМиЕН,доцент,
Егоров Л.О.,ФУПМ,,к.н.
Морозов М.Ю.,ФФ,,д.н.
Попов Д.С.,ФИВТ,доцент,к.н.
Морозов А.А.,ФМиМ,профессор,к.н.
Семенов К.М.,ФФ,профессор,
Смирнов Д.С.,ФФ,профессор,
Лебедева И.К.,ФПМИ,доцент,
Соколов Д.С.,ФФ,ассистент,к.н.
Сидоров Е.П.,ФУПМ,ассистент,к.н.
Козлов З.Т.,ИТМО,ассистент,д.н.
